ID_PERSONNEL,ID_MATERIEL,ID_SITE,ID_DATE_ACHAT
KeyPers_Berlin_1234151,BERLIN_MATERIEL_INFO_202604290,Berlin,2026-04-29 00:00:00
KeyPers_Berlin_1230041,BERLIN_MATERIEL_INFO_202604291,Berlin,2026-04-29 00:00:00
KeyPers_Berlin_1232888,BERLIN_MATERIEL_INFO_202604292,Berlin,2026-04-29 00:00:00
KeyPers_Berlin_1230567,BERLIN_MATERIEL_INFO_202604293,Berlin,2026-04-29 00:00:00
KeyPers_Berlin_1233221,BERLIN_MATERIEL_INFO_202604294,Berlin,2026-04-29 00:00:00
KeyPers_Berlin_1233792,BERLIN_MATERIEL_INFO_202604295,Berlin,2026-04-29 00:00:00
KeyPers_London_1233946,LONDON_MATERIEL_INFO_202604290,London,2026-04-29 00:00:00
KeyPers_London_1230572,LONDON_MATERIEL_INFO_202604291,London,2026-04-29 00:00:00
KeyPers_London_1233644,LONDON_MATERIEL_INFO_202604292,London,2026-04-29 00:00:00
KeyPers_London_1231890,LONDON_MATERIEL_INFO_202604293,London,2026-04-29 00:00:00
KeyPers_London_1231058,LONDON_MATERIEL_INFO_202604294,London,2026-04-29 00:00:00
KeyPers_London_1231094,LONDON_MATERIEL_INFO_202604295,London,2026-04-29 00:00:00
KeyPers_London_1233332,LONDON_MATERIEL_INFO_202604296,London,2026-04-29 00:00:00
KeyPers_London_1230674,LONDON_MATERIEL_INFO_202604297,London,2026-04-29 00:00:00
KeyPers_LA_1232648,LA_MATERIEL_INFO_202604290,LA,2026-04-29 00:00:00
KeyPers_LA_1232804,LA_MATERIEL_INFO_202604291,LA,2026-04-29 00:00:00
KeyPers_LA_1231720,LA_MATERIEL_INFO_202604292,LA,2026-04-29 00:00:00
KeyPers_LA_1230734,LA_MATERIEL_INFO_202604293,LA,2026-04-29 00:00:00
KeyPers_LA_1232831,LA_MATERIEL_INFO_202604294,LA,2026-04-29 00:00:00
KeyPers_LA_1230852,LA_MATERIEL_INFO_202604295,LA,2026-04-29 00:00:00
KeyPers_LA_1232855,LA_MATERIEL_INFO_202604296,LA,2026-04-29 00:00:00
KeyPers_NewYork_1231799,NewYork_MATERIEL_INFO_202604290,NewYork,2026-04-29 00:00:00
KeyPers_NewYork_1232682,NewYork_MATERIEL_INFO_202604291,NewYork,2026-04-29 00:00:00
KeyPers_NewYork_1232493,NewYork_MATERIEL_INFO_202604292,NewYork,2026-04-29 00:00:00
KeyPers_NewYork_1231491,NewYork_MATERIEL_INFO_202604293,NewYork,2026-04-29 00:00:00
KeyPers_NewYork_1232218,NewYork_MATERIEL_INFO_202604294,NewYork,2026-04-29 00:00:00
KeyPers_NewYork_1232677,NewYork_MATERIEL_INFO_202604295,NewYork,2026-04-29 00:00:00
KeyPers_NewYork_1230542,NewYork_MATERIEL_INFO_202604296,NewYork,2026-04-29 00:00:00
KeyPers_NewYork_1231692,NewYork_MATERIEL_INFO_202604297,NewYork,2026-04-29 00:00:00
KeyPers_NewYork_1232923,NewYork_MATERIEL_INFO_202604298,NewYork,2026-04-29 00:00:00
KeyPers_Paris_1232362,Paris_MATERIEL_INFO_202604290,Paris,2026-04-29 00:00:00
KeyPers_Paris_1232165,Paris_MATERIEL_INFO_202604291,Paris,2026-04-29 00:00:00
KeyPers_Paris_1231951,Paris_MATERIEL_INFO_202604292,Paris,2026-04-29 00:00:00
KeyPers_Paris_1230614,Paris_MATERIEL_INFO_202604293,Paris,2026-04-29 00:00:00
KeyPers_Paris_1232952,Paris_MATERIEL_INFO_202604294,Paris,2026-04-29 00:00:00
KeyPers_Paris_1230470,Paris_MATERIEL_INFO_202604295,Paris,2026-04-29 00:00:00
KeyPers_Paris_1233853,Paris_MATERIEL_INFO_202604296,Paris,2026-04-29 00:00:00
KeyPers_Paris_1231151,Paris_MATERIEL_INFO_202604297,Paris,2026-04-29 00:00:00
KeyPers_Paris_1231799,Paris_MATERIEL_INFO_202604298,Paris,2026-04-29 00:00:00
KeyPers_Paris_1232598,Paris_MATERIEL_INFO_202604299,Paris,2026-04-29 00:00:00
KeyPers_Paris_1234615,Paris_MATERIEL_INFO_2026042910,Paris,2026-04-29 00:00:00
KeyPers_Paris_1234139,Paris_MATERIEL_INFO_2026042911,Paris,2026-04-29 00:00:00
KeyPers_Shanghai_1230476,Shanghai_MATERIEL_INFO_202604290,Shanghai,2026-04-29 00:00:00
KeyPers_Shanghai_1230104,Shanghai_MATERIEL_INFO_202604291,Shanghai,2026-04-29 00:00:00
KeyPers_Shanghai_1230319,Shanghai_MATERIEL_INFO_202604292,Shanghai,2026-04-29 00:00:00
KeyPers_Shanghai_1230427,Shanghai_MATERIEL_INFO_202604293,Shanghai,2026-04-29 00:00:00
KeyPers_Shanghai_1230875,Shanghai_MATERIEL_INFO_202604294,Shanghai,2026-04-29 00:00:00
KeyPers_Shanghai_1230787,Shanghai_MATERIEL_INFO_202604295,Shanghai,2026-04-29 00:00:00
KeyPers_Berlin_1230257,BERLIN_MATERIEL_INFO_202604300,Berlin,2026-04-30 00:00:00
KeyPers_Berlin_1230004,BERLIN_MATERIEL_INFO_202604301,Berlin,2026-04-30 00:00:00
KeyPers_Berlin_1231324,BERLIN_MATERIEL_INFO_202604302,Berlin,2026-04-30 00:00:00
KeyPers_Berlin_1231749,BERLIN_MATERIEL_INFO_202604303,Berlin,2026-04-30 00:00:00
KeyPers_London_1231045,LONDON_MATERIEL_INFO_202604300,London,2026-04-30 00:00:00
KeyPers_London_1233507,LONDON_MATERIEL_INFO_202604301,London,2026-04-30 00:00:00
KeyPers_London_1230143,LONDON_MATERIEL_INFO_202604302,London,2026-04-30 00:00:00
KeyPers_London_1233191,LONDON_MATERIEL_INFO_202604303,London,2026-04-30 00:00:00
KeyPers_London_1230950,LONDON_MATERIEL_INFO_202604304,London,2026-04-30 00:00:00
KeyPers_LA_1231616,LA_MATERIEL_INFO_202604300,LA,2026-04-30 00:00:00
KeyPers_NewYork_1232354,NewYork_MATERIEL_INFO_202604300,NewYork,2026-04-30 00:00:00
KeyPers_NewYork_1231825,NewYork_MATERIEL_INFO_202604301,NewYork,2026-04-30 00:00:00
KeyPers_NewYork_1232782,NewYork_MATERIEL_INFO_202604302,NewYork,2026-04-30 00:00:00
KeyPers_NewYork_1231080,NewYork_MATERIEL_INFO_202604303,NewYork,2026-04-30 00:00:00
KeyPers_NewYork_1230332,NewYork_MATERIEL_INFO_202604304,NewYork,2026-04-30 00:00:00
KeyPers_Paris_1233913,Paris_MATERIEL_INFO_202604300,Paris,2026-04-30 00:00:00
KeyPers_Paris_1233887,Paris_MATERIEL_INFO_202604301,Paris,2026-04-30 00:00:00
KeyPers_Paris_1232273,Paris_MATERIEL_INFO_202604302,Paris,2026-04-30 00:00:00
KeyPers_Paris_1233922,Paris_MATERIEL_INFO_202604303,Paris,2026-04-30 00:00:00
KeyPers_Shanghai_1230158,Shanghai_MATERIEL_INFO_202604300,Shanghai,2026-04-30 00:00:00
KeyPers_Shanghai_1230433,Shanghai_MATERIEL_INFO_202604301,Shanghai,2026-04-30 00:00:00
KeyPers_Shanghai_1230268,Shanghai_MATERIEL_INFO_202604302,Shanghai,2026-04-30 00:00:00
KeyPers_Berlin_1233763,BERLIN_MATERIEL_INFO_202605010,Berlin,2026-05-01 00:00:00
KeyPers_Berlin_1233699,BERLIN_MATERIEL_INFO_202605011,Berlin,2026-05-01 00:00:00
KeyPers_Berlin_1231798,BERLIN_MATERIEL_INFO_202605012,Berlin,2026-05-01 00:00:00
KeyPers_Berlin_1231299,BERLIN_MATERIEL_INFO_202605013,Berlin,2026-05-01 00:00:00
KeyPers_London_1232660,LONDON_MATERIEL_INFO_202605010,London,2026-05-01 00:00:00
KeyPers_London_1231324,LONDON_MATERIEL_INFO_202605011,London,2026-05-01 00:00:00
KeyPers_London_1232030,LONDON_MATERIEL_INFO_202605012,London,2026-05-01 00:00:00
KeyPers_London_1232329,LONDON_MATERIEL_INFO_202605013,London,2026-05-01 00:00:00
KeyPers_London_1231265,LONDON_MATERIEL_INFO_202605014,London,2026-05-01 00:00:00
KeyPers_London_1231457,LONDON_MATERIEL_INFO_202605015,London,2026-05-01 00:00:00
KeyPers_London_1232635,LONDON_MATERIEL_INFO_202605016,London,2026-05-01 00:00:00
KeyPers_London_1231731,LONDON_MATERIEL_INFO_202605017,London,2026-05-01 00:00:00
KeyPers_London_1233235,LONDON_MATERIEL_INFO_202605018,London,2026-05-01 00:00:00
KeyPers_London_1231794,LONDON_MATERIEL_INFO_202605019,London,2026-05-01 00:00:00
KeyPers_LA_1231005,LA_MATERIEL_INFO_202605010,LA,2026-05-01 00:00:00
KeyPers_LA_1230114,LA_MATERIEL_INFO_202605011,LA,2026-05-01 00:00:00
KeyPers_LA_1231545,LA_MATERIEL_INFO_202605012,LA,2026-05-01 00:00:00
KeyPers_LA_1233002,LA_MATERIEL_INFO_202605013,LA,2026-05-01 00:00:00
KeyPers_LA_1231859,LA_MATERIEL_INFO_202605014,LA,2026-05-01 00:00:00
KeyPers_LA_1230309,LA_MATERIEL_INFO_202605015,LA,2026-05-01 00:00:00
KeyPers_LA_1233018,LA_MATERIEL_INFO_202605016,LA,2026-05-01 00:00:00
KeyPers_LA_1232726,LA_MATERIEL_INFO_202605017,LA,2026-05-01 00:00:00
KeyPers_LA_1231154,LA_MATERIEL_INFO_202605018,LA,2026-05-01 00:00:00
KeyPers_LA_1232390,LA_MATERIEL_INFO_202605019,LA,2026-05-01 00:00:00
KeyPers_LA_1231081,LA_MATERIEL_INFO_2026050110,LA,2026-05-01 00:00:00
KeyPers_LA_1232413,LA_MATERIEL_INFO_2026050111,LA,2026-05-01 00:00:00
KeyPers_LA_1231963,LA_MATERIEL_INFO_2026050112,LA,2026-05-01 00:00:00
KeyPers_LA_1232361,LA_MATERIEL_INFO_2026050113,LA,2026-05-01 00:00:00
KeyPers_NewYork_1231579,NewYork_MATERIEL_INFO_202605010,NewYork,2026-05-01 00:00:00
KeyPers_NewYork_1232864,NewYork_MATERIEL_INFO_202605011,NewYork,2026-05-01 00:00:00
KeyPers_Paris_1234283,Paris_MATERIEL_INFO_202605010,Paris,2026-05-01 00:00:00
KeyPers_Paris_1231062,Paris_MATERIEL_INFO_202605011,Paris,2026-05-01 00:00:00
KeyPers_Paris_1234498,Paris_MATERIEL_INFO_202605012,Paris,2026-05-01 00:00:00
KeyPers_Paris_1232348,Paris_MATERIEL_INFO_202605013,Paris,2026-05-01 00:00:00
KeyPers_Shanghai_1230225,Shanghai_MATERIEL_INFO_202605010,Shanghai,2026-05-01 00:00:00
KeyPers_Shanghai_1230777,Shanghai_MATERIEL_INFO_202605011,Shanghai,2026-05-01 00:00:00
KeyPers_Shanghai_1230585,Shanghai_MATERIEL_INFO_202605012,Shanghai,2026-05-01 00:00:00
KeyPers_Shanghai_1230494,Shanghai_MATERIEL_INFO_202605013,Shanghai,2026-05-01 00:00:00
KeyPers_Shanghai_1230652,Shanghai_MATERIEL_INFO_202605014,Shanghai,2026-05-01 00:00:00
KeyPers_Shanghai_1230079,Shanghai_MATERIEL_INFO_202605015,Shanghai,2026-05-01 00:00:00
KeyPers_Shanghai_1230742,Shanghai_MATERIEL_INFO_202605016,Shanghai,2026-05-01 00:00:00
KeyPers_Shanghai_1230703,Shanghai_MATERIEL_INFO_202605017,Shanghai,2026-05-01 00:00:00
KeyPers_Shanghai_1230901,Shanghai_MATERIEL_INFO_202605018,Shanghai,2026-05-01 00:00:00
KeyPers_Shanghai_1230004,Shanghai_MATERIEL_INFO_202605019,Shanghai,2026-05-01 00:00:00
KeyPers_Berlin_1230146,BERLIN_MATERIEL_INFO_202605020,Berlin,2026-05-02 00:00:00
KeyPers_Berlin_1230836,BERLIN_MATERIEL_INFO_202605021,Berlin,2026-05-02 00:00:00
KeyPers_Berlin_1230872,BERLIN_MATERIEL_INFO_202605022,Berlin,2026-05-02 00:00:00
KeyPers_Berlin_1234201,BERLIN_MATERIEL_INFO_202605023,Berlin,2026-05-02 00:00:00
KeyPers_Berlin_1231237,BERLIN_MATERIEL_INFO_202605024,Berlin,2026-05-02 00:00:00
KeyPers_Berlin_1232247,BERLIN_MATERIEL_INFO_202605025,Berlin,2026-05-02 00:00:00
KeyPers_London_1231298,LONDON_MATERIEL_INFO_202605020,London,2026-05-02 00:00:00
KeyPers_London_1231703,LONDON_MATERIEL_INFO_202605021,London,2026-05-02 00:00:00
KeyPers_London_1230310,LONDON_MATERIEL_INFO_202605022,London,2026-05-02 00:00:00
KeyPers_London_1230206,LONDON_MATERIEL_INFO_202605023,London,2026-05-02 00:00:00
KeyPers_London_1233739,LONDON_MATERIEL_INFO_202605024,London,2026-05-02 00:00:00
KeyPers_London_1234164,LONDON_MATERIEL_INFO_202605025,London,2026-05-02 00:00:00
KeyPers_London_1231139,LONDON_MATERIEL_INFO_202605026,London,2026-05-02 00:00:00
KeyPers_London_1233309,LONDON_MATERIEL_INFO_202605027,London,2026-05-02 00:00:00
KeyPers_LA_1232635,LA_MATERIEL_INFO_202605020,LA,2026-05-02 00:00:00
KeyPers_LA_1230231,LA_MATERIEL_INFO_202605021,LA,2026-05-02 00:00:00
KeyPers_NewYork_1232935,NewYork_MATERIEL_INFO_202605020,NewYork,2026-05-02 00:00:00
KeyPers_NewYork_1230719,NewYork_MATERIEL_INFO_202605021,NewYork,2026-05-02 00:00:00
KeyPers_NewYork_1231679,NewYork_MATERIEL_INFO_202605022,NewYork,2026-05-02 00:00:00
KeyPers_NewYork_1230485,NewYork_MATERIEL_INFO_202605023,NewYork,2026-05-02 00:00:00
KeyPers_NewYork_1232581,NewYork_MATERIEL_INFO_202605024,NewYork,2026-05-02 00:00:00
KeyPers_NewYork_1232357,NewYork_MATERIEL_INFO_202605025,NewYork,2026-05-02 00:00:00
KeyPers_NewYork_1232814,NewYork_MATERIEL_INFO_202605026,NewYork,2026-05-02 00:00:00
KeyPers_NewYork_1230551,NewYork_MATERIEL_INFO_202605027,NewYork,2026-05-02 00:00:00
KeyPers_NewYork_1231387,NewYork_MATERIEL_INFO_202605028,NewYork,2026-05-02 00:00:00
KeyPers_NewYork_1231528,NewYork_MATERIEL_INFO_202605029,NewYork,2026-05-02 00:00:00
KeyPers_NewYork_1230637,NewYork_MATERIEL_INFO_2026050210,NewYork,2026-05-02 00:00:00
KeyPers_Paris_1231848,Paris_MATERIEL_INFO_202605020,Paris,2026-05-02 00:00:00
KeyPers_Paris_1234384,Paris_MATERIEL_INFO_202605021,Paris,2026-05-02 00:00:00
KeyPers_Paris_1231597,Paris_MATERIEL_INFO_202605022,Paris,2026-05-02 00:00:00
KeyPers_Paris_1233663,Paris_MATERIEL_INFO_202605023,Paris,2026-05-02 00:00:00
KeyPers_Paris_1233264,Paris_MATERIEL_INFO_202605024,Paris,2026-05-02 00:00:00
KeyPers_Paris_1234061,Paris_MATERIEL_INFO_202605025,Paris,2026-05-02 00:00:00
KeyPers_Paris_1234849,Paris_MATERIEL_INFO_202605026,Paris,2026-05-02 00:00:00
KeyPers_Shanghai_1230404,Shanghai_MATERIEL_INFO_202605020,Shanghai,2026-05-02 00:00:00
KeyPers_Shanghai_1230652,Shanghai_MATERIEL_INFO_202605021,Shanghai,2026-05-02 00:00:00
KeyPers_Shanghai_1230276,Shanghai_MATERIEL_INFO_202605022,Shanghai,2026-05-02 00:00:00
KeyPers_Shanghai_1230107,Shanghai_MATERIEL_INFO_202605023,Shanghai,2026-05-02 00:00:00
KeyPers_Shanghai_1230104,Shanghai_MATERIEL_INFO_202605024,Shanghai,2026-05-02 00:00:00
KeyPers_Shanghai_1230606,Shanghai_MATERIEL_INFO_202605025,Shanghai,2026-05-02 00:00:00
KeyPers_Shanghai_1230292,Shanghai_MATERIEL_INFO_202605026,Shanghai,2026-05-02 00:00:00
KeyPers_Shanghai_1230434,Shanghai_MATERIEL_INFO_202605027,Shanghai,2026-05-02 00:00:00
KeyPers_Shanghai_1230341,Shanghai_MATERIEL_INFO_202605028,Shanghai,2026-05-02 00:00:00
KeyPers_Shanghai_1230884,Shanghai_MATERIEL_INFO_202605029,Shanghai,2026-05-02 00:00:00
KeyPers_Shanghai_1230125,Shanghai_MATERIEL_INFO_2026050210,Shanghai,2026-05-02 00:00:00
KeyPers_Shanghai_1230157,Shanghai_MATERIEL_INFO_2026050211,Shanghai,2026-05-02 00:00:00
KeyPers_Shanghai_1230543,Shanghai_MATERIEL_INFO_2026050212,Shanghai,2026-05-02 00:00:00
KeyPers_Shanghai_1230829,Shanghai_MATERIEL_INFO_2026050213,Shanghai,2026-05-02 00:00:00
KeyPers_Berlin_1232855,BERLIN_MATERIEL_INFO_202605030,Berlin,2026-05-03 00:00:00
KeyPers_London_1232853,LONDON_MATERIEL_INFO_202605030,London,2026-05-03 00:00:00
KeyPers_London_1233413,LONDON_MATERIEL_INFO_202605031,London,2026-05-03 00:00:00
KeyPers_London_1232738,LONDON_MATERIEL_INFO_202605032,London,2026-05-03 00:00:00
KeyPers_London_1230151,LONDON_MATERIEL_INFO_202605033,London,2026-05-03 00:00:00
KeyPers_London_1234110,LONDON_MATERIEL_INFO_202605034,London,2026-05-03 00:00:00
KeyPers_London_1231350,LONDON_MATERIEL_INFO_202605035,London,2026-05-03 00:00:00
KeyPers_London_1230216,LONDON_MATERIEL_INFO_202605036,London,2026-05-03 00:00:00
KeyPers_London_1233131,LONDON_MATERIEL_INFO_202605037,London,2026-05-03 00:00:00
KeyPers_London_1232693,LONDON_MATERIEL_INFO_202605038,London,2026-05-03 00:00:00
KeyPers_London_1232718,LONDON_MATERIEL_INFO_202605039,London,2026-05-03 00:00:00
KeyPers_LA_1232678,LA_MATERIEL_INFO_202605030,LA,2026-05-03 00:00:00
KeyPers_LA_1230954,LA_MATERIEL_INFO_202605031,LA,2026-05-03 00:00:00
KeyPers_LA_1231804,LA_MATERIEL_INFO_202605032,LA,2026-05-03 00:00:00
KeyPers_LA_1231117,LA_MATERIEL_INFO_202605033,LA,2026-05-03 00:00:00
KeyPers_LA_1232955,LA_MATERIEL_INFO_202605034,LA,2026-05-03 00:00:00
KeyPers_LA_1230003,LA_MATERIEL_INFO_202605035,LA,2026-05-03 00:00:00
KeyPers_LA_1230266,LA_MATERIEL_INFO_202605036,LA,2026-05-03 00:00:00
KeyPers_LA_1232626,LA_MATERIEL_INFO_202605037,LA,2026-05-03 00:00:00
KeyPers_LA_1232790,LA_MATERIEL_INFO_202605038,LA,2026-05-03 00:00:00
KeyPers_LA_1230026,LA_MATERIEL_INFO_202605039,LA,2026-05-03 00:00:00
KeyPers_LA_1230377,LA_MATERIEL_INFO_2026050310,LA,2026-05-03 00:00:00
KeyPers_LA_1230961,LA_MATERIEL_INFO_2026050311,LA,2026-05-03 00:00:00
KeyPers_NewYork_1232685,NewYork_MATERIEL_INFO_202605030,NewYork,2026-05-03 00:00:00
KeyPers_NewYork_1232127,NewYork_MATERIEL_INFO_202605031,NewYork,2026-05-03 00:00:00
KeyPers_NewYork_1230467,NewYork_MATERIEL_INFO_202605032,NewYork,2026-05-03 00:00:00
KeyPers_NewYork_1231856,NewYork_MATERIEL_INFO_202605033,NewYork,2026-05-03 00:00:00
KeyPers_NewYork_1232714,NewYork_MATERIEL_INFO_202605034,NewYork,2026-05-03 00:00:00
KeyPers_Paris_1230618,Paris_MATERIEL_INFO_202605030,Paris,2026-05-03 00:00:00
KeyPers_Paris_1234021,Paris_MATERIEL_INFO_202605031,Paris,2026-05-03 00:00:00
KeyPers_Paris_1233156,Paris_MATERIEL_INFO_202605032,Paris,2026-05-03 00:00:00
KeyPers_Paris_1233531,Paris_MATERIEL_INFO_202605033,Paris,2026-05-03 00:00:00
KeyPers_Paris_1234438,Paris_MATERIEL_INFO_202605034,Paris,2026-05-03 00:00:00
KeyPers_Paris_1230763,Paris_MATERIEL_INFO_202605035,Paris,2026-05-03 00:00:00
KeyPers_Paris_1234206,Paris_MATERIEL_INFO_202605036,Paris,2026-05-03 00:00:00
KeyPers_Paris_1230987,Paris_MATERIEL_INFO_202605037,Paris,2026-05-03 00:00:00
KeyPers_Paris_1233622,Paris_MATERIEL_INFO_202605038,Paris,2026-05-03 00:00:00
KeyPers_Paris_1231746,Paris_MATERIEL_INFO_202605039,Paris,2026-05-03 00:00:00
KeyPers_Paris_1232759,Paris_MATERIEL_INFO_2026050310,Paris,2026-05-03 00:00:00
KeyPers_Paris_1233039,Paris_MATERIEL_INFO_2026050311,Paris,2026-05-03 00:00:00
KeyPers_Shanghai_1230958,Shanghai_MATERIEL_INFO_202605030,Shanghai,2026-05-03 00:00:00
KeyPers_Shanghai_1230352,Shanghai_MATERIEL_INFO_202605031,Shanghai,2026-05-03 00:00:00
KeyPers_Shanghai_1230511,Shanghai_MATERIEL_INFO_202605032,Shanghai,2026-05-03 00:00:00
KeyPers_Shanghai_1230694,Shanghai_MATERIEL_INFO_202605033,Shanghai,2026-05-03 00:00:00
KeyPers_Berlin_1231732,BERLIN_MATERIEL_INFO_202605040,Berlin,2026-05-04 00:00:00
KeyPers_Berlin_1231390,BERLIN_MATERIEL_INFO_202605041,Berlin,2026-05-04 00:00:00
KeyPers_Berlin_1233218,BERLIN_MATERIEL_INFO_202605042,Berlin,2026-05-04 00:00:00
KeyPers_Berlin_1233784,BERLIN_MATERIEL_INFO_202605043,Berlin,2026-05-04 00:00:00
KeyPers_Berlin_1231117,BERLIN_MATERIEL_INFO_202605044,Berlin,2026-05-04 00:00:00
KeyPers_Berlin_1230404,BERLIN_MATERIEL_INFO_202605045,Berlin,2026-05-04 00:00:00
KeyPers_London_1231128,LONDON_MATERIEL_INFO_202605040,London,2026-05-04 00:00:00
KeyPers_London_1232631,LONDON_MATERIEL_INFO_202605041,London,2026-05-04 00:00:00
KeyPers_London_1230274,LONDON_MATERIEL_INFO_202605042,London,2026-05-04 00:00:00
KeyPers_London_1232591,LONDON_MATERIEL_INFO_202605043,London,2026-05-04 00:00:00
KeyPers_London_1233360,LONDON_MATERIEL_INFO_202605044,London,2026-05-04 00:00:00
KeyPers_London_1231704,LONDON_MATERIEL_INFO_202605045,London,2026-05-04 00:00:00
KeyPers_London_1232954,LONDON_MATERIEL_INFO_202605046,London,2026-05-04 00:00:00
KeyPers_London_1232678,LONDON_MATERIEL_INFO_202605047,London,2026-05-04 00:00:00
KeyPers_LA_1230917,LA_MATERIEL_INFO_202605040,LA,2026-05-04 00:00:00
KeyPers_LA_1231205,LA_MATERIEL_INFO_202605041,LA,2026-05-04 00:00:00
KeyPers_LA_1230870,LA_MATERIEL_INFO_202605042,LA,2026-05-04 00:00:00
KeyPers_LA_1232194,LA_MATERIEL_INFO_202605043,LA,2026-05-04 00:00:00
KeyPers_LA_1230016,LA_MATERIEL_INFO_202605044,LA,2026-05-04 00:00:00
KeyPers_LA_1230641,LA_MATERIEL_INFO_202605045,LA,2026-05-04 00:00:00
KeyPers_LA_1230631,LA_MATERIEL_INFO_202605046,LA,2026-05-04 00:00:00
KeyPers_LA_1232391,LA_MATERIEL_INFO_202605047,LA,2026-05-04 00:00:00
KeyPers_LA_1230588,LA_MATERIEL_INFO_202605048,LA,2026-05-04 00:00:00
KeyPers_LA_1232649,LA_MATERIEL_INFO_202605049,LA,2026-05-04 00:00:00
KeyPers_LA_1231880,LA_MATERIEL_INFO_2026050410,LA,2026-05-04 00:00:00
KeyPers_LA_1232814,LA_MATERIEL_INFO_2026050411,LA,2026-05-04 00:00:00
KeyPers_NewYork_1232574,NewYork_MATERIEL_INFO_202605040,NewYork,2026-05-04 00:00:00
KeyPers_NewYork_1232563,NewYork_MATERIEL_INFO_202605041,NewYork,2026-05-04 00:00:00
KeyPers_NewYork_1232277,NewYork_MATERIEL_INFO_202605042,NewYork,2026-05-04 00:00:00
KeyPers_Paris_1230875,Paris_MATERIEL_INFO_202605040,Paris,2026-05-04 00:00:00
KeyPers_Paris_1234099,Paris_MATERIEL_INFO_202605041,Paris,2026-05-04 00:00:00
KeyPers_Paris_1230187,Paris_MATERIEL_INFO_202605042,Paris,2026-05-04 00:00:00
KeyPers_Paris_1230692,Paris_MATERIEL_INFO_202605043,Paris,2026-05-04 00:00:00
KeyPers_Paris_1232335,Paris_MATERIEL_INFO_202605044,Paris,2026-05-04 00:00:00
KeyPers_Paris_1233923,Paris_MATERIEL_INFO_202605045,Paris,2026-05-04 00:00:00
KeyPers_Paris_1233722,Paris_MATERIEL_INFO_202605046,Paris,2026-05-04 00:00:00
KeyPers_Paris_1232667,Paris_MATERIEL_INFO_202605047,Paris,2026-05-04 00:00:00
KeyPers_Paris_1232763,Paris_MATERIEL_INFO_202605048,Paris,2026-05-04 00:00:00
KeyPers_Shanghai_1230379,Shanghai_MATERIEL_INFO_202605040,Shanghai,2026-05-04 00:00:00
KeyPers_Shanghai_1230177,Shanghai_MATERIEL_INFO_202605041,Shanghai,2026-05-04 00:00:00
KeyPers_Shanghai_1230666,Shanghai_MATERIEL_INFO_202605042,Shanghai,2026-05-04 00:00:00
KeyPers_Shanghai_1230058,Shanghai_MATERIEL_INFO_202605043,Shanghai,2026-05-04 00:00:00
KeyPers_Shanghai_1230623,Shanghai_MATERIEL_INFO_202605044,Shanghai,2026-05-04 00:00:00
KeyPers_Shanghai_1230415,Shanghai_MATERIEL_INFO_202605045,Shanghai,2026-05-04 00:00:00
KeyPers_Shanghai_1230742,Shanghai_MATERIEL_INFO_202605046,Shanghai,2026-05-04 00:00:00
KeyPers_Shanghai_1230976,Shanghai_MATERIEL_INFO_202605047,Shanghai,2026-05-04 00:00:00
KeyPers_Shanghai_1230754,Shanghai_MATERIEL_INFO_202605048,Shanghai,2026-05-04 00:00:00
KeyPers_Shanghai_1230145,Shanghai_MATERIEL_INFO_202605049,Shanghai,2026-05-04 00:00:00
KeyPers_Shanghai_1230757,Shanghai_MATERIEL_INFO_2026050410,Shanghai,2026-05-04 00:00:00
KeyPers_Shanghai_1230946,Shanghai_MATERIEL_INFO_2026050411,Shanghai,2026-05-04 00:00:00
KeyPers_Berlin_1232429,BERLIN_MATERIEL_INFO_202605050,Berlin,2026-05-05 00:00:00
KeyPers_London_1230602,LONDON_MATERIEL_INFO_202605050,London,2026-05-05 00:00:00
KeyPers_LA_1231297,LA_MATERIEL_INFO_202605050,LA,2026-05-05 00:00:00
KeyPers_LA_1231289,LA_MATERIEL_INFO_202605051,LA,2026-05-05 00:00:00
KeyPers_LA_1232297,LA_MATERIEL_INFO_202605052,LA,2026-05-05 00:00:00
KeyPers_LA_1230076,LA_MATERIEL_INFO_202605053,LA,2026-05-05 00:00:00
KeyPers_LA_1232338,LA_MATERIEL_INFO_202605054,LA,2026-05-05 00:00:00
KeyPers_LA_1231022,LA_MATERIEL_INFO_202605055,LA,2026-05-05 00:00:00
KeyPers_LA_1232096,LA_MATERIEL_INFO_202605056,LA,2026-05-05 00:00:00
KeyPers_LA_1230539,LA_MATERIEL_INFO_202605057,LA,2026-05-05 00:00:00
KeyPers_LA_1230982,LA_MATERIEL_INFO_202605058,LA,2026-05-05 00:00:00
KeyPers_LA_1232479,LA_MATERIEL_INFO_202605059,LA,2026-05-05 00:00:00
KeyPers_LA_1232882,LA_MATERIEL_INFO_2026050510,LA,2026-05-05 00:00:00
KeyPers_LA_1231569,LA_MATERIEL_INFO_2026050511,LA,2026-05-05 00:00:00
KeyPers_NewYork_1230350,NewYork_MATERIEL_INFO_202605050,NewYork,2026-05-05 00:00:00
KeyPers_NewYork_1230832,NewYork_MATERIEL_INFO_202605051,NewYork,2026-05-05 00:00:00
KeyPers_NewYork_1232525,NewYork_MATERIEL_INFO_202605052,NewYork,2026-05-05 00:00:00
KeyPers_NewYork_1232590,NewYork_MATERIEL_INFO_202605053,NewYork,2026-05-05 00:00:00
KeyPers_NewYork_1231541,NewYork_MATERIEL_INFO_202605054,NewYork,2026-05-05 00:00:00
KeyPers_NewYork_1230272,NewYork_MATERIEL_INFO_202605055,NewYork,2026-05-05 00:00:00
KeyPers_NewYork_1231634,NewYork_MATERIEL_INFO_202605056,NewYork,2026-05-05 00:00:00
KeyPers_NewYork_1230549,NewYork_MATERIEL_INFO_202605057,NewYork,2026-05-05 00:00:00
KeyPers_NewYork_1230700,NewYork_MATERIEL_INFO_202605058,NewYork,2026-05-05 00:00:00
KeyPers_NewYork_1232666,NewYork_MATERIEL_INFO_202605059,NewYork,2026-05-05 00:00:00
KeyPers_Paris_1231868,Paris_MATERIEL_INFO_202605050,Paris,2026-05-05 00:00:00
KeyPers_Paris_1230534,Paris_MATERIEL_INFO_202605051,Paris,2026-05-05 00:00:00
KeyPers_Paris_1230473,Paris_MATERIEL_INFO_202605052,Paris,2026-05-05 00:00:00
KeyPers_Paris_1231979,Paris_MATERIEL_INFO_202605053,Paris,2026-05-05 00:00:00
KeyPers_Paris_1230447,Paris_MATERIEL_INFO_202605054,Paris,2026-05-05 00:00:00
KeyPers_Paris_1232920,Paris_MATERIEL_INFO_202605055,Paris,2026-05-05 00:00:00
KeyPers_Paris_1232417,Paris_MATERIEL_INFO_202605056,Paris,2026-05-05 00:00:00
KeyPers_Paris_1233411,Paris_MATERIEL_INFO_202605057,Paris,2026-05-05 00:00:00
KeyPers_Paris_1233462,Paris_MATERIEL_INFO_202605058,Paris,2026-05-05 00:00:00
KeyPers_Paris_1234878,Paris_MATERIEL_INFO_202605059,Paris,2026-05-05 00:00:00
KeyPers_Paris_1233320,Paris_MATERIEL_INFO_2026050510,Paris,2026-05-05 00:00:00
KeyPers_Paris_1233419,Paris_MATERIEL_INFO_2026050511,Paris,2026-05-05 00:00:00
KeyPers_Paris_1234254,Paris_MATERIEL_INFO_2026050512,Paris,2026-05-05 00:00:00
KeyPers_Paris_1233841,Paris_MATERIEL_INFO_2026050513,Paris,2026-05-05 00:00:00
KeyPers_Shanghai_1230570,Shanghai_MATERIEL_INFO_202605050,Shanghai,2026-05-05 00:00:00
KeyPers_Shanghai_1230138,Shanghai_MATERIEL_INFO_202605051,Shanghai,2026-05-05 00:00:00
KeyPers_Shanghai_1230199,Shanghai_MATERIEL_INFO_202605052,Shanghai,2026-05-05 00:00:00
KeyPers_Shanghai_1230549,Shanghai_MATERIEL_INFO_202605053,Shanghai,2026-05-05 00:00:00
KeyPers_Shanghai_1230689,Shanghai_MATERIEL_INFO_202605054,Shanghai,2026-05-05 00:00:00
KeyPers_Shanghai_1230449,Shanghai_MATERIEL_INFO_202605055,Shanghai,2026-05-05 00:00:00
KeyPers_Shanghai_1230203,Shanghai_MATERIEL_INFO_202605056,Shanghai,2026-05-05 00:00:00
KeyPers_Shanghai_1230869,Shanghai_MATERIEL_INFO_202605057,Shanghai,2026-05-05 00:00:00
KeyPers_Shanghai_1230715,Shanghai_MATERIEL_INFO_202605058,Shanghai,2026-05-05 00:00:00
KeyPers_Berlin_1233345,BERLIN_MATERIEL_INFO_202605060,Berlin,2026-05-06 00:00:00
KeyPers_Berlin_1232549,BERLIN_MATERIEL_INFO_202605061,Berlin,2026-05-06 00:00:00
KeyPers_Berlin_1234218,BERLIN_MATERIEL_INFO_202605062,Berlin,2026-05-06 00:00:00
KeyPers_London_1231245,LONDON_MATERIEL_INFO_202605060,London,2026-05-06 00:00:00
KeyPers_London_1231196,LONDON_MATERIEL_INFO_202605061,London,2026-05-06 00:00:00
KeyPers_London_1232780,LONDON_MATERIEL_INFO_202605062,London,2026-05-06 00:00:00
KeyPers_London_1231704,LONDON_MATERIEL_INFO_202605063,London,2026-05-06 00:00:00
KeyPers_London_1230470,LONDON_MATERIEL_INFO_202605064,London,2026-05-06 00:00:00
KeyPers_LA_1230825,LA_MATERIEL_INFO_202605060,LA,2026-05-06 00:00:00
KeyPers_LA_1231844,LA_MATERIEL_INFO_202605061,LA,2026-05-06 00:00:00
KeyPers_LA_1230151,LA_MATERIEL_INFO_202605062,LA,2026-05-06 00:00:00
KeyPers_LA_1232456,LA_MATERIEL_INFO_202605063,LA,2026-05-06 00:00:00
KeyPers_LA_1230315,LA_MATERIEL_INFO_202605064,LA,2026-05-06 00:00:00
KeyPers_LA_1232448,LA_MATERIEL_INFO_202605065,LA,2026-05-06 00:00:00
KeyPers_LA_1232786,LA_MATERIEL_INFO_202605066,LA,2026-05-06 00:00:00
KeyPers_LA_1231195,LA_MATERIEL_INFO_202605067,LA,2026-05-06 00:00:00
KeyPers_NewYork_1230953,NewYork_MATERIEL_INFO_202605060,NewYork,2026-05-06 00:00:00
KeyPers_NewYork_1231151,NewYork_MATERIEL_INFO_202605061,NewYork,2026-05-06 00:00:00
KeyPers_NewYork_1232431,NewYork_MATERIEL_INFO_202605062,NewYork,2026-05-06 00:00:00
KeyPers_NewYork_1233080,NewYork_MATERIEL_INFO_202605063,NewYork,2026-05-06 00:00:00
KeyPers_Paris_1233705,Paris_MATERIEL_INFO_202605060,Paris,2026-05-06 00:00:00
KeyPers_Paris_1230865,Paris_MATERIEL_INFO_202605061,Paris,2026-05-06 00:00:00
KeyPers_Paris_1232901,Paris_MATERIEL_INFO_202605062,Paris,2026-05-06 00:00:00
KeyPers_Paris_1234451,Paris_MATERIEL_INFO_202605063,Paris,2026-05-06 00:00:00
KeyPers_Paris_1231330,Paris_MATERIEL_INFO_202605064,Paris,2026-05-06 00:00:00
KeyPers_Paris_1233290,Paris_MATERIEL_INFO_202605065,Paris,2026-05-06 00:00:00
KeyPers_Paris_1230159,Paris_MATERIEL_INFO_202605066,Paris,2026-05-06 00:00:00
KeyPers_Paris_1233303,Paris_MATERIEL_INFO_202605067,Paris,2026-05-06 00:00:00
KeyPers_Paris_1234455,Paris_MATERIEL_INFO_202605068,Paris,2026-05-06 00:00:00
KeyPers_Shanghai_1230070,Shanghai_MATERIEL_INFO_202605060,Shanghai,2026-05-06 00:00:00
KeyPers_Shanghai_1230203,Shanghai_MATERIEL_INFO_202605061,Shanghai,2026-05-06 00:00:00
KeyPers_Shanghai_1230551,Shanghai_MATERIEL_INFO_202605062,Shanghai,2026-05-06 00:00:00
KeyPers_Shanghai_1230640,Shanghai_MATERIEL_INFO_202605063,Shanghai,2026-05-06 00:00:00
KeyPers_Shanghai_1230981,Shanghai_MATERIEL_INFO_202605064,Shanghai,2026-05-06 00:00:00
KeyPers_Shanghai_1230828,Shanghai_MATERIEL_INFO_202605065,Shanghai,2026-05-06 00:00:00
KeyPers_Shanghai_1230545,Shanghai_MATERIEL_INFO_202605066,Shanghai,2026-05-06 00:00:00
KeyPers_Shanghai_1230185,Shanghai_MATERIEL_INFO_202605067,Shanghai,2026-05-06 00:00:00
KeyPers_Shanghai_1230550,Shanghai_MATERIEL_INFO_202605068,Shanghai,2026-05-06 00:00:00
KeyPers_Shanghai_1230890,Shanghai_MATERIEL_INFO_202605069,Shanghai,2026-05-06 00:00:00
KeyPers_Berlin_1233564,BERLIN_MATERIEL_INFO_202605070,Berlin,2026-05-07 00:00:00
KeyPers_London_1233037,LONDON_MATERIEL_INFO_202605070,London,2026-05-07 00:00:00
KeyPers_London_1230899,LONDON_MATERIEL_INFO_202605071,London,2026-05-07 00:00:00
KeyPers_London_1232818,LONDON_MATERIEL_INFO_202605072,London,2026-05-07 00:00:00
KeyPers_London_1234153,LONDON_MATERIEL_INFO_202605073,London,2026-05-07 00:00:00
KeyPers_London_1233450,LONDON_MATERIEL_INFO_202605074,London,2026-05-07 00:00:00
KeyPers_LA_1231139,LA_MATERIEL_INFO_202605070,LA,2026-05-07 00:00:00
KeyPers_LA_1231607,LA_MATERIEL_INFO_202605071,LA,2026-05-07 00:00:00
KeyPers_LA_1230968,LA_MATERIEL_INFO_202605072,LA,2026-05-07 00:00:00
KeyPers_LA_1232130,LA_MATERIEL_INFO_202605073,LA,2026-05-07 00:00:00
KeyPers_LA_1232064,LA_MATERIEL_INFO_202605074,LA,2026-05-07 00:00:00
KeyPers_LA_1230441,LA_MATERIEL_INFO_202605075,LA,2026-05-07 00:00:00
KeyPers_LA_1230403,LA_MATERIEL_INFO_202605076,LA,2026-05-07 00:00:00
KeyPers_LA_1231353,LA_MATERIEL_INFO_202605077,LA,2026-05-07 00:00:00
KeyPers_LA_1231938,LA_MATERIEL_INFO_202605078,LA,2026-05-07 00:00:00
KeyPers_LA_1231638,LA_MATERIEL_INFO_202605079,LA,2026-05-07 00:00:00
KeyPers_NewYork_1232364,NewYork_MATERIEL_INFO_202605070,NewYork,2026-05-07 00:00:00
KeyPers_NewYork_1233026,NewYork_MATERIEL_INFO_202605071,NewYork,2026-05-07 00:00:00
KeyPers_NewYork_1231556,NewYork_MATERIEL_INFO_202605072,NewYork,2026-05-07 00:00:00
KeyPers_NewYork_1232018,NewYork_MATERIEL_INFO_202605073,NewYork,2026-05-07 00:00:00
KeyPers_NewYork_1232428,NewYork_MATERIEL_INFO_202605074,NewYork,2026-05-07 00:00:00
KeyPers_NewYork_1231880,NewYork_MATERIEL_INFO_202605075,NewYork,2026-05-07 00:00:00
KeyPers_Paris_1234690,Paris_MATERIEL_INFO_202605070,Paris,2026-05-07 00:00:00
KeyPers_Paris_1232248,Paris_MATERIEL_INFO_202605071,Paris,2026-05-07 00:00:00
KeyPers_Paris_1231459,Paris_MATERIEL_INFO_202605072,Paris,2026-05-07 00:00:00
KeyPers_Paris_1234768,Paris_MATERIEL_INFO_202605073,Paris,2026-05-07 00:00:00
KeyPers_Shanghai_1230718,Shanghai_MATERIEL_INFO_202605070,Shanghai,2026-05-07 00:00:00
KeyPers_Shanghai_1230491,Shanghai_MATERIEL_INFO_202605071,Shanghai,2026-05-07 00:00:00
KeyPers_Shanghai_1230068,Shanghai_MATERIEL_INFO_202605072,Shanghai,2026-05-07 00:00:00
KeyPers_Shanghai_1230451,Shanghai_MATERIEL_INFO_202605073,Shanghai,2026-05-07 00:00:00
KeyPers_Shanghai_1230732,Shanghai_MATERIEL_INFO_202605074,Shanghai,2026-05-07 00:00:00
KeyPers_Shanghai_1230169,Shanghai_MATERIEL_INFO_202605075,Shanghai,2026-05-07 00:00:00
KeyPers_Shanghai_1230249,Shanghai_MATERIEL_INFO_202605076,Shanghai,2026-05-07 00:00:00
KeyPers_Shanghai_1230533,Shanghai_MATERIEL_INFO_202605077,Shanghai,2026-05-07 00:00:00
KeyPers_Shanghai_1230994,Shanghai_MATERIEL_INFO_202605078,Shanghai,2026-05-07 00:00:00
KeyPers_Berlin_1233842,BERLIN_MATERIEL_INFO_202605080,Berlin,2026-05-08 00:00:00
KeyPers_Berlin_1232059,BERLIN_MATERIEL_INFO_202605081,Berlin,2026-05-08 00:00:00
KeyPers_Berlin_1230524,BERLIN_MATERIEL_INFO_202605082,Berlin,2026-05-08 00:00:00
KeyPers_Berlin_1231196,BERLIN_MATERIEL_INFO_202605083,Berlin,2026-05-08 00:00:00
KeyPers_London_1232837,LONDON_MATERIEL_INFO_202605080,London,2026-05-08 00:00:00
KeyPers_London_1231540,LONDON_MATERIEL_INFO_202605081,London,2026-05-08 00:00:00
KeyPers_LA_1230699,LA_MATERIEL_INFO_202605080,LA,2026-05-08 00:00:00
KeyPers_LA_1231803,LA_MATERIEL_INFO_202605081,LA,2026-05-08 00:00:00
KeyPers_LA_1232418,LA_MATERIEL_INFO_202605082,LA,2026-05-08 00:00:00
KeyPers_LA_1231100,LA_MATERIEL_INFO_202605083,LA,2026-05-08 00:00:00
KeyPers_LA_1231128,LA_MATERIEL_INFO_202605084,LA,2026-05-08 00:00:00
KeyPers_LA_1232379,LA_MATERIEL_INFO_202605085,LA,2026-05-08 00:00:00
KeyPers_LA_1232352,LA_MATERIEL_INFO_202605086,LA,2026-05-08 00:00:00
KeyPers_LA_1233011,LA_MATERIEL_INFO_202605087,LA,2026-05-08 00:00:00
KeyPers_LA_1231884,LA_MATERIEL_INFO_202605088,LA,2026-05-08 00:00:00
KeyPers_LA_1231881,LA_MATERIEL_INFO_202605089,LA,2026-05-08 00:00:00
KeyPers_LA_1232869,LA_MATERIEL_INFO_2026050810,LA,2026-05-08 00:00:00
KeyPers_NewYork_1233009,NewYork_MATERIEL_INFO_202605080,NewYork,2026-05-08 00:00:00
KeyPers_NewYork_1230887,NewYork_MATERIEL_INFO_202605081,NewYork,2026-05-08 00:00:00
KeyPers_NewYork_1231095,NewYork_MATERIEL_INFO_202605082,NewYork,2026-05-08 00:00:00
KeyPers_NewYork_1232997,NewYork_MATERIEL_INFO_202605083,NewYork,2026-05-08 00:00:00
KeyPers_NewYork_1231504,NewYork_MATERIEL_INFO_202605084,NewYork,2026-05-08 00:00:00
KeyPers_NewYork_1231723,NewYork_MATERIEL_INFO_202605085,NewYork,2026-05-08 00:00:00
KeyPers_NewYork_1232763,NewYork_MATERIEL_INFO_202605086,NewYork,2026-05-08 00:00:00
KeyPers_NewYork_1232725,NewYork_MATERIEL_INFO_202605087,NewYork,2026-05-08 00:00:00
KeyPers_NewYork_1231627,NewYork_MATERIEL_INFO_202605088,NewYork,2026-05-08 00:00:00
KeyPers_NewYork_1232005,NewYork_MATERIEL_INFO_202605089,NewYork,2026-05-08 00:00:00
KeyPers_NewYork_1230264,NewYork_MATERIEL_INFO_2026050810,NewYork,2026-05-08 00:00:00
KeyPers_NewYork_1231156,NewYork_MATERIEL_INFO_2026050811,NewYork,2026-05-08 00:00:00
KeyPers_NewYork_1230712,NewYork_MATERIEL_INFO_2026050812,NewYork,2026-05-08 00:00:00
KeyPers_NewYork_1230975,NewYork_MATERIEL_INFO_2026050813,NewYork,2026-05-08 00:00:00
KeyPers_Paris_1230937,Paris_MATERIEL_INFO_202605080,Paris,2026-05-08 00:00:00
KeyPers_Paris_1233614,Paris_MATERIEL_INFO_202605081,Paris,2026-05-08 00:00:00
KeyPers_Paris_1230974,Paris_MATERIEL_INFO_202605082,Paris,2026-05-08 00:00:00
KeyPers_Paris_1234601,Paris_MATERIEL_INFO_202605083,Paris,2026-05-08 00:00:00
KeyPers_Paris_1234580,Paris_MATERIEL_INFO_202605084,Paris,2026-05-08 00:00:00
KeyPers_Paris_1232455,Paris_MATERIEL_INFO_202605085,Paris,2026-05-08 00:00:00
KeyPers_Paris_1231046,Paris_MATERIEL_INFO_202605086,Paris,2026-05-08 00:00:00
KeyPers_Shanghai_1230328,Shanghai_MATERIEL_INFO_202605080,Shanghai,2026-05-08 00:00:00
KeyPers_Shanghai_1230570,Shanghai_MATERIEL_INFO_202605081,Shanghai,2026-05-08 00:00:00
KeyPers_Shanghai_1230496,Shanghai_MATERIEL_INFO_202605082,Shanghai,2026-05-08 00:00:00
KeyPers_Shanghai_1230386,Shanghai_MATERIEL_INFO_202605083,Shanghai,2026-05-08 00:00:00
KeyPers_Berlin_1231263,BERLIN_MATERIEL_INFO_202605090,Berlin,2026-05-09 00:00:00
KeyPers_Berlin_1230093,BERLIN_MATERIEL_INFO_202605091,Berlin,2026-05-09 00:00:00
KeyPers_Berlin_1234224,BERLIN_MATERIEL_INFO_202605092,Berlin,2026-05-09 00:00:00
KeyPers_Berlin_1231866,BERLIN_MATERIEL_INFO_202605093,Berlin,2026-05-09 00:00:00
KeyPers_Berlin_1233556,BERLIN_MATERIEL_INFO_202605094,Berlin,2026-05-09 00:00:00
KeyPers_London_1233589,LONDON_MATERIEL_INFO_202605090,London,2026-05-09 00:00:00
KeyPers_London_1230773,LONDON_MATERIEL_INFO_202605091,London,2026-05-09 00:00:00
KeyPers_LA_1232663,LA_MATERIEL_INFO_202605090,LA,2026-05-09 00:00:00
KeyPers_LA_1232650,LA_MATERIEL_INFO_202605091,LA,2026-05-09 00:00:00
KeyPers_LA_1233010,LA_MATERIEL_INFO_202605092,LA,2026-05-09 00:00:00
KeyPers_LA_1232167,LA_MATERIEL_INFO_202605093,LA,2026-05-09 00:00:00
KeyPers_NewYork_1232370,NewYork_MATERIEL_INFO_202605090,NewYork,2026-05-09 00:00:00
KeyPers_NewYork_1231729,NewYork_MATERIEL_INFO_202605091,NewYork,2026-05-09 00:00:00
KeyPers_NewYork_1230693,NewYork_MATERIEL_INFO_202605092,NewYork,2026-05-09 00:00:00
KeyPers_NewYork_1231843,NewYork_MATERIEL_INFO_202605093,NewYork,2026-05-09 00:00:00
KeyPers_NewYork_1232237,NewYork_MATERIEL_INFO_202605094,NewYork,2026-05-09 00:00:00
KeyPers_NewYork_1232991,NewYork_MATERIEL_INFO_202605095,NewYork,2026-05-09 00:00:00
KeyPers_NewYork_1231676,NewYork_MATERIEL_INFO_202605096,NewYork,2026-05-09 00:00:00
KeyPers_NewYork_1232724,NewYork_MATERIEL_INFO_202605097,NewYork,2026-05-09 00:00:00
KeyPers_NewYork_1230913,NewYork_MATERIEL_INFO_202605098,NewYork,2026-05-09 00:00:00
KeyPers_NewYork_1230594,NewYork_MATERIEL_INFO_202605099,NewYork,2026-05-09 00:00:00
KeyPers_Paris_1232637,Paris_MATERIEL_INFO_202605090,Paris,2026-05-09 00:00:00
KeyPers_Paris_1234120,Paris_MATERIEL_INFO_202605091,Paris,2026-05-09 00:00:00
KeyPers_Shanghai_1230753,Shanghai_MATERIEL_INFO_202605090,Shanghai,2026-05-09 00:00:00
KeyPers_Shanghai_1230728,Shanghai_MATERIEL_INFO_202605091,Shanghai,2026-05-09 00:00:00
KeyPers_Shanghai_1230380,Shanghai_MATERIEL_INFO_202605092,Shanghai,2026-05-09 00:00:00
KeyPers_Shanghai_1230975,Shanghai_MATERIEL_INFO_202605093,Shanghai,2026-05-09 00:00:00
KeyPers_Berlin_1233032,BERLIN_MATERIEL_INFO_202605100,Berlin,2026-05-10 00:00:00
KeyPers_Berlin_1230774,BERLIN_MATERIEL_INFO_202605101,Berlin,2026-05-10 00:00:00
KeyPers_Berlin_1231802,BERLIN_MATERIEL_INFO_202605102,Berlin,2026-05-10 00:00:00
KeyPers_Berlin_1230865,BERLIN_MATERIEL_INFO_202605103,Berlin,2026-05-10 00:00:00
KeyPers_London_1233506,LONDON_MATERIEL_INFO_202605100,London,2026-05-10 00:00:00
KeyPers_London_1232145,LONDON_MATERIEL_INFO_202605101,London,2026-05-10 00:00:00
KeyPers_London_1233961,LONDON_MATERIEL_INFO_202605102,London,2026-05-10 00:00:00
KeyPers_London_1233884,LONDON_MATERIEL_INFO_202605103,London,2026-05-10 00:00:00
KeyPers_London_1231132,LONDON_MATERIEL_INFO_202605104,London,2026-05-10 00:00:00
KeyPers_LA_1231536,LA_MATERIEL_INFO_202605100,LA,2026-05-10 00:00:00
KeyPers_LA_1232013,LA_MATERIEL_INFO_202605101,LA,2026-05-10 00:00:00
KeyPers_LA_1230703,LA_MATERIEL_INFO_202605102,LA,2026-05-10 00:00:00
KeyPers_LA_1232030,LA_MATERIEL_INFO_202605103,LA,2026-05-10 00:00:00
KeyPers_NewYork_1232129,NewYork_MATERIEL_INFO_202605100,NewYork,2026-05-10 00:00:00
KeyPers_NewYork_1231972,NewYork_MATERIEL_INFO_202605101,NewYork,2026-05-10 00:00:00
KeyPers_NewYork_1231319,NewYork_MATERIEL_INFO_202605102,NewYork,2026-05-10 00:00:00
KeyPers_NewYork_1230386,NewYork_MATERIEL_INFO_202605103,NewYork,2026-05-10 00:00:00
KeyPers_Paris_1230314,Paris_MATERIEL_INFO_202605100,Paris,2026-05-10 00:00:00
KeyPers_Paris_1233330,Paris_MATERIEL_INFO_202605101,Paris,2026-05-10 00:00:00
KeyPers_Paris_1231731,Paris_MATERIEL_INFO_202605102,Paris,2026-05-10 00:00:00
KeyPers_Paris_1233743,Paris_MATERIEL_INFO_202605103,Paris,2026-05-10 00:00:00
KeyPers_Paris_1230303,Paris_MATERIEL_INFO_202605104,Paris,2026-05-10 00:00:00
KeyPers_Paris_1234516,Paris_MATERIEL_INFO_202605105,Paris,2026-05-10 00:00:00
KeyPers_Paris_1234381,Paris_MATERIEL_INFO_202605106,Paris,2026-05-10 00:00:00
KeyPers_Paris_1232638,Paris_MATERIEL_INFO_202605107,Paris,2026-05-10 00:00:00
KeyPers_Shanghai_1230404,Shanghai_MATERIEL_INFO_202605100,Shanghai,2026-05-10 00:00:00
KeyPers_Shanghai_1230225,Shanghai_MATERIEL_INFO_202605101,Shanghai,2026-05-10 00:00:00
KeyPers_Shanghai_1230280,Shanghai_MATERIEL_INFO_202605102,Shanghai,2026-05-10 00:00:00
KeyPers_Shanghai_1230799,Shanghai_MATERIEL_INFO_202605103,Shanghai,2026-05-10 00:00:00
KeyPers_Shanghai_1230589,Shanghai_MATERIEL_INFO_202605104,Shanghai,2026-05-10 00:00:00
KeyPers_Shanghai_1230965,Shanghai_MATERIEL_INFO_202605105,Shanghai,2026-05-10 00:00:00
KeyPers_Shanghai_1230662,Shanghai_MATERIEL_INFO_202605106,Shanghai,2026-05-10 00:00:00
KeyPers_Shanghai_1230254,Shanghai_MATERIEL_INFO_202605107,Shanghai,2026-05-10 00:00:00
KeyPers_Shanghai_1230764,Shanghai_MATERIEL_INFO_202605108,Shanghai,2026-05-10 00:00:00
KeyPers_Shanghai_1230278,Shanghai_MATERIEL_INFO_202605109,Shanghai,2026-05-10 00:00:00
KeyPers_Shanghai_1230196,Shanghai_MATERIEL_INFO_2026051010,Shanghai,2026-05-10 00:00:00
KeyPers_Shanghai_1230839,Shanghai_MATERIEL_INFO_2026051011,Shanghai,2026-05-10 00:00:00
KeyPers_Shanghai_1230972,Shanghai_MATERIEL_INFO_2026051012,Shanghai,2026-05-10 00:00:00
KeyPers_Shanghai_1230788,Shanghai_MATERIEL_INFO_2026051013,Shanghai,2026-05-10 00:00:00
KeyPers_Berlin_1232833,BERLIN_MATERIEL_INFO_202605110,Berlin,2026-05-11 00:00:00
KeyPers_Berlin_1233386,BERLIN_MATERIEL_INFO_202605111,Berlin,2026-05-11 00:00:00
KeyPers_Berlin_1230828,BERLIN_MATERIEL_INFO_202605112,Berlin,2026-05-11 00:00:00
KeyPers_Berlin_1231207,BERLIN_MATERIEL_INFO_202605113,Berlin,2026-05-11 00:00:00
KeyPers_London_1233609,LONDON_MATERIEL_INFO_202605110,London,2026-05-11 00:00:00
KeyPers_London_1230656,LONDON_MATERIEL_INFO_202605111,London,2026-05-11 00:00:00
KeyPers_London_1233391,LONDON_MATERIEL_INFO_202605112,London,2026-05-11 00:00:00
KeyPers_London_1232836,LONDON_MATERIEL_INFO_202605113,London,2026-05-11 00:00:00
KeyPers_London_1233648,LONDON_MATERIEL_INFO_202605114,London,2026-05-11 00:00:00
KeyPers_London_1231333,LONDON_MATERIEL_INFO_202605115,London,2026-05-11 00:00:00
KeyPers_London_1230280,LONDON_MATERIEL_INFO_202605116,London,2026-05-11 00:00:00
KeyPers_London_1231578,LONDON_MATERIEL_INFO_202605117,London,2026-05-11 00:00:00
KeyPers_London_1230076,LONDON_MATERIEL_INFO_202605118,London,2026-05-11 00:00:00
KeyPers_London_1231390,LONDON_MATERIEL_INFO_202605119,London,2026-05-11 00:00:00
KeyPers_London_1232388,LONDON_MATERIEL_INFO_2026051110,London,2026-05-11 00:00:00
KeyPers_LA_1231211,LA_MATERIEL_INFO_202605110,LA,2026-05-11 00:00:00
KeyPers_LA_1230772,LA_MATERIEL_INFO_202605111,LA,2026-05-11 00:00:00
KeyPers_LA_1230155,LA_MATERIEL_INFO_202605112,LA,2026-05-11 00:00:00
KeyPers_LA_1230220,LA_MATERIEL_INFO_202605113,LA,2026-05-11 00:00:00
KeyPers_LA_1230886,LA_MATERIEL_INFO_202605114,LA,2026-05-11 00:00:00
KeyPers_LA_1232359,LA_MATERIEL_INFO_202605115,LA,2026-05-11 00:00:00
KeyPers_LA_1232999,LA_MATERIEL_INFO_202605116,LA,2026-05-11 00:00:00
KeyPers_LA_1230198,LA_MATERIEL_INFO_202605117,LA,2026-05-11 00:00:00
KeyPers_LA_1230541,LA_MATERIEL_INFO_202605118,LA,2026-05-11 00:00:00
KeyPers_LA_1232464,LA_MATERIEL_INFO_202605119,LA,2026-05-11 00:00:00
KeyPers_LA_1232009,LA_MATERIEL_INFO_2026051110,LA,2026-05-11 00:00:00
KeyPers_LA_1230989,LA_MATERIEL_INFO_2026051111,LA,2026-05-11 00:00:00
KeyPers_LA_1230698,LA_MATERIEL_INFO_2026051112,LA,2026-05-11 00:00:00
KeyPers_LA_1232004,LA_MATERIEL_INFO_2026051113,LA,2026-05-11 00:00:00
KeyPers_NewYork_1232599,NewYork_MATERIEL_INFO_202605110,NewYork,2026-05-11 00:00:00
KeyPers_NewYork_1230751,NewYork_MATERIEL_INFO_202605111,NewYork,2026-05-11 00:00:00
KeyPers_NewYork_1231447,NewYork_MATERIEL_INFO_202605112,NewYork,2026-05-11 00:00:00
KeyPers_NewYork_1231391,NewYork_MATERIEL_INFO_202605113,NewYork,2026-05-11 00:00:00
KeyPers_NewYork_1230162,NewYork_MATERIEL_INFO_202605114,NewYork,2026-05-11 00:00:00
KeyPers_NewYork_1231524,NewYork_MATERIEL_INFO_202605115,NewYork,2026-05-11 00:00:00
KeyPers_NewYork_1230374,NewYork_MATERIEL_INFO_202605116,NewYork,2026-05-11 00:00:00
KeyPers_NewYork_1231154,NewYork_MATERIEL_INFO_202605117,NewYork,2026-05-11 00:00:00
KeyPers_NewYork_1231245,NewYork_MATERIEL_INFO_202605118,NewYork,2026-05-11 00:00:00
KeyPers_Paris_1232191,Paris_MATERIEL_INFO_202605110,Paris,2026-05-11 00:00:00
KeyPers_Paris_1231088,Paris_MATERIEL_INFO_202605111,Paris,2026-05-11 00:00:00
KeyPers_Paris_1230274,Paris_MATERIEL_INFO_202605112,Paris,2026-05-11 00:00:00
KeyPers_Paris_1233741,Paris_MATERIEL_INFO_202605113,Paris,2026-05-11 00:00:00
KeyPers_Paris_1233338,Paris_MATERIEL_INFO_202605114,Paris,2026-05-11 00:00:00
KeyPers_Paris_1233188,Paris_MATERIEL_INFO_202605115,Paris,2026-05-11 00:00:00
KeyPers_Paris_1233976,Paris_MATERIEL_INFO_202605116,Paris,2026-05-11 00:00:00
KeyPers_Paris_1230933,Paris_MATERIEL_INFO_202605117,Paris,2026-05-11 00:00:00
KeyPers_Paris_1232379,Paris_MATERIEL_INFO_202605118,Paris,2026-05-11 00:00:00
KeyPers_Paris_1231461,Paris_MATERIEL_INFO_202605119,Paris,2026-05-11 00:00:00
KeyPers_Paris_1233722,Paris_MATERIEL_INFO_2026051110,Paris,2026-05-11 00:00:00
KeyPers_Shanghai_1230139,Shanghai_MATERIEL_INFO_202605110,Shanghai,2026-05-11 00:00:00
KeyPers_Shanghai_1230695,Shanghai_MATERIEL_INFO_202605111,Shanghai,2026-05-11 00:00:00
KeyPers_Shanghai_1230558,Shanghai_MATERIEL_INFO_202605112,Shanghai,2026-05-11 00:00:00
KeyPers_Shanghai_1230962,Shanghai_MATERIEL_INFO_202605113,Shanghai,2026-05-11 00:00:00
KeyPers_Berlin_1232571,BERLIN_MATERIEL_INFO_202605120,Berlin,2026-05-12 00:00:00
KeyPers_Berlin_1230584,BERLIN_MATERIEL_INFO_202605121,Berlin,2026-05-12 00:00:00
KeyPers_Berlin_1230975,BERLIN_MATERIEL_INFO_202605122,Berlin,2026-05-12 00:00:00
KeyPers_London_1232335,LONDON_MATERIEL_INFO_202605120,London,2026-05-12 00:00:00
KeyPers_London_1230099,LONDON_MATERIEL_INFO_202605121,London,2026-05-12 00:00:00
KeyPers_London_1233395,LONDON_MATERIEL_INFO_202605122,London,2026-05-12 00:00:00
KeyPers_London_1230769,LONDON_MATERIEL_INFO_202605123,London,2026-05-12 00:00:00
KeyPers_London_1230624,LONDON_MATERIEL_INFO_202605124,London,2026-05-12 00:00:00
KeyPers_London_1233659,LONDON_MATERIEL_INFO_202605125,London,2026-05-12 00:00:00
KeyPers_London_1233217,LONDON_MATERIEL_INFO_202605126,London,2026-05-12 00:00:00
KeyPers_LA_1230769,LA_MATERIEL_INFO_202605120,LA,2026-05-12 00:00:00
KeyPers_LA_1231188,LA_MATERIEL_INFO_202605121,LA,2026-05-12 00:00:00
KeyPers_LA_1230597,LA_MATERIEL_INFO_202605122,LA,2026-05-12 00:00:00
KeyPers_LA_1231943,LA_MATERIEL_INFO_202605123,LA,2026-05-12 00:00:00
KeyPers_LA_1232009,LA_MATERIEL_INFO_202605124,LA,2026-05-12 00:00:00
KeyPers_NewYork_1231500,NewYork_MATERIEL_INFO_202605120,NewYork,2026-05-12 00:00:00
KeyPers_NewYork_1230510,NewYork_MATERIEL_INFO_202605121,NewYork,2026-05-12 00:00:00
KeyPers_NewYork_1230181,NewYork_MATERIEL_INFO_202605122,NewYork,2026-05-12 00:00:00
KeyPers_NewYork_1231641,NewYork_MATERIEL_INFO_202605123,NewYork,2026-05-12 00:00:00
KeyPers_NewYork_1230220,NewYork_MATERIEL_INFO_202605124,NewYork,2026-05-12 00:00:00
KeyPers_NewYork_1232017,NewYork_MATERIEL_INFO_202605125,NewYork,2026-05-12 00:00:00
KeyPers_NewYork_1231710,NewYork_MATERIEL_INFO_202605126,NewYork,2026-05-12 00:00:00
KeyPers_NewYork_1231601,NewYork_MATERIEL_INFO_202605127,NewYork,2026-05-12 00:00:00
KeyPers_NewYork_1230496,NewYork_MATERIEL_INFO_202605128,NewYork,2026-05-12 00:00:00
KeyPers_NewYork_1230979,NewYork_MATERIEL_INFO_202605129,NewYork,2026-05-12 00:00:00
KeyPers_Paris_1234057,Paris_MATERIEL_INFO_202605120,Paris,2026-05-12 00:00:00
KeyPers_Paris_1232222,Paris_MATERIEL_INFO_202605121,Paris,2026-05-12 00:00:00
KeyPers_Paris_1232007,Paris_MATERIEL_INFO_202605122,Paris,2026-05-12 00:00:00
KeyPers_Shanghai_1230914,Shanghai_MATERIEL_INFO_202605120,Shanghai,2026-05-12 00:00:00
KeyPers_Shanghai_1230279,Shanghai_MATERIEL_INFO_202605121,Shanghai,2026-05-12 00:00:00
KeyPers_Shanghai_1230391,Shanghai_MATERIEL_INFO_202605122,Shanghai,2026-05-12 00:00:00
KeyPers_Shanghai_1230764,Shanghai_MATERIEL_INFO_202605123,Shanghai,2026-05-12 00:00:00
KeyPers_Shanghai_1230963,Shanghai_MATERIEL_INFO_202605124,Shanghai,2026-05-12 00:00:00
KeyPers_Shanghai_1230149,Shanghai_MATERIEL_INFO_202605125,Shanghai,2026-05-12 00:00:00
KeyPers_Shanghai_1230131,Shanghai_MATERIEL_INFO_202605126,Shanghai,2026-05-12 00:00:00
KeyPers_Shanghai_1230578,Shanghai_MATERIEL_INFO_202605127,Shanghai,2026-05-12 00:00:00
KeyPers_Shanghai_1230058,Shanghai_MATERIEL_INFO_202605128,Shanghai,2026-05-12 00:00:00
KeyPers_Shanghai_1230367,Shanghai_MATERIEL_INFO_202605129,Shanghai,2026-05-12 00:00:00
KeyPers_Shanghai_1230928,Shanghai_MATERIEL_INFO_2026051210,Shanghai,2026-05-12 00:00:00
KeyPers_Berlin_1233904,BERLIN_MATERIEL_INFO_202605130,Berlin,2026-05-13 00:00:00
KeyPers_Berlin_1233416,BERLIN_MATERIEL_INFO_202605131,Berlin,2026-05-13 00:00:00
KeyPers_Berlin_1232868,BERLIN_MATERIEL_INFO_202605132,Berlin,2026-05-13 00:00:00
KeyPers_Berlin_1233945,BERLIN_MATERIEL_INFO_202605133,Berlin,2026-05-13 00:00:00
KeyPers_London_1233824,LONDON_MATERIEL_INFO_202605130,London,2026-05-13 00:00:00
KeyPers_London_1233937,LONDON_MATERIEL_INFO_202605131,London,2026-05-13 00:00:00
KeyPers_London_1231415,LONDON_MATERIEL_INFO_202605132,London,2026-05-13 00:00:00
KeyPers_London_1232671,LONDON_MATERIEL_INFO_202605133,London,2026-05-13 00:00:00
KeyPers_London_1232662,LONDON_MATERIEL_INFO_202605134,London,2026-05-13 00:00:00
KeyPers_London_1233729,LONDON_MATERIEL_INFO_202605135,London,2026-05-13 00:00:00
KeyPers_London_1231911,LONDON_MATERIEL_INFO_202605136,London,2026-05-13 00:00:00
KeyPers_London_1234028,LONDON_MATERIEL_INFO_202605137,London,2026-05-13 00:00:00
KeyPers_London_1231006,LONDON_MATERIEL_INFO_202605138,London,2026-05-13 00:00:00
KeyPers_London_1233239,LONDON_MATERIEL_INFO_202605139,London,2026-05-13 00:00:00
KeyPers_London_1230533,LONDON_MATERIEL_INFO_2026051310,London,2026-05-13 00:00:00
KeyPers_London_1230827,LONDON_MATERIEL_INFO_2026051311,London,2026-05-13 00:00:00
KeyPers_LA_1231824,LA_MATERIEL_INFO_202605130,LA,2026-05-13 00:00:00
KeyPers_LA_1232561,LA_MATERIEL_INFO_202605131,LA,2026-05-13 00:00:00
KeyPers_LA_1231131,LA_MATERIEL_INFO_202605132,LA,2026-05-13 00:00:00
KeyPers_LA_1231025,LA_MATERIEL_INFO_202605133,LA,2026-05-13 00:00:00
KeyPers_NewYork_1231393,NewYork_MATERIEL_INFO_202605130,NewYork,2026-05-13 00:00:00
KeyPers_NewYork_1232020,NewYork_MATERIEL_INFO_202605131,NewYork,2026-05-13 00:00:00
KeyPers_NewYork_1230791,NewYork_MATERIEL_INFO_202605132,NewYork,2026-05-13 00:00:00
KeyPers_Paris_1233610,Paris_MATERIEL_INFO_202605130,Paris,2026-05-13 00:00:00
KeyPers_Paris_1234180,Paris_MATERIEL_INFO_202605131,Paris,2026-05-13 00:00:00
KeyPers_Paris_1233686,Paris_MATERIEL_INFO_202605132,Paris,2026-05-13 00:00:00
KeyPers_Paris_1230134,Paris_MATERIEL_INFO_202605133,Paris,2026-05-13 00:00:00
KeyPers_Paris_1231500,Paris_MATERIEL_INFO_202605134,Paris,2026-05-13 00:00:00
KeyPers_Paris_1234342,Paris_MATERIEL_INFO_202605135,Paris,2026-05-13 00:00:00
KeyPers_Paris_1230051,Paris_MATERIEL_INFO_202605136,Paris,2026-05-13 00:00:00
KeyPers_Paris_1233299,Paris_MATERIEL_INFO_202605137,Paris,2026-05-13 00:00:00
KeyPers_Paris_1231640,Paris_MATERIEL_INFO_202605138,Paris,2026-05-13 00:00:00
KeyPers_Paris_1231693,Paris_MATERIEL_INFO_202605139,Paris,2026-05-13 00:00:00
KeyPers_Paris_1230274,Paris_MATERIEL_INFO_2026051310,Paris,2026-05-13 00:00:00
KeyPers_Paris_1233461,Paris_MATERIEL_INFO_2026051311,Paris,2026-05-13 00:00:00
KeyPers_Paris_1231800,Paris_MATERIEL_INFO_2026051312,Paris,2026-05-13 00:00:00
KeyPers_Paris_1234215,Paris_MATERIEL_INFO_2026051313,Paris,2026-05-13 00:00:00
KeyPers_Shanghai_1230772,Shanghai_MATERIEL_INFO_202605130,Shanghai,2026-05-13 00:00:00
KeyPers_Shanghai_1230509,Shanghai_MATERIEL_INFO_202605131,Shanghai,2026-05-13 00:00:00
KeyPers_Shanghai_1230930,Shanghai_MATERIEL_INFO_202605132,Shanghai,2026-05-13 00:00:00
KeyPers_Shanghai_1230294,Shanghai_MATERIEL_INFO_202605133,Shanghai,2026-05-13 00:00:00
KeyPers_Shanghai_1230957,Shanghai_MATERIEL_INFO_202605134,Shanghai,2026-05-13 00:00:00
KeyPers_Shanghai_1230988,Shanghai_MATERIEL_INFO_202605135,Shanghai,2026-05-13 00:00:00
KeyPers_Shanghai_1230301,Shanghai_MATERIEL_INFO_202605136,Shanghai,2026-05-13 00:00:00
KeyPers_Shanghai_1230207,Shanghai_MATERIEL_INFO_202605137,Shanghai,2026-05-13 00:00:00
KeyPers_Shanghai_1230175,Shanghai_MATERIEL_INFO_202605138,Shanghai,2026-05-13 00:00:00
KeyPers_Berlin_1230516,BERLIN_MATERIEL_INFO_202605140,Berlin,2026-05-14 00:00:00
KeyPers_Berlin_1234125,BERLIN_MATERIEL_INFO_202605141,Berlin,2026-05-14 00:00:00
KeyPers_Berlin_1231243,BERLIN_MATERIEL_INFO_202605142,Berlin,2026-05-14 00:00:00
KeyPers_Berlin_1232469,BERLIN_MATERIEL_INFO_202605143,Berlin,2026-05-14 00:00:00
KeyPers_Berlin_1231508,BERLIN_MATERIEL_INFO_202605144,Berlin,2026-05-14 00:00:00
KeyPers_London_1233699,LONDON_MATERIEL_INFO_202605140,London,2026-05-14 00:00:00
KeyPers_London_1233246,LONDON_MATERIEL_INFO_202605141,London,2026-05-14 00:00:00
KeyPers_London_1233920,LONDON_MATERIEL_INFO_202605142,London,2026-05-14 00:00:00
KeyPers_London_1233562,LONDON_MATERIEL_INFO_202605143,London,2026-05-14 00:00:00
KeyPers_London_1233227,LONDON_MATERIEL_INFO_202605144,London,2026-05-14 00:00:00
KeyPers_London_1231154,LONDON_MATERIEL_INFO_202605145,London,2026-05-14 00:00:00
KeyPers_LA_1230458,LA_MATERIEL_INFO_202605140,LA,2026-05-14 00:00:00
KeyPers_LA_1231585,LA_MATERIEL_INFO_202605141,LA,2026-05-14 00:00:00
KeyPers_LA_1232753,LA_MATERIEL_INFO_202605142,LA,2026-05-14 00:00:00
KeyPers_LA_1232780,LA_MATERIEL_INFO_202605143,LA,2026-05-14 00:00:00
KeyPers_LA_1231641,LA_MATERIEL_INFO_202605144,LA,2026-05-14 00:00:00
KeyPers_NewYork_1230987,NewYork_MATERIEL_INFO_202605140,NewYork,2026-05-14 00:00:00
KeyPers_NewYork_1231751,NewYork_MATERIEL_INFO_202605141,NewYork,2026-05-14 00:00:00
KeyPers_NewYork_1230568,NewYork_MATERIEL_INFO_202605142,NewYork,2026-05-14 00:00:00
KeyPers_NewYork_1231329,NewYork_MATERIEL_INFO_202605143,NewYork,2026-05-14 00:00:00
KeyPers_NewYork_1231361,NewYork_MATERIEL_INFO_202605144,NewYork,2026-05-14 00:00:00
KeyPers_NewYork_1230150,NewYork_MATERIEL_INFO_202605145,NewYork,2026-05-14 00:00:00
KeyPers_NewYork_1231857,NewYork_MATERIEL_INFO_202605146,NewYork,2026-05-14 00:00:00
KeyPers_Paris_1234039,Paris_MATERIEL_INFO_202605140,Paris,2026-05-14 00:00:00
KeyPers_Paris_1231139,Paris_MATERIEL_INFO_202605141,Paris,2026-05-14 00:00:00
KeyPers_Paris_1234220,Paris_MATERIEL_INFO_202605142,Paris,2026-05-14 00:00:00
KeyPers_Paris_1234991,Paris_MATERIEL_INFO_202605143,Paris,2026-05-14 00:00:00
KeyPers_Paris_1231406,Paris_MATERIEL_INFO_202605144,Paris,2026-05-14 00:00:00
KeyPers_Shanghai_1230402,Shanghai_MATERIEL_INFO_202605140,Shanghai,2026-05-14 00:00:00
KeyPers_Shanghai_1230510,Shanghai_MATERIEL_INFO_202605141,Shanghai,2026-05-14 00:00:00
KeyPers_Shanghai_1230571,Shanghai_MATERIEL_INFO_202605142,Shanghai,2026-05-14 00:00:00
KeyPers_Shanghai_1230672,Shanghai_MATERIEL_INFO_202605143,Shanghai,2026-05-14 00:00:00
KeyPers_Shanghai_1230379,Shanghai_MATERIEL_INFO_202605144,Shanghai,2026-05-14 00:00:00
KeyPers_Shanghai_1230296,Shanghai_MATERIEL_INFO_202605145,Shanghai,2026-05-14 00:00:00
KeyPers_Shanghai_1230138,Shanghai_MATERIEL_INFO_202605146,Shanghai,2026-05-14 00:00:00
KeyPers_Shanghai_1230041,Shanghai_MATERIEL_INFO_202605147,Shanghai,2026-05-14 00:00:00
KeyPers_Shanghai_1230926,Shanghai_MATERIEL_INFO_202605148,Shanghai,2026-05-14 00:00:00
KeyPers_Shanghai_1230065,Shanghai_MATERIEL_INFO_202605149,Shanghai,2026-05-14 00:00:00
KeyPers_Berlin_1230209,BERLIN_MATERIEL_INFO_202605150,Berlin,2026-05-15 00:00:00
KeyPers_Berlin_1233629,BERLIN_MATERIEL_INFO_202605151,Berlin,2026-05-15 00:00:00
KeyPers_London_1231814,LONDON_MATERIEL_INFO_202605150,London,2026-05-15 00:00:00
KeyPers_London_1231788,LONDON_MATERIEL_INFO_202605151,London,2026-05-15 00:00:00
KeyPers_London_1233916,LONDON_MATERIEL_INFO_202605152,London,2026-05-15 00:00:00
KeyPers_London_1233928,LONDON_MATERIEL_INFO_202605153,London,2026-05-15 00:00:00
KeyPers_London_1230696,LONDON_MATERIEL_INFO_202605154,London,2026-05-15 00:00:00
KeyPers_London_1233632,LONDON_MATERIEL_INFO_202605155,London,2026-05-15 00:00:00
KeyPers_LA_1231077,LA_MATERIEL_INFO_202605150,LA,2026-05-15 00:00:00
KeyPers_LA_1230055,LA_MATERIEL_INFO_202605151,LA,2026-05-15 00:00:00
KeyPers_LA_1230979,LA_MATERIEL_INFO_202605152,LA,2026-05-15 00:00:00
KeyPers_LA_1232105,LA_MATERIEL_INFO_202605153,LA,2026-05-15 00:00:00
KeyPers_LA_1231127,LA_MATERIEL_INFO_202605154,LA,2026-05-15 00:00:00
KeyPers_LA_1230724,LA_MATERIEL_INFO_202605155,LA,2026-05-15 00:00:00
KeyPers_LA_1231914,LA_MATERIEL_INFO_202605156,LA,2026-05-15 00:00:00
KeyPers_LA_1231708,LA_MATERIEL_INFO_202605157,LA,2026-05-15 00:00:00
KeyPers_LA_1231625,LA_MATERIEL_INFO_202605158,LA,2026-05-15 00:00:00
KeyPers_LA_1230565,LA_MATERIEL_INFO_202605159,LA,2026-05-15 00:00:00
KeyPers_NewYork_1232819,NewYork_MATERIEL_INFO_202605150,NewYork,2026-05-15 00:00:00
KeyPers_NewYork_1230861,NewYork_MATERIEL_INFO_202605151,NewYork,2026-05-15 00:00:00
KeyPers_NewYork_1230859,NewYork_MATERIEL_INFO_202605152,NewYork,2026-05-15 00:00:00
KeyPers_NewYork_1231811,NewYork_MATERIEL_INFO_202605153,NewYork,2026-05-15 00:00:00
KeyPers_NewYork_1230893,NewYork_MATERIEL_INFO_202605154,NewYork,2026-05-15 00:00:00
KeyPers_NewYork_1231299,NewYork_MATERIEL_INFO_202605155,NewYork,2026-05-15 00:00:00
KeyPers_NewYork_1232193,NewYork_MATERIEL_INFO_202605156,NewYork,2026-05-15 00:00:00
KeyPers_NewYork_1231724,NewYork_MATERIEL_INFO_202605157,NewYork,2026-05-15 00:00:00
KeyPers_NewYork_1231897,NewYork_MATERIEL_INFO_202605158,NewYork,2026-05-15 00:00:00
KeyPers_Paris_1234193,Paris_MATERIEL_INFO_202605150,Paris,2026-05-15 00:00:00
KeyPers_Paris_1233003,Paris_MATERIEL_INFO_202605151,Paris,2026-05-15 00:00:00
KeyPers_Paris_1230721,Paris_MATERIEL_INFO_202605152,Paris,2026-05-15 00:00:00
KeyPers_Paris_1232822,Paris_MATERIEL_INFO_202605153,Paris,2026-05-15 00:00:00
KeyPers_Paris_1233563,Paris_MATERIEL_INFO_202605154,Paris,2026-05-15 00:00:00
KeyPers_Paris_1234708,Paris_MATERIEL_INFO_202605155,Paris,2026-05-15 00:00:00
KeyPers_Paris_1233991,Paris_MATERIEL_INFO_202605156,Paris,2026-05-15 00:00:00
KeyPers_Shanghai_1230344,Shanghai_MATERIEL_INFO_202605150,Shanghai,2026-05-15 00:00:00
KeyPers_Shanghai_1230166,Shanghai_MATERIEL_INFO_202605151,Shanghai,2026-05-15 00:00:00
KeyPers_Shanghai_1230855,Shanghai_MATERIEL_INFO_202605152,Shanghai,2026-05-15 00:00:00
KeyPers_Shanghai_1230679,Shanghai_MATERIEL_INFO_202605153,Shanghai,2026-05-15 00:00:00
KeyPers_Berlin_1231506,BERLIN_MATERIEL_INFO_202605160,Berlin,2026-05-16 00:00:00
KeyPers_Berlin_1232616,BERLIN_MATERIEL_INFO_202605161,Berlin,2026-05-16 00:00:00
KeyPers_Berlin_1233689,BERLIN_MATERIEL_INFO_202605162,Berlin,2026-05-16 00:00:00
KeyPers_Berlin_1233505,BERLIN_MATERIEL_INFO_202605163,Berlin,2026-05-16 00:00:00
KeyPers_Berlin_1232116,BERLIN_MATERIEL_INFO_202605164,Berlin,2026-05-16 00:00:00
KeyPers_Berlin_1234150,BERLIN_MATERIEL_INFO_202605165,Berlin,2026-05-16 00:00:00
KeyPers_London_1234173,LONDON_MATERIEL_INFO_202605160,London,2026-05-16 00:00:00
KeyPers_London_1232154,LONDON_MATERIEL_INFO_202605161,London,2026-05-16 00:00:00
KeyPers_London_1231349,LONDON_MATERIEL_INFO_202605162,London,2026-05-16 00:00:00
KeyPers_London_1230427,LONDON_MATERIEL_INFO_202605163,London,2026-05-16 00:00:00
KeyPers_London_1232758,LONDON_MATERIEL_INFO_202605164,London,2026-05-16 00:00:00
KeyPers_LA_1231040,LA_MATERIEL_INFO_202605160,LA,2026-05-16 00:00:00
KeyPers_LA_1230948,LA_MATERIEL_INFO_202605161,LA,2026-05-16 00:00:00
KeyPers_LA_1231216,LA_MATERIEL_INFO_202605162,LA,2026-05-16 00:00:00
KeyPers_LA_1232251,LA_MATERIEL_INFO_202605163,LA,2026-05-16 00:00:00
KeyPers_LA_1231881,LA_MATERIEL_INFO_202605164,LA,2026-05-16 00:00:00
KeyPers_LA_1230908,LA_MATERIEL_INFO_202605165,LA,2026-05-16 00:00:00
KeyPers_LA_1231775,LA_MATERIEL_INFO_202605166,LA,2026-05-16 00:00:00
KeyPers_LA_1231534,LA_MATERIEL_INFO_202605167,LA,2026-05-16 00:00:00
KeyPers_LA_1230541,LA_MATERIEL_INFO_202605168,LA,2026-05-16 00:00:00
KeyPers_LA_1231003,LA_MATERIEL_INFO_202605169,LA,2026-05-16 00:00:00
KeyPers_LA_1232006,LA_MATERIEL_INFO_2026051610,LA,2026-05-16 00:00:00
KeyPers_LA_1230564,LA_MATERIEL_INFO_2026051611,LA,2026-05-16 00:00:00
KeyPers_LA_1230934,LA_MATERIEL_INFO_2026051612,LA,2026-05-16 00:00:00
KeyPers_NewYork_1232061,NewYork_MATERIEL_INFO_202605160,NewYork,2026-05-16 00:00:00
KeyPers_NewYork_1230776,NewYork_MATERIEL_INFO_202605161,NewYork,2026-05-16 00:00:00
KeyPers_NewYork_1232100,NewYork_MATERIEL_INFO_202605162,NewYork,2026-05-16 00:00:00
KeyPers_NewYork_1232654,NewYork_MATERIEL_INFO_202605163,NewYork,2026-05-16 00:00:00
KeyPers_Paris_1233027,Paris_MATERIEL_INFO_202605160,Paris,2026-05-16 00:00:00
KeyPers_Paris_1234148,Paris_MATERIEL_INFO_202605161,Paris,2026-05-16 00:00:00
KeyPers_Paris_1232530,Paris_MATERIEL_INFO_202605162,Paris,2026-05-16 00:00:00
KeyPers_Paris_1233619,Paris_MATERIEL_INFO_202605163,Paris,2026-05-16 00:00:00
KeyPers_Paris_1230287,Paris_MATERIEL_INFO_202605164,Paris,2026-05-16 00:00:00
KeyPers_Paris_1232539,Paris_MATERIEL_INFO_202605165,Paris,2026-05-16 00:00:00
KeyPers_Paris_1230151,Paris_MATERIEL_INFO_202605166,Paris,2026-05-16 00:00:00
KeyPers_Paris_1232666,Paris_MATERIEL_INFO_202605167,Paris,2026-05-16 00:00:00
KeyPers_Paris_1230014,Paris_MATERIEL_INFO_202605168,Paris,2026-05-16 00:00:00
KeyPers_Shanghai_1230628,Shanghai_MATERIEL_INFO_202605160,Shanghai,2026-05-16 00:00:00
KeyPers_Shanghai_1230677,Shanghai_MATERIEL_INFO_202605161,Shanghai,2026-05-16 00:00:00
KeyPers_Shanghai_1230501,Shanghai_MATERIEL_INFO_202605162,Shanghai,2026-05-16 00:00:00
KeyPers_Shanghai_1230255,Shanghai_MATERIEL_INFO_202605163,Shanghai,2026-05-16 00:00:00
KeyPers_Shanghai_1230811,Shanghai_MATERIEL_INFO_202605164,Shanghai,2026-05-16 00:00:00
KeyPers_Berlin_1232126,BERLIN_MATERIEL_INFO_202605170,Berlin,2026-05-17 00:00:00
KeyPers_Berlin_1233887,BERLIN_MATERIEL_INFO_202605171,Berlin,2026-05-17 00:00:00
KeyPers_London_1232978,LONDON_MATERIEL_INFO_202605170,London,2026-05-17 00:00:00
KeyPers_London_1230502,LONDON_MATERIEL_INFO_202605171,London,2026-05-17 00:00:00
KeyPers_London_1232005,LONDON_MATERIEL_INFO_202605172,London,2026-05-17 00:00:00
KeyPers_London_1233617,LONDON_MATERIEL_INFO_202605173,London,2026-05-17 00:00:00
KeyPers_London_1230177,LONDON_MATERIEL_INFO_202605174,London,2026-05-17 00:00:00
KeyPers_London_1232132,LONDON_MATERIEL_INFO_202605175,London,2026-05-17 00:00:00
KeyPers_London_1231416,LONDON_MATERIEL_INFO_202605176,London,2026-05-17 00:00:00
KeyPers_London_1233050,LONDON_MATERIEL_INFO_202605177,London,2026-05-17 00:00:00
KeyPers_LA_1231259,LA_MATERIEL_INFO_202605170,LA,2026-05-17 00:00:00
KeyPers_LA_1231929,LA_MATERIEL_INFO_202605171,LA,2026-05-17 00:00:00
KeyPers_LA_1231956,LA_MATERIEL_INFO_202605172,LA,2026-05-17 00:00:00
KeyPers_LA_1232129,LA_MATERIEL_INFO_202605173,LA,2026-05-17 00:00:00
KeyPers_LA_1231518,LA_MATERIEL_INFO_202605174,LA,2026-05-17 00:00:00
KeyPers_LA_1232226,LA_MATERIEL_INFO_202605175,LA,2026-05-17 00:00:00
KeyPers_LA_1230108,LA_MATERIEL_INFO_202605176,LA,2026-05-17 00:00:00
KeyPers_NewYork_1231989,NewYork_MATERIEL_INFO_202605170,NewYork,2026-05-17 00:00:00
KeyPers_NewYork_1230934,NewYork_MATERIEL_INFO_202605171,NewYork,2026-05-17 00:00:00
KeyPers_NewYork_1230861,NewYork_MATERIEL_INFO_202605172,NewYork,2026-05-17 00:00:00
KeyPers_NewYork_1232558,NewYork_MATERIEL_INFO_202605173,NewYork,2026-05-17 00:00:00
KeyPers_NewYork_1230976,NewYork_MATERIEL_INFO_202605174,NewYork,2026-05-17 00:00:00
KeyPers_NewYork_1230842,NewYork_MATERIEL_INFO_202605175,NewYork,2026-05-17 00:00:00
KeyPers_NewYork_1232797,NewYork_MATERIEL_INFO_202605176,NewYork,2026-05-17 00:00:00
KeyPers_Paris_1234960,Paris_MATERIEL_INFO_202605170,Paris,2026-05-17 00:00:00
KeyPers_Paris_1233577,Paris_MATERIEL_INFO_202605171,Paris,2026-05-17 00:00:00
KeyPers_Shanghai_1230043,Shanghai_MATERIEL_INFO_202605170,Shanghai,2026-05-17 00:00:00
KeyPers_Shanghai_1230136,Shanghai_MATERIEL_INFO_202605171,Shanghai,2026-05-17 00:00:00
KeyPers_Shanghai_1230658,Shanghai_MATERIEL_INFO_202605172,Shanghai,2026-05-17 00:00:00
KeyPers_Shanghai_1230126,Shanghai_MATERIEL_INFO_202605173,Shanghai,2026-05-17 00:00:00
KeyPers_Shanghai_1230850,Shanghai_MATERIEL_INFO_202605174,Shanghai,2026-05-17 00:00:00
KeyPers_Shanghai_1230982,Shanghai_MATERIEL_INFO_202605175,Shanghai,2026-05-17 00:00:00
KeyPers_Shanghai_1230600,Shanghai_MATERIEL_INFO_202605176,Shanghai,2026-05-17 00:00:00
KeyPers_Shanghai_1230220,Shanghai_MATERIEL_INFO_202605177,Shanghai,2026-05-17 00:00:00
KeyPers_Shanghai_1230219,Shanghai_MATERIEL_INFO_202605178,Shanghai,2026-05-17 00:00:00
KeyPers_Shanghai_1230445,Shanghai_MATERIEL_INFO_202605179,Shanghai,2026-05-17 00:00:00
KeyPers_Shanghai_1230356,Shanghai_MATERIEL_INFO_2026051710,Shanghai,2026-05-17 00:00:00
KeyPers_Shanghai_1230788,Shanghai_MATERIEL_INFO_2026051711,Shanghai,2026-05-17 00:00:00
KeyPers_Shanghai_1230416,Shanghai_MATERIEL_INFO_2026051712,Shanghai,2026-05-17 00:00:00
KeyPers_Shanghai_1230407,Shanghai_MATERIEL_INFO_2026051713,Shanghai,2026-05-17 00:00:00
KeyPers_Berlin_1231156,BERLIN_MATERIEL_INFO_202605180,Berlin,2026-05-18 00:00:00
KeyPers_Berlin_1232482,BERLIN_MATERIEL_INFO_202605181,Berlin,2026-05-18 00:00:00
KeyPers_Berlin_1231891,BERLIN_MATERIEL_INFO_202605182,Berlin,2026-05-18 00:00:00
KeyPers_Berlin_1233956,BERLIN_MATERIEL_INFO_202605183,Berlin,2026-05-18 00:00:00
KeyPers_Berlin_1232432,BERLIN_MATERIEL_INFO_202605184,Berlin,2026-05-18 00:00:00
KeyPers_Berlin_1230853,BERLIN_MATERIEL_INFO_202605185,Berlin,2026-05-18 00:00:00
KeyPers_London_1233178,LONDON_MATERIEL_INFO_202605180,London,2026-05-18 00:00:00
KeyPers_London_1230893,LONDON_MATERIEL_INFO_202605181,London,2026-05-18 00:00:00
KeyPers_London_1231021,LONDON_MATERIEL_INFO_202605182,London,2026-05-18 00:00:00
KeyPers_London_1230957,LONDON_MATERIEL_INFO_202605183,London,2026-05-18 00:00:00
KeyPers_London_1231470,LONDON_MATERIEL_INFO_202605184,London,2026-05-18 00:00:00
KeyPers_London_1230327,LONDON_MATERIEL_INFO_202605185,London,2026-05-18 00:00:00
KeyPers_London_1233818,LONDON_MATERIEL_INFO_202605186,London,2026-05-18 00:00:00
KeyPers_LA_1231021,LA_MATERIEL_INFO_202605180,LA,2026-05-18 00:00:00
KeyPers_LA_1232489,LA_MATERIEL_INFO_202605181,LA,2026-05-18 00:00:00
KeyPers_LA_1232327,LA_MATERIEL_INFO_202605182,LA,2026-05-18 00:00:00
KeyPers_LA_1232112,LA_MATERIEL_INFO_202605183,LA,2026-05-18 00:00:00
KeyPers_LA_1231658,LA_MATERIEL_INFO_202605184,LA,2026-05-18 00:00:00
KeyPers_LA_1232050,LA_MATERIEL_INFO_202605185,LA,2026-05-18 00:00:00
KeyPers_LA_1231935,LA_MATERIEL_INFO_202605186,LA,2026-05-18 00:00:00
KeyPers_LA_1231050,LA_MATERIEL_INFO_202605187,LA,2026-05-18 00:00:00
KeyPers_LA_1231948,LA_MATERIEL_INFO_202605188,LA,2026-05-18 00:00:00
KeyPers_LA_1232105,LA_MATERIEL_INFO_202605189,LA,2026-05-18 00:00:00
KeyPers_LA_1231789,LA_MATERIEL_INFO_2026051810,LA,2026-05-18 00:00:00
KeyPers_LA_1232998,LA_MATERIEL_INFO_2026051811,LA,2026-05-18 00:00:00
KeyPers_LA_1232026,LA_MATERIEL_INFO_2026051812,LA,2026-05-18 00:00:00
KeyPers_LA_1230211,LA_MATERIEL_INFO_2026051813,LA,2026-05-18 00:00:00
KeyPers_NewYork_1232928,NewYork_MATERIEL_INFO_202605180,NewYork,2026-05-18 00:00:00
KeyPers_NewYork_1232930,NewYork_MATERIEL_INFO_202605181,NewYork,2026-05-18 00:00:00
KeyPers_NewYork_1232163,NewYork_MATERIEL_INFO_202605182,NewYork,2026-05-18 00:00:00
KeyPers_NewYork_1232725,NewYork_MATERIEL_INFO_202605183,NewYork,2026-05-18 00:00:00
KeyPers_Paris_1234212,Paris_MATERIEL_INFO_202605180,Paris,2026-05-18 00:00:00
KeyPers_Paris_1234925,Paris_MATERIEL_INFO_202605181,Paris,2026-05-18 00:00:00
KeyPers_Paris_1232104,Paris_MATERIEL_INFO_202605182,Paris,2026-05-18 00:00:00
KeyPers_Paris_1232937,Paris_MATERIEL_INFO_202605183,Paris,2026-05-18 00:00:00
KeyPers_Paris_1231301,Paris_MATERIEL_INFO_202605184,Paris,2026-05-18 00:00:00
KeyPers_Shanghai_1230308,Shanghai_MATERIEL_INFO_202605180,Shanghai,2026-05-18 00:00:00
KeyPers_Shanghai_1230924,Shanghai_MATERIEL_INFO_202605181,Shanghai,2026-05-18 00:00:00
KeyPers_Shanghai_1230726,Shanghai_MATERIEL_INFO_202605182,Shanghai,2026-05-18 00:00:00
KeyPers_Shanghai_1230345,Shanghai_MATERIEL_INFO_202605183,Shanghai,2026-05-18 00:00:00
KeyPers_Shanghai_1230390,Shanghai_MATERIEL_INFO_202605184,Shanghai,2026-05-18 00:00:00
KeyPers_Shanghai_1230610,Shanghai_MATERIEL_INFO_202605185,Shanghai,2026-05-18 00:00:00
KeyPers_Shanghai_1230047,Shanghai_MATERIEL_INFO_202605186,Shanghai,2026-05-18 00:00:00
KeyPers_Berlin_1232182,BERLIN_MATERIEL_INFO_202605190,Berlin,2026-05-19 00:00:00
KeyPers_Berlin_1230662,BERLIN_MATERIEL_INFO_202605191,Berlin,2026-05-19 00:00:00
KeyPers_Berlin_1231358,BERLIN_MATERIEL_INFO_202605192,Berlin,2026-05-19 00:00:00
KeyPers_London_1232853,LONDON_MATERIEL_INFO_202605190,London,2026-05-19 00:00:00
KeyPers_London_1230590,LONDON_MATERIEL_INFO_202605191,London,2026-05-19 00:00:00
KeyPers_London_1233516,LONDON_MATERIEL_INFO_202605192,London,2026-05-19 00:00:00
KeyPers_London_1230032,LONDON_MATERIEL_INFO_202605193,London,2026-05-19 00:00:00
KeyPers_London_1234095,LONDON_MATERIEL_INFO_202605194,London,2026-05-19 00:00:00
KeyPers_London_1231911,LONDON_MATERIEL_INFO_202605195,London,2026-05-19 00:00:00
KeyPers_London_1230425,LONDON_MATERIEL_INFO_202605196,London,2026-05-19 00:00:00
KeyPers_London_1232395,LONDON_MATERIEL_INFO_202605197,London,2026-05-19 00:00:00
KeyPers_London_1232729,LONDON_MATERIEL_INFO_202605198,London,2026-05-19 00:00:00
KeyPers_London_1233539,LONDON_MATERIEL_INFO_202605199,London,2026-05-19 00:00:00
KeyPers_London_1231969,LONDON_MATERIEL_INFO_2026051910,London,2026-05-19 00:00:00
KeyPers_LA_1232517,LA_MATERIEL_INFO_202605190,LA,2026-05-19 00:00:00
KeyPers_LA_1230442,LA_MATERIEL_INFO_202605191,LA,2026-05-19 00:00:00
KeyPers_LA_1230660,LA_MATERIEL_INFO_202605192,LA,2026-05-19 00:00:00
KeyPers_LA_1230727,LA_MATERIEL_INFO_202605193,LA,2026-05-19 00:00:00
KeyPers_LA_1231746,LA_MATERIEL_INFO_202605194,LA,2026-05-19 00:00:00
KeyPers_LA_1231128,LA_MATERIEL_INFO_202605195,LA,2026-05-19 00:00:00
KeyPers_LA_1230947,LA_MATERIEL_INFO_202605196,LA,2026-05-19 00:00:00
KeyPers_LA_1232557,LA_MATERIEL_INFO_202605197,LA,2026-05-19 00:00:00
KeyPers_LA_1230988,LA_MATERIEL_INFO_202605198,LA,2026-05-19 00:00:00
KeyPers_LA_1231036,LA_MATERIEL_INFO_202605199,LA,2026-05-19 00:00:00
KeyPers_LA_1230931,LA_MATERIEL_INFO_2026051910,LA,2026-05-19 00:00:00
KeyPers_NewYork_1232804,NewYork_MATERIEL_INFO_202605190,NewYork,2026-05-19 00:00:00
KeyPers_NewYork_1230223,NewYork_MATERIEL_INFO_202605191,NewYork,2026-05-19 00:00:00
KeyPers_Paris_1233809,Paris_MATERIEL_INFO_202605190,Paris,2026-05-19 00:00:00
KeyPers_Paris_1234184,Paris_MATERIEL_INFO_202605191,Paris,2026-05-19 00:00:00
KeyPers_Paris_1230687,Paris_MATERIEL_INFO_202605192,Paris,2026-05-19 00:00:00
KeyPers_Paris_1230769,Paris_MATERIEL_INFO_202605193,Paris,2026-05-19 00:00:00
KeyPers_Paris_1230623,Paris_MATERIEL_INFO_202605194,Paris,2026-05-19 00:00:00
KeyPers_Paris_1231640,Paris_MATERIEL_INFO_202605195,Paris,2026-05-19 00:00:00
KeyPers_Paris_1230865,Paris_MATERIEL_INFO_202605196,Paris,2026-05-19 00:00:00
KeyPers_Paris_1230643,Paris_MATERIEL_INFO_202605197,Paris,2026-05-19 00:00:00
KeyPers_Paris_1233534,Paris_MATERIEL_INFO_202605198,Paris,2026-05-19 00:00:00
KeyPers_Paris_1233840,Paris_MATERIEL_INFO_202605199,Paris,2026-05-19 00:00:00
KeyPers_Paris_1231384,Paris_MATERIEL_INFO_2026051910,Paris,2026-05-19 00:00:00
KeyPers_Paris_1232944,Paris_MATERIEL_INFO_2026051911,Paris,2026-05-19 00:00:00
KeyPers_Paris_1234634,Paris_MATERIEL_INFO_2026051912,Paris,2026-05-19 00:00:00
KeyPers_Paris_1231707,Paris_MATERIEL_INFO_2026051913,Paris,2026-05-19 00:00:00
KeyPers_Shanghai_1230006,Shanghai_MATERIEL_INFO_202605190,Shanghai,2026-05-19 00:00:00
KeyPers_Shanghai_1230653,Shanghai_MATERIEL_INFO_202605191,Shanghai,2026-05-19 00:00:00
KeyPers_Shanghai_1230083,Shanghai_MATERIEL_INFO_202605192,Shanghai,2026-05-19 00:00:00
KeyPers_Shanghai_1230221,Shanghai_MATERIEL_INFO_202605193,Shanghai,2026-05-19 00:00:00
KeyPers_Berlin_1230303,BERLIN_MATERIEL_INFO_202605200,Berlin,2026-05-20 00:00:00
KeyPers_Berlin_1232492,BERLIN_MATERIEL_INFO_202605201,Berlin,2026-05-20 00:00:00
KeyPers_Berlin_1233926,BERLIN_MATERIEL_INFO_202605202,Berlin,2026-05-20 00:00:00
KeyPers_Berlin_1230226,BERLIN_MATERIEL_INFO_202605203,Berlin,2026-05-20 00:00:00
KeyPers_London_1232992,LONDON_MATERIEL_INFO_202605200,London,2026-05-20 00:00:00
KeyPers_London_1234104,LONDON_MATERIEL_INFO_202605201,London,2026-05-20 00:00:00
KeyPers_London_1231489,LONDON_MATERIEL_INFO_202605202,London,2026-05-20 00:00:00
KeyPers_London_1231082,LONDON_MATERIEL_INFO_202605203,London,2026-05-20 00:00:00
KeyPers_London_1232849,LONDON_MATERIEL_INFO_202605204,London,2026-05-20 00:00:00
KeyPers_London_1233509,LONDON_MATERIEL_INFO_202605205,London,2026-05-20 00:00:00
KeyPers_London_1232228,LONDON_MATERIEL_INFO_202605206,London,2026-05-20 00:00:00
KeyPers_London_1232297,LONDON_MATERIEL_INFO_202605207,London,2026-05-20 00:00:00
KeyPers_London_1230752,LONDON_MATERIEL_INFO_202605208,London,2026-05-20 00:00:00
KeyPers_London_1231502,LONDON_MATERIEL_INFO_202605209,London,2026-05-20 00:00:00
KeyPers_London_1233202,LONDON_MATERIEL_INFO_2026052010,London,2026-05-20 00:00:00
KeyPers_LA_1233019,LA_MATERIEL_INFO_202605200,LA,2026-05-20 00:00:00
KeyPers_NewYork_1232670,NewYork_MATERIEL_INFO_202605200,NewYork,2026-05-20 00:00:00
KeyPers_NewYork_1230544,NewYork_MATERIEL_INFO_202605201,NewYork,2026-05-20 00:00:00
KeyPers_NewYork_1230406,NewYork_MATERIEL_INFO_202605202,NewYork,2026-05-20 00:00:00
KeyPers_NewYork_1232514,NewYork_MATERIEL_INFO_202605203,NewYork,2026-05-20 00:00:00
KeyPers_NewYork_1231686,NewYork_MATERIEL_INFO_202605204,NewYork,2026-05-20 00:00:00
KeyPers_Paris_1231839,Paris_MATERIEL_INFO_202605200,Paris,2026-05-20 00:00:00
KeyPers_Paris_1233524,Paris_MATERIEL_INFO_202605201,Paris,2026-05-20 00:00:00
KeyPers_Paris_1233630,Paris_MATERIEL_INFO_202605202,Paris,2026-05-20 00:00:00
KeyPers_Paris_1234120,Paris_MATERIEL_INFO_202605203,Paris,2026-05-20 00:00:00
KeyPers_Shanghai_1230508,Shanghai_MATERIEL_INFO_202605200,Shanghai,2026-05-20 00:00:00
KeyPers_Shanghai_1230398,Shanghai_MATERIEL_INFO_202605201,Shanghai,2026-05-20 00:00:00
KeyPers_Shanghai_1230314,Shanghai_MATERIEL_INFO_202605202,Shanghai,2026-05-20 00:00:00
KeyPers_Shanghai_1230945,Shanghai_MATERIEL_INFO_202605203,Shanghai,2026-05-20 00:00:00
KeyPers_Shanghai_1230070,Shanghai_MATERIEL_INFO_202605204,Shanghai,2026-05-20 00:00:00
KeyPers_Shanghai_1230903,Shanghai_MATERIEL_INFO_202605205,Shanghai,2026-05-20 00:00:00
KeyPers_Shanghai_1230193,Shanghai_MATERIEL_INFO_202605206,Shanghai,2026-05-20 00:00:00
KeyPers_Shanghai_1230475,Shanghai_MATERIEL_INFO_202605207,Shanghai,2026-05-20 00:00:00
KeyPers_Berlin_1233387,BERLIN_MATERIEL_INFO_202605210,Berlin,2026-05-21 00:00:00
KeyPers_Berlin_1230752,BERLIN_MATERIEL_INFO_202605211,Berlin,2026-05-21 00:00:00
KeyPers_Berlin_1234145,BERLIN_MATERIEL_INFO_202605212,Berlin,2026-05-21 00:00:00
KeyPers_London_1232516,LONDON_MATERIEL_INFO_202605210,London,2026-05-21 00:00:00
KeyPers_London_1232793,LONDON_MATERIEL_INFO_202605211,London,2026-05-21 00:00:00
KeyPers_LA_1231167,LA_MATERIEL_INFO_202605210,LA,2026-05-21 00:00:00
KeyPers_LA_1230135,LA_MATERIEL_INFO_202605211,LA,2026-05-21 00:00:00
KeyPers_LA_1230896,LA_MATERIEL_INFO_202605212,LA,2026-05-21 00:00:00
KeyPers_LA_1232652,LA_MATERIEL_INFO_202605213,LA,2026-05-21 00:00:00
KeyPers_LA_1230384,LA_MATERIEL_INFO_202605214,LA,2026-05-21 00:00:00
KeyPers_NewYork_1232896,NewYork_MATERIEL_INFO_202605210,NewYork,2026-05-21 00:00:00
KeyPers_NewYork_1232139,NewYork_MATERIEL_INFO_202605211,NewYork,2026-05-21 00:00:00
KeyPers_NewYork_1231586,NewYork_MATERIEL_INFO_202605212,NewYork,2026-05-21 00:00:00
KeyPers_NewYork_1232705,NewYork_MATERIEL_INFO_202605213,NewYork,2026-05-21 00:00:00
KeyPers_NewYork_1231730,NewYork_MATERIEL_INFO_202605214,NewYork,2026-05-21 00:00:00
KeyPers_NewYork_1230590,NewYork_MATERIEL_INFO_202605215,NewYork,2026-05-21 00:00:00
KeyPers_NewYork_1232336,NewYork_MATERIEL_INFO_202605216,NewYork,2026-05-21 00:00:00
KeyPers_NewYork_1230032,NewYork_MATERIEL_INFO_202605217,NewYork,2026-05-21 00:00:00
KeyPers_NewYork_1232460,NewYork_MATERIEL_INFO_202605218,NewYork,2026-05-21 00:00:00
KeyPers_NewYork_1232741,NewYork_MATERIEL_INFO_202605219,NewYork,2026-05-21 00:00:00
KeyPers_NewYork_1232363,NewYork_MATERIEL_INFO_2026052110,NewYork,2026-05-21 00:00:00
KeyPers_NewYork_1231898,NewYork_MATERIEL_INFO_2026052111,NewYork,2026-05-21 00:00:00
KeyPers_NewYork_1231002,NewYork_MATERIEL_INFO_2026052112,NewYork,2026-05-21 00:00:00
KeyPers_NewYork_1231148,NewYork_MATERIEL_INFO_2026052113,NewYork,2026-05-21 00:00:00
KeyPers_Paris_1232065,Paris_MATERIEL_INFO_202605210,Paris,2026-05-21 00:00:00
KeyPers_Paris_1234416,Paris_MATERIEL_INFO_202605211,Paris,2026-05-21 00:00:00
KeyPers_Paris_1234051,Paris_MATERIEL_INFO_202605212,Paris,2026-05-21 00:00:00
KeyPers_Shanghai_1230266,Shanghai_MATERIEL_INFO_202605210,Shanghai,2026-05-21 00:00:00
KeyPers_Shanghai_1230722,Shanghai_MATERIEL_INFO_202605211,Shanghai,2026-05-21 00:00:00
KeyPers_Shanghai_1230441,Shanghai_MATERIEL_INFO_202605212,Shanghai,2026-05-21 00:00:00
KeyPers_Shanghai_1230201,Shanghai_MATERIEL_INFO_202605213,Shanghai,2026-05-21 00:00:00
KeyPers_Shanghai_1230492,Shanghai_MATERIEL_INFO_202605214,Shanghai,2026-05-21 00:00:00
KeyPers_Shanghai_1230582,Shanghai_MATERIEL_INFO_202605215,Shanghai,2026-05-21 00:00:00
KeyPers_Shanghai_1230912,Shanghai_MATERIEL_INFO_202605216,Shanghai,2026-05-21 00:00:00
KeyPers_Berlin_1230704,BERLIN_MATERIEL_INFO_202605220,Berlin,2026-05-22 00:00:00
KeyPers_Berlin_1230778,BERLIN_MATERIEL_INFO_202605221,Berlin,2026-05-22 00:00:00
KeyPers_Berlin_1231971,BERLIN_MATERIEL_INFO_202605222,Berlin,2026-05-22 00:00:00
KeyPers_Berlin_1230036,BERLIN_MATERIEL_INFO_202605223,Berlin,2026-05-22 00:00:00
KeyPers_Berlin_1231035,BERLIN_MATERIEL_INFO_202605224,Berlin,2026-05-22 00:00:00
KeyPers_Berlin_1231003,BERLIN_MATERIEL_INFO_202605225,Berlin,2026-05-22 00:00:00
KeyPers_London_1232736,LONDON_MATERIEL_INFO_202605220,London,2026-05-22 00:00:00
KeyPers_London_1231378,LONDON_MATERIEL_INFO_202605221,London,2026-05-22 00:00:00
KeyPers_London_1230044,LONDON_MATERIEL_INFO_202605222,London,2026-05-22 00:00:00
KeyPers_London_1232872,LONDON_MATERIEL_INFO_202605223,London,2026-05-22 00:00:00
KeyPers_London_1230913,LONDON_MATERIEL_INFO_202605224,London,2026-05-22 00:00:00
KeyPers_London_1232847,LONDON_MATERIEL_INFO_202605225,London,2026-05-22 00:00:00
KeyPers_London_1232036,LONDON_MATERIEL_INFO_202605226,London,2026-05-22 00:00:00
KeyPers_LA_1230689,LA_MATERIEL_INFO_202605220,LA,2026-05-22 00:00:00
KeyPers_LA_1232249,LA_MATERIEL_INFO_202605221,LA,2026-05-22 00:00:00
KeyPers_NewYork_1232705,NewYork_MATERIEL_INFO_202605220,NewYork,2026-05-22 00:00:00
KeyPers_NewYork_1231401,NewYork_MATERIEL_INFO_202605221,NewYork,2026-05-22 00:00:00
KeyPers_NewYork_1230105,NewYork_MATERIEL_INFO_202605222,NewYork,2026-05-22 00:00:00
KeyPers_NewYork_1231407,NewYork_MATERIEL_INFO_202605223,NewYork,2026-05-22 00:00:00
KeyPers_NewYork_1230204,NewYork_MATERIEL_INFO_202605224,NewYork,2026-05-22 00:00:00
KeyPers_NewYork_1233047,NewYork_MATERIEL_INFO_202605225,NewYork,2026-05-22 00:00:00
KeyPers_NewYork_1230454,NewYork_MATERIEL_INFO_202605226,NewYork,2026-05-22 00:00:00
KeyPers_NewYork_1232583,NewYork_MATERIEL_INFO_202605227,NewYork,2026-05-22 00:00:00
KeyPers_NewYork_1231504,NewYork_MATERIEL_INFO_202605228,NewYork,2026-05-22 00:00:00
KeyPers_NewYork_1231971,NewYork_MATERIEL_INFO_202605229,NewYork,2026-05-22 00:00:00
KeyPers_NewYork_1231359,NewYork_MATERIEL_INFO_2026052210,NewYork,2026-05-22 00:00:00
KeyPers_Paris_1234015,Paris_MATERIEL_INFO_202605220,Paris,2026-05-22 00:00:00
KeyPers_Paris_1234328,Paris_MATERIEL_INFO_202605221,Paris,2026-05-22 00:00:00
KeyPers_Paris_1233964,Paris_MATERIEL_INFO_202605222,Paris,2026-05-22 00:00:00
KeyPers_Paris_1233277,Paris_MATERIEL_INFO_202605223,Paris,2026-05-22 00:00:00
KeyPers_Paris_1231661,Paris_MATERIEL_INFO_202605224,Paris,2026-05-22 00:00:00
KeyPers_Paris_1234284,Paris_MATERIEL_INFO_202605225,Paris,2026-05-22 00:00:00
KeyPers_Paris_1234607,Paris_MATERIEL_INFO_202605226,Paris,2026-05-22 00:00:00
KeyPers_Paris_1234006,Paris_MATERIEL_INFO_202605227,Paris,2026-05-22 00:00:00
KeyPers_Paris_1234166,Paris_MATERIEL_INFO_202605228,Paris,2026-05-22 00:00:00
KeyPers_Paris_1233216,Paris_MATERIEL_INFO_202605229,Paris,2026-05-22 00:00:00
KeyPers_Paris_1232732,Paris_MATERIEL_INFO_2026052210,Paris,2026-05-22 00:00:00
KeyPers_Paris_1233753,Paris_MATERIEL_INFO_2026052211,Paris,2026-05-22 00:00:00
KeyPers_Paris_1234263,Paris_MATERIEL_INFO_2026052212,Paris,2026-05-22 00:00:00
KeyPers_Shanghai_1230742,Shanghai_MATERIEL_INFO_202605220,Shanghai,2026-05-22 00:00:00
KeyPers_Berlin_1230490,BERLIN_MATERIEL_INFO_202605230,Berlin,2026-05-23 00:00:00
KeyPers_Berlin_1231788,BERLIN_MATERIEL_INFO_202605231,Berlin,2026-05-23 00:00:00
KeyPers_Berlin_1232330,BERLIN_MATERIEL_INFO_202605232,Berlin,2026-05-23 00:00:00
KeyPers_London_1234218,LONDON_MATERIEL_INFO_202605230,London,2026-05-23 00:00:00
KeyPers_London_1230829,LONDON_MATERIEL_INFO_202605231,London,2026-05-23 00:00:00
KeyPers_London_1233449,LONDON_MATERIEL_INFO_202605232,London,2026-05-23 00:00:00
KeyPers_London_1231033,LONDON_MATERIEL_INFO_202605233,London,2026-05-23 00:00:00
KeyPers_London_1232837,LONDON_MATERIEL_INFO_202605234,London,2026-05-23 00:00:00
KeyPers_London_1233538,LONDON_MATERIEL_INFO_202605235,London,2026-05-23 00:00:00
KeyPers_London_1232736,LONDON_MATERIEL_INFO_202605236,London,2026-05-23 00:00:00
KeyPers_London_1230537,LONDON_MATERIEL_INFO_202605237,London,2026-05-23 00:00:00
KeyPers_London_1232568,LONDON_MATERIEL_INFO_202605238,London,2026-05-23 00:00:00
KeyPers_LA_1231479,LA_MATERIEL_INFO_202605230,LA,2026-05-23 00:00:00
KeyPers_LA_1230534,LA_MATERIEL_INFO_202605231,LA,2026-05-23 00:00:00
KeyPers_LA_1232581,LA_MATERIEL_INFO_202605232,LA,2026-05-23 00:00:00
KeyPers_LA_1231925,LA_MATERIEL_INFO_202605233,LA,2026-05-23 00:00:00
KeyPers_LA_1232381,LA_MATERIEL_INFO_202605234,LA,2026-05-23 00:00:00
KeyPers_LA_1231131,LA_MATERIEL_INFO_202605235,LA,2026-05-23 00:00:00
KeyPers_LA_1230765,LA_MATERIEL_INFO_202605236,LA,2026-05-23 00:00:00
KeyPers_LA_1230149,LA_MATERIEL_INFO_202605237,LA,2026-05-23 00:00:00
KeyPers_LA_1231343,LA_MATERIEL_INFO_202605238,LA,2026-05-23 00:00:00
KeyPers_LA_1231038,LA_MATERIEL_INFO_202605239,LA,2026-05-23 00:00:00
KeyPers_LA_1231225,LA_MATERIEL_INFO_2026052310,LA,2026-05-23 00:00:00
KeyPers_LA_1231278,LA_MATERIEL_INFO_2026052311,LA,2026-05-23 00:00:00
KeyPers_LA_1232315,LA_MATERIEL_INFO_2026052312,LA,2026-05-23 00:00:00
KeyPers_LA_1231629,LA_MATERIEL_INFO_2026052313,LA,2026-05-23 00:00:00
KeyPers_NewYork_1231132,NewYork_MATERIEL_INFO_202605230,NewYork,2026-05-23 00:00:00
KeyPers_NewYork_1230340,NewYork_MATERIEL_INFO_202605231,NewYork,2026-05-23 00:00:00
KeyPers_NewYork_1230035,NewYork_MATERIEL_INFO_202605232,NewYork,2026-05-23 00:00:00
KeyPers_NewYork_1232580,NewYork_MATERIEL_INFO_202605233,NewYork,2026-05-23 00:00:00
KeyPers_NewYork_1232903,NewYork_MATERIEL_INFO_202605234,NewYork,2026-05-23 00:00:00
KeyPers_Paris_1234586,Paris_MATERIEL_INFO_202605230,Paris,2026-05-23 00:00:00
KeyPers_Paris_1230782,Paris_MATERIEL_INFO_202605231,Paris,2026-05-23 00:00:00
KeyPers_Paris_1230680,Paris_MATERIEL_INFO_202605232,Paris,2026-05-23 00:00:00
KeyPers_Paris_1231485,Paris_MATERIEL_INFO_202605233,Paris,2026-05-23 00:00:00
KeyPers_Paris_1230507,Paris_MATERIEL_INFO_202605234,Paris,2026-05-23 00:00:00
KeyPers_Paris_1230408,Paris_MATERIEL_INFO_202605235,Paris,2026-05-23 00:00:00
KeyPers_Shanghai_1230755,Shanghai_MATERIEL_INFO_202605230,Shanghai,2026-05-23 00:00:00
KeyPers_Shanghai_1230217,Shanghai_MATERIEL_INFO_202605231,Shanghai,2026-05-23 00:00:00
KeyPers_Shanghai_1230621,Shanghai_MATERIEL_INFO_202605232,Shanghai,2026-05-23 00:00:00
KeyPers_Shanghai_1230951,Shanghai_MATERIEL_INFO_202605233,Shanghai,2026-05-23 00:00:00
KeyPers_Shanghai_1230043,Shanghai_MATERIEL_INFO_202605234,Shanghai,2026-05-23 00:00:00
KeyPers_Shanghai_1230542,Shanghai_MATERIEL_INFO_202605235,Shanghai,2026-05-23 00:00:00
KeyPers_Shanghai_1230946,Shanghai_MATERIEL_INFO_202605236,Shanghai,2026-05-23 00:00:00
KeyPers_Shanghai_1230628,Shanghai_MATERIEL_INFO_202605237,Shanghai,2026-05-23 00:00:00
KeyPers_Shanghai_1230599,Shanghai_MATERIEL_INFO_202605238,Shanghai,2026-05-23 00:00:00
KeyPers_Shanghai_1230502,Shanghai_MATERIEL_INFO_202605239,Shanghai,2026-05-23 00:00:00
KeyPers_Shanghai_1230892,Shanghai_MATERIEL_INFO_2026052310,Shanghai,2026-05-23 00:00:00
KeyPers_Shanghai_1230627,Shanghai_MATERIEL_INFO_2026052311,Shanghai,2026-05-23 00:00:00
KeyPers_Berlin_1230712,BERLIN_MATERIEL_INFO_202605240,Berlin,2026-05-24 00:00:00
KeyPers_London_1233279,LONDON_MATERIEL_INFO_202605240,London,2026-05-24 00:00:00
KeyPers_London_1231093,LONDON_MATERIEL_INFO_202605241,London,2026-05-24 00:00:00
KeyPers_London_1233010,LONDON_MATERIEL_INFO_202605242,London,2026-05-24 00:00:00
KeyPers_London_1233697,LONDON_MATERIEL_INFO_202605243,London,2026-05-24 00:00:00
KeyPers_London_1233810,LONDON_MATERIEL_INFO_202605244,London,2026-05-24 00:00:00
KeyPers_London_1232803,LONDON_MATERIEL_INFO_202605245,London,2026-05-24 00:00:00
KeyPers_LA_1231249,LA_MATERIEL_INFO_202605240,LA,2026-05-24 00:00:00
KeyPers_LA_1230259,LA_MATERIEL_INFO_202605241,LA,2026-05-24 00:00:00
KeyPers_LA_1230444,LA_MATERIEL_INFO_202605242,LA,2026-05-24 00:00:00
KeyPers_LA_1230003,LA_MATERIEL_INFO_202605243,LA,2026-05-24 00:00:00
KeyPers_LA_1230895,LA_MATERIEL_INFO_202605244,LA,2026-05-24 00:00:00
KeyPers_NewYork_1230720,NewYork_MATERIEL_INFO_202605240,NewYork,2026-05-24 00:00:00
KeyPers_NewYork_1231799,NewYork_MATERIEL_INFO_202605241,NewYork,2026-05-24 00:00:00
KeyPers_NewYork_1232253,NewYork_MATERIEL_INFO_202605242,NewYork,2026-05-24 00:00:00
KeyPers_NewYork_1230963,NewYork_MATERIEL_INFO_202605243,NewYork,2026-05-24 00:00:00
KeyPers_Paris_1234866,Paris_MATERIEL_INFO_202605240,Paris,2026-05-24 00:00:00
KeyPers_Paris_1232791,Paris_MATERIEL_INFO_202605241,Paris,2026-05-24 00:00:00
KeyPers_Paris_1230404,Paris_MATERIEL_INFO_202605242,Paris,2026-05-24 00:00:00
KeyPers_Paris_1232810,Paris_MATERIEL_INFO_202605243,Paris,2026-05-24 00:00:00
KeyPers_Paris_1234248,Paris_MATERIEL_INFO_202605244,Paris,2026-05-24 00:00:00
KeyPers_Paris_1231545,Paris_MATERIEL_INFO_202605245,Paris,2026-05-24 00:00:00
KeyPers_Paris_1230899,Paris_MATERIEL_INFO_202605246,Paris,2026-05-24 00:00:00
KeyPers_Shanghai_1230694,Shanghai_MATERIEL_INFO_202605240,Shanghai,2026-05-24 00:00:00
KeyPers_Shanghai_1230591,Shanghai_MATERIEL_INFO_202605241,Shanghai,2026-05-24 00:00:00
KeyPers_Shanghai_1230072,Shanghai_MATERIEL_INFO_202605242,Shanghai,2026-05-24 00:00:00
KeyPers_Shanghai_1230238,Shanghai_MATERIEL_INFO_202605243,Shanghai,2026-05-24 00:00:00
KeyPers_Shanghai_1230494,Shanghai_MATERIEL_INFO_202605244,Shanghai,2026-05-24 00:00:00
KeyPers_Shanghai_1230732,Shanghai_MATERIEL_INFO_202605245,Shanghai,2026-05-24 00:00:00
KeyPers_Shanghai_1230279,Shanghai_MATERIEL_INFO_202605246,Shanghai,2026-05-24 00:00:00
KeyPers_Shanghai_1230577,Shanghai_MATERIEL_INFO_202605247,Shanghai,2026-05-24 00:00:00
KeyPers_Shanghai_1230740,Shanghai_MATERIEL_INFO_202605248,Shanghai,2026-05-24 00:00:00
KeyPers_Shanghai_1230564,Shanghai_MATERIEL_INFO_202605249,Shanghai,2026-05-24 00:00:00
KeyPers_Shanghai_1230528,Shanghai_MATERIEL_INFO_2026052410,Shanghai,2026-05-24 00:00:00
KeyPers_Shanghai_1230135,Shanghai_MATERIEL_INFO_2026052411,Shanghai,2026-05-24 00:00:00
KeyPers_Shanghai_1230884,Shanghai_MATERIEL_INFO_2026052412,Shanghai,2026-05-24 00:00:00
KeyPers_Shanghai_1230149,Shanghai_MATERIEL_INFO_2026052413,Shanghai,2026-05-24 00:00:00
KeyPers_Berlin_1230801,BERLIN_MATERIEL_INFO_202605250,Berlin,2026-05-25 00:00:00
KeyPers_Berlin_1234094,BERLIN_MATERIEL_INFO_202605251,Berlin,2026-05-25 00:00:00
KeyPers_Berlin_1232409,BERLIN_MATERIEL_INFO_202605252,Berlin,2026-05-25 00:00:00
KeyPers_Berlin_1232429,BERLIN_MATERIEL_INFO_202605253,Berlin,2026-05-25 00:00:00
KeyPers_Berlin_1233901,BERLIN_MATERIEL_INFO_202605254,Berlin,2026-05-25 00:00:00
KeyPers_London_1233996,LONDON_MATERIEL_INFO_202605250,London,2026-05-25 00:00:00
KeyPers_London_1233145,LONDON_MATERIEL_INFO_202605251,London,2026-05-25 00:00:00
KeyPers_London_1231073,LONDON_MATERIEL_INFO_202605252,London,2026-05-25 00:00:00
KeyPers_London_1232754,LONDON_MATERIEL_INFO_202605253,London,2026-05-25 00:00:00
KeyPers_London_1233943,LONDON_MATERIEL_INFO_202605254,London,2026-05-25 00:00:00
KeyPers_London_1232801,LONDON_MATERIEL_INFO_202605255,London,2026-05-25 00:00:00
KeyPers_LA_1231121,LA_MATERIEL_INFO_202605250,LA,2026-05-25 00:00:00
KeyPers_LA_1232497,LA_MATERIEL_INFO_202605251,LA,2026-05-25 00:00:00
KeyPers_LA_1230845,LA_MATERIEL_INFO_202605252,LA,2026-05-25 00:00:00
KeyPers_LA_1232570,LA_MATERIEL_INFO_202605253,LA,2026-05-25 00:00:00
KeyPers_LA_1230966,LA_MATERIEL_INFO_202605254,LA,2026-05-25 00:00:00
KeyPers_LA_1230273,LA_MATERIEL_INFO_202605255,LA,2026-05-25 00:00:00
KeyPers_LA_1230496,LA_MATERIEL_INFO_202605256,LA,2026-05-25 00:00:00
KeyPers_LA_1230186,LA_MATERIEL_INFO_202605257,LA,2026-05-25 00:00:00
KeyPers_LA_1232199,LA_MATERIEL_INFO_202605258,LA,2026-05-25 00:00:00
KeyPers_LA_1230879,LA_MATERIEL_INFO_202605259,LA,2026-05-25 00:00:00
KeyPers_LA_1231490,LA_MATERIEL_INFO_2026052510,LA,2026-05-25 00:00:00
KeyPers_LA_1231958,LA_MATERIEL_INFO_2026052511,LA,2026-05-25 00:00:00
KeyPers_NewYork_1230277,NewYork_MATERIEL_INFO_202605250,NewYork,2026-05-25 00:00:00
KeyPers_Paris_1232580,Paris_MATERIEL_INFO_202605250,Paris,2026-05-25 00:00:00
KeyPers_Paris_1230479,Paris_MATERIEL_INFO_202605251,Paris,2026-05-25 00:00:00
KeyPers_Paris_1233745,Paris_MATERIEL_INFO_202605252,Paris,2026-05-25 00:00:00
KeyPers_Shanghai_1230277,Shanghai_MATERIEL_INFO_202605250,Shanghai,2026-05-25 00:00:00
KeyPers_Shanghai_1230029,Shanghai_MATERIEL_INFO_202605251,Shanghai,2026-05-25 00:00:00
KeyPers_Shanghai_1230879,Shanghai_MATERIEL_INFO_202605252,Shanghai,2026-05-25 00:00:00
KeyPers_Shanghai_1230241,Shanghai_MATERIEL_INFO_202605253,Shanghai,2026-05-25 00:00:00
KeyPers_Shanghai_1230194,Shanghai_MATERIEL_INFO_202605254,Shanghai,2026-05-25 00:00:00
KeyPers_Shanghai_1230170,Shanghai_MATERIEL_INFO_202605255,Shanghai,2026-05-25 00:00:00
KeyPers_Shanghai_1230523,Shanghai_MATERIEL_INFO_202605256,Shanghai,2026-05-25 00:00:00
KeyPers_Shanghai_1230324,Shanghai_MATERIEL_INFO_202605257,Shanghai,2026-05-25 00:00:00
KeyPers_Shanghai_1230217,Shanghai_MATERIEL_INFO_202605258,Shanghai,2026-05-25 00:00:00
KeyPers_Shanghai_1230020,Shanghai_MATERIEL_INFO_202605259,Shanghai,2026-05-25 00:00:00
KeyPers_Shanghai_1230773,Shanghai_MATERIEL_INFO_2026052510,Shanghai,2026-05-25 00:00:00
KeyPers_Shanghai_1230888,Shanghai_MATERIEL_INFO_2026052511,Shanghai,2026-05-25 00:00:00
KeyPers_Shanghai_1230491,Shanghai_MATERIEL_INFO_2026052512,Shanghai,2026-05-25 00:00:00
KeyPers_Shanghai_1230258,Shanghai_MATERIEL_INFO_2026052513,Shanghai,2026-05-25 00:00:00
KeyPers_Berlin_1232331,BERLIN_MATERIEL_INFO_202605260,Berlin,2026-05-26 00:00:00
KeyPers_Berlin_1230469,BERLIN_MATERIEL_INFO_202605261,Berlin,2026-05-26 00:00:00
KeyPers_Berlin_1234140,BERLIN_MATERIEL_INFO_202605262,Berlin,2026-05-26 00:00:00
KeyPers_Berlin_1233067,BERLIN_MATERIEL_INFO_202605263,Berlin,2026-05-26 00:00:00
KeyPers_Berlin_1231967,BERLIN_MATERIEL_INFO_202605264,Berlin,2026-05-26 00:00:00
KeyPers_London_1233844,LONDON_MATERIEL_INFO_202605260,London,2026-05-26 00:00:00
KeyPers_London_1230473,LONDON_MATERIEL_INFO_202605261,London,2026-05-26 00:00:00
KeyPers_London_1230481,LONDON_MATERIEL_INFO_202605262,London,2026-05-26 00:00:00
KeyPers_London_1231314,LONDON_MATERIEL_INFO_202605263,London,2026-05-26 00:00:00
KeyPers_London_1231269,LONDON_MATERIEL_INFO_202605264,London,2026-05-26 00:00:00
KeyPers_London_1231480,LONDON_MATERIEL_INFO_202605265,London,2026-05-26 00:00:00
KeyPers_London_1232265,LONDON_MATERIEL_INFO_202605266,London,2026-05-26 00:00:00
KeyPers_London_1233010,LONDON_MATERIEL_INFO_202605267,London,2026-05-26 00:00:00
KeyPers_London_1231225,LONDON_MATERIEL_INFO_202605268,London,2026-05-26 00:00:00
KeyPers_London_1232174,LONDON_MATERIEL_INFO_202605269,London,2026-05-26 00:00:00
KeyPers_London_1230361,LONDON_MATERIEL_INFO_2026052610,London,2026-05-26 00:00:00
KeyPers_London_1233444,LONDON_MATERIEL_INFO_2026052611,London,2026-05-26 00:00:00
KeyPers_London_1231860,LONDON_MATERIEL_INFO_2026052612,London,2026-05-26 00:00:00
KeyPers_LA_1232078,LA_MATERIEL_INFO_202605260,LA,2026-05-26 00:00:00
KeyPers_LA_1230574,LA_MATERIEL_INFO_202605261,LA,2026-05-26 00:00:00
KeyPers_LA_1230411,LA_MATERIEL_INFO_202605262,LA,2026-05-26 00:00:00
KeyPers_LA_1232785,LA_MATERIEL_INFO_202605263,LA,2026-05-26 00:00:00
KeyPers_LA_1231145,LA_MATERIEL_INFO_202605264,LA,2026-05-26 00:00:00
KeyPers_LA_1232963,LA_MATERIEL_INFO_202605265,LA,2026-05-26 00:00:00
KeyPers_LA_1230164,LA_MATERIEL_INFO_202605266,LA,2026-05-26 00:00:00
KeyPers_NewYork_1230724,NewYork_MATERIEL_INFO_202605260,NewYork,2026-05-26 00:00:00
KeyPers_NewYork_1231476,NewYork_MATERIEL_INFO_202605261,NewYork,2026-05-26 00:00:00
KeyPers_NewYork_1231783,NewYork_MATERIEL_INFO_202605262,NewYork,2026-05-26 00:00:00
KeyPers_Paris_1230527,Paris_MATERIEL_INFO_202605260,Paris,2026-05-26 00:00:00
KeyPers_Paris_1233271,Paris_MATERIEL_INFO_202605261,Paris,2026-05-26 00:00:00
KeyPers_Paris_1232906,Paris_MATERIEL_INFO_202605262,Paris,2026-05-26 00:00:00
KeyPers_Paris_1230396,Paris_MATERIEL_INFO_202605263,Paris,2026-05-26 00:00:00
KeyPers_Paris_1233452,Paris_MATERIEL_INFO_202605264,Paris,2026-05-26 00:00:00
KeyPers_Paris_1233647,Paris_MATERIEL_INFO_202605265,Paris,2026-05-26 00:00:00
KeyPers_Paris_1233728,Paris_MATERIEL_INFO_202605266,Paris,2026-05-26 00:00:00
KeyPers_Paris_1233213,Paris_MATERIEL_INFO_202605267,Paris,2026-05-26 00:00:00
KeyPers_Paris_1234447,Paris_MATERIEL_INFO_202605268,Paris,2026-05-26 00:00:00
KeyPers_Paris_1233191,Paris_MATERIEL_INFO_202605269,Paris,2026-05-26 00:00:00
KeyPers_Paris_1230084,Paris_MATERIEL_INFO_2026052610,Paris,2026-05-26 00:00:00
KeyPers_Paris_1233157,Paris_MATERIEL_INFO_2026052611,Paris,2026-05-26 00:00:00
KeyPers_Paris_1231007,Paris_MATERIEL_INFO_2026052612,Paris,2026-05-26 00:00:00
KeyPers_Paris_1232114,Paris_MATERIEL_INFO_2026052613,Paris,2026-05-26 00:00:00
KeyPers_Shanghai_1230702,Shanghai_MATERIEL_INFO_202605260,Shanghai,2026-05-26 00:00:00
KeyPers_Shanghai_1230248,Shanghai_MATERIEL_INFO_202605261,Shanghai,2026-05-26 00:00:00
KeyPers_Shanghai_1230265,Shanghai_MATERIEL_INFO_202605262,Shanghai,2026-05-26 00:00:00
KeyPers_Shanghai_1230384,Shanghai_MATERIEL_INFO_202605263,Shanghai,2026-05-26 00:00:00
KeyPers_Shanghai_1230682,Shanghai_MATERIEL_INFO_202605264,Shanghai,2026-05-26 00:00:00
KeyPers_Shanghai_1230163,Shanghai_MATERIEL_INFO_202605265,Shanghai,2026-05-26 00:00:00
KeyPers_Shanghai_1230610,Shanghai_MATERIEL_INFO_202605266,Shanghai,2026-05-26 00:00:00
KeyPers_Shanghai_1230044,Shanghai_MATERIEL_INFO_202605267,Shanghai,2026-05-26 00:00:00
KeyPers_Shanghai_1230353,Shanghai_MATERIEL_INFO_202605268,Shanghai,2026-05-26 00:00:00
KeyPers_Shanghai_1230642,Shanghai_MATERIEL_INFO_202605269,Shanghai,2026-05-26 00:00:00
KeyPers_Shanghai_1230989,Shanghai_MATERIEL_INFO_2026052610,Shanghai,2026-05-26 00:00:00
KeyPers_Shanghai_1230235,Shanghai_MATERIEL_INFO_2026052611,Shanghai,2026-05-26 00:00:00
KeyPers_Berlin_1230538,BERLIN_MATERIEL_INFO_202605270,Berlin,2026-05-27 00:00:00
KeyPers_Berlin_1233051,BERLIN_MATERIEL_INFO_202605271,Berlin,2026-05-27 00:00:00
KeyPers_Berlin_1232140,BERLIN_MATERIEL_INFO_202605272,Berlin,2026-05-27 00:00:00
KeyPers_London_1232649,LONDON_MATERIEL_INFO_202605270,London,2026-05-27 00:00:00
KeyPers_London_1230956,LONDON_MATERIEL_INFO_202605271,London,2026-05-27 00:00:00
KeyPers_London_1233773,LONDON_MATERIEL_INFO_202605272,London,2026-05-27 00:00:00
KeyPers_LA_1230615,LA_MATERIEL_INFO_202605270,LA,2026-05-27 00:00:00
KeyPers_LA_1232139,LA_MATERIEL_INFO_202605271,LA,2026-05-27 00:00:00
KeyPers_LA_1231082,LA_MATERIEL_INFO_202605272,LA,2026-05-27 00:00:00
KeyPers_LA_1230296,LA_MATERIEL_INFO_202605273,LA,2026-05-27 00:00:00
KeyPers_LA_1232315,LA_MATERIEL_INFO_202605274,LA,2026-05-27 00:00:00
KeyPers_LA_1230163,LA_MATERIEL_INFO_202605275,LA,2026-05-27 00:00:00
KeyPers_LA_1230460,LA_MATERIEL_INFO_202605276,LA,2026-05-27 00:00:00
KeyPers_LA_1232027,LA_MATERIEL_INFO_202605277,LA,2026-05-27 00:00:00
KeyPers_NewYork_1230025,NewYork_MATERIEL_INFO_202605270,NewYork,2026-05-27 00:00:00
KeyPers_NewYork_1231633,NewYork_MATERIEL_INFO_202605271,NewYork,2026-05-27 00:00:00
KeyPers_NewYork_1230002,NewYork_MATERIEL_INFO_202605272,NewYork,2026-05-27 00:00:00
KeyPers_NewYork_1232813,NewYork_MATERIEL_INFO_202605273,NewYork,2026-05-27 00:00:00
KeyPers_NewYork_1230074,NewYork_MATERIEL_INFO_202605274,NewYork,2026-05-27 00:00:00
KeyPers_NewYork_1233042,NewYork_MATERIEL_INFO_202605275,NewYork,2026-05-27 00:00:00
KeyPers_NewYork_1232784,NewYork_MATERIEL_INFO_202605276,NewYork,2026-05-27 00:00:00
KeyPers_NewYork_1230646,NewYork_MATERIEL_INFO_202605277,NewYork,2026-05-27 00:00:00
KeyPers_NewYork_1231701,NewYork_MATERIEL_INFO_202605278,NewYork,2026-05-27 00:00:00
KeyPers_NewYork_1231878,NewYork_MATERIEL_INFO_202605279,NewYork,2026-05-27 00:00:00
KeyPers_NewYork_1230395,NewYork_MATERIEL_INFO_2026052710,NewYork,2026-05-27 00:00:00
KeyPers_NewYork_1233036,NewYork_MATERIEL_INFO_2026052711,NewYork,2026-05-27 00:00:00
KeyPers_NewYork_1232381,NewYork_MATERIEL_INFO_2026052712,NewYork,2026-05-27 00:00:00
KeyPers_NewYork_1231577,NewYork_MATERIEL_INFO_2026052713,NewYork,2026-05-27 00:00:00
KeyPers_Paris_1231984,Paris_MATERIEL_INFO_202605270,Paris,2026-05-27 00:00:00
KeyPers_Paris_1233704,Paris_MATERIEL_INFO_202605271,Paris,2026-05-27 00:00:00
KeyPers_Paris_1231165,Paris_MATERIEL_INFO_202605272,Paris,2026-05-27 00:00:00
KeyPers_Paris_1234796,Paris_MATERIEL_INFO_202605273,Paris,2026-05-27 00:00:00
KeyPers_Paris_1234746,Paris_MATERIEL_INFO_202605274,Paris,2026-05-27 00:00:00
KeyPers_Paris_1233953,Paris_MATERIEL_INFO_202605275,Paris,2026-05-27 00:00:00
KeyPers_Paris_1232396,Paris_MATERIEL_INFO_202605276,Paris,2026-05-27 00:00:00
KeyPers_Paris_1233085,Paris_MATERIEL_INFO_202605277,Paris,2026-05-27 00:00:00
KeyPers_Paris_1233848,Paris_MATERIEL_INFO_202605278,Paris,2026-05-27 00:00:00
KeyPers_Shanghai_1230003,Shanghai_MATERIEL_INFO_202605270,Shanghai,2026-05-27 00:00:00
KeyPers_Shanghai_1230893,Shanghai_MATERIEL_INFO_202605271,Shanghai,2026-05-27 00:00:00
KeyPers_Shanghai_1230252,Shanghai_MATERIEL_INFO_202605272,Shanghai,2026-05-27 00:00:00
KeyPers_Shanghai_1230736,Shanghai_MATERIEL_INFO_202605273,Shanghai,2026-05-27 00:00:00
KeyPers_Shanghai_1230030,Shanghai_MATERIEL_INFO_202605274,Shanghai,2026-05-27 00:00:00
KeyPers_Shanghai_1230184,Shanghai_MATERIEL_INFO_202605275,Shanghai,2026-05-27 00:00:00
KeyPers_Shanghai_1230234,Shanghai_MATERIEL_INFO_202605276,Shanghai,2026-05-27 00:00:00
KeyPers_Berlin_1233441,BERLIN_MATERIEL_INFO_202605280,Berlin,2026-05-28 00:00:00
KeyPers_Berlin_1230600,BERLIN_MATERIEL_INFO_202605281,Berlin,2026-05-28 00:00:00
KeyPers_Berlin_1233326,BERLIN_MATERIEL_INFO_202605282,Berlin,2026-05-28 00:00:00
KeyPers_Berlin_1232800,BERLIN_MATERIEL_INFO_202605283,Berlin,2026-05-28 00:00:00
KeyPers_Berlin_1230582,BERLIN_MATERIEL_INFO_202605284,Berlin,2026-05-28 00:00:00
KeyPers_London_1232035,LONDON_MATERIEL_INFO_202605280,London,2026-05-28 00:00:00
KeyPers_London_1231265,LONDON_MATERIEL_INFO_202605281,London,2026-05-28 00:00:00
KeyPers_London_1231975,LONDON_MATERIEL_INFO_202605282,London,2026-05-28 00:00:00
KeyPers_London_1232121,LONDON_MATERIEL_INFO_202605283,London,2026-05-28 00:00:00
KeyPers_London_1232227,LONDON_MATERIEL_INFO_202605284,London,2026-05-28 00:00:00
KeyPers_London_1234206,LONDON_MATERIEL_INFO_202605285,London,2026-05-28 00:00:00
KeyPers_London_1232431,LONDON_MATERIEL_INFO_202605286,London,2026-05-28 00:00:00
KeyPers_London_1230667,LONDON_MATERIEL_INFO_202605287,London,2026-05-28 00:00:00
KeyPers_LA_1231959,LA_MATERIEL_INFO_202605280,LA,2026-05-28 00:00:00
KeyPers_LA_1232019,LA_MATERIEL_INFO_202605281,LA,2026-05-28 00:00:00
KeyPers_LA_1231690,LA_MATERIEL_INFO_202605282,LA,2026-05-28 00:00:00
KeyPers_LA_1230046,LA_MATERIEL_INFO_202605283,LA,2026-05-28 00:00:00
KeyPers_LA_1231075,LA_MATERIEL_INFO_202605284,LA,2026-05-28 00:00:00
KeyPers_LA_1230597,LA_MATERIEL_INFO_202605285,LA,2026-05-28 00:00:00
KeyPers_LA_1230191,LA_MATERIEL_INFO_202605286,LA,2026-05-28 00:00:00
KeyPers_LA_1230100,LA_MATERIEL_INFO_202605287,LA,2026-05-28 00:00:00
KeyPers_NewYork_1232509,NewYork_MATERIEL_INFO_202605280,NewYork,2026-05-28 00:00:00
KeyPers_NewYork_1232268,NewYork_MATERIEL_INFO_202605281,NewYork,2026-05-28 00:00:00
KeyPers_NewYork_1232415,NewYork_MATERIEL_INFO_202605282,NewYork,2026-05-28 00:00:00
KeyPers_NewYork_1230484,NewYork_MATERIEL_INFO_202605283,NewYork,2026-05-28 00:00:00
KeyPers_NewYork_1230401,NewYork_MATERIEL_INFO_202605284,NewYork,2026-05-28 00:00:00
KeyPers_NewYork_1230702,NewYork_MATERIEL_INFO_202605285,NewYork,2026-05-28 00:00:00
KeyPers_NewYork_1231408,NewYork_MATERIEL_INFO_202605286,NewYork,2026-05-28 00:00:00
KeyPers_NewYork_1230171,NewYork_MATERIEL_INFO_202605287,NewYork,2026-05-28 00:00:00
KeyPers_NewYork_1232632,NewYork_MATERIEL_INFO_202605288,NewYork,2026-05-28 00:00:00
KeyPers_NewYork_1231820,NewYork_MATERIEL_INFO_202605289,NewYork,2026-05-28 00:00:00
KeyPers_NewYork_1230258,NewYork_MATERIEL_INFO_2026052810,NewYork,2026-05-28 00:00:00
KeyPers_Paris_1230323,Paris_MATERIEL_INFO_202605280,Paris,2026-05-28 00:00:00
KeyPers_Paris_1232717,Paris_MATERIEL_INFO_202605281,Paris,2026-05-28 00:00:00
KeyPers_Paris_1231669,Paris_MATERIEL_INFO_202605282,Paris,2026-05-28 00:00:00
KeyPers_Shanghai_1230009,Shanghai_MATERIEL_INFO_202605280,Shanghai,2026-05-28 00:00:00
KeyPers_Shanghai_1230779,Shanghai_MATERIEL_INFO_202605281,Shanghai,2026-05-28 00:00:00
KeyPers_Shanghai_1230839,Shanghai_MATERIEL_INFO_202605282,Shanghai,2026-05-28 00:00:00
KeyPers_Berlin_1231628,BERLIN_MATERIEL_INFO_202605290,Berlin,2026-05-29 00:00:00
KeyPers_Berlin_1232985,BERLIN_MATERIEL_INFO_202605291,Berlin,2026-05-29 00:00:00
KeyPers_Berlin_1232437,BERLIN_MATERIEL_INFO_202605292,Berlin,2026-05-29 00:00:00
KeyPers_Berlin_1234241,BERLIN_MATERIEL_INFO_202605293,Berlin,2026-05-29 00:00:00
KeyPers_Berlin_1231975,BERLIN_MATERIEL_INFO_202605294,Berlin,2026-05-29 00:00:00
KeyPers_London_1233941,LONDON_MATERIEL_INFO_202605290,London,2026-05-29 00:00:00
KeyPers_London_1230894,LONDON_MATERIEL_INFO_202605291,London,2026-05-29 00:00:00
KeyPers_London_1232063,LONDON_MATERIEL_INFO_202605292,London,2026-05-29 00:00:00
KeyPers_London_1233859,LONDON_MATERIEL_INFO_202605293,London,2026-05-29 00:00:00
KeyPers_London_1233357,LONDON_MATERIEL_INFO_202605294,London,2026-05-29 00:00:00
KeyPers_London_1233990,LONDON_MATERIEL_INFO_202605295,London,2026-05-29 00:00:00
KeyPers_London_1233559,LONDON_MATERIEL_INFO_202605296,London,2026-05-29 00:00:00
KeyPers_London_1231675,LONDON_MATERIEL_INFO_202605297,London,2026-05-29 00:00:00
KeyPers_London_1233540,LONDON_MATERIEL_INFO_202605298,London,2026-05-29 00:00:00
KeyPers_London_1230425,LONDON_MATERIEL_INFO_202605299,London,2026-05-29 00:00:00
KeyPers_London_1234089,LONDON_MATERIEL_INFO_2026052910,London,2026-05-29 00:00:00
KeyPers_London_1230921,LONDON_MATERIEL_INFO_2026052911,London,2026-05-29 00:00:00
KeyPers_London_1231458,LONDON_MATERIEL_INFO_2026052912,London,2026-05-29 00:00:00
KeyPers_LA_1232940,LA_MATERIEL_INFO_202605290,LA,2026-05-29 00:00:00
KeyPers_LA_1232203,LA_MATERIEL_INFO_202605291,LA,2026-05-29 00:00:00
KeyPers_LA_1230155,LA_MATERIEL_INFO_202605292,LA,2026-05-29 00:00:00
KeyPers_LA_1232265,LA_MATERIEL_INFO_202605293,LA,2026-05-29 00:00:00
KeyPers_LA_1231340,LA_MATERIEL_INFO_202605294,LA,2026-05-29 00:00:00
KeyPers_LA_1230095,LA_MATERIEL_INFO_202605295,LA,2026-05-29 00:00:00
KeyPers_LA_1232307,LA_MATERIEL_INFO_202605296,LA,2026-05-29 00:00:00
KeyPers_LA_1230251,LA_MATERIEL_INFO_202605297,LA,2026-05-29 00:00:00
KeyPers_LA_1231161,LA_MATERIEL_INFO_202605298,LA,2026-05-29 00:00:00
KeyPers_LA_1231516,LA_MATERIEL_INFO_202605299,LA,2026-05-29 00:00:00
KeyPers_LA_1230034,LA_MATERIEL_INFO_2026052910,LA,2026-05-29 00:00:00
KeyPers_NewYork_1230608,NewYork_MATERIEL_INFO_202605290,NewYork,2026-05-29 00:00:00
KeyPers_NewYork_1232295,NewYork_MATERIEL_INFO_202605291,NewYork,2026-05-29 00:00:00
KeyPers_NewYork_1232216,NewYork_MATERIEL_INFO_202605292,NewYork,2026-05-29 00:00:00
KeyPers_NewYork_1231821,NewYork_MATERIEL_INFO_202605293,NewYork,2026-05-29 00:00:00
KeyPers_NewYork_1231319,NewYork_MATERIEL_INFO_202605294,NewYork,2026-05-29 00:00:00
KeyPers_NewYork_1231409,NewYork_MATERIEL_INFO_202605295,NewYork,2026-05-29 00:00:00
KeyPers_NewYork_1232421,NewYork_MATERIEL_INFO_202605296,NewYork,2026-05-29 00:00:00
KeyPers_NewYork_1232773,NewYork_MATERIEL_INFO_202605297,NewYork,2026-05-29 00:00:00
KeyPers_NewYork_1232749,NewYork_MATERIEL_INFO_202605298,NewYork,2026-05-29 00:00:00
KeyPers_NewYork_1232823,NewYork_MATERIEL_INFO_202605299,NewYork,2026-05-29 00:00:00
KeyPers_Paris_1230072,Paris_MATERIEL_INFO_202605290,Paris,2026-05-29 00:00:00
KeyPers_Shanghai_1230133,Shanghai_MATERIEL_INFO_202605290,Shanghai,2026-05-29 00:00:00
KeyPers_Shanghai_1230653,Shanghai_MATERIEL_INFO_202605291,Shanghai,2026-05-29 00:00:00
KeyPers_Shanghai_1230790,Shanghai_MATERIEL_INFO_202605292,Shanghai,2026-05-29 00:00:00
KeyPers_Shanghai_1230135,Shanghai_MATERIEL_INFO_202605293,Shanghai,2026-05-29 00:00:00
KeyPers_Shanghai_1230109,Shanghai_MATERIEL_INFO_202605294,Shanghai,2026-05-29 00:00:00
KeyPers_Shanghai_1230215,Shanghai_MATERIEL_INFO_202605295,Shanghai,2026-05-29 00:00:00
KeyPers_Shanghai_1230023,Shanghai_MATERIEL_INFO_202605296,Shanghai,2026-05-29 00:00:00
KeyPers_Shanghai_1230824,Shanghai_MATERIEL_INFO_202605297,Shanghai,2026-05-29 00:00:00
KeyPers_Shanghai_1230004,Shanghai_MATERIEL_INFO_202605298,Shanghai,2026-05-29 00:00:00
KeyPers_Berlin_1234100,BERLIN_MATERIEL_INFO_202605300,Berlin,2026-05-30 00:00:00
KeyPers_Berlin_1233835,BERLIN_MATERIEL_INFO_202605301,Berlin,2026-05-30 00:00:00
KeyPers_Berlin_1233849,BERLIN_MATERIEL_INFO_202605302,Berlin,2026-05-30 00:00:00
KeyPers_Berlin_1234054,BERLIN_MATERIEL_INFO_202605303,Berlin,2026-05-30 00:00:00
KeyPers_Berlin_1232078,BERLIN_MATERIEL_INFO_202605304,Berlin,2026-05-30 00:00:00
KeyPers_London_1230700,LONDON_MATERIEL_INFO_202605300,London,2026-05-30 00:00:00
KeyPers_London_1232924,LONDON_MATERIEL_INFO_202605301,London,2026-05-30 00:00:00
KeyPers_London_1233249,LONDON_MATERIEL_INFO_202605302,London,2026-05-30 00:00:00
KeyPers_London_1230194,LONDON_MATERIEL_INFO_202605303,London,2026-05-30 00:00:00
KeyPers_LA_1230116,LA_MATERIEL_INFO_202605300,LA,2026-05-30 00:00:00
KeyPers_LA_1231496,LA_MATERIEL_INFO_202605301,LA,2026-05-30 00:00:00
KeyPers_LA_1230157,LA_MATERIEL_INFO_202605302,LA,2026-05-30 00:00:00
KeyPers_LA_1232881,LA_MATERIEL_INFO_202605303,LA,2026-05-30 00:00:00
KeyPers_LA_1230000,LA_MATERIEL_INFO_202605304,LA,2026-05-30 00:00:00
KeyPers_LA_1230165,LA_MATERIEL_INFO_202605305,LA,2026-05-30 00:00:00
KeyPers_NewYork_1230343,NewYork_MATERIEL_INFO_202605300,NewYork,2026-05-30 00:00:00
KeyPers_Paris_1230460,Paris_MATERIEL_INFO_202605300,Paris,2026-05-30 00:00:00
KeyPers_Paris_1233963,Paris_MATERIEL_INFO_202605301,Paris,2026-05-30 00:00:00
KeyPers_Paris_1231276,Paris_MATERIEL_INFO_202605302,Paris,2026-05-30 00:00:00
KeyPers_Paris_1230994,Paris_MATERIEL_INFO_202605303,Paris,2026-05-30 00:00:00
KeyPers_Paris_1233123,Paris_MATERIEL_INFO_202605304,Paris,2026-05-30 00:00:00
KeyPers_Paris_1231155,Paris_MATERIEL_INFO_202605305,Paris,2026-05-30 00:00:00
KeyPers_Paris_1232545,Paris_MATERIEL_INFO_202605306,Paris,2026-05-30 00:00:00
KeyPers_Paris_1232563,Paris_MATERIEL_INFO_202605307,Paris,2026-05-30 00:00:00
KeyPers_Paris_1231943,Paris_MATERIEL_INFO_202605308,Paris,2026-05-30 00:00:00
KeyPers_Paris_1232891,Paris_MATERIEL_INFO_202605309,Paris,2026-05-30 00:00:00
KeyPers_Paris_1230105,Paris_MATERIEL_INFO_2026053010,Paris,2026-05-30 00:00:00
KeyPers_Paris_1232729,Paris_MATERIEL_INFO_2026053011,Paris,2026-05-30 00:00:00
KeyPers_Shanghai_1230098,Shanghai_MATERIEL_INFO_202605300,Shanghai,2026-05-30 00:00:00
KeyPers_Shanghai_1230279,Shanghai_MATERIEL_INFO_202605301,Shanghai,2026-05-30 00:00:00
KeyPers_Shanghai_1230651,Shanghai_MATERIEL_INFO_202605302,Shanghai,2026-05-30 00:00:00
KeyPers_Shanghai_1230113,Shanghai_MATERIEL_INFO_202605303,Shanghai,2026-05-30 00:00:00
KeyPers_Shanghai_1230785,Shanghai_MATERIEL_INFO_202605304,Shanghai,2026-05-30 00:00:00
KeyPers_Shanghai_1230869,Shanghai_MATERIEL_INFO_202605305,Shanghai,2026-05-30 00:00:00
KeyPers_Shanghai_1230318,Shanghai_MATERIEL_INFO_202605306,Shanghai,2026-05-30 00:00:00
KeyPers_Shanghai_1230640,Shanghai_MATERIEL_INFO_202605307,Shanghai,2026-05-30 00:00:00
KeyPers_Berlin_1230542,BERLIN_MATERIEL_INFO_202605310,Berlin,2026-05-31 00:00:00
KeyPers_Berlin_1231428,BERLIN_MATERIEL_INFO_202605311,Berlin,2026-05-31 00:00:00
KeyPers_Berlin_1233488,BERLIN_MATERIEL_INFO_202605312,Berlin,2026-05-31 00:00:00
KeyPers_Berlin_1233640,BERLIN_MATERIEL_INFO_202605313,Berlin,2026-05-31 00:00:00
KeyPers_London_1231350,LONDON_MATERIEL_INFO_202605310,London,2026-05-31 00:00:00
KeyPers_London_1232797,LONDON_MATERIEL_INFO_202605311,London,2026-05-31 00:00:00
KeyPers_London_1233956,LONDON_MATERIEL_INFO_202605312,London,2026-05-31 00:00:00
KeyPers_London_1233627,LONDON_MATERIEL_INFO_202605313,London,2026-05-31 00:00:00
KeyPers_London_1230053,LONDON_MATERIEL_INFO_202605314,London,2026-05-31 00:00:00
KeyPers_London_1230251,LONDON_MATERIEL_INFO_202605315,London,2026-05-31 00:00:00
KeyPers_London_1232120,LONDON_MATERIEL_INFO_202605316,London,2026-05-31 00:00:00
KeyPers_London_1232395,LONDON_MATERIEL_INFO_202605317,London,2026-05-31 00:00:00
KeyPers_London_1230597,LONDON_MATERIEL_INFO_202605318,London,2026-05-31 00:00:00
KeyPers_London_1231380,LONDON_MATERIEL_INFO_202605319,London,2026-05-31 00:00:00
KeyPers_London_1230108,LONDON_MATERIEL_INFO_2026053110,London,2026-05-31 00:00:00
KeyPers_London_1232064,LONDON_MATERIEL_INFO_2026053111,London,2026-05-31 00:00:00
KeyPers_LA_1231548,LA_MATERIEL_INFO_202605310,LA,2026-05-31 00:00:00
KeyPers_LA_1231987,LA_MATERIEL_INFO_202605311,LA,2026-05-31 00:00:00
KeyPers_LA_1232719,LA_MATERIEL_INFO_202605312,LA,2026-05-31 00:00:00
KeyPers_LA_1232072,LA_MATERIEL_INFO_202605313,LA,2026-05-31 00:00:00
KeyPers_LA_1232772,LA_MATERIEL_INFO_202605314,LA,2026-05-31 00:00:00
KeyPers_NewYork_1232343,NewYork_MATERIEL_INFO_202605310,NewYork,2026-05-31 00:00:00
KeyPers_NewYork_1233007,NewYork_MATERIEL_INFO_202605311,NewYork,2026-05-31 00:00:00
KeyPers_NewYork_1231227,NewYork_MATERIEL_INFO_202605312,NewYork,2026-05-31 00:00:00
KeyPers_NewYork_1232284,NewYork_MATERIEL_INFO_202605313,NewYork,2026-05-31 00:00:00
KeyPers_NewYork_1231962,NewYork_MATERIEL_INFO_202605314,NewYork,2026-05-31 00:00:00
KeyPers_NewYork_1232206,NewYork_MATERIEL_INFO_202605315,NewYork,2026-05-31 00:00:00
KeyPers_NewYork_1232577,NewYork_MATERIEL_INFO_202605316,NewYork,2026-05-31 00:00:00
KeyPers_NewYork_1230535,NewYork_MATERIEL_INFO_202605317,NewYork,2026-05-31 00:00:00
KeyPers_Paris_1231482,Paris_MATERIEL_INFO_202605310,Paris,2026-05-31 00:00:00
KeyPers_Paris_1230203,Paris_MATERIEL_INFO_202605311,Paris,2026-05-31 00:00:00
KeyPers_Paris_1232724,Paris_MATERIEL_INFO_202605312,Paris,2026-05-31 00:00:00
KeyPers_Shanghai_1230859,Shanghai_MATERIEL_INFO_202605310,Shanghai,2026-05-31 00:00:00
KeyPers_Shanghai_1230195,Shanghai_MATERIEL_INFO_202605311,Shanghai,2026-05-31 00:00:00
KeyPers_Shanghai_1230614,Shanghai_MATERIEL_INFO_202605312,Shanghai,2026-05-31 00:00:00
KeyPers_Shanghai_1230147,Shanghai_MATERIEL_INFO_202605313,Shanghai,2026-05-31 00:00:00
KeyPers_Shanghai_1230396,Shanghai_MATERIEL_INFO_202605314,Shanghai,2026-05-31 00:00:00
KeyPers_Shanghai_1230742,Shanghai_MATERIEL_INFO_202605315,Shanghai,2026-05-31 00:00:00
KeyPers_Shanghai_1230739,Shanghai_MATERIEL_INFO_202605316,Shanghai,2026-05-31 00:00:00
KeyPers_Shanghai_1230916,Shanghai_MATERIEL_INFO_202605317,Shanghai,2026-05-31 00:00:00
KeyPers_Shanghai_1230325,Shanghai_MATERIEL_INFO_202605318,Shanghai,2026-05-31 00:00:00
KeyPers_Shanghai_1230216,Shanghai_MATERIEL_INFO_202605319,Shanghai,2026-05-31 00:00:00
KeyPers_Shanghai_1230514,Shanghai_MATERIEL_INFO_2026053110,Shanghai,2026-05-31 00:00:00
KeyPers_Shanghai_1230161,Shanghai_MATERIEL_INFO_2026053111,Shanghai,2026-05-31 00:00:00
KeyPers_Shanghai_1230269,Shanghai_MATERIEL_INFO_2026053112,Shanghai,2026-05-31 00:00:00
KeyPers_Shanghai_1230222,Shanghai_MATERIEL_INFO_2026053113,Shanghai,2026-05-31 00:00:00
KeyPers_Berlin_1233818,BERLIN_MATERIEL_INFO_202606010,Berlin,2026-06-01 00:00:00
KeyPers_Berlin_1234031,BERLIN_MATERIEL_INFO_202606011,Berlin,2026-06-01 00:00:00
KeyPers_Berlin_1230233,BERLIN_MATERIEL_INFO_202606012,Berlin,2026-06-01 00:00:00
KeyPers_Berlin_1232058,BERLIN_MATERIEL_INFO_202606013,Berlin,2026-06-01 00:00:00
KeyPers_Berlin_1233578,BERLIN_MATERIEL_INFO_202606014,Berlin,2026-06-01 00:00:00
KeyPers_London_1232992,LONDON_MATERIEL_INFO_202606010,London,2026-06-01 00:00:00
KeyPers_London_1231089,LONDON_MATERIEL_INFO_202606011,London,2026-06-01 00:00:00
KeyPers_London_1233207,LONDON_MATERIEL_INFO_202606012,London,2026-06-01 00:00:00
KeyPers_London_1233607,LONDON_MATERIEL_INFO_202606013,London,2026-06-01 00:00:00
KeyPers_London_1231270,LONDON_MATERIEL_INFO_202606014,London,2026-06-01 00:00:00
KeyPers_LA_1232326,LA_MATERIEL_INFO_202606010,LA,2026-06-01 00:00:00
KeyPers_LA_1231143,LA_MATERIEL_INFO_202606011,LA,2026-06-01 00:00:00
KeyPers_LA_1230875,LA_MATERIEL_INFO_202606012,LA,2026-06-01 00:00:00
KeyPers_LA_1231604,LA_MATERIEL_INFO_202606013,LA,2026-06-01 00:00:00
KeyPers_LA_1230851,LA_MATERIEL_INFO_202606014,LA,2026-06-01 00:00:00
KeyPers_LA_1232560,LA_MATERIEL_INFO_202606015,LA,2026-06-01 00:00:00
KeyPers_NewYork_1232085,NewYork_MATERIEL_INFO_202606010,NewYork,2026-06-01 00:00:00
KeyPers_NewYork_1231309,NewYork_MATERIEL_INFO_202606011,NewYork,2026-06-01 00:00:00
KeyPers_NewYork_1230946,NewYork_MATERIEL_INFO_202606012,NewYork,2026-06-01 00:00:00
KeyPers_NewYork_1232686,NewYork_MATERIEL_INFO_202606013,NewYork,2026-06-01 00:00:00
KeyPers_NewYork_1232874,NewYork_MATERIEL_INFO_202606014,NewYork,2026-06-01 00:00:00
KeyPers_NewYork_1231469,NewYork_MATERIEL_INFO_202606015,NewYork,2026-06-01 00:00:00
KeyPers_NewYork_1232338,NewYork_MATERIEL_INFO_202606016,NewYork,2026-06-01 00:00:00
KeyPers_NewYork_1231820,NewYork_MATERIEL_INFO_202606017,NewYork,2026-06-01 00:00:00
KeyPers_NewYork_1232304,NewYork_MATERIEL_INFO_202606018,NewYork,2026-06-01 00:00:00
KeyPers_NewYork_1231369,NewYork_MATERIEL_INFO_202606019,NewYork,2026-06-01 00:00:00
KeyPers_Paris_1231311,Paris_MATERIEL_INFO_202606010,Paris,2026-06-01 00:00:00
KeyPers_Paris_1232740,Paris_MATERIEL_INFO_202606011,Paris,2026-06-01 00:00:00
KeyPers_Paris_1233799,Paris_MATERIEL_INFO_202606012,Paris,2026-06-01 00:00:00
KeyPers_Paris_1234167,Paris_MATERIEL_INFO_202606013,Paris,2026-06-01 00:00:00
KeyPers_Paris_1231888,Paris_MATERIEL_INFO_202606014,Paris,2026-06-01 00:00:00
KeyPers_Paris_1230746,Paris_MATERIEL_INFO_202606015,Paris,2026-06-01 00:00:00
KeyPers_Paris_1232349,Paris_MATERIEL_INFO_202606016,Paris,2026-06-01 00:00:00
KeyPers_Paris_1231873,Paris_MATERIEL_INFO_202606017,Paris,2026-06-01 00:00:00
KeyPers_Paris_1230267,Paris_MATERIEL_INFO_202606018,Paris,2026-06-01 00:00:00
KeyPers_Paris_1233809,Paris_MATERIEL_INFO_202606019,Paris,2026-06-01 00:00:00
KeyPers_Paris_1230702,Paris_MATERIEL_INFO_2026060110,Paris,2026-06-01 00:00:00
KeyPers_Paris_1230864,Paris_MATERIEL_INFO_2026060111,Paris,2026-06-01 00:00:00
KeyPers_Paris_1231951,Paris_MATERIEL_INFO_2026060112,Paris,2026-06-01 00:00:00
KeyPers_Paris_1230177,Paris_MATERIEL_INFO_2026060113,Paris,2026-06-01 00:00:00
KeyPers_Shanghai_1230867,Shanghai_MATERIEL_INFO_202606010,Shanghai,2026-06-01 00:00:00
KeyPers_Shanghai_1230279,Shanghai_MATERIEL_INFO_202606011,Shanghai,2026-06-01 00:00:00
KeyPers_Berlin_1233790,BERLIN_MATERIEL_INFO_202606020,Berlin,2026-06-02 00:00:00
KeyPers_Berlin_1234231,BERLIN_MATERIEL_INFO_202606021,Berlin,2026-06-02 00:00:00
KeyPers_London_1232074,LONDON_MATERIEL_INFO_202606020,London,2026-06-02 00:00:00
KeyPers_London_1230849,LONDON_MATERIEL_INFO_202606021,London,2026-06-02 00:00:00
KeyPers_London_1231146,LONDON_MATERIEL_INFO_202606022,London,2026-06-02 00:00:00
KeyPers_London_1231038,LONDON_MATERIEL_INFO_202606023,London,2026-06-02 00:00:00
KeyPers_London_1232637,LONDON_MATERIEL_INFO_202606024,London,2026-06-02 00:00:00
KeyPers_London_1233288,LONDON_MATERIEL_INFO_202606025,London,2026-06-02 00:00:00
KeyPers_London_1232518,LONDON_MATERIEL_INFO_202606026,London,2026-06-02 00:00:00
KeyPers_London_1230968,LONDON_MATERIEL_INFO_202606027,London,2026-06-02 00:00:00
KeyPers_London_1233669,LONDON_MATERIEL_INFO_202606028,London,2026-06-02 00:00:00
KeyPers_London_1230839,LONDON_MATERIEL_INFO_202606029,London,2026-06-02 00:00:00
KeyPers_London_1234044,LONDON_MATERIEL_INFO_2026060210,London,2026-06-02 00:00:00
KeyPers_London_1233519,LONDON_MATERIEL_INFO_2026060211,London,2026-06-02 00:00:00
KeyPers_London_1232763,LONDON_MATERIEL_INFO_2026060212,London,2026-06-02 00:00:00
KeyPers_LA_1231150,LA_MATERIEL_INFO_202606020,LA,2026-06-02 00:00:00
KeyPers_LA_1230562,LA_MATERIEL_INFO_202606021,LA,2026-06-02 00:00:00
KeyPers_LA_1231171,LA_MATERIEL_INFO_202606022,LA,2026-06-02 00:00:00
KeyPers_LA_1231184,LA_MATERIEL_INFO_202606023,LA,2026-06-02 00:00:00
KeyPers_LA_1232573,LA_MATERIEL_INFO_202606024,LA,2026-06-02 00:00:00
KeyPers_LA_1231919,LA_MATERIEL_INFO_202606025,LA,2026-06-02 00:00:00
KeyPers_LA_1232788,LA_MATERIEL_INFO_202606026,LA,2026-06-02 00:00:00
KeyPers_LA_1231744,LA_MATERIEL_INFO_202606027,LA,2026-06-02 00:00:00
KeyPers_LA_1231977,LA_MATERIEL_INFO_202606028,LA,2026-06-02 00:00:00
KeyPers_NewYork_1232327,NewYork_MATERIEL_INFO_202606020,NewYork,2026-06-02 00:00:00
KeyPers_NewYork_1232747,NewYork_MATERIEL_INFO_202606021,NewYork,2026-06-02 00:00:00
KeyPers_NewYork_1230324,NewYork_MATERIEL_INFO_202606022,NewYork,2026-06-02 00:00:00
KeyPers_NewYork_1232235,NewYork_MATERIEL_INFO_202606023,NewYork,2026-06-02 00:00:00
KeyPers_NewYork_1232299,NewYork_MATERIEL_INFO_202606024,NewYork,2026-06-02 00:00:00
KeyPers_NewYork_1232220,NewYork_MATERIEL_INFO_202606025,NewYork,2026-06-02 00:00:00
KeyPers_NewYork_1231073,NewYork_MATERIEL_INFO_202606026,NewYork,2026-06-02 00:00:00
KeyPers_NewYork_1232595,NewYork_MATERIEL_INFO_202606027,NewYork,2026-06-02 00:00:00
KeyPers_NewYork_1231537,NewYork_MATERIEL_INFO_202606028,NewYork,2026-06-02 00:00:00
KeyPers_NewYork_1231389,NewYork_MATERIEL_INFO_202606029,NewYork,2026-06-02 00:00:00
KeyPers_NewYork_1231998,NewYork_MATERIEL_INFO_2026060210,NewYork,2026-06-02 00:00:00
KeyPers_NewYork_1230946,NewYork_MATERIEL_INFO_2026060211,NewYork,2026-06-02 00:00:00
KeyPers_NewYork_1230871,NewYork_MATERIEL_INFO_2026060212,NewYork,2026-06-02 00:00:00
KeyPers_Paris_1234425,Paris_MATERIEL_INFO_202606020,Paris,2026-06-02 00:00:00
KeyPers_Paris_1231997,Paris_MATERIEL_INFO_202606021,Paris,2026-06-02 00:00:00
KeyPers_Paris_1231053,Paris_MATERIEL_INFO_202606022,Paris,2026-06-02 00:00:00
KeyPers_Paris_1230944,Paris_MATERIEL_INFO_202606023,Paris,2026-06-02 00:00:00
KeyPers_Paris_1232179,Paris_MATERIEL_INFO_202606024,Paris,2026-06-02 00:00:00
KeyPers_Paris_1233597,Paris_MATERIEL_INFO_202606025,Paris,2026-06-02 00:00:00
KeyPers_Paris_1231189,Paris_MATERIEL_INFO_202606026,Paris,2026-06-02 00:00:00
KeyPers_Paris_1234421,Paris_MATERIEL_INFO_202606027,Paris,2026-06-02 00:00:00
KeyPers_Paris_1231987,Paris_MATERIEL_INFO_202606028,Paris,2026-06-02 00:00:00
KeyPers_Shanghai_1230633,Shanghai_MATERIEL_INFO_202606020,Shanghai,2026-06-02 00:00:00
KeyPers_Berlin_1232933,BERLIN_MATERIEL_INFO_202606030,Berlin,2026-06-03 00:00:00
KeyPers_Berlin_1230716,BERLIN_MATERIEL_INFO_202606031,Berlin,2026-06-03 00:00:00
KeyPers_Berlin_1230940,BERLIN_MATERIEL_INFO_202606032,Berlin,2026-06-03 00:00:00
KeyPers_Berlin_1230348,BERLIN_MATERIEL_INFO_202606033,Berlin,2026-06-03 00:00:00
KeyPers_Berlin_1232873,BERLIN_MATERIEL_INFO_202606034,Berlin,2026-06-03 00:00:00
KeyPers_London_1233069,LONDON_MATERIEL_INFO_202606030,London,2026-06-03 00:00:00
KeyPers_London_1232958,LONDON_MATERIEL_INFO_202606031,London,2026-06-03 00:00:00
KeyPers_London_1232017,LONDON_MATERIEL_INFO_202606032,London,2026-06-03 00:00:00
KeyPers_London_1230318,LONDON_MATERIEL_INFO_202606033,London,2026-06-03 00:00:00
KeyPers_London_1230109,LONDON_MATERIEL_INFO_202606034,London,2026-06-03 00:00:00
KeyPers_London_1233366,LONDON_MATERIEL_INFO_202606035,London,2026-06-03 00:00:00
KeyPers_London_1231731,LONDON_MATERIEL_INFO_202606036,London,2026-06-03 00:00:00
KeyPers_London_1230138,LONDON_MATERIEL_INFO_202606037,London,2026-06-03 00:00:00
KeyPers_LA_1232676,LA_MATERIEL_INFO_202606030,LA,2026-06-03 00:00:00
KeyPers_LA_1231343,LA_MATERIEL_INFO_202606031,LA,2026-06-03 00:00:00
KeyPers_LA_1232341,LA_MATERIEL_INFO_202606032,LA,2026-06-03 00:00:00
KeyPers_LA_1231637,LA_MATERIEL_INFO_202606033,LA,2026-06-03 00:00:00
KeyPers_LA_1231983,LA_MATERIEL_INFO_202606034,LA,2026-06-03 00:00:00
KeyPers_LA_1230332,LA_MATERIEL_INFO_202606035,LA,2026-06-03 00:00:00
KeyPers_LA_1230039,LA_MATERIEL_INFO_202606036,LA,2026-06-03 00:00:00
KeyPers_LA_1230527,LA_MATERIEL_INFO_202606037,LA,2026-06-03 00:00:00
KeyPers_LA_1231922,LA_MATERIEL_INFO_202606038,LA,2026-06-03 00:00:00
KeyPers_LA_1231513,LA_MATERIEL_INFO_202606039,LA,2026-06-03 00:00:00
KeyPers_LA_1230892,LA_MATERIEL_INFO_2026060310,LA,2026-06-03 00:00:00
KeyPers_LA_1233000,LA_MATERIEL_INFO_2026060311,LA,2026-06-03 00:00:00
KeyPers_NewYork_1230671,NewYork_MATERIEL_INFO_202606030,NewYork,2026-06-03 00:00:00
KeyPers_NewYork_1230750,NewYork_MATERIEL_INFO_202606031,NewYork,2026-06-03 00:00:00
KeyPers_NewYork_1232210,NewYork_MATERIEL_INFO_202606032,NewYork,2026-06-03 00:00:00
KeyPers_NewYork_1230367,NewYork_MATERIEL_INFO_202606033,NewYork,2026-06-03 00:00:00
KeyPers_NewYork_1232242,NewYork_MATERIEL_INFO_202606034,NewYork,2026-06-03 00:00:00
KeyPers_NewYork_1230834,NewYork_MATERIEL_INFO_202606035,NewYork,2026-06-03 00:00:00
KeyPers_NewYork_1230941,NewYork_MATERIEL_INFO_202606036,NewYork,2026-06-03 00:00:00
KeyPers_NewYork_1231845,NewYork_MATERIEL_INFO_202606037,NewYork,2026-06-03 00:00:00
KeyPers_NewYork_1231702,NewYork_MATERIEL_INFO_202606038,NewYork,2026-06-03 00:00:00
KeyPers_NewYork_1230073,NewYork_MATERIEL_INFO_202606039,NewYork,2026-06-03 00:00:00
KeyPers_NewYork_1231094,NewYork_MATERIEL_INFO_2026060310,NewYork,2026-06-03 00:00:00
KeyPers_NewYork_1230146,NewYork_MATERIEL_INFO_2026060311,NewYork,2026-06-03 00:00:00
KeyPers_NewYork_1230507,NewYork_MATERIEL_INFO_2026060312,NewYork,2026-06-03 00:00:00
KeyPers_Paris_1232505,Paris_MATERIEL_INFO_202606030,Paris,2026-06-03 00:00:00
KeyPers_Paris_1234014,Paris_MATERIEL_INFO_202606031,Paris,2026-06-03 00:00:00
KeyPers_Paris_1234886,Paris_MATERIEL_INFO_202606032,Paris,2026-06-03 00:00:00
KeyPers_Paris_1231617,Paris_MATERIEL_INFO_202606033,Paris,2026-06-03 00:00:00
KeyPers_Paris_1230524,Paris_MATERIEL_INFO_202606034,Paris,2026-06-03 00:00:00
KeyPers_Paris_1230360,Paris_MATERIEL_INFO_202606035,Paris,2026-06-03 00:00:00
KeyPers_Paris_1230679,Paris_MATERIEL_INFO_202606036,Paris,2026-06-03 00:00:00
KeyPers_Paris_1230782,Paris_MATERIEL_INFO_202606037,Paris,2026-06-03 00:00:00
KeyPers_Paris_1232443,Paris_MATERIEL_INFO_202606038,Paris,2026-06-03 00:00:00
KeyPers_Paris_1234970,Paris_MATERIEL_INFO_202606039,Paris,2026-06-03 00:00:00
KeyPers_Paris_1231873,Paris_MATERIEL_INFO_2026060310,Paris,2026-06-03 00:00:00
KeyPers_Shanghai_1230694,Shanghai_MATERIEL_INFO_202606030,Shanghai,2026-06-03 00:00:00
KeyPers_Shanghai_1230543,Shanghai_MATERIEL_INFO_202606031,Shanghai,2026-06-03 00:00:00
KeyPers_Shanghai_1230081,Shanghai_MATERIEL_INFO_202606032,Shanghai,2026-06-03 00:00:00
KeyPers_Shanghai_1230799,Shanghai_MATERIEL_INFO_202606033,Shanghai,2026-06-03 00:00:00
KeyPers_Shanghai_1230408,Shanghai_MATERIEL_INFO_202606034,Shanghai,2026-06-03 00:00:00
KeyPers_Shanghai_1230316,Shanghai_MATERIEL_INFO_202606035,Shanghai,2026-06-03 00:00:00
KeyPers_Shanghai_1230375,Shanghai_MATERIEL_INFO_202606036,Shanghai,2026-06-03 00:00:00
KeyPers_Berlin_1232094,BERLIN_MATERIEL_INFO_202606040,Berlin,2026-06-04 00:00:00
KeyPers_Berlin_1230459,BERLIN_MATERIEL_INFO_202606041,Berlin,2026-06-04 00:00:00
KeyPers_Berlin_1233649,BERLIN_MATERIEL_INFO_202606042,Berlin,2026-06-04 00:00:00
KeyPers_Berlin_1230708,BERLIN_MATERIEL_INFO_202606043,Berlin,2026-06-04 00:00:00
KeyPers_Berlin_1233653,BERLIN_MATERIEL_INFO_202606044,Berlin,2026-06-04 00:00:00
KeyPers_Berlin_1233375,BERLIN_MATERIEL_INFO_202606045,Berlin,2026-06-04 00:00:00
KeyPers_London_1231398,LONDON_MATERIEL_INFO_202606040,London,2026-06-04 00:00:00
KeyPers_London_1230218,LONDON_MATERIEL_INFO_202606041,London,2026-06-04 00:00:00
KeyPers_London_1231766,LONDON_MATERIEL_INFO_202606042,London,2026-06-04 00:00:00
KeyPers_London_1233238,LONDON_MATERIEL_INFO_202606043,London,2026-06-04 00:00:00
KeyPers_LA_1232771,LA_MATERIEL_INFO_202606040,LA,2026-06-04 00:00:00
KeyPers_LA_1231827,LA_MATERIEL_INFO_202606041,LA,2026-06-04 00:00:00
KeyPers_LA_1232291,LA_MATERIEL_INFO_202606042,LA,2026-06-04 00:00:00
KeyPers_NewYork_1231191,NewYork_MATERIEL_INFO_202606040,NewYork,2026-06-04 00:00:00
KeyPers_NewYork_1230026,NewYork_MATERIEL_INFO_202606041,NewYork,2026-06-04 00:00:00
KeyPers_NewYork_1230308,NewYork_MATERIEL_INFO_202606042,NewYork,2026-06-04 00:00:00
KeyPers_Paris_1234720,Paris_MATERIEL_INFO_202606040,Paris,2026-06-04 00:00:00
KeyPers_Paris_1234785,Paris_MATERIEL_INFO_202606041,Paris,2026-06-04 00:00:00
KeyPers_Paris_1233191,Paris_MATERIEL_INFO_202606042,Paris,2026-06-04 00:00:00
KeyPers_Paris_1234932,Paris_MATERIEL_INFO_202606043,Paris,2026-06-04 00:00:00
KeyPers_Paris_1232333,Paris_MATERIEL_INFO_202606044,Paris,2026-06-04 00:00:00
KeyPers_Paris_1232830,Paris_MATERIEL_INFO_202606045,Paris,2026-06-04 00:00:00
KeyPers_Paris_1230627,Paris_MATERIEL_INFO_202606046,Paris,2026-06-04 00:00:00
KeyPers_Shanghai_1230973,Shanghai_MATERIEL_INFO_202606040,Shanghai,2026-06-04 00:00:00
KeyPers_Shanghai_1230696,Shanghai_MATERIEL_INFO_202606041,Shanghai,2026-06-04 00:00:00
KeyPers_Shanghai_1230333,Shanghai_MATERIEL_INFO_202606042,Shanghai,2026-06-04 00:00:00
KeyPers_Shanghai_1230899,Shanghai_MATERIEL_INFO_202606043,Shanghai,2026-06-04 00:00:00
KeyPers_Shanghai_1230210,Shanghai_MATERIEL_INFO_202606044,Shanghai,2026-06-04 00:00:00
KeyPers_Shanghai_1230284,Shanghai_MATERIEL_INFO_202606045,Shanghai,2026-06-04 00:00:00
KeyPers_Shanghai_1230353,Shanghai_MATERIEL_INFO_202606046,Shanghai,2026-06-04 00:00:00
KeyPers_Berlin_1233825,BERLIN_MATERIEL_INFO_202606050,Berlin,2026-06-05 00:00:00
KeyPers_Berlin_1230560,BERLIN_MATERIEL_INFO_202606051,Berlin,2026-06-05 00:00:00
KeyPers_Berlin_1233889,BERLIN_MATERIEL_INFO_202606052,Berlin,2026-06-05 00:00:00
KeyPers_Berlin_1232290,BERLIN_MATERIEL_INFO_202606053,Berlin,2026-06-05 00:00:00
KeyPers_London_1230957,LONDON_MATERIEL_INFO_202606050,London,2026-06-05 00:00:00
KeyPers_London_1230460,LONDON_MATERIEL_INFO_202606051,London,2026-06-05 00:00:00
KeyPers_London_1232961,LONDON_MATERIEL_INFO_202606052,London,2026-06-05 00:00:00
KeyPers_London_1232423,LONDON_MATERIEL_INFO_202606053,London,2026-06-05 00:00:00
KeyPers_London_1230700,LONDON_MATERIEL_INFO_202606054,London,2026-06-05 00:00:00
KeyPers_London_1232514,LONDON_MATERIEL_INFO_202606055,London,2026-06-05 00:00:00
KeyPers_LA_1231287,LA_MATERIEL_INFO_202606050,LA,2026-06-05 00:00:00
KeyPers_LA_1231495,LA_MATERIEL_INFO_202606051,LA,2026-06-05 00:00:00
KeyPers_LA_1230247,LA_MATERIEL_INFO_202606052,LA,2026-06-05 00:00:00
KeyPers_LA_1231788,LA_MATERIEL_INFO_202606053,LA,2026-06-05 00:00:00
KeyPers_LA_1231103,LA_MATERIEL_INFO_202606054,LA,2026-06-05 00:00:00
KeyPers_LA_1232555,LA_MATERIEL_INFO_202606055,LA,2026-06-05 00:00:00
KeyPers_LA_1232414,LA_MATERIEL_INFO_202606056,LA,2026-06-05 00:00:00
KeyPers_LA_1232466,LA_MATERIEL_INFO_202606057,LA,2026-06-05 00:00:00
KeyPers_LA_1232134,LA_MATERIEL_INFO_202606058,LA,2026-06-05 00:00:00
KeyPers_LA_1230021,LA_MATERIEL_INFO_202606059,LA,2026-06-05 00:00:00
KeyPers_LA_1231704,LA_MATERIEL_INFO_2026060510,LA,2026-06-05 00:00:00
KeyPers_LA_1232585,LA_MATERIEL_INFO_2026060511,LA,2026-06-05 00:00:00
KeyPers_NewYork_1232958,NewYork_MATERIEL_INFO_202606050,NewYork,2026-06-05 00:00:00
KeyPers_NewYork_1230689,NewYork_MATERIEL_INFO_202606051,NewYork,2026-06-05 00:00:00
KeyPers_NewYork_1231468,NewYork_MATERIEL_INFO_202606052,NewYork,2026-06-05 00:00:00
KeyPers_NewYork_1231921,NewYork_MATERIEL_INFO_202606053,NewYork,2026-06-05 00:00:00
KeyPers_Paris_1234804,Paris_MATERIEL_INFO_202606050,Paris,2026-06-05 00:00:00
KeyPers_Paris_1231096,Paris_MATERIEL_INFO_202606051,Paris,2026-06-05 00:00:00
KeyPers_Shanghai_1230487,Shanghai_MATERIEL_INFO_202606050,Shanghai,2026-06-05 00:00:00
KeyPers_Shanghai_1230262,Shanghai_MATERIEL_INFO_202606051,Shanghai,2026-06-05 00:00:00
KeyPers_Berlin_1231835,BERLIN_MATERIEL_INFO_202606060,Berlin,2026-06-06 00:00:00
KeyPers_Berlin_1233347,BERLIN_MATERIEL_INFO_202606061,Berlin,2026-06-06 00:00:00
KeyPers_Berlin_1232376,BERLIN_MATERIEL_INFO_202606062,Berlin,2026-06-06 00:00:00
KeyPers_Berlin_1230309,BERLIN_MATERIEL_INFO_202606063,Berlin,2026-06-06 00:00:00
KeyPers_Berlin_1231382,BERLIN_MATERIEL_INFO_202606064,Berlin,2026-06-06 00:00:00
KeyPers_Berlin_1233812,BERLIN_MATERIEL_INFO_202606065,Berlin,2026-06-06 00:00:00
KeyPers_London_1231325,LONDON_MATERIEL_INFO_202606060,London,2026-06-06 00:00:00
KeyPers_LA_1230032,LA_MATERIEL_INFO_202606060,LA,2026-06-06 00:00:00
KeyPers_LA_1230505,LA_MATERIEL_INFO_202606061,LA,2026-06-06 00:00:00
KeyPers_LA_1231922,LA_MATERIEL_INFO_202606062,LA,2026-06-06 00:00:00
KeyPers_LA_1232859,LA_MATERIEL_INFO_202606063,LA,2026-06-06 00:00:00
KeyPers_LA_1232213,LA_MATERIEL_INFO_202606064,LA,2026-06-06 00:00:00
KeyPers_LA_1232445,LA_MATERIEL_INFO_202606065,LA,2026-06-06 00:00:00
KeyPers_LA_1232694,LA_MATERIEL_INFO_202606066,LA,2026-06-06 00:00:00
KeyPers_LA_1232871,LA_MATERIEL_INFO_202606067,LA,2026-06-06 00:00:00
KeyPers_LA_1231852,LA_MATERIEL_INFO_202606068,LA,2026-06-06 00:00:00
KeyPers_LA_1230154,LA_MATERIEL_INFO_202606069,LA,2026-06-06 00:00:00
KeyPers_LA_1231524,LA_MATERIEL_INFO_2026060610,LA,2026-06-06 00:00:00
KeyPers_LA_1231853,LA_MATERIEL_INFO_2026060611,LA,2026-06-06 00:00:00
KeyPers_LA_1230902,LA_MATERIEL_INFO_2026060612,LA,2026-06-06 00:00:00
KeyPers_LA_1232536,LA_MATERIEL_INFO_2026060613,LA,2026-06-06 00:00:00
KeyPers_NewYork_1230794,NewYork_MATERIEL_INFO_202606060,NewYork,2026-06-06 00:00:00
KeyPers_NewYork_1230597,NewYork_MATERIEL_INFO_202606061,NewYork,2026-06-06 00:00:00
KeyPers_NewYork_1231343,NewYork_MATERIEL_INFO_202606062,NewYork,2026-06-06 00:00:00
KeyPers_NewYork_1231399,NewYork_MATERIEL_INFO_202606063,NewYork,2026-06-06 00:00:00
KeyPers_NewYork_1230432,NewYork_MATERIEL_INFO_202606064,NewYork,2026-06-06 00:00:00
KeyPers_NewYork_1233068,NewYork_MATERIEL_INFO_202606065,NewYork,2026-06-06 00:00:00
KeyPers_NewYork_1230626,NewYork_MATERIEL_INFO_202606066,NewYork,2026-06-06 00:00:00
KeyPers_NewYork_1232092,NewYork_MATERIEL_INFO_202606067,NewYork,2026-06-06 00:00:00
KeyPers_NewYork_1230853,NewYork_MATERIEL_INFO_202606068,NewYork,2026-06-06 00:00:00
KeyPers_Paris_1233548,Paris_MATERIEL_INFO_202606060,Paris,2026-06-06 00:00:00
KeyPers_Paris_1231867,Paris_MATERIEL_INFO_202606061,Paris,2026-06-06 00:00:00
KeyPers_Paris_1231046,Paris_MATERIEL_INFO_202606062,Paris,2026-06-06 00:00:00
KeyPers_Paris_1231911,Paris_MATERIEL_INFO_202606063,Paris,2026-06-06 00:00:00
KeyPers_Paris_1232734,Paris_MATERIEL_INFO_202606064,Paris,2026-06-06 00:00:00
KeyPers_Paris_1233320,Paris_MATERIEL_INFO_202606065,Paris,2026-06-06 00:00:00
KeyPers_Paris_1230476,Paris_MATERIEL_INFO_202606066,Paris,2026-06-06 00:00:00
KeyPers_Shanghai_1230564,Shanghai_MATERIEL_INFO_202606060,Shanghai,2026-06-06 00:00:00
KeyPers_Berlin_1232345,BERLIN_MATERIEL_INFO_202606070,Berlin,2026-06-07 00:00:00
KeyPers_Berlin_1232352,BERLIN_MATERIEL_INFO_202606071,Berlin,2026-06-07 00:00:00
KeyPers_Berlin_1230387,BERLIN_MATERIEL_INFO_202606072,Berlin,2026-06-07 00:00:00
KeyPers_Berlin_1230556,BERLIN_MATERIEL_INFO_202606073,Berlin,2026-06-07 00:00:00
KeyPers_Berlin_1231579,BERLIN_MATERIEL_INFO_202606074,Berlin,2026-06-07 00:00:00
KeyPers_London_1231628,LONDON_MATERIEL_INFO_202606070,London,2026-06-07 00:00:00
KeyPers_LA_1230193,LA_MATERIEL_INFO_202606070,LA,2026-06-07 00:00:00
KeyPers_LA_1230353,LA_MATERIEL_INFO_202606071,LA,2026-06-07 00:00:00
KeyPers_LA_1232653,LA_MATERIEL_INFO_202606072,LA,2026-06-07 00:00:00
KeyPers_LA_1231817,LA_MATERIEL_INFO_202606073,LA,2026-06-07 00:00:00
KeyPers_LA_1230608,LA_MATERIEL_INFO_202606074,LA,2026-06-07 00:00:00
KeyPers_LA_1231197,LA_MATERIEL_INFO_202606075,LA,2026-06-07 00:00:00
KeyPers_LA_1231541,LA_MATERIEL_INFO_202606076,LA,2026-06-07 00:00:00
KeyPers_LA_1232236,LA_MATERIEL_INFO_202606077,LA,2026-06-07 00:00:00
KeyPers_LA_1231706,LA_MATERIEL_INFO_202606078,LA,2026-06-07 00:00:00
KeyPers_NewYork_1233028,NewYork_MATERIEL_INFO_202606070,NewYork,2026-06-07 00:00:00
KeyPers_NewYork_1230762,NewYork_MATERIEL_INFO_202606071,NewYork,2026-06-07 00:00:00
KeyPers_NewYork_1231396,NewYork_MATERIEL_INFO_202606072,NewYork,2026-06-07 00:00:00
KeyPers_NewYork_1232415,NewYork_MATERIEL_INFO_202606073,NewYork,2026-06-07 00:00:00
KeyPers_NewYork_1232704,NewYork_MATERIEL_INFO_202606074,NewYork,2026-06-07 00:00:00
KeyPers_NewYork_1231833,NewYork_MATERIEL_INFO_202606075,NewYork,2026-06-07 00:00:00
KeyPers_NewYork_1232053,NewYork_MATERIEL_INFO_202606076,NewYork,2026-06-07 00:00:00
KeyPers_NewYork_1231529,NewYork_MATERIEL_INFO_202606077,NewYork,2026-06-07 00:00:00
KeyPers_NewYork_1230773,NewYork_MATERIEL_INFO_202606078,NewYork,2026-06-07 00:00:00
KeyPers_NewYork_1233011,NewYork_MATERIEL_INFO_202606079,NewYork,2026-06-07 00:00:00
KeyPers_NewYork_1231456,NewYork_MATERIEL_INFO_2026060710,NewYork,2026-06-07 00:00:00
KeyPers_NewYork_1232161,NewYork_MATERIEL_INFO_2026060711,NewYork,2026-06-07 00:00:00
KeyPers_NewYork_1233072,NewYork_MATERIEL_INFO_2026060712,NewYork,2026-06-07 00:00:00
KeyPers_Paris_1232560,Paris_MATERIEL_INFO_202606070,Paris,2026-06-07 00:00:00
KeyPers_Paris_1231626,Paris_MATERIEL_INFO_202606071,Paris,2026-06-07 00:00:00
KeyPers_Paris_1232607,Paris_MATERIEL_INFO_202606072,Paris,2026-06-07 00:00:00
KeyPers_Paris_1231092,Paris_MATERIEL_INFO_202606073,Paris,2026-06-07 00:00:00
KeyPers_Paris_1232375,Paris_MATERIEL_INFO_202606074,Paris,2026-06-07 00:00:00
KeyPers_Paris_1230067,Paris_MATERIEL_INFO_202606075,Paris,2026-06-07 00:00:00
KeyPers_Paris_1233624,Paris_MATERIEL_INFO_202606076,Paris,2026-06-07 00:00:00
KeyPers_Paris_1232835,Paris_MATERIEL_INFO_202606077,Paris,2026-06-07 00:00:00
KeyPers_Paris_1232779,Paris_MATERIEL_INFO_202606078,Paris,2026-06-07 00:00:00
KeyPers_Paris_1233239,Paris_MATERIEL_INFO_202606079,Paris,2026-06-07 00:00:00
KeyPers_Paris_1233056,Paris_MATERIEL_INFO_2026060710,Paris,2026-06-07 00:00:00
KeyPers_Paris_1230725,Paris_MATERIEL_INFO_2026060711,Paris,2026-06-07 00:00:00
KeyPers_Paris_1233722,Paris_MATERIEL_INFO_2026060712,Paris,2026-06-07 00:00:00
KeyPers_Shanghai_1230514,Shanghai_MATERIEL_INFO_202606070,Shanghai,2026-06-07 00:00:00
KeyPers_Shanghai_1230234,Shanghai_MATERIEL_INFO_202606071,Shanghai,2026-06-07 00:00:00
KeyPers_Shanghai_1230669,Shanghai_MATERIEL_INFO_202606072,Shanghai,2026-06-07 00:00:00
KeyPers_Shanghai_1230464,Shanghai_MATERIEL_INFO_202606073,Shanghai,2026-06-07 00:00:00
KeyPers_Shanghai_1230344,Shanghai_MATERIEL_INFO_202606074,Shanghai,2026-06-07 00:00:00
KeyPers_Shanghai_1230706,Shanghai_MATERIEL_INFO_202606075,Shanghai,2026-06-07 00:00:00
KeyPers_Shanghai_1230883,Shanghai_MATERIEL_INFO_202606076,Shanghai,2026-06-07 00:00:00
KeyPers_Shanghai_1230093,Shanghai_MATERIEL_INFO_202606077,Shanghai,2026-06-07 00:00:00
KeyPers_Shanghai_1230265,Shanghai_MATERIEL_INFO_202606078,Shanghai,2026-06-07 00:00:00
KeyPers_Shanghai_1230990,Shanghai_MATERIEL_INFO_202606079,Shanghai,2026-06-07 00:00:00
KeyPers_Berlin_1232409,BERLIN_MATERIEL_INFO_202606080,Berlin,2026-06-08 00:00:00
KeyPers_Berlin_1231745,BERLIN_MATERIEL_INFO_202606081,Berlin,2026-06-08 00:00:00
KeyPers_Berlin_1233733,BERLIN_MATERIEL_INFO_202606082,Berlin,2026-06-08 00:00:00
KeyPers_Berlin_1234064,BERLIN_MATERIEL_INFO_202606083,Berlin,2026-06-08 00:00:00
KeyPers_Berlin_1232197,BERLIN_MATERIEL_INFO_202606084,Berlin,2026-06-08 00:00:00
KeyPers_London_1233075,LONDON_MATERIEL_INFO_202606080,London,2026-06-08 00:00:00
KeyPers_London_1232973,LONDON_MATERIEL_INFO_202606081,London,2026-06-08 00:00:00
KeyPers_London_1231194,LONDON_MATERIEL_INFO_202606082,London,2026-06-08 00:00:00
KeyPers_London_1232361,LONDON_MATERIEL_INFO_202606083,London,2026-06-08 00:00:00
KeyPers_London_1234167,LONDON_MATERIEL_INFO_202606084,London,2026-06-08 00:00:00
KeyPers_London_1230194,LONDON_MATERIEL_INFO_202606085,London,2026-06-08 00:00:00
KeyPers_London_1233309,LONDON_MATERIEL_INFO_202606086,London,2026-06-08 00:00:00
KeyPers_London_1230973,LONDON_MATERIEL_INFO_202606087,London,2026-06-08 00:00:00
KeyPers_London_1231930,LONDON_MATERIEL_INFO_202606088,London,2026-06-08 00:00:00
KeyPers_London_1231125,LONDON_MATERIEL_INFO_202606089,London,2026-06-08 00:00:00
KeyPers_London_1231213,LONDON_MATERIEL_INFO_2026060810,London,2026-06-08 00:00:00
KeyPers_LA_1232018,LA_MATERIEL_INFO_202606080,LA,2026-06-08 00:00:00
KeyPers_LA_1231736,LA_MATERIEL_INFO_202606081,LA,2026-06-08 00:00:00
KeyPers_LA_1230682,LA_MATERIEL_INFO_202606082,LA,2026-06-08 00:00:00
KeyPers_LA_1232371,LA_MATERIEL_INFO_202606083,LA,2026-06-08 00:00:00
KeyPers_LA_1230161,LA_MATERIEL_INFO_202606084,LA,2026-06-08 00:00:00
KeyPers_LA_1231046,LA_MATERIEL_INFO_202606085,LA,2026-06-08 00:00:00
KeyPers_LA_1231323,LA_MATERIEL_INFO_202606086,LA,2026-06-08 00:00:00
KeyPers_NewYork_1231119,NewYork_MATERIEL_INFO_202606080,NewYork,2026-06-08 00:00:00
KeyPers_NewYork_1230508,NewYork_MATERIEL_INFO_202606081,NewYork,2026-06-08 00:00:00
KeyPers_NewYork_1230480,NewYork_MATERIEL_INFO_202606082,NewYork,2026-06-08 00:00:00
KeyPers_NewYork_1232309,NewYork_MATERIEL_INFO_202606083,NewYork,2026-06-08 00:00:00
KeyPers_NewYork_1231564,NewYork_MATERIEL_INFO_202606084,NewYork,2026-06-08 00:00:00
KeyPers_NewYork_1230813,NewYork_MATERIEL_INFO_202606085,NewYork,2026-06-08 00:00:00
KeyPers_NewYork_1230179,NewYork_MATERIEL_INFO_202606086,NewYork,2026-06-08 00:00:00
KeyPers_NewYork_1230980,NewYork_MATERIEL_INFO_202606087,NewYork,2026-06-08 00:00:00
KeyPers_NewYork_1232660,NewYork_MATERIEL_INFO_202606088,NewYork,2026-06-08 00:00:00
KeyPers_Paris_1231150,Paris_MATERIEL_INFO_202606080,Paris,2026-06-08 00:00:00
KeyPers_Paris_1234361,Paris_MATERIEL_INFO_202606081,Paris,2026-06-08 00:00:00
KeyPers_Paris_1231464,Paris_MATERIEL_INFO_202606082,Paris,2026-06-08 00:00:00
KeyPers_Paris_1232606,Paris_MATERIEL_INFO_202606083,Paris,2026-06-08 00:00:00
KeyPers_Paris_1233228,Paris_MATERIEL_INFO_202606084,Paris,2026-06-08 00:00:00
KeyPers_Paris_1231019,Paris_MATERIEL_INFO_202606085,Paris,2026-06-08 00:00:00
KeyPers_Paris_1230574,Paris_MATERIEL_INFO_202606086,Paris,2026-06-08 00:00:00
KeyPers_Paris_1231859,Paris_MATERIEL_INFO_202606087,Paris,2026-06-08 00:00:00
KeyPers_Paris_1231946,Paris_MATERIEL_INFO_202606088,Paris,2026-06-08 00:00:00
KeyPers_Paris_1233525,Paris_MATERIEL_INFO_202606089,Paris,2026-06-08 00:00:00
KeyPers_Shanghai_1230668,Shanghai_MATERIEL_INFO_202606080,Shanghai,2026-06-08 00:00:00
KeyPers_Berlin_1231046,BERLIN_MATERIEL_INFO_202606090,Berlin,2026-06-09 00:00:00
KeyPers_Berlin_1233627,BERLIN_MATERIEL_INFO_202606091,Berlin,2026-06-09 00:00:00
KeyPers_Berlin_1231816,BERLIN_MATERIEL_INFO_202606092,Berlin,2026-06-09 00:00:00
KeyPers_Berlin_1234069,BERLIN_MATERIEL_INFO_202606093,Berlin,2026-06-09 00:00:00
KeyPers_Berlin_1230573,BERLIN_MATERIEL_INFO_202606094,Berlin,2026-06-09 00:00:00
KeyPers_Berlin_1230366,BERLIN_MATERIEL_INFO_202606095,Berlin,2026-06-09 00:00:00
KeyPers_London_1232838,LONDON_MATERIEL_INFO_202606090,London,2026-06-09 00:00:00
KeyPers_London_1231395,LONDON_MATERIEL_INFO_202606091,London,2026-06-09 00:00:00
KeyPers_London_1231174,LONDON_MATERIEL_INFO_202606092,London,2026-06-09 00:00:00
KeyPers_London_1233253,LONDON_MATERIEL_INFO_202606093,London,2026-06-09 00:00:00
KeyPers_London_1233771,LONDON_MATERIEL_INFO_202606094,London,2026-06-09 00:00:00
KeyPers_London_1231439,LONDON_MATERIEL_INFO_202606095,London,2026-06-09 00:00:00
KeyPers_London_1234171,LONDON_MATERIEL_INFO_202606096,London,2026-06-09 00:00:00
KeyPers_London_1233830,LONDON_MATERIEL_INFO_202606097,London,2026-06-09 00:00:00
KeyPers_London_1234185,LONDON_MATERIEL_INFO_202606098,London,2026-06-09 00:00:00
KeyPers_London_1232381,LONDON_MATERIEL_INFO_202606099,London,2026-06-09 00:00:00
KeyPers_London_1232882,LONDON_MATERIEL_INFO_2026060910,London,2026-06-09 00:00:00
KeyPers_London_1233828,LONDON_MATERIEL_INFO_2026060911,London,2026-06-09 00:00:00
KeyPers_London_1233414,LONDON_MATERIEL_INFO_2026060912,London,2026-06-09 00:00:00
KeyPers_LA_1232909,LA_MATERIEL_INFO_202606090,LA,2026-06-09 00:00:00
KeyPers_LA_1232645,LA_MATERIEL_INFO_202606091,LA,2026-06-09 00:00:00
KeyPers_LA_1230798,LA_MATERIEL_INFO_202606092,LA,2026-06-09 00:00:00
KeyPers_LA_1232260,LA_MATERIEL_INFO_202606093,LA,2026-06-09 00:00:00
KeyPers_LA_1230385,LA_MATERIEL_INFO_202606094,LA,2026-06-09 00:00:00
KeyPers_LA_1231423,LA_MATERIEL_INFO_202606095,LA,2026-06-09 00:00:00
KeyPers_LA_1230010,LA_MATERIEL_INFO_202606096,LA,2026-06-09 00:00:00
KeyPers_NewYork_1230456,NewYork_MATERIEL_INFO_202606090,NewYork,2026-06-09 00:00:00
KeyPers_NewYork_1232557,NewYork_MATERIEL_INFO_202606091,NewYork,2026-06-09 00:00:00
KeyPers_Paris_1230020,Paris_MATERIEL_INFO_202606090,Paris,2026-06-09 00:00:00
KeyPers_Paris_1234769,Paris_MATERIEL_INFO_202606091,Paris,2026-06-09 00:00:00
KeyPers_Paris_1233107,Paris_MATERIEL_INFO_202606092,Paris,2026-06-09 00:00:00
KeyPers_Paris_1231371,Paris_MATERIEL_INFO_202606093,Paris,2026-06-09 00:00:00
KeyPers_Shanghai_1230796,Shanghai_MATERIEL_INFO_202606090,Shanghai,2026-06-09 00:00:00
KeyPers_Shanghai_1230999,Shanghai_MATERIEL_INFO_202606091,Shanghai,2026-06-09 00:00:00
KeyPers_Shanghai_1230158,Shanghai_MATERIEL_INFO_202606092,Shanghai,2026-06-09 00:00:00
KeyPers_Shanghai_1230530,Shanghai_MATERIEL_INFO_202606093,Shanghai,2026-06-09 00:00:00
KeyPers_Shanghai_1230398,Shanghai_MATERIEL_INFO_202606094,Shanghai,2026-06-09 00:00:00
KeyPers_Shanghai_1230783,Shanghai_MATERIEL_INFO_202606095,Shanghai,2026-06-09 00:00:00
KeyPers_Shanghai_1230280,Shanghai_MATERIEL_INFO_202606096,Shanghai,2026-06-09 00:00:00
KeyPers_Shanghai_1230521,Shanghai_MATERIEL_INFO_202606097,Shanghai,2026-06-09 00:00:00
KeyPers_Berlin_1231838,BERLIN_MATERIEL_INFO_202606100,Berlin,2026-06-10 00:00:00
KeyPers_Berlin_1234135,BERLIN_MATERIEL_INFO_202606101,Berlin,2026-06-10 00:00:00
KeyPers_Berlin_1233945,BERLIN_MATERIEL_INFO_202606102,Berlin,2026-06-10 00:00:00
KeyPers_Berlin_1230725,BERLIN_MATERIEL_INFO_202606103,Berlin,2026-06-10 00:00:00
KeyPers_Berlin_1232690,BERLIN_MATERIEL_INFO_202606104,Berlin,2026-06-10 00:00:00
KeyPers_Berlin_1232478,BERLIN_MATERIEL_INFO_202606105,Berlin,2026-06-10 00:00:00
KeyPers_London_1232535,LONDON_MATERIEL_INFO_202606100,London,2026-06-10 00:00:00
KeyPers_London_1233988,LONDON_MATERIEL_INFO_202606101,London,2026-06-10 00:00:00
KeyPers_London_1232675,LONDON_MATERIEL_INFO_202606102,London,2026-06-10 00:00:00
KeyPers_London_1233382,LONDON_MATERIEL_INFO_202606103,London,2026-06-10 00:00:00
KeyPers_LA_1231376,LA_MATERIEL_INFO_202606100,LA,2026-06-10 00:00:00
KeyPers_LA_1230023,LA_MATERIEL_INFO_202606101,LA,2026-06-10 00:00:00
KeyPers_LA_1231390,LA_MATERIEL_INFO_202606102,LA,2026-06-10 00:00:00
KeyPers_LA_1230656,LA_MATERIEL_INFO_202606103,LA,2026-06-10 00:00:00
KeyPers_LA_1230681,LA_MATERIEL_INFO_202606104,LA,2026-06-10 00:00:00
KeyPers_LA_1231664,LA_MATERIEL_INFO_202606105,LA,2026-06-10 00:00:00
KeyPers_LA_1231187,LA_MATERIEL_INFO_202606106,LA,2026-06-10 00:00:00
KeyPers_LA_1232044,LA_MATERIEL_INFO_202606107,LA,2026-06-10 00:00:00
KeyPers_LA_1230436,LA_MATERIEL_INFO_202606108,LA,2026-06-10 00:00:00
KeyPers_LA_1230400,LA_MATERIEL_INFO_202606109,LA,2026-06-10 00:00:00
KeyPers_LA_1232751,LA_MATERIEL_INFO_2026061010,LA,2026-06-10 00:00:00
KeyPers_NewYork_1232619,NewYork_MATERIEL_INFO_202606100,NewYork,2026-06-10 00:00:00
KeyPers_NewYork_1231816,NewYork_MATERIEL_INFO_202606101,NewYork,2026-06-10 00:00:00
KeyPers_NewYork_1232310,NewYork_MATERIEL_INFO_202606102,NewYork,2026-06-10 00:00:00
KeyPers_NewYork_1231317,NewYork_MATERIEL_INFO_202606103,NewYork,2026-06-10 00:00:00
KeyPers_NewYork_1232438,NewYork_MATERIEL_INFO_202606104,NewYork,2026-06-10 00:00:00
KeyPers_NewYork_1232417,NewYork_MATERIEL_INFO_202606105,NewYork,2026-06-10 00:00:00
KeyPers_NewYork_1231119,NewYork_MATERIEL_INFO_202606106,NewYork,2026-06-10 00:00:00
KeyPers_NewYork_1230021,NewYork_MATERIEL_INFO_202606107,NewYork,2026-06-10 00:00:00
KeyPers_NewYork_1231879,NewYork_MATERIEL_INFO_202606108,NewYork,2026-06-10 00:00:00
KeyPers_NewYork_1230061,NewYork_MATERIEL_INFO_202606109,NewYork,2026-06-10 00:00:00
KeyPers_NewYork_1231057,NewYork_MATERIEL_INFO_2026061010,NewYork,2026-06-10 00:00:00
KeyPers_NewYork_1231566,NewYork_MATERIEL_INFO_2026061011,NewYork,2026-06-10 00:00:00
KeyPers_NewYork_1231002,NewYork_MATERIEL_INFO_2026061012,NewYork,2026-06-10 00:00:00
KeyPers_Paris_1234242,Paris_MATERIEL_INFO_202606100,Paris,2026-06-10 00:00:00
KeyPers_Paris_1233332,Paris_MATERIEL_INFO_202606101,Paris,2026-06-10 00:00:00
KeyPers_Paris_1233364,Paris_MATERIEL_INFO_202606102,Paris,2026-06-10 00:00:00
KeyPers_Paris_1231708,Paris_MATERIEL_INFO_202606103,Paris,2026-06-10 00:00:00
KeyPers_Paris_1230494,Paris_MATERIEL_INFO_202606104,Paris,2026-06-10 00:00:00
KeyPers_Paris_1230266,Paris_MATERIEL_INFO_202606105,Paris,2026-06-10 00:00:00
KeyPers_Paris_1230431,Paris_MATERIEL_INFO_202606106,Paris,2026-06-10 00:00:00
KeyPers_Paris_1231625,Paris_MATERIEL_INFO_202606107,Paris,2026-06-10 00:00:00
KeyPers_Paris_1230361,Paris_MATERIEL_INFO_202606108,Paris,2026-06-10 00:00:00
KeyPers_Paris_1233096,Paris_MATERIEL_INFO_202606109,Paris,2026-06-10 00:00:00
KeyPers_Paris_1230413,Paris_MATERIEL_INFO_2026061010,Paris,2026-06-10 00:00:00
KeyPers_Paris_1234794,Paris_MATERIEL_INFO_2026061011,Paris,2026-06-10 00:00:00
KeyPers_Paris_1232833,Paris_MATERIEL_INFO_2026061012,Paris,2026-06-10 00:00:00
KeyPers_Shanghai_1230314,Shanghai_MATERIEL_INFO_202606100,Shanghai,2026-06-10 00:00:00
KeyPers_Shanghai_1230927,Shanghai_MATERIEL_INFO_202606101,Shanghai,2026-06-10 00:00:00
KeyPers_Shanghai_1230208,Shanghai_MATERIEL_INFO_202606102,Shanghai,2026-06-10 00:00:00
KeyPers_Shanghai_1230076,Shanghai_MATERIEL_INFO_202606103,Shanghai,2026-06-10 00:00:00
KeyPers_Shanghai_1230884,Shanghai_MATERIEL_INFO_202606104,Shanghai,2026-06-10 00:00:00
KeyPers_Shanghai_1230766,Shanghai_MATERIEL_INFO_202606105,Shanghai,2026-06-10 00:00:00
KeyPers_Shanghai_1230062,Shanghai_MATERIEL_INFO_202606106,Shanghai,2026-06-10 00:00:00
KeyPers_Shanghai_1230625,Shanghai_MATERIEL_INFO_202606107,Shanghai,2026-06-10 00:00:00
KeyPers_Shanghai_1230317,Shanghai_MATERIEL_INFO_202606108,Shanghai,2026-06-10 00:00:00
KeyPers_Berlin_1230291,BERLIN_MATERIEL_INFO_202606110,Berlin,2026-06-11 00:00:00
KeyPers_London_1233237,LONDON_MATERIEL_INFO_202606110,London,2026-06-11 00:00:00
KeyPers_London_1230539,LONDON_MATERIEL_INFO_202606111,London,2026-06-11 00:00:00
KeyPers_London_1230181,LONDON_MATERIEL_INFO_202606112,London,2026-06-11 00:00:00
KeyPers_London_1234041,LONDON_MATERIEL_INFO_202606113,London,2026-06-11 00:00:00
KeyPers_London_1230132,LONDON_MATERIEL_INFO_202606114,London,2026-06-11 00:00:00
KeyPers_London_1233028,LONDON_MATERIEL_INFO_202606115,London,2026-06-11 00:00:00
KeyPers_London_1231977,LONDON_MATERIEL_INFO_202606116,London,2026-06-11 00:00:00
KeyPers_LA_1232633,LA_MATERIEL_INFO_202606110,LA,2026-06-11 00:00:00
KeyPers_LA_1231520,LA_MATERIEL_INFO_202606111,LA,2026-06-11 00:00:00
KeyPers_LA_1231389,LA_MATERIEL_INFO_202606112,LA,2026-06-11 00:00:00
KeyPers_LA_1232031,LA_MATERIEL_INFO_202606113,LA,2026-06-11 00:00:00
KeyPers_LA_1231574,LA_MATERIEL_INFO_202606114,LA,2026-06-11 00:00:00
KeyPers_LA_1232968,LA_MATERIEL_INFO_202606115,LA,2026-06-11 00:00:00
KeyPers_LA_1230899,LA_MATERIEL_INFO_202606116,LA,2026-06-11 00:00:00
KeyPers_LA_1232734,LA_MATERIEL_INFO_202606117,LA,2026-06-11 00:00:00
KeyPers_LA_1231722,LA_MATERIEL_INFO_202606118,LA,2026-06-11 00:00:00
KeyPers_LA_1231501,LA_MATERIEL_INFO_202606119,LA,2026-06-11 00:00:00
KeyPers_NewYork_1231270,NewYork_MATERIEL_INFO_202606110,NewYork,2026-06-11 00:00:00
KeyPers_NewYork_1230817,NewYork_MATERIEL_INFO_202606111,NewYork,2026-06-11 00:00:00
KeyPers_NewYork_1231902,NewYork_MATERIEL_INFO_202606112,NewYork,2026-06-11 00:00:00
KeyPers_Paris_1234025,Paris_MATERIEL_INFO_202606110,Paris,2026-06-11 00:00:00
KeyPers_Paris_1230723,Paris_MATERIEL_INFO_202606111,Paris,2026-06-11 00:00:00
KeyPers_Paris_1232259,Paris_MATERIEL_INFO_202606112,Paris,2026-06-11 00:00:00
KeyPers_Paris_1233084,Paris_MATERIEL_INFO_202606113,Paris,2026-06-11 00:00:00
KeyPers_Paris_1233499,Paris_MATERIEL_INFO_202606114,Paris,2026-06-11 00:00:00
KeyPers_Paris_1230891,Paris_MATERIEL_INFO_202606115,Paris,2026-06-11 00:00:00
KeyPers_Paris_1231775,Paris_MATERIEL_INFO_202606116,Paris,2026-06-11 00:00:00
KeyPers_Paris_1231053,Paris_MATERIEL_INFO_202606117,Paris,2026-06-11 00:00:00
KeyPers_Paris_1230976,Paris_MATERIEL_INFO_202606118,Paris,2026-06-11 00:00:00
KeyPers_Paris_1234857,Paris_MATERIEL_INFO_202606119,Paris,2026-06-11 00:00:00
KeyPers_Paris_1234687,Paris_MATERIEL_INFO_2026061110,Paris,2026-06-11 00:00:00
KeyPers_Paris_1231912,Paris_MATERIEL_INFO_2026061111,Paris,2026-06-11 00:00:00
KeyPers_Shanghai_1230411,Shanghai_MATERIEL_INFO_202606110,Shanghai,2026-06-11 00:00:00
KeyPers_Shanghai_1230821,Shanghai_MATERIEL_INFO_202606111,Shanghai,2026-06-11 00:00:00
KeyPers_Shanghai_1230830,Shanghai_MATERIEL_INFO_202606112,Shanghai,2026-06-11 00:00:00
KeyPers_Shanghai_1230618,Shanghai_MATERIEL_INFO_202606113,Shanghai,2026-06-11 00:00:00
KeyPers_Shanghai_1230248,Shanghai_MATERIEL_INFO_202606114,Shanghai,2026-06-11 00:00:00
KeyPers_Shanghai_1230270,Shanghai_MATERIEL_INFO_202606115,Shanghai,2026-06-11 00:00:00
KeyPers_Shanghai_1230301,Shanghai_MATERIEL_INFO_202606116,Shanghai,2026-06-11 00:00:00
KeyPers_Shanghai_1230703,Shanghai_MATERIEL_INFO_202606117,Shanghai,2026-06-11 00:00:00
KeyPers_Shanghai_1230925,Shanghai_MATERIEL_INFO_202606118,Shanghai,2026-06-11 00:00:00
KeyPers_Shanghai_1230924,Shanghai_MATERIEL_INFO_202606119,Shanghai,2026-06-11 00:00:00
KeyPers_Shanghai_1230638,Shanghai_MATERIEL_INFO_2026061110,Shanghai,2026-06-11 00:00:00
KeyPers_Berlin_1230226,BERLIN_MATERIEL_INFO_202606120,Berlin,2026-06-12 00:00:00
KeyPers_London_1230903,LONDON_MATERIEL_INFO_202606120,London,2026-06-12 00:00:00
KeyPers_London_1232445,LONDON_MATERIEL_INFO_202606121,London,2026-06-12 00:00:00
KeyPers_London_1232424,LONDON_MATERIEL_INFO_202606122,London,2026-06-12 00:00:00
KeyPers_LA_1230080,LA_MATERIEL_INFO_202606120,LA,2026-06-12 00:00:00
KeyPers_LA_1231199,LA_MATERIEL_INFO_202606121,LA,2026-06-12 00:00:00
KeyPers_LA_1231165,LA_MATERIEL_INFO_202606122,LA,2026-06-12 00:00:00
KeyPers_LA_1231092,LA_MATERIEL_INFO_202606123,LA,2026-06-12 00:00:00
KeyPers_LA_1232957,LA_MATERIEL_INFO_202606124,LA,2026-06-12 00:00:00
KeyPers_LA_1231921,LA_MATERIEL_INFO_202606125,LA,2026-06-12 00:00:00
KeyPers_LA_1232428,LA_MATERIEL_INFO_202606126,LA,2026-06-12 00:00:00
KeyPers_LA_1231925,LA_MATERIEL_INFO_202606127,LA,2026-06-12 00:00:00
KeyPers_LA_1232502,LA_MATERIEL_INFO_202606128,LA,2026-06-12 00:00:00
KeyPers_LA_1231320,LA_MATERIEL_INFO_202606129,LA,2026-06-12 00:00:00
KeyPers_LA_1232626,LA_MATERIEL_INFO_2026061210,LA,2026-06-12 00:00:00
KeyPers_LA_1232029,LA_MATERIEL_INFO_2026061211,LA,2026-06-12 00:00:00
KeyPers_NewYork_1232294,NewYork_MATERIEL_INFO_202606120,NewYork,2026-06-12 00:00:00
KeyPers_NewYork_1230330,NewYork_MATERIEL_INFO_202606121,NewYork,2026-06-12 00:00:00
KeyPers_NewYork_1230025,NewYork_MATERIEL_INFO_202606122,NewYork,2026-06-12 00:00:00
KeyPers_NewYork_1230633,NewYork_MATERIEL_INFO_202606123,NewYork,2026-06-12 00:00:00
KeyPers_NewYork_1231418,NewYork_MATERIEL_INFO_202606124,NewYork,2026-06-12 00:00:00
KeyPers_NewYork_1231473,NewYork_MATERIEL_INFO_202606125,NewYork,2026-06-12 00:00:00
KeyPers_NewYork_1230016,NewYork_MATERIEL_INFO_202606126,NewYork,2026-06-12 00:00:00
KeyPers_NewYork_1232891,NewYork_MATERIEL_INFO_202606127,NewYork,2026-06-12 00:00:00
KeyPers_Paris_1234509,Paris_MATERIEL_INFO_202606120,Paris,2026-06-12 00:00:00
KeyPers_Paris_1231687,Paris_MATERIEL_INFO_202606121,Paris,2026-06-12 00:00:00
KeyPers_Paris_1230079,Paris_MATERIEL_INFO_202606122,Paris,2026-06-12 00:00:00
KeyPers_Paris_1232606,Paris_MATERIEL_INFO_202606123,Paris,2026-06-12 00:00:00
KeyPers_Paris_1233740,Paris_MATERIEL_INFO_202606124,Paris,2026-06-12 00:00:00
KeyPers_Shanghai_1230258,Shanghai_MATERIEL_INFO_202606120,Shanghai,2026-06-12 00:00:00
KeyPers_Shanghai_1230054,Shanghai_MATERIEL_INFO_202606121,Shanghai,2026-06-12 00:00:00
KeyPers_Shanghai_1230273,Shanghai_MATERIEL_INFO_202606122,Shanghai,2026-06-12 00:00:00
KeyPers_Shanghai_1230362,Shanghai_MATERIEL_INFO_202606123,Shanghai,2026-06-12 00:00:00
KeyPers_Shanghai_1230132,Shanghai_MATERIEL_INFO_202606124,Shanghai,2026-06-12 00:00:00
KeyPers_Shanghai_1230257,Shanghai_MATERIEL_INFO_202606125,Shanghai,2026-06-12 00:00:00
KeyPers_Shanghai_1230189,Shanghai_MATERIEL_INFO_202606126,Shanghai,2026-06-12 00:00:00
KeyPers_Shanghai_1230599,Shanghai_MATERIEL_INFO_202606127,Shanghai,2026-06-12 00:00:00
KeyPers_Shanghai_1230011,Shanghai_MATERIEL_INFO_202606128,Shanghai,2026-06-12 00:00:00
KeyPers_Shanghai_1230963,Shanghai_MATERIEL_INFO_202606129,Shanghai,2026-06-12 00:00:00
KeyPers_Berlin_1233507,BERLIN_MATERIEL_INFO_202606130,Berlin,2026-06-13 00:00:00
KeyPers_Berlin_1232468,BERLIN_MATERIEL_INFO_202606131,Berlin,2026-06-13 00:00:00
KeyPers_Berlin_1230588,BERLIN_MATERIEL_INFO_202606132,Berlin,2026-06-13 00:00:00
KeyPers_Berlin_1233548,BERLIN_MATERIEL_INFO_202606133,Berlin,2026-06-13 00:00:00
KeyPers_London_1232050,LONDON_MATERIEL_INFO_202606130,London,2026-06-13 00:00:00
KeyPers_London_1230730,LONDON_MATERIEL_INFO_202606131,London,2026-06-13 00:00:00
KeyPers_London_1230284,LONDON_MATERIEL_INFO_202606132,London,2026-06-13 00:00:00
KeyPers_London_1232934,LONDON_MATERIEL_INFO_202606133,London,2026-06-13 00:00:00
KeyPers_London_1234015,LONDON_MATERIEL_INFO_202606134,London,2026-06-13 00:00:00
KeyPers_London_1230899,LONDON_MATERIEL_INFO_202606135,London,2026-06-13 00:00:00
KeyPers_London_1233011,LONDON_MATERIEL_INFO_202606136,London,2026-06-13 00:00:00
KeyPers_London_1231925,LONDON_MATERIEL_INFO_202606137,London,2026-06-13 00:00:00
KeyPers_London_1232752,LONDON_MATERIEL_INFO_202606138,London,2026-06-13 00:00:00
KeyPers_London_1230751,LONDON_MATERIEL_INFO_202606139,London,2026-06-13 00:00:00
KeyPers_London_1232856,LONDON_MATERIEL_INFO_2026061310,London,2026-06-13 00:00:00
KeyPers_LA_1230319,LA_MATERIEL_INFO_202606130,LA,2026-06-13 00:00:00
KeyPers_LA_1232062,LA_MATERIEL_INFO_202606131,LA,2026-06-13 00:00:00
KeyPers_LA_1232255,LA_MATERIEL_INFO_202606132,LA,2026-06-13 00:00:00
KeyPers_LA_1232222,LA_MATERIEL_INFO_202606133,LA,2026-06-13 00:00:00
KeyPers_LA_1232189,LA_MATERIEL_INFO_202606134,LA,2026-06-13 00:00:00
KeyPers_LA_1230524,LA_MATERIEL_INFO_202606135,LA,2026-06-13 00:00:00
KeyPers_LA_1232302,LA_MATERIEL_INFO_202606136,LA,2026-06-13 00:00:00
KeyPers_NewYork_1230855,NewYork_MATERIEL_INFO_202606130,NewYork,2026-06-13 00:00:00
KeyPers_NewYork_1232118,NewYork_MATERIEL_INFO_202606131,NewYork,2026-06-13 00:00:00
KeyPers_NewYork_1232725,NewYork_MATERIEL_INFO_202606132,NewYork,2026-06-13 00:00:00
KeyPers_NewYork_1230512,NewYork_MATERIEL_INFO_202606133,NewYork,2026-06-13 00:00:00
KeyPers_NewYork_1231948,NewYork_MATERIEL_INFO_202606134,NewYork,2026-06-13 00:00:00
KeyPers_NewYork_1230779,NewYork_MATERIEL_INFO_202606135,NewYork,2026-06-13 00:00:00
KeyPers_NewYork_1231492,NewYork_MATERIEL_INFO_202606136,NewYork,2026-06-13 00:00:00
KeyPers_Paris_1234713,Paris_MATERIEL_INFO_202606130,Paris,2026-06-13 00:00:00
KeyPers_Paris_1231160,Paris_MATERIEL_INFO_202606131,Paris,2026-06-13 00:00:00
KeyPers_Paris_1231022,Paris_MATERIEL_INFO_202606132,Paris,2026-06-13 00:00:00
KeyPers_Paris_1234210,Paris_MATERIEL_INFO_202606133,Paris,2026-06-13 00:00:00
KeyPers_Paris_1233207,Paris_MATERIEL_INFO_202606134,Paris,2026-06-13 00:00:00
KeyPers_Paris_1234800,Paris_MATERIEL_INFO_202606135,Paris,2026-06-13 00:00:00
KeyPers_Paris_1234377,Paris_MATERIEL_INFO_202606136,Paris,2026-06-13 00:00:00
KeyPers_Paris_1230235,Paris_MATERIEL_INFO_202606137,Paris,2026-06-13 00:00:00
KeyPers_Paris_1233494,Paris_MATERIEL_INFO_202606138,Paris,2026-06-13 00:00:00
KeyPers_Paris_1234591,Paris_MATERIEL_INFO_202606139,Paris,2026-06-13 00:00:00
KeyPers_Paris_1230586,Paris_MATERIEL_INFO_2026061310,Paris,2026-06-13 00:00:00
KeyPers_Shanghai_1230926,Shanghai_MATERIEL_INFO_202606130,Shanghai,2026-06-13 00:00:00
KeyPers_Shanghai_1230061,Shanghai_MATERIEL_INFO_202606131,Shanghai,2026-06-13 00:00:00
KeyPers_Shanghai_1230854,Shanghai_MATERIEL_INFO_202606132,Shanghai,2026-06-13 00:00:00
KeyPers_Berlin_1230274,BERLIN_MATERIEL_INFO_202606140,Berlin,2026-06-14 00:00:00
KeyPers_Berlin_1234074,BERLIN_MATERIEL_INFO_202606141,Berlin,2026-06-14 00:00:00
KeyPers_Berlin_1230188,BERLIN_MATERIEL_INFO_202606142,Berlin,2026-06-14 00:00:00
KeyPers_Berlin_1231412,BERLIN_MATERIEL_INFO_202606143,Berlin,2026-06-14 00:00:00
KeyPers_Berlin_1234161,BERLIN_MATERIEL_INFO_202606144,Berlin,2026-06-14 00:00:00
KeyPers_Berlin_1231159,BERLIN_MATERIEL_INFO_202606145,Berlin,2026-06-14 00:00:00
KeyPers_London_1231169,LONDON_MATERIEL_INFO_202606140,London,2026-06-14 00:00:00
KeyPers_London_1232139,LONDON_MATERIEL_INFO_202606141,London,2026-06-14 00:00:00
KeyPers_London_1231958,LONDON_MATERIEL_INFO_202606142,London,2026-06-14 00:00:00
KeyPers_LA_1232716,LA_MATERIEL_INFO_202606140,LA,2026-06-14 00:00:00
KeyPers_NewYork_1232753,NewYork_MATERIEL_INFO_202606140,NewYork,2026-06-14 00:00:00
KeyPers_NewYork_1232354,NewYork_MATERIEL_INFO_202606141,NewYork,2026-06-14 00:00:00
KeyPers_NewYork_1231613,NewYork_MATERIEL_INFO_202606142,NewYork,2026-06-14 00:00:00
KeyPers_NewYork_1231528,NewYork_MATERIEL_INFO_202606143,NewYork,2026-06-14 00:00:00
KeyPers_NewYork_1230851,NewYork_MATERIEL_INFO_202606144,NewYork,2026-06-14 00:00:00
KeyPers_NewYork_1230604,NewYork_MATERIEL_INFO_202606145,NewYork,2026-06-14 00:00:00
KeyPers_NewYork_1232276,NewYork_MATERIEL_INFO_202606146,NewYork,2026-06-14 00:00:00
KeyPers_NewYork_1230241,NewYork_MATERIEL_INFO_202606147,NewYork,2026-06-14 00:00:00
KeyPers_NewYork_1232611,NewYork_MATERIEL_INFO_202606148,NewYork,2026-06-14 00:00:00
KeyPers_NewYork_1232727,NewYork_MATERIEL_INFO_202606149,NewYork,2026-06-14 00:00:00
KeyPers_NewYork_1230420,NewYork_MATERIEL_INFO_2026061410,NewYork,2026-06-14 00:00:00
KeyPers_NewYork_1231308,NewYork_MATERIEL_INFO_2026061411,NewYork,2026-06-14 00:00:00
KeyPers_Paris_1232145,Paris_MATERIEL_INFO_202606140,Paris,2026-06-14 00:00:00
KeyPers_Paris_1231607,Paris_MATERIEL_INFO_202606141,Paris,2026-06-14 00:00:00
KeyPers_Paris_1230233,Paris_MATERIEL_INFO_202606142,Paris,2026-06-14 00:00:00
KeyPers_Paris_1234152,Paris_MATERIEL_INFO_202606143,Paris,2026-06-14 00:00:00
KeyPers_Paris_1231584,Paris_MATERIEL_INFO_202606144,Paris,2026-06-14 00:00:00
KeyPers_Paris_1230382,Paris_MATERIEL_INFO_202606145,Paris,2026-06-14 00:00:00
KeyPers_Paris_1231011,Paris_MATERIEL_INFO_202606146,Paris,2026-06-14 00:00:00
KeyPers_Paris_1230018,Paris_MATERIEL_INFO_202606147,Paris,2026-06-14 00:00:00
KeyPers_Paris_1232376,Paris_MATERIEL_INFO_202606148,Paris,2026-06-14 00:00:00
KeyPers_Paris_1230536,Paris_MATERIEL_INFO_202606149,Paris,2026-06-14 00:00:00
KeyPers_Paris_1230823,Paris_MATERIEL_INFO_2026061410,Paris,2026-06-14 00:00:00
KeyPers_Paris_1231054,Paris_MATERIEL_INFO_2026061411,Paris,2026-06-14 00:00:00
KeyPers_Shanghai_1230431,Shanghai_MATERIEL_INFO_202606140,Shanghai,2026-06-14 00:00:00
KeyPers_Shanghai_1230122,Shanghai_MATERIEL_INFO_202606141,Shanghai,2026-06-14 00:00:00
KeyPers_Shanghai_1230229,Shanghai_MATERIEL_INFO_202606142,Shanghai,2026-06-14 00:00:00
KeyPers_Shanghai_1230945,Shanghai_MATERIEL_INFO_202606143,Shanghai,2026-06-14 00:00:00
KeyPers_Shanghai_1230836,Shanghai_MATERIEL_INFO_202606144,Shanghai,2026-06-14 00:00:00
KeyPers_Shanghai_1230077,Shanghai_MATERIEL_INFO_202606145,Shanghai,2026-06-14 00:00:00
KeyPers_Shanghai_1230663,Shanghai_MATERIEL_INFO_202606146,Shanghai,2026-06-14 00:00:00
KeyPers_Shanghai_1230206,Shanghai_MATERIEL_INFO_202606147,Shanghai,2026-06-14 00:00:00
KeyPers_Shanghai_1230665,Shanghai_MATERIEL_INFO_202606148,Shanghai,2026-06-14 00:00:00
KeyPers_Shanghai_1230481,Shanghai_MATERIEL_INFO_202606149,Shanghai,2026-06-14 00:00:00
KeyPers_Shanghai_1230775,Shanghai_MATERIEL_INFO_2026061410,Shanghai,2026-06-14 00:00:00
KeyPers_Shanghai_1230248,Shanghai_MATERIEL_INFO_2026061411,Shanghai,2026-06-14 00:00:00
KeyPers_Berlin_1230917,BERLIN_MATERIEL_INFO_202606150,Berlin,2026-06-15 00:00:00
KeyPers_Berlin_1232439,BERLIN_MATERIEL_INFO_202606151,Berlin,2026-06-15 00:00:00
KeyPers_London_1231366,LONDON_MATERIEL_INFO_202606150,London,2026-06-15 00:00:00
KeyPers_London_1231973,LONDON_MATERIEL_INFO_202606151,London,2026-06-15 00:00:00
KeyPers_London_1230394,LONDON_MATERIEL_INFO_202606152,London,2026-06-15 00:00:00
KeyPers_London_1233444,LONDON_MATERIEL_INFO_202606153,London,2026-06-15 00:00:00
KeyPers_London_1231072,LONDON_MATERIEL_INFO_202606154,London,2026-06-15 00:00:00
KeyPers_London_1232445,LONDON_MATERIEL_INFO_202606155,London,2026-06-15 00:00:00
KeyPers_London_1230971,LONDON_MATERIEL_INFO_202606156,London,2026-06-15 00:00:00
KeyPers_London_1231852,LONDON_MATERIEL_INFO_202606157,London,2026-06-15 00:00:00
KeyPers_London_1231207,LONDON_MATERIEL_INFO_202606158,London,2026-06-15 00:00:00
KeyPers_London_1233272,LONDON_MATERIEL_INFO_202606159,London,2026-06-15 00:00:00
KeyPers_London_1231950,LONDON_MATERIEL_INFO_2026061510,London,2026-06-15 00:00:00
KeyPers_London_1232342,LONDON_MATERIEL_INFO_2026061511,London,2026-06-15 00:00:00
KeyPers_LA_1232119,LA_MATERIEL_INFO_202606150,LA,2026-06-15 00:00:00
KeyPers_LA_1230785,LA_MATERIEL_INFO_202606151,LA,2026-06-15 00:00:00
KeyPers_LA_1232752,LA_MATERIEL_INFO_202606152,LA,2026-06-15 00:00:00
KeyPers_LA_1231315,LA_MATERIEL_INFO_202606153,LA,2026-06-15 00:00:00
KeyPers_LA_1232525,LA_MATERIEL_INFO_202606154,LA,2026-06-15 00:00:00
KeyPers_LA_1232601,LA_MATERIEL_INFO_202606155,LA,2026-06-15 00:00:00
KeyPers_LA_1230223,LA_MATERIEL_INFO_202606156,LA,2026-06-15 00:00:00
KeyPers_LA_1232959,LA_MATERIEL_INFO_202606157,LA,2026-06-15 00:00:00
KeyPers_NewYork_1232608,NewYork_MATERIEL_INFO_202606150,NewYork,2026-06-15 00:00:00
KeyPers_Paris_1231368,Paris_MATERIEL_INFO_202606150,Paris,2026-06-15 00:00:00
KeyPers_Paris_1232523,Paris_MATERIEL_INFO_202606151,Paris,2026-06-15 00:00:00
KeyPers_Paris_1233602,Paris_MATERIEL_INFO_202606152,Paris,2026-06-15 00:00:00
KeyPers_Paris_1234503,Paris_MATERIEL_INFO_202606153,Paris,2026-06-15 00:00:00
KeyPers_Paris_1230015,Paris_MATERIEL_INFO_202606154,Paris,2026-06-15 00:00:00
KeyPers_Paris_1232587,Paris_MATERIEL_INFO_202606155,Paris,2026-06-15 00:00:00
KeyPers_Paris_1230662,Paris_MATERIEL_INFO_202606156,Paris,2026-06-15 00:00:00
KeyPers_Shanghai_1230636,Shanghai_MATERIEL_INFO_202606150,Shanghai,2026-06-15 00:00:00
KeyPers_Shanghai_1230347,Shanghai_MATERIEL_INFO_202606151,Shanghai,2026-06-15 00:00:00
KeyPers_Shanghai_1230106,Shanghai_MATERIEL_INFO_202606152,Shanghai,2026-06-15 00:00:00
KeyPers_Shanghai_1230019,Shanghai_MATERIEL_INFO_202606153,Shanghai,2026-06-15 00:00:00
KeyPers_Berlin_1230674,BERLIN_MATERIEL_INFO_202606160,Berlin,2026-06-16 00:00:00
KeyPers_Berlin_1232110,BERLIN_MATERIEL_INFO_202606161,Berlin,2026-06-16 00:00:00
KeyPers_Berlin_1233145,BERLIN_MATERIEL_INFO_202606162,Berlin,2026-06-16 00:00:00
KeyPers_Berlin_1231647,BERLIN_MATERIEL_INFO_202606163,Berlin,2026-06-16 00:00:00
KeyPers_Berlin_1230873,BERLIN_MATERIEL_INFO_202606164,Berlin,2026-06-16 00:00:00
KeyPers_Berlin_1230473,BERLIN_MATERIEL_INFO_202606165,Berlin,2026-06-16 00:00:00
KeyPers_London_1233390,LONDON_MATERIEL_INFO_202606160,London,2026-06-16 00:00:00
KeyPers_London_1232861,LONDON_MATERIEL_INFO_202606161,London,2026-06-16 00:00:00
KeyPers_London_1232787,LONDON_MATERIEL_INFO_202606162,London,2026-06-16 00:00:00
KeyPers_London_1231368,LONDON_MATERIEL_INFO_202606163,London,2026-06-16 00:00:00
KeyPers_London_1233205,LONDON_MATERIEL_INFO_202606164,London,2026-06-16 00:00:00
KeyPers_London_1231198,LONDON_MATERIEL_INFO_202606165,London,2026-06-16 00:00:00
KeyPers_London_1230686,LONDON_MATERIEL_INFO_202606166,London,2026-06-16 00:00:00
KeyPers_LA_1231868,LA_MATERIEL_INFO_202606160,LA,2026-06-16 00:00:00
KeyPers_LA_1232872,LA_MATERIEL_INFO_202606161,LA,2026-06-16 00:00:00
KeyPers_LA_1232881,LA_MATERIEL_INFO_202606162,LA,2026-06-16 00:00:00
KeyPers_NewYork_1231877,NewYork_MATERIEL_INFO_202606160,NewYork,2026-06-16 00:00:00
KeyPers_NewYork_1230345,NewYork_MATERIEL_INFO_202606161,NewYork,2026-06-16 00:00:00
KeyPers_NewYork_1231461,NewYork_MATERIEL_INFO_202606162,NewYork,2026-06-16 00:00:00
KeyPers_NewYork_1232036,NewYork_MATERIEL_INFO_202606163,NewYork,2026-06-16 00:00:00
KeyPers_NewYork_1230975,NewYork_MATERIEL_INFO_202606164,NewYork,2026-06-16 00:00:00
KeyPers_NewYork_1231169,NewYork_MATERIEL_INFO_202606165,NewYork,2026-06-16 00:00:00
KeyPers_NewYork_1230738,NewYork_MATERIEL_INFO_202606166,NewYork,2026-06-16 00:00:00
KeyPers_NewYork_1232665,NewYork_MATERIEL_INFO_202606167,NewYork,2026-06-16 00:00:00
KeyPers_NewYork_1232698,NewYork_MATERIEL_INFO_202606168,NewYork,2026-06-16 00:00:00
KeyPers_Paris_1234333,Paris_MATERIEL_INFO_202606160,Paris,2026-06-16 00:00:00
KeyPers_Paris_1232773,Paris_MATERIEL_INFO_202606161,Paris,2026-06-16 00:00:00
KeyPers_Paris_1233964,Paris_MATERIEL_INFO_202606162,Paris,2026-06-16 00:00:00
KeyPers_Paris_1233810,Paris_MATERIEL_INFO_202606163,Paris,2026-06-16 00:00:00
KeyPers_Paris_1232877,Paris_MATERIEL_INFO_202606164,Paris,2026-06-16 00:00:00
KeyPers_Paris_1232648,Paris_MATERIEL_INFO_202606165,Paris,2026-06-16 00:00:00
KeyPers_Paris_1232538,Paris_MATERIEL_INFO_202606166,Paris,2026-06-16 00:00:00
KeyPers_Paris_1233098,Paris_MATERIEL_INFO_202606167,Paris,2026-06-16 00:00:00
KeyPers_Paris_1231725,Paris_MATERIEL_INFO_202606168,Paris,2026-06-16 00:00:00
KeyPers_Paris_1232046,Paris_MATERIEL_INFO_202606169,Paris,2026-06-16 00:00:00
KeyPers_Paris_1230832,Paris_MATERIEL_INFO_2026061610,Paris,2026-06-16 00:00:00
KeyPers_Paris_1233165,Paris_MATERIEL_INFO_2026061611,Paris,2026-06-16 00:00:00
KeyPers_Shanghai_1230907,Shanghai_MATERIEL_INFO_202606160,Shanghai,2026-06-16 00:00:00
KeyPers_Shanghai_1230657,Shanghai_MATERIEL_INFO_202606161,Shanghai,2026-06-16 00:00:00
KeyPers_Shanghai_1230173,Shanghai_MATERIEL_INFO_202606162,Shanghai,2026-06-16 00:00:00
KeyPers_Shanghai_1230454,Shanghai_MATERIEL_INFO_202606163,Shanghai,2026-06-16 00:00:00
KeyPers_Shanghai_1230906,Shanghai_MATERIEL_INFO_202606164,Shanghai,2026-06-16 00:00:00
KeyPers_Shanghai_1230709,Shanghai_MATERIEL_INFO_202606165,Shanghai,2026-06-16 00:00:00
KeyPers_Shanghai_1230934,Shanghai_MATERIEL_INFO_202606166,Shanghai,2026-06-16 00:00:00
KeyPers_Shanghai_1230015,Shanghai_MATERIEL_INFO_202606167,Shanghai,2026-06-16 00:00:00
KeyPers_Shanghai_1230562,Shanghai_MATERIEL_INFO_202606168,Shanghai,2026-06-16 00:00:00
KeyPers_Shanghai_1230122,Shanghai_MATERIEL_INFO_202606169,Shanghai,2026-06-16 00:00:00
KeyPers_Shanghai_1230755,Shanghai_MATERIEL_INFO_2026061610,Shanghai,2026-06-16 00:00:00
KeyPers_Berlin_1232121,BERLIN_MATERIEL_INFO_202606170,Berlin,2026-06-17 00:00:00
KeyPers_London_1232579,LONDON_MATERIEL_INFO_202606170,London,2026-06-17 00:00:00
KeyPers_London_1233201,LONDON_MATERIEL_INFO_202606171,London,2026-06-17 00:00:00
KeyPers_London_1232265,LONDON_MATERIEL_INFO_202606172,London,2026-06-17 00:00:00
KeyPers_LA_1232495,LA_MATERIEL_INFO_202606170,LA,2026-06-17 00:00:00
KeyPers_LA_1231055,LA_MATERIEL_INFO_202606171,LA,2026-06-17 00:00:00
KeyPers_LA_1231570,LA_MATERIEL_INFO_202606172,LA,2026-06-17 00:00:00
KeyPers_LA_1231791,LA_MATERIEL_INFO_202606173,LA,2026-06-17 00:00:00
KeyPers_LA_1231246,LA_MATERIEL_INFO_202606174,LA,2026-06-17 00:00:00
KeyPers_LA_1231272,LA_MATERIEL_INFO_202606175,LA,2026-06-17 00:00:00
KeyPers_LA_1230861,LA_MATERIEL_INFO_202606176,LA,2026-06-17 00:00:00
KeyPers_LA_1231440,LA_MATERIEL_INFO_202606177,LA,2026-06-17 00:00:00
KeyPers_NewYork_1232908,NewYork_MATERIEL_INFO_202606170,NewYork,2026-06-17 00:00:00
KeyPers_NewYork_1230901,NewYork_MATERIEL_INFO_202606171,NewYork,2026-06-17 00:00:00
KeyPers_NewYork_1232160,NewYork_MATERIEL_INFO_202606172,NewYork,2026-06-17 00:00:00
KeyPers_NewYork_1230062,NewYork_MATERIEL_INFO_202606173,NewYork,2026-06-17 00:00:00
KeyPers_NewYork_1232655,NewYork_MATERIEL_INFO_202606174,NewYork,2026-06-17 00:00:00
KeyPers_NewYork_1231932,NewYork_MATERIEL_INFO_202606175,NewYork,2026-06-17 00:00:00
KeyPers_Paris_1231412,Paris_MATERIEL_INFO_202606170,Paris,2026-06-17 00:00:00
KeyPers_Paris_1230219,Paris_MATERIEL_INFO_202606171,Paris,2026-06-17 00:00:00
KeyPers_Paris_1232249,Paris_MATERIEL_INFO_202606172,Paris,2026-06-17 00:00:00
KeyPers_Paris_1234351,Paris_MATERIEL_INFO_202606173,Paris,2026-06-17 00:00:00
KeyPers_Paris_1232580,Paris_MATERIEL_INFO_202606174,Paris,2026-06-17 00:00:00
KeyPers_Paris_1231549,Paris_MATERIEL_INFO_202606175,Paris,2026-06-17 00:00:00
KeyPers_Paris_1234388,Paris_MATERIEL_INFO_202606176,Paris,2026-06-17 00:00:00
KeyPers_Paris_1230519,Paris_MATERIEL_INFO_202606177,Paris,2026-06-17 00:00:00
KeyPers_Paris_1230997,Paris_MATERIEL_INFO_202606178,Paris,2026-06-17 00:00:00
KeyPers_Paris_1234279,Paris_MATERIEL_INFO_202606179,Paris,2026-06-17 00:00:00
KeyPers_Shanghai_1230522,Shanghai_MATERIEL_INFO_202606170,Shanghai,2026-06-17 00:00:00
KeyPers_Shanghai_1230822,Shanghai_MATERIEL_INFO_202606171,Shanghai,2026-06-17 00:00:00
KeyPers_Shanghai_1230991,Shanghai_MATERIEL_INFO_202606172,Shanghai,2026-06-17 00:00:00
KeyPers_Shanghai_1230616,Shanghai_MATERIEL_INFO_202606173,Shanghai,2026-06-17 00:00:00
KeyPers_Shanghai_1230318,Shanghai_MATERIEL_INFO_202606174,Shanghai,2026-06-17 00:00:00
KeyPers_Shanghai_1230112,Shanghai_MATERIEL_INFO_202606175,Shanghai,2026-06-17 00:00:00
KeyPers_Shanghai_1230928,Shanghai_MATERIEL_INFO_202606176,Shanghai,2026-06-17 00:00:00
KeyPers_Shanghai_1230666,Shanghai_MATERIEL_INFO_202606177,Shanghai,2026-06-17 00:00:00
KeyPers_Shanghai_1230970,Shanghai_MATERIEL_INFO_202606178,Shanghai,2026-06-17 00:00:00
KeyPers_Shanghai_1230534,Shanghai_MATERIEL_INFO_202606179,Shanghai,2026-06-17 00:00:00
KeyPers_Shanghai_1230410,Shanghai_MATERIEL_INFO_2026061710,Shanghai,2026-06-17 00:00:00
KeyPers_Shanghai_1230895,Shanghai_MATERIEL_INFO_2026061711,Shanghai,2026-06-17 00:00:00
KeyPers_Berlin_1231897,BERLIN_MATERIEL_INFO_202606180,Berlin,2026-06-18 00:00:00
KeyPers_Berlin_1233384,BERLIN_MATERIEL_INFO_202606181,Berlin,2026-06-18 00:00:00
KeyPers_Berlin_1232962,BERLIN_MATERIEL_INFO_202606182,Berlin,2026-06-18 00:00:00
KeyPers_London_1234147,LONDON_MATERIEL_INFO_202606180,London,2026-06-18 00:00:00
KeyPers_London_1232257,LONDON_MATERIEL_INFO_202606181,London,2026-06-18 00:00:00
KeyPers_London_1233863,LONDON_MATERIEL_INFO_202606182,London,2026-06-18 00:00:00
KeyPers_London_1233949,LONDON_MATERIEL_INFO_202606183,London,2026-06-18 00:00:00
KeyPers_London_1232882,LONDON_MATERIEL_INFO_202606184,London,2026-06-18 00:00:00
KeyPers_London_1232671,LONDON_MATERIEL_INFO_202606185,London,2026-06-18 00:00:00
KeyPers_London_1233596,LONDON_MATERIEL_INFO_202606186,London,2026-06-18 00:00:00
KeyPers_London_1233064,LONDON_MATERIEL_INFO_202606187,London,2026-06-18 00:00:00
KeyPers_LA_1232489,LA_MATERIEL_INFO_202606180,LA,2026-06-18 00:00:00
KeyPers_LA_1231869,LA_MATERIEL_INFO_202606181,LA,2026-06-18 00:00:00
KeyPers_LA_1232185,LA_MATERIEL_INFO_202606182,LA,2026-06-18 00:00:00
KeyPers_LA_1231038,LA_MATERIEL_INFO_202606183,LA,2026-06-18 00:00:00
KeyPers_LA_1231323,LA_MATERIEL_INFO_202606184,LA,2026-06-18 00:00:00
KeyPers_NewYork_1231258,NewYork_MATERIEL_INFO_202606180,NewYork,2026-06-18 00:00:00
KeyPers_NewYork_1232289,NewYork_MATERIEL_INFO_202606181,NewYork,2026-06-18 00:00:00
KeyPers_Paris_1233713,Paris_MATERIEL_INFO_202606180,Paris,2026-06-18 00:00:00
KeyPers_Paris_1232122,Paris_MATERIEL_INFO_202606181,Paris,2026-06-18 00:00:00
KeyPers_Paris_1233765,Paris_MATERIEL_INFO_202606182,Paris,2026-06-18 00:00:00
KeyPers_Paris_1233905,Paris_MATERIEL_INFO_202606183,Paris,2026-06-18 00:00:00
KeyPers_Paris_1234891,Paris_MATERIEL_INFO_202606184,Paris,2026-06-18 00:00:00
KeyPers_Paris_1233741,Paris_MATERIEL_INFO_202606185,Paris,2026-06-18 00:00:00
KeyPers_Paris_1231381,Paris_MATERIEL_INFO_202606186,Paris,2026-06-18 00:00:00
KeyPers_Paris_1230130,Paris_MATERIEL_INFO_202606187,Paris,2026-06-18 00:00:00
KeyPers_Paris_1232981,Paris_MATERIEL_INFO_202606188,Paris,2026-06-18 00:00:00
KeyPers_Paris_1234131,Paris_MATERIEL_INFO_202606189,Paris,2026-06-18 00:00:00
KeyPers_Paris_1233433,Paris_MATERIEL_INFO_2026061810,Paris,2026-06-18 00:00:00
KeyPers_Paris_1232768,Paris_MATERIEL_INFO_2026061811,Paris,2026-06-18 00:00:00
KeyPers_Shanghai_1230702,Shanghai_MATERIEL_INFO_202606180,Shanghai,2026-06-18 00:00:00
KeyPers_Shanghai_1230035,Shanghai_MATERIEL_INFO_202606181,Shanghai,2026-06-18 00:00:00
KeyPers_Shanghai_1230899,Shanghai_MATERIEL_INFO_202606182,Shanghai,2026-06-18 00:00:00
KeyPers_Shanghai_1230968,Shanghai_MATERIEL_INFO_202606183,Shanghai,2026-06-18 00:00:00
KeyPers_Shanghai_1230216,Shanghai_MATERIEL_INFO_202606184,Shanghai,2026-06-18 00:00:00
KeyPers_Shanghai_1230416,Shanghai_MATERIEL_INFO_202606185,Shanghai,2026-06-18 00:00:00
KeyPers_Berlin_1232123,BERLIN_MATERIEL_INFO_202606190,Berlin,2026-06-19 00:00:00
KeyPers_Berlin_1234102,BERLIN_MATERIEL_INFO_202606191,Berlin,2026-06-19 00:00:00
KeyPers_Berlin_1231213,BERLIN_MATERIEL_INFO_202606192,Berlin,2026-06-19 00:00:00
KeyPers_Berlin_1230337,BERLIN_MATERIEL_INFO_202606193,Berlin,2026-06-19 00:00:00
KeyPers_Berlin_1232356,BERLIN_MATERIEL_INFO_202606194,Berlin,2026-06-19 00:00:00
KeyPers_London_1232644,LONDON_MATERIEL_INFO_202606190,London,2026-06-19 00:00:00
KeyPers_London_1232256,LONDON_MATERIEL_INFO_202606191,London,2026-06-19 00:00:00
KeyPers_London_1231014,LONDON_MATERIEL_INFO_202606192,London,2026-06-19 00:00:00
KeyPers_London_1233525,LONDON_MATERIEL_INFO_202606193,London,2026-06-19 00:00:00
KeyPers_London_1233658,LONDON_MATERIEL_INFO_202606194,London,2026-06-19 00:00:00
KeyPers_London_1232172,LONDON_MATERIEL_INFO_202606195,London,2026-06-19 00:00:00
KeyPers_London_1233258,LONDON_MATERIEL_INFO_202606196,London,2026-06-19 00:00:00
KeyPers_London_1233654,LONDON_MATERIEL_INFO_202606197,London,2026-06-19 00:00:00
KeyPers_London_1232264,LONDON_MATERIEL_INFO_202606198,London,2026-06-19 00:00:00
KeyPers_London_1233632,LONDON_MATERIEL_INFO_202606199,London,2026-06-19 00:00:00
KeyPers_London_1233518,LONDON_MATERIEL_INFO_2026061910,London,2026-06-19 00:00:00
KeyPers_London_1232460,LONDON_MATERIEL_INFO_2026061911,London,2026-06-19 00:00:00
KeyPers_London_1234151,LONDON_MATERIEL_INFO_2026061912,London,2026-06-19 00:00:00
KeyPers_LA_1232449,LA_MATERIEL_INFO_202606190,LA,2026-06-19 00:00:00
KeyPers_LA_1231432,LA_MATERIEL_INFO_202606191,LA,2026-06-19 00:00:00
KeyPers_LA_1232408,LA_MATERIEL_INFO_202606192,LA,2026-06-19 00:00:00
KeyPers_LA_1232603,LA_MATERIEL_INFO_202606193,LA,2026-06-19 00:00:00
KeyPers_LA_1231166,LA_MATERIEL_INFO_202606194,LA,2026-06-19 00:00:00
KeyPers_LA_1230225,LA_MATERIEL_INFO_202606195,LA,2026-06-19 00:00:00
KeyPers_LA_1232239,LA_MATERIEL_INFO_202606196,LA,2026-06-19 00:00:00
KeyPers_LA_1230629,LA_MATERIEL_INFO_202606197,LA,2026-06-19 00:00:00
KeyPers_LA_1231466,LA_MATERIEL_INFO_202606198,LA,2026-06-19 00:00:00
KeyPers_LA_1231897,LA_MATERIEL_INFO_202606199,LA,2026-06-19 00:00:00
KeyPers_LA_1230734,LA_MATERIEL_INFO_2026061910,LA,2026-06-19 00:00:00
KeyPers_LA_1230395,LA_MATERIEL_INFO_2026061911,LA,2026-06-19 00:00:00
KeyPers_LA_1232630,LA_MATERIEL_INFO_2026061912,LA,2026-06-19 00:00:00
KeyPers_LA_1232745,LA_MATERIEL_INFO_2026061913,LA,2026-06-19 00:00:00
KeyPers_NewYork_1232774,NewYork_MATERIEL_INFO_202606190,NewYork,2026-06-19 00:00:00
KeyPers_NewYork_1232216,NewYork_MATERIEL_INFO_202606191,NewYork,2026-06-19 00:00:00
KeyPers_NewYork_1230134,NewYork_MATERIEL_INFO_202606192,NewYork,2026-06-19 00:00:00
KeyPers_NewYork_1230414,NewYork_MATERIEL_INFO_202606193,NewYork,2026-06-19 00:00:00
KeyPers_NewYork_1232239,NewYork_MATERIEL_INFO_202606194,NewYork,2026-06-19 00:00:00
KeyPers_NewYork_1233042,NewYork_MATERIEL_INFO_202606195,NewYork,2026-06-19 00:00:00
KeyPers_NewYork_1231582,NewYork_MATERIEL_INFO_202606196,NewYork,2026-06-19 00:00:00
KeyPers_Paris_1232391,Paris_MATERIEL_INFO_202606190,Paris,2026-06-19 00:00:00
KeyPers_Paris_1234718,Paris_MATERIEL_INFO_202606191,Paris,2026-06-19 00:00:00
KeyPers_Paris_1232071,Paris_MATERIEL_INFO_202606192,Paris,2026-06-19 00:00:00
KeyPers_Paris_1232143,Paris_MATERIEL_INFO_202606193,Paris,2026-06-19 00:00:00
KeyPers_Shanghai_1230205,Shanghai_MATERIEL_INFO_202606190,Shanghai,2026-06-19 00:00:00
KeyPers_Shanghai_1230057,Shanghai_MATERIEL_INFO_202606191,Shanghai,2026-06-19 00:00:00
KeyPers_Shanghai_1230308,Shanghai_MATERIEL_INFO_202606192,Shanghai,2026-06-19 00:00:00
KeyPers_Shanghai_1230402,Shanghai_MATERIEL_INFO_202606193,Shanghai,2026-06-19 00:00:00
KeyPers_Shanghai_1230663,Shanghai_MATERIEL_INFO_202606194,Shanghai,2026-06-19 00:00:00
KeyPers_Shanghai_1230861,Shanghai_MATERIEL_INFO_202606195,Shanghai,2026-06-19 00:00:00
KeyPers_Berlin_1230268,BERLIN_MATERIEL_INFO_202606200,Berlin,2026-06-20 00:00:00
KeyPers_Berlin_1231875,BERLIN_MATERIEL_INFO_202606201,Berlin,2026-06-20 00:00:00
KeyPers_Berlin_1231958,BERLIN_MATERIEL_INFO_202606202,Berlin,2026-06-20 00:00:00
KeyPers_Berlin_1231192,BERLIN_MATERIEL_INFO_202606203,Berlin,2026-06-20 00:00:00
KeyPers_Berlin_1232737,BERLIN_MATERIEL_INFO_202606204,Berlin,2026-06-20 00:00:00
KeyPers_London_1233313,LONDON_MATERIEL_INFO_202606200,London,2026-06-20 00:00:00
KeyPers_London_1232624,LONDON_MATERIEL_INFO_202606201,London,2026-06-20 00:00:00
KeyPers_London_1233341,LONDON_MATERIEL_INFO_202606202,London,2026-06-20 00:00:00
KeyPers_London_1232588,LONDON_MATERIEL_INFO_202606203,London,2026-06-20 00:00:00
KeyPers_London_1231374,LONDON_MATERIEL_INFO_202606204,London,2026-06-20 00:00:00
KeyPers_London_1231283,LONDON_MATERIEL_INFO_202606205,London,2026-06-20 00:00:00
KeyPers_London_1233991,LONDON_MATERIEL_INFO_202606206,London,2026-06-20 00:00:00
KeyPers_London_1232370,LONDON_MATERIEL_INFO_202606207,London,2026-06-20 00:00:00
KeyPers_LA_1231807,LA_MATERIEL_INFO_202606200,LA,2026-06-20 00:00:00
KeyPers_LA_1232891,LA_MATERIEL_INFO_202606201,LA,2026-06-20 00:00:00
KeyPers_LA_1232800,LA_MATERIEL_INFO_202606202,LA,2026-06-20 00:00:00
KeyPers_LA_1231831,LA_MATERIEL_INFO_202606203,LA,2026-06-20 00:00:00
KeyPers_LA_1232547,LA_MATERIEL_INFO_202606204,LA,2026-06-20 00:00:00
KeyPers_LA_1231841,LA_MATERIEL_INFO_202606205,LA,2026-06-20 00:00:00
KeyPers_LA_1231768,LA_MATERIEL_INFO_202606206,LA,2026-06-20 00:00:00
KeyPers_LA_1230634,LA_MATERIEL_INFO_202606207,LA,2026-06-20 00:00:00
KeyPers_LA_1232446,LA_MATERIEL_INFO_202606208,LA,2026-06-20 00:00:00
KeyPers_LA_1231900,LA_MATERIEL_INFO_202606209,LA,2026-06-20 00:00:00
KeyPers_LA_1230231,LA_MATERIEL_INFO_2026062010,LA,2026-06-20 00:00:00
KeyPers_LA_1231614,LA_MATERIEL_INFO_2026062011,LA,2026-06-20 00:00:00
KeyPers_LA_1231205,LA_MATERIEL_INFO_2026062012,LA,2026-06-20 00:00:00
KeyPers_NewYork_1232786,NewYork_MATERIEL_INFO_202606200,NewYork,2026-06-20 00:00:00
KeyPers_NewYork_1233028,NewYork_MATERIEL_INFO_202606201,NewYork,2026-06-20 00:00:00
KeyPers_NewYork_1232096,NewYork_MATERIEL_INFO_202606202,NewYork,2026-06-20 00:00:00
KeyPers_NewYork_1231537,NewYork_MATERIEL_INFO_202606203,NewYork,2026-06-20 00:00:00
KeyPers_NewYork_1231712,NewYork_MATERIEL_INFO_202606204,NewYork,2026-06-20 00:00:00
KeyPers_NewYork_1230072,NewYork_MATERIEL_INFO_202606205,NewYork,2026-06-20 00:00:00
KeyPers_NewYork_1231692,NewYork_MATERIEL_INFO_202606206,NewYork,2026-06-20 00:00:00
KeyPers_NewYork_1232592,NewYork_MATERIEL_INFO_202606207,NewYork,2026-06-20 00:00:00
KeyPers_NewYork_1231406,NewYork_MATERIEL_INFO_202606208,NewYork,2026-06-20 00:00:00
KeyPers_NewYork_1230071,NewYork_MATERIEL_INFO_202606209,NewYork,2026-06-20 00:00:00
KeyPers_NewYork_1232978,NewYork_MATERIEL_INFO_2026062010,NewYork,2026-06-20 00:00:00
KeyPers_NewYork_1230321,NewYork_MATERIEL_INFO_2026062011,NewYork,2026-06-20 00:00:00
KeyPers_Paris_1233409,Paris_MATERIEL_INFO_202606200,Paris,2026-06-20 00:00:00
KeyPers_Paris_1232009,Paris_MATERIEL_INFO_202606201,Paris,2026-06-20 00:00:00
KeyPers_Shanghai_1230256,Shanghai_MATERIEL_INFO_202606200,Shanghai,2026-06-20 00:00:00
KeyPers_Shanghai_1230780,Shanghai_MATERIEL_INFO_202606201,Shanghai,2026-06-20 00:00:00
KeyPers_Shanghai_1230690,Shanghai_MATERIEL_INFO_202606202,Shanghai,2026-06-20 00:00:00
KeyPers_Shanghai_1230602,Shanghai_MATERIEL_INFO_202606203,Shanghai,2026-06-20 00:00:00
KeyPers_Shanghai_1230969,Shanghai_MATERIEL_INFO_202606204,Shanghai,2026-06-20 00:00:00
KeyPers_Berlin_1230245,BERLIN_MATERIEL_INFO_202606210,Berlin,2026-06-21 00:00:00
KeyPers_Berlin_1234040,BERLIN_MATERIEL_INFO_202606211,Berlin,2026-06-21 00:00:00
KeyPers_Berlin_1231151,BERLIN_MATERIEL_INFO_202606212,Berlin,2026-06-21 00:00:00
KeyPers_Berlin_1233763,BERLIN_MATERIEL_INFO_202606213,Berlin,2026-06-21 00:00:00
KeyPers_London_1231637,LONDON_MATERIEL_INFO_202606210,London,2026-06-21 00:00:00
KeyPers_London_1231392,LONDON_MATERIEL_INFO_202606211,London,2026-06-21 00:00:00
KeyPers_London_1232609,LONDON_MATERIEL_INFO_202606212,London,2026-06-21 00:00:00
KeyPers_London_1234027,LONDON_MATERIEL_INFO_202606213,London,2026-06-21 00:00:00
KeyPers_London_1231205,LONDON_MATERIEL_INFO_202606214,London,2026-06-21 00:00:00
KeyPers_London_1231589,LONDON_MATERIEL_INFO_202606215,London,2026-06-21 00:00:00
KeyPers_London_1231650,LONDON_MATERIEL_INFO_202606216,London,2026-06-21 00:00:00
KeyPers_London_1233398,LONDON_MATERIEL_INFO_202606217,London,2026-06-21 00:00:00
KeyPers_London_1231562,LONDON_MATERIEL_INFO_202606218,London,2026-06-21 00:00:00
KeyPers_LA_1232974,LA_MATERIEL_INFO_202606210,LA,2026-06-21 00:00:00
KeyPers_LA_1230506,LA_MATERIEL_INFO_202606211,LA,2026-06-21 00:00:00
KeyPers_LA_1230844,LA_MATERIEL_INFO_202606212,LA,2026-06-21 00:00:00
KeyPers_LA_1231955,LA_MATERIEL_INFO_202606213,LA,2026-06-21 00:00:00
KeyPers_LA_1230962,LA_MATERIEL_INFO_202606214,LA,2026-06-21 00:00:00
KeyPers_NewYork_1230644,NewYork_MATERIEL_INFO_202606210,NewYork,2026-06-21 00:00:00
KeyPers_NewYork_1230155,NewYork_MATERIEL_INFO_202606211,NewYork,2026-06-21 00:00:00
KeyPers_NewYork_1230594,NewYork_MATERIEL_INFO_202606212,NewYork,2026-06-21 00:00:00
KeyPers_NewYork_1231517,NewYork_MATERIEL_INFO_202606213,NewYork,2026-06-21 00:00:00
KeyPers_NewYork_1230605,NewYork_MATERIEL_INFO_202606214,NewYork,2026-06-21 00:00:00
KeyPers_Paris_1231441,Paris_MATERIEL_INFO_202606210,Paris,2026-06-21 00:00:00
KeyPers_Paris_1234344,Paris_MATERIEL_INFO_202606211,Paris,2026-06-21 00:00:00
KeyPers_Paris_1233823,Paris_MATERIEL_INFO_202606212,Paris,2026-06-21 00:00:00
KeyPers_Paris_1230268,Paris_MATERIEL_INFO_202606213,Paris,2026-06-21 00:00:00
KeyPers_Paris_1231827,Paris_MATERIEL_INFO_202606214,Paris,2026-06-21 00:00:00
KeyPers_Paris_1230518,Paris_MATERIEL_INFO_202606215,Paris,2026-06-21 00:00:00
KeyPers_Paris_1233872,Paris_MATERIEL_INFO_202606216,Paris,2026-06-21 00:00:00
KeyPers_Paris_1232720,Paris_MATERIEL_INFO_202606217,Paris,2026-06-21 00:00:00
KeyPers_Shanghai_1230018,Shanghai_MATERIEL_INFO_202606210,Shanghai,2026-06-21 00:00:00
KeyPers_Shanghai_1230695,Shanghai_MATERIEL_INFO_202606211,Shanghai,2026-06-21 00:00:00
KeyPers_Berlin_1231201,BERLIN_MATERIEL_INFO_202606220,Berlin,2026-06-22 00:00:00
KeyPers_London_1232224,LONDON_MATERIEL_INFO_202606220,London,2026-06-22 00:00:00
KeyPers_London_1232640,LONDON_MATERIEL_INFO_202606221,London,2026-06-22 00:00:00
KeyPers_London_1232386,LONDON_MATERIEL_INFO_202606222,London,2026-06-22 00:00:00
KeyPers_London_1231220,LONDON_MATERIEL_INFO_202606223,London,2026-06-22 00:00:00
KeyPers_London_1230814,LONDON_MATERIEL_INFO_202606224,London,2026-06-22 00:00:00
KeyPers_London_1230663,LONDON_MATERIEL_INFO_202606225,London,2026-06-22 00:00:00
KeyPers_London_1231407,LONDON_MATERIEL_INFO_202606226,London,2026-06-22 00:00:00
KeyPers_London_1231113,LONDON_MATERIEL_INFO_202606227,London,2026-06-22 00:00:00
KeyPers_London_1232105,LONDON_MATERIEL_INFO_202606228,London,2026-06-22 00:00:00
KeyPers_London_1230510,LONDON_MATERIEL_INFO_202606229,London,2026-06-22 00:00:00
KeyPers_London_1230513,LONDON_MATERIEL_INFO_2026062210,London,2026-06-22 00:00:00
KeyPers_London_1234119,LONDON_MATERIEL_INFO_2026062211,London,2026-06-22 00:00:00
KeyPers_LA_1231099,LA_MATERIEL_INFO_202606220,LA,2026-06-22 00:00:00
KeyPers_NewYork_1232352,NewYork_MATERIEL_INFO_202606220,NewYork,2026-06-22 00:00:00
KeyPers_NewYork_1232644,NewYork_MATERIEL_INFO_202606221,NewYork,2026-06-22 00:00:00
KeyPers_NewYork_1230072,NewYork_MATERIEL_INFO_202606222,NewYork,2026-06-22 00:00:00
KeyPers_NewYork_1231300,NewYork_MATERIEL_INFO_202606223,NewYork,2026-06-22 00:00:00
KeyPers_NewYork_1231212,NewYork_MATERIEL_INFO_202606224,NewYork,2026-06-22 00:00:00
KeyPers_NewYork_1231456,NewYork_MATERIEL_INFO_202606225,NewYork,2026-06-22 00:00:00
KeyPers_Paris_1230084,Paris_MATERIEL_INFO_202606220,Paris,2026-06-22 00:00:00
KeyPers_Paris_1232885,Paris_MATERIEL_INFO_202606221,Paris,2026-06-22 00:00:00
KeyPers_Paris_1231033,Paris_MATERIEL_INFO_202606222,Paris,2026-06-22 00:00:00
KeyPers_Shanghai_1230820,Shanghai_MATERIEL_INFO_202606220,Shanghai,2026-06-22 00:00:00
KeyPers_Shanghai_1230701,Shanghai_MATERIEL_INFO_202606221,Shanghai,2026-06-22 00:00:00
KeyPers_Shanghai_1230276,Shanghai_MATERIEL_INFO_202606222,Shanghai,2026-06-22 00:00:00
KeyPers_Berlin_1233931,BERLIN_MATERIEL_INFO_202606230,Berlin,2026-06-23 00:00:00
KeyPers_Berlin_1231180,BERLIN_MATERIEL_INFO_202606231,Berlin,2026-06-23 00:00:00
KeyPers_Berlin_1232706,BERLIN_MATERIEL_INFO_202606232,Berlin,2026-06-23 00:00:00
KeyPers_Berlin_1231497,BERLIN_MATERIEL_INFO_202606233,Berlin,2026-06-23 00:00:00
KeyPers_Berlin_1233140,BERLIN_MATERIEL_INFO_202606234,Berlin,2026-06-23 00:00:00
KeyPers_Berlin_1232701,BERLIN_MATERIEL_INFO_202606235,Berlin,2026-06-23 00:00:00
KeyPers_London_1230992,LONDON_MATERIEL_INFO_202606230,London,2026-06-23 00:00:00
KeyPers_London_1233659,LONDON_MATERIEL_INFO_202606231,London,2026-06-23 00:00:00
KeyPers_LA_1230559,LA_MATERIEL_INFO_202606230,LA,2026-06-23 00:00:00
KeyPers_LA_1230887,LA_MATERIEL_INFO_202606231,LA,2026-06-23 00:00:00
KeyPers_LA_1231624,LA_MATERIEL_INFO_202606232,LA,2026-06-23 00:00:00
KeyPers_LA_1230068,LA_MATERIEL_INFO_202606233,LA,2026-06-23 00:00:00
KeyPers_NewYork_1232030,NewYork_MATERIEL_INFO_202606230,NewYork,2026-06-23 00:00:00
KeyPers_NewYork_1230434,NewYork_MATERIEL_INFO_202606231,NewYork,2026-06-23 00:00:00
KeyPers_NewYork_1231814,NewYork_MATERIEL_INFO_202606232,NewYork,2026-06-23 00:00:00
KeyPers_NewYork_1231592,NewYork_MATERIEL_INFO_202606233,NewYork,2026-06-23 00:00:00
KeyPers_NewYork_1230078,NewYork_MATERIEL_INFO_202606234,NewYork,2026-06-23 00:00:00
KeyPers_Paris_1230342,Paris_MATERIEL_INFO_202606230,Paris,2026-06-23 00:00:00
KeyPers_Paris_1231765,Paris_MATERIEL_INFO_202606231,Paris,2026-06-23 00:00:00
KeyPers_Paris_1230346,Paris_MATERIEL_INFO_202606232,Paris,2026-06-23 00:00:00
KeyPers_Paris_1230600,Paris_MATERIEL_INFO_202606233,Paris,2026-06-23 00:00:00
KeyPers_Paris_1232601,Paris_MATERIEL_INFO_202606234,Paris,2026-06-23 00:00:00
KeyPers_Paris_1231627,Paris_MATERIEL_INFO_202606235,Paris,2026-06-23 00:00:00
KeyPers_Paris_1234155,Paris_MATERIEL_INFO_202606236,Paris,2026-06-23 00:00:00
KeyPers_Paris_1231976,Paris_MATERIEL_INFO_202606237,Paris,2026-06-23 00:00:00
KeyPers_Paris_1234503,Paris_MATERIEL_INFO_202606238,Paris,2026-06-23 00:00:00
KeyPers_Paris_1231099,Paris_MATERIEL_INFO_202606239,Paris,2026-06-23 00:00:00
KeyPers_Paris_1234926,Paris_MATERIEL_INFO_2026062310,Paris,2026-06-23 00:00:00
KeyPers_Paris_1230477,Paris_MATERIEL_INFO_2026062311,Paris,2026-06-23 00:00:00
KeyPers_Paris_1231537,Paris_MATERIEL_INFO_2026062312,Paris,2026-06-23 00:00:00
KeyPers_Paris_1234100,Paris_MATERIEL_INFO_2026062313,Paris,2026-06-23 00:00:00
KeyPers_Shanghai_1230440,Shanghai_MATERIEL_INFO_202606230,Shanghai,2026-06-23 00:00:00
KeyPers_Shanghai_1230558,Shanghai_MATERIEL_INFO_202606231,Shanghai,2026-06-23 00:00:00
KeyPers_Shanghai_1230804,Shanghai_MATERIEL_INFO_202606232,Shanghai,2026-06-23 00:00:00
KeyPers_Shanghai_1230831,Shanghai_MATERIEL_INFO_202606233,Shanghai,2026-06-23 00:00:00
KeyPers_Shanghai_1230941,Shanghai_MATERIEL_INFO_202606234,Shanghai,2026-06-23 00:00:00
KeyPers_Shanghai_1230337,Shanghai_MATERIEL_INFO_202606235,Shanghai,2026-06-23 00:00:00
KeyPers_Shanghai_1230683,Shanghai_MATERIEL_INFO_202606236,Shanghai,2026-06-23 00:00:00
KeyPers_Berlin_1233837,BERLIN_MATERIEL_INFO_202606240,Berlin,2026-06-24 00:00:00
KeyPers_Berlin_1232631,BERLIN_MATERIEL_INFO_202606241,Berlin,2026-06-24 00:00:00
KeyPers_Berlin_1231003,BERLIN_MATERIEL_INFO_202606242,Berlin,2026-06-24 00:00:00
KeyPers_Berlin_1233775,BERLIN_MATERIEL_INFO_202606243,Berlin,2026-06-24 00:00:00
KeyPers_Berlin_1233044,BERLIN_MATERIEL_INFO_202606244,Berlin,2026-06-24 00:00:00
KeyPers_Berlin_1231636,BERLIN_MATERIEL_INFO_202606245,Berlin,2026-06-24 00:00:00
KeyPers_London_1233588,LONDON_MATERIEL_INFO_202606240,London,2026-06-24 00:00:00
KeyPers_London_1232686,LONDON_MATERIEL_INFO_202606241,London,2026-06-24 00:00:00
KeyPers_London_1233526,LONDON_MATERIEL_INFO_202606242,London,2026-06-24 00:00:00
KeyPers_London_1230405,LONDON_MATERIEL_INFO_202606243,London,2026-06-24 00:00:00
KeyPers_London_1231358,LONDON_MATERIEL_INFO_202606244,London,2026-06-24 00:00:00
KeyPers_London_1233282,LONDON_MATERIEL_INFO_202606245,London,2026-06-24 00:00:00
KeyPers_London_1231297,LONDON_MATERIEL_INFO_202606246,London,2026-06-24 00:00:00
KeyPers_London_1231721,LONDON_MATERIEL_INFO_202606247,London,2026-06-24 00:00:00
KeyPers_London_1232233,LONDON_MATERIEL_INFO_202606248,London,2026-06-24 00:00:00
KeyPers_London_1230643,LONDON_MATERIEL_INFO_202606249,London,2026-06-24 00:00:00
KeyPers_London_1232130,LONDON_MATERIEL_INFO_2026062410,London,2026-06-24 00:00:00
KeyPers_London_1231040,LONDON_MATERIEL_INFO_2026062411,London,2026-06-24 00:00:00
KeyPers_London_1231087,LONDON_MATERIEL_INFO_2026062412,London,2026-06-24 00:00:00
KeyPers_LA_1231455,LA_MATERIEL_INFO_202606240,LA,2026-06-24 00:00:00
KeyPers_LA_1232894,LA_MATERIEL_INFO_202606241,LA,2026-06-24 00:00:00
KeyPers_LA_1232117,LA_MATERIEL_INFO_202606242,LA,2026-06-24 00:00:00
KeyPers_LA_1230201,LA_MATERIEL_INFO_202606243,LA,2026-06-24 00:00:00
KeyPers_LA_1232655,LA_MATERIEL_INFO_202606244,LA,2026-06-24 00:00:00
KeyPers_LA_1231350,LA_MATERIEL_INFO_202606245,LA,2026-06-24 00:00:00
KeyPers_LA_1231826,LA_MATERIEL_INFO_202606246,LA,2026-06-24 00:00:00
KeyPers_LA_1230620,LA_MATERIEL_INFO_202606247,LA,2026-06-24 00:00:00
KeyPers_LA_1231349,LA_MATERIEL_INFO_202606248,LA,2026-06-24 00:00:00
KeyPers_LA_1232406,LA_MATERIEL_INFO_202606249,LA,2026-06-24 00:00:00
KeyPers_LA_1232370,LA_MATERIEL_INFO_2026062410,LA,2026-06-24 00:00:00
KeyPers_LA_1231414,LA_MATERIEL_INFO_2026062411,LA,2026-06-24 00:00:00
KeyPers_LA_1230853,LA_MATERIEL_INFO_2026062412,LA,2026-06-24 00:00:00
KeyPers_NewYork_1231379,NewYork_MATERIEL_INFO_202606240,NewYork,2026-06-24 00:00:00
KeyPers_NewYork_1231238,NewYork_MATERIEL_INFO_202606241,NewYork,2026-06-24 00:00:00
KeyPers_NewYork_1231086,NewYork_MATERIEL_INFO_202606242,NewYork,2026-06-24 00:00:00
KeyPers_Paris_1234349,Paris_MATERIEL_INFO_202606240,Paris,2026-06-24 00:00:00
KeyPers_Shanghai_1230544,Shanghai_MATERIEL_INFO_202606240,Shanghai,2026-06-24 00:00:00
KeyPers_Shanghai_1230896,Shanghai_MATERIEL_INFO_202606241,Shanghai,2026-06-24 00:00:00
KeyPers_Shanghai_1230291,Shanghai_MATERIEL_INFO_202606242,Shanghai,2026-06-24 00:00:00
KeyPers_Shanghai_1230484,Shanghai_MATERIEL_INFO_202606243,Shanghai,2026-06-24 00:00:00
KeyPers_Shanghai_1230804,Shanghai_MATERIEL_INFO_202606244,Shanghai,2026-06-24 00:00:00
KeyPers_Shanghai_1230197,Shanghai_MATERIEL_INFO_202606245,Shanghai,2026-06-24 00:00:00
KeyPers_Shanghai_1230939,Shanghai_MATERIEL_INFO_202606246,Shanghai,2026-06-24 00:00:00
KeyPers_Shanghai_1230617,Shanghai_MATERIEL_INFO_202606247,Shanghai,2026-06-24 00:00:00
KeyPers_Shanghai_1230882,Shanghai_MATERIEL_INFO_202606248,Shanghai,2026-06-24 00:00:00
KeyPers_Shanghai_1230479,Shanghai_MATERIEL_INFO_202606249,Shanghai,2026-06-24 00:00:00
KeyPers_Shanghai_1230741,Shanghai_MATERIEL_INFO_2026062410,Shanghai,2026-06-24 00:00:00
KeyPers_Shanghai_1230507,Shanghai_MATERIEL_INFO_2026062411,Shanghai,2026-06-24 00:00:00
KeyPers_Berlin_1232019,BERLIN_MATERIEL_INFO_202606250,Berlin,2026-06-25 00:00:00
KeyPers_Berlin_1232505,BERLIN_MATERIEL_INFO_202606251,Berlin,2026-06-25 00:00:00
KeyPers_Berlin_1231375,BERLIN_MATERIEL_INFO_202606252,Berlin,2026-06-25 00:00:00
KeyPers_London_1230768,LONDON_MATERIEL_INFO_202606250,London,2026-06-25 00:00:00
KeyPers_London_1230061,LONDON_MATERIEL_INFO_202606251,London,2026-06-25 00:00:00
KeyPers_London_1231028,LONDON_MATERIEL_INFO_202606252,London,2026-06-25 00:00:00
KeyPers_London_1233089,LONDON_MATERIEL_INFO_202606253,London,2026-06-25 00:00:00
KeyPers_London_1230779,LONDON_MATERIEL_INFO_202606254,London,2026-06-25 00:00:00
KeyPers_London_1231328,LONDON_MATERIEL_INFO_202606255,London,2026-06-25 00:00:00
KeyPers_London_1230863,LONDON_MATERIEL_INFO_202606256,London,2026-06-25 00:00:00
KeyPers_London_1232092,LONDON_MATERIEL_INFO_202606257,London,2026-06-25 00:00:00
KeyPers_London_1231761,LONDON_MATERIEL_INFO_202606258,London,2026-06-25 00:00:00
KeyPers_London_1233970,LONDON_MATERIEL_INFO_202606259,London,2026-06-25 00:00:00
KeyPers_London_1233635,LONDON_MATERIEL_INFO_2026062510,London,2026-06-25 00:00:00
KeyPers_London_1233078,LONDON_MATERIEL_INFO_2026062511,London,2026-06-25 00:00:00
KeyPers_London_1231845,LONDON_MATERIEL_INFO_2026062512,London,2026-06-25 00:00:00
KeyPers_London_1232830,LONDON_MATERIEL_INFO_2026062513,London,2026-06-25 00:00:00
KeyPers_LA_1230546,LA_MATERIEL_INFO_202606250,LA,2026-06-25 00:00:00
KeyPers_NewYork_1231456,NewYork_MATERIEL_INFO_202606250,NewYork,2026-06-25 00:00:00
KeyPers_NewYork_1231264,NewYork_MATERIEL_INFO_202606251,NewYork,2026-06-25 00:00:00
KeyPers_NewYork_1230513,NewYork_MATERIEL_INFO_202606252,NewYork,2026-06-25 00:00:00
KeyPers_NewYork_1230456,NewYork_MATERIEL_INFO_202606253,NewYork,2026-06-25 00:00:00
KeyPers_NewYork_1232114,NewYork_MATERIEL_INFO_202606254,NewYork,2026-06-25 00:00:00
KeyPers_NewYork_1231128,NewYork_MATERIEL_INFO_202606255,NewYork,2026-06-25 00:00:00
KeyPers_Paris_1233240,Paris_MATERIEL_INFO_202606250,Paris,2026-06-25 00:00:00
KeyPers_Paris_1231690,Paris_MATERIEL_INFO_202606251,Paris,2026-06-25 00:00:00
KeyPers_Paris_1231263,Paris_MATERIEL_INFO_202606252,Paris,2026-06-25 00:00:00
KeyPers_Paris_1233275,Paris_MATERIEL_INFO_202606253,Paris,2026-06-25 00:00:00
KeyPers_Paris_1230224,Paris_MATERIEL_INFO_202606254,Paris,2026-06-25 00:00:00
KeyPers_Paris_1231256,Paris_MATERIEL_INFO_202606255,Paris,2026-06-25 00:00:00
KeyPers_Paris_1233006,Paris_MATERIEL_INFO_202606256,Paris,2026-06-25 00:00:00
KeyPers_Paris_1232811,Paris_MATERIEL_INFO_202606257,Paris,2026-06-25 00:00:00
KeyPers_Paris_1230270,Paris_MATERIEL_INFO_202606258,Paris,2026-06-25 00:00:00
KeyPers_Paris_1232727,Paris_MATERIEL_INFO_202606259,Paris,2026-06-25 00:00:00
KeyPers_Paris_1233130,Paris_MATERIEL_INFO_2026062510,Paris,2026-06-25 00:00:00
KeyPers_Paris_1232206,Paris_MATERIEL_INFO_2026062511,Paris,2026-06-25 00:00:00
KeyPers_Shanghai_1230707,Shanghai_MATERIEL_INFO_202606250,Shanghai,2026-06-25 00:00:00
KeyPers_Shanghai_1230126,Shanghai_MATERIEL_INFO_202606251,Shanghai,2026-06-25 00:00:00
KeyPers_Shanghai_1230790,Shanghai_MATERIEL_INFO_202606252,Shanghai,2026-06-25 00:00:00
KeyPers_Shanghai_1230091,Shanghai_MATERIEL_INFO_202606253,Shanghai,2026-06-25 00:00:00
KeyPers_Shanghai_1230748,Shanghai_MATERIEL_INFO_202606254,Shanghai,2026-06-25 00:00:00
KeyPers_Shanghai_1230718,Shanghai_MATERIEL_INFO_202606255,Shanghai,2026-06-25 00:00:00
KeyPers_Shanghai_1230713,Shanghai_MATERIEL_INFO_202606256,Shanghai,2026-06-25 00:00:00
KeyPers_Shanghai_1230283,Shanghai_MATERIEL_INFO_202606257,Shanghai,2026-06-25 00:00:00
KeyPers_Shanghai_1230193,Shanghai_MATERIEL_INFO_202606258,Shanghai,2026-06-25 00:00:00
KeyPers_Shanghai_1230381,Shanghai_MATERIEL_INFO_202606259,Shanghai,2026-06-25 00:00:00
KeyPers_Shanghai_1230491,Shanghai_MATERIEL_INFO_2026062510,Shanghai,2026-06-25 00:00:00
KeyPers_Shanghai_1230929,Shanghai_MATERIEL_INFO_2026062511,Shanghai,2026-06-25 00:00:00
KeyPers_Berlin_1234165,BERLIN_MATERIEL_INFO_202606260,Berlin,2026-06-26 00:00:00
KeyPers_Berlin_1232673,BERLIN_MATERIEL_INFO_202606261,Berlin,2026-06-26 00:00:00
KeyPers_Berlin_1231429,BERLIN_MATERIEL_INFO_202606262,Berlin,2026-06-26 00:00:00
KeyPers_Berlin_1232132,BERLIN_MATERIEL_INFO_202606263,Berlin,2026-06-26 00:00:00
KeyPers_Berlin_1232750,BERLIN_MATERIEL_INFO_202606264,Berlin,2026-06-26 00:00:00
KeyPers_London_1234183,LONDON_MATERIEL_INFO_202606260,London,2026-06-26 00:00:00
KeyPers_London_1230743,LONDON_MATERIEL_INFO_202606261,London,2026-06-26 00:00:00
KeyPers_London_1230619,LONDON_MATERIEL_INFO_202606262,London,2026-06-26 00:00:00
KeyPers_London_1232102,LONDON_MATERIEL_INFO_202606263,London,2026-06-26 00:00:00
KeyPers_London_1232440,LONDON_MATERIEL_INFO_202606264,London,2026-06-26 00:00:00
KeyPers_London_1231649,LONDON_MATERIEL_INFO_202606265,London,2026-06-26 00:00:00
KeyPers_London_1232157,LONDON_MATERIEL_INFO_202606266,London,2026-06-26 00:00:00
KeyPers_London_1233817,LONDON_MATERIEL_INFO_202606267,London,2026-06-26 00:00:00
KeyPers_London_1232002,LONDON_MATERIEL_INFO_202606268,London,2026-06-26 00:00:00
KeyPers_London_1230662,LONDON_MATERIEL_INFO_202606269,London,2026-06-26 00:00:00
KeyPers_London_1230131,LONDON_MATERIEL_INFO_2026062610,London,2026-06-26 00:00:00
KeyPers_London_1234096,LONDON_MATERIEL_INFO_2026062611,London,2026-06-26 00:00:00
KeyPers_LA_1232787,LA_MATERIEL_INFO_202606260,LA,2026-06-26 00:00:00
KeyPers_NewYork_1230171,NewYork_MATERIEL_INFO_202606260,NewYork,2026-06-26 00:00:00
KeyPers_Paris_1234459,Paris_MATERIEL_INFO_202606260,Paris,2026-06-26 00:00:00
KeyPers_Paris_1231538,Paris_MATERIEL_INFO_202606261,Paris,2026-06-26 00:00:00
KeyPers_Paris_1232958,Paris_MATERIEL_INFO_202606262,Paris,2026-06-26 00:00:00
KeyPers_Paris_1233070,Paris_MATERIEL_INFO_202606263,Paris,2026-06-26 00:00:00
KeyPers_Shanghai_1230115,Shanghai_MATERIEL_INFO_202606260,Shanghai,2026-06-26 00:00:00
KeyPers_Shanghai_1230013,Shanghai_MATERIEL_INFO_202606261,Shanghai,2026-06-26 00:00:00
KeyPers_Shanghai_1230832,Shanghai_MATERIEL_INFO_202606262,Shanghai,2026-06-26 00:00:00
KeyPers_Shanghai_1230955,Shanghai_MATERIEL_INFO_202606263,Shanghai,2026-06-26 00:00:00
KeyPers_Shanghai_1230692,Shanghai_MATERIEL_INFO_202606264,Shanghai,2026-06-26 00:00:00
KeyPers_Shanghai_1230213,Shanghai_MATERIEL_INFO_202606265,Shanghai,2026-06-26 00:00:00
KeyPers_Shanghai_1230616,Shanghai_MATERIEL_INFO_202606266,Shanghai,2026-06-26 00:00:00
KeyPers_Shanghai_1230908,Shanghai_MATERIEL_INFO_202606267,Shanghai,2026-06-26 00:00:00
KeyPers_Shanghai_1230606,Shanghai_MATERIEL_INFO_202606268,Shanghai,2026-06-26 00:00:00
KeyPers_Shanghai_1230549,Shanghai_MATERIEL_INFO_202606269,Shanghai,2026-06-26 00:00:00
KeyPers_Shanghai_1230540,Shanghai_MATERIEL_INFO_2026062610,Shanghai,2026-06-26 00:00:00
KeyPers_Shanghai_1230512,Shanghai_MATERIEL_INFO_2026062611,Shanghai,2026-06-26 00:00:00
KeyPers_Berlin_1231057,BERLIN_MATERIEL_INFO_202606270,Berlin,2026-06-27 00:00:00
KeyPers_London_1231308,LONDON_MATERIEL_INFO_202606270,London,2026-06-27 00:00:00
KeyPers_London_1233169,LONDON_MATERIEL_INFO_202606271,London,2026-06-27 00:00:00
KeyPers_London_1231279,LONDON_MATERIEL_INFO_202606272,London,2026-06-27 00:00:00
KeyPers_London_1233845,LONDON_MATERIEL_INFO_202606273,London,2026-06-27 00:00:00
KeyPers_London_1231900,LONDON_MATERIEL_INFO_202606274,London,2026-06-27 00:00:00
KeyPers_LA_1232085,LA_MATERIEL_INFO_202606270,LA,2026-06-27 00:00:00
KeyPers_LA_1230648,LA_MATERIEL_INFO_202606271,LA,2026-06-27 00:00:00
KeyPers_LA_1232962,LA_MATERIEL_INFO_202606272,LA,2026-06-27 00:00:00
KeyPers_LA_1233005,LA_MATERIEL_INFO_202606273,LA,2026-06-27 00:00:00
KeyPers_LA_1232348,LA_MATERIEL_INFO_202606274,LA,2026-06-27 00:00:00
KeyPers_LA_1232718,LA_MATERIEL_INFO_202606275,LA,2026-06-27 00:00:00
KeyPers_LA_1231393,LA_MATERIEL_INFO_202606276,LA,2026-06-27 00:00:00
KeyPers_LA_1232462,LA_MATERIEL_INFO_202606277,LA,2026-06-27 00:00:00
KeyPers_LA_1230242,LA_MATERIEL_INFO_202606278,LA,2026-06-27 00:00:00
KeyPers_LA_1230217,LA_MATERIEL_INFO_202606279,LA,2026-06-27 00:00:00
KeyPers_NewYork_1232032,NewYork_MATERIEL_INFO_202606270,NewYork,2026-06-27 00:00:00
KeyPers_NewYork_1232074,NewYork_MATERIEL_INFO_202606271,NewYork,2026-06-27 00:00:00
KeyPers_NewYork_1231029,NewYork_MATERIEL_INFO_202606272,NewYork,2026-06-27 00:00:00
KeyPers_NewYork_1232171,NewYork_MATERIEL_INFO_202606273,NewYork,2026-06-27 00:00:00
KeyPers_NewYork_1230131,NewYork_MATERIEL_INFO_202606274,NewYork,2026-06-27 00:00:00
KeyPers_NewYork_1231539,NewYork_MATERIEL_INFO_202606275,NewYork,2026-06-27 00:00:00
KeyPers_Paris_1232362,Paris_MATERIEL_INFO_202606270,Paris,2026-06-27 00:00:00
KeyPers_Shanghai_1230945,Shanghai_MATERIEL_INFO_202606270,Shanghai,2026-06-27 00:00:00
KeyPers_Shanghai_1230058,Shanghai_MATERIEL_INFO_202606271,Shanghai,2026-06-27 00:00:00
KeyPers_Shanghai_1230319,Shanghai_MATERIEL_INFO_202606272,Shanghai,2026-06-27 00:00:00
KeyPers_Shanghai_1230836,Shanghai_MATERIEL_INFO_202606273,Shanghai,2026-06-27 00:00:00
KeyPers_Shanghai_1230179,Shanghai_MATERIEL_INFO_202606274,Shanghai,2026-06-27 00:00:00
KeyPers_Shanghai_1230831,Shanghai_MATERIEL_INFO_202606275,Shanghai,2026-06-27 00:00:00
KeyPers_Shanghai_1230106,Shanghai_MATERIEL_INFO_202606276,Shanghai,2026-06-27 00:00:00
KeyPers_Shanghai_1230011,Shanghai_MATERIEL_INFO_202606277,Shanghai,2026-06-27 00:00:00
KeyPers_Shanghai_1230547,Shanghai_MATERIEL_INFO_202606278,Shanghai,2026-06-27 00:00:00
KeyPers_Shanghai_1230728,Shanghai_MATERIEL_INFO_202606279,Shanghai,2026-06-27 00:00:00
KeyPers_Shanghai_1230670,Shanghai_MATERIEL_INFO_2026062710,Shanghai,2026-06-27 00:00:00
KeyPers_Shanghai_1230938,Shanghai_MATERIEL_INFO_2026062711,Shanghai,2026-06-27 00:00:00
KeyPers_Shanghai_1230018,Shanghai_MATERIEL_INFO_2026062712,Shanghai,2026-06-27 00:00:00
KeyPers_Berlin_1233604,BERLIN_MATERIEL_INFO_202606280,Berlin,2026-06-28 00:00:00
KeyPers_Berlin_1230622,BERLIN_MATERIEL_INFO_202606281,Berlin,2026-06-28 00:00:00
KeyPers_Berlin_1233180,BERLIN_MATERIEL_INFO_202606282,Berlin,2026-06-28 00:00:00
KeyPers_London_1231441,LONDON_MATERIEL_INFO_202606280,London,2026-06-28 00:00:00
KeyPers_London_1230957,LONDON_MATERIEL_INFO_202606281,London,2026-06-28 00:00:00
KeyPers_London_1233613,LONDON_MATERIEL_INFO_202606282,London,2026-06-28 00:00:00
KeyPers_LA_1230690,LA_MATERIEL_INFO_202606280,LA,2026-06-28 00:00:00
KeyPers_LA_1230700,LA_MATERIEL_INFO_202606281,LA,2026-06-28 00:00:00
KeyPers_LA_1231328,LA_MATERIEL_INFO_202606282,LA,2026-06-28 00:00:00
KeyPers_LA_1230293,LA_MATERIEL_INFO_202606283,LA,2026-06-28 00:00:00
KeyPers_LA_1231937,LA_MATERIEL_INFO_202606284,LA,2026-06-28 00:00:00
KeyPers_LA_1231461,LA_MATERIEL_INFO_202606285,LA,2026-06-28 00:00:00
KeyPers_LA_1231921,LA_MATERIEL_INFO_202606286,LA,2026-06-28 00:00:00
KeyPers_LA_1230962,LA_MATERIEL_INFO_202606287,LA,2026-06-28 00:00:00
KeyPers_LA_1231036,LA_MATERIEL_INFO_202606288,LA,2026-06-28 00:00:00
KeyPers_NewYork_1230211,NewYork_MATERIEL_INFO_202606280,NewYork,2026-06-28 00:00:00
KeyPers_NewYork_1231392,NewYork_MATERIEL_INFO_202606281,NewYork,2026-06-28 00:00:00
KeyPers_NewYork_1230864,NewYork_MATERIEL_INFO_202606282,NewYork,2026-06-28 00:00:00
KeyPers_NewYork_1230362,NewYork_MATERIEL_INFO_202606283,NewYork,2026-06-28 00:00:00
KeyPers_NewYork_1232705,NewYork_MATERIEL_INFO_202606284,NewYork,2026-06-28 00:00:00
KeyPers_NewYork_1232875,NewYork_MATERIEL_INFO_202606285,NewYork,2026-06-28 00:00:00
KeyPers_NewYork_1232333,NewYork_MATERIEL_INFO_202606286,NewYork,2026-06-28 00:00:00
KeyPers_NewYork_1230510,NewYork_MATERIEL_INFO_202606287,NewYork,2026-06-28 00:00:00
KeyPers_NewYork_1230222,NewYork_MATERIEL_INFO_202606288,NewYork,2026-06-28 00:00:00
KeyPers_NewYork_1230613,NewYork_MATERIEL_INFO_202606289,NewYork,2026-06-28 00:00:00
KeyPers_NewYork_1230470,NewYork_MATERIEL_INFO_2026062810,NewYork,2026-06-28 00:00:00
KeyPers_NewYork_1230127,NewYork_MATERIEL_INFO_2026062811,NewYork,2026-06-28 00:00:00
KeyPers_Paris_1232106,Paris_MATERIEL_INFO_202606280,Paris,2026-06-28 00:00:00
KeyPers_Paris_1233418,Paris_MATERIEL_INFO_202606281,Paris,2026-06-28 00:00:00
KeyPers_Paris_1233160,Paris_MATERIEL_INFO_202606282,Paris,2026-06-28 00:00:00
KeyPers_Shanghai_1230865,Shanghai_MATERIEL_INFO_202606280,Shanghai,2026-06-28 00:00:00
KeyPers_Shanghai_1230012,Shanghai_MATERIEL_INFO_202606281,Shanghai,2026-06-28 00:00:00
KeyPers_Shanghai_1230944,Shanghai_MATERIEL_INFO_202606282,Shanghai,2026-06-28 00:00:00
KeyPers_Shanghai_1230685,Shanghai_MATERIEL_INFO_202606283,Shanghai,2026-06-28 00:00:00
KeyPers_Shanghai_1230885,Shanghai_MATERIEL_INFO_202606284,Shanghai,2026-06-28 00:00:00
KeyPers_Shanghai_1230443,Shanghai_MATERIEL_INFO_202606285,Shanghai,2026-06-28 00:00:00
KeyPers_Berlin_1233936,BERLIN_MATERIEL_INFO_202606290,Berlin,2026-06-29 00:00:00
KeyPers_Berlin_1232204,BERLIN_MATERIEL_INFO_202606291,Berlin,2026-06-29 00:00:00
KeyPers_Berlin_1233717,BERLIN_MATERIEL_INFO_202606292,Berlin,2026-06-29 00:00:00
KeyPers_London_1233396,LONDON_MATERIEL_INFO_202606290,London,2026-06-29 00:00:00
KeyPers_London_1230921,LONDON_MATERIEL_INFO_202606291,London,2026-06-29 00:00:00
KeyPers_London_1232271,LONDON_MATERIEL_INFO_202606292,London,2026-06-29 00:00:00
KeyPers_London_1234152,LONDON_MATERIEL_INFO_202606293,London,2026-06-29 00:00:00
KeyPers_London_1233009,LONDON_MATERIEL_INFO_202606294,London,2026-06-29 00:00:00
KeyPers_London_1231608,LONDON_MATERIEL_INFO_202606295,London,2026-06-29 00:00:00
KeyPers_London_1231515,LONDON_MATERIEL_INFO_202606296,London,2026-06-29 00:00:00
KeyPers_London_1232851,LONDON_MATERIEL_INFO_202606297,London,2026-06-29 00:00:00
KeyPers_London_1234069,LONDON_MATERIEL_INFO_202606298,London,2026-06-29 00:00:00
KeyPers_LA_1230701,LA_MATERIEL_INFO_202606290,LA,2026-06-29 00:00:00
KeyPers_LA_1230753,LA_MATERIEL_INFO_202606291,LA,2026-06-29 00:00:00
KeyPers_LA_1232048,LA_MATERIEL_INFO_202606292,LA,2026-06-29 00:00:00
KeyPers_LA_1232448,LA_MATERIEL_INFO_202606293,LA,2026-06-29 00:00:00
KeyPers_LA_1230485,LA_MATERIEL_INFO_202606294,LA,2026-06-29 00:00:00
KeyPers_LA_1230051,LA_MATERIEL_INFO_202606295,LA,2026-06-29 00:00:00
KeyPers_LA_1231866,LA_MATERIEL_INFO_202606296,LA,2026-06-29 00:00:00
KeyPers_LA_1230713,LA_MATERIEL_INFO_202606297,LA,2026-06-29 00:00:00
KeyPers_LA_1230457,LA_MATERIEL_INFO_202606298,LA,2026-06-29 00:00:00
KeyPers_LA_1231667,LA_MATERIEL_INFO_202606299,LA,2026-06-29 00:00:00
KeyPers_LA_1230915,LA_MATERIEL_INFO_2026062910,LA,2026-06-29 00:00:00
KeyPers_LA_1231277,LA_MATERIEL_INFO_2026062911,LA,2026-06-29 00:00:00
KeyPers_NewYork_1232131,NewYork_MATERIEL_INFO_202606290,NewYork,2026-06-29 00:00:00
KeyPers_NewYork_1231837,NewYork_MATERIEL_INFO_202606291,NewYork,2026-06-29 00:00:00
KeyPers_NewYork_1231896,NewYork_MATERIEL_INFO_202606292,NewYork,2026-06-29 00:00:00
KeyPers_NewYork_1230583,NewYork_MATERIEL_INFO_202606293,NewYork,2026-06-29 00:00:00
KeyPers_NewYork_1230285,NewYork_MATERIEL_INFO_202606294,NewYork,2026-06-29 00:00:00
KeyPers_NewYork_1232768,NewYork_MATERIEL_INFO_202606295,NewYork,2026-06-29 00:00:00
KeyPers_NewYork_1231091,NewYork_MATERIEL_INFO_202606296,NewYork,2026-06-29 00:00:00
KeyPers_NewYork_1230767,NewYork_MATERIEL_INFO_202606297,NewYork,2026-06-29 00:00:00
KeyPers_Paris_1233902,Paris_MATERIEL_INFO_202606290,Paris,2026-06-29 00:00:00
KeyPers_Paris_1234089,Paris_MATERIEL_INFO_202606291,Paris,2026-06-29 00:00:00
KeyPers_Paris_1234795,Paris_MATERIEL_INFO_202606292,Paris,2026-06-29 00:00:00
KeyPers_Paris_1232479,Paris_MATERIEL_INFO_202606293,Paris,2026-06-29 00:00:00
KeyPers_Paris_1232223,Paris_MATERIEL_INFO_202606294,Paris,2026-06-29 00:00:00
KeyPers_Paris_1231158,Paris_MATERIEL_INFO_202606295,Paris,2026-06-29 00:00:00
KeyPers_Paris_1233640,Paris_MATERIEL_INFO_202606296,Paris,2026-06-29 00:00:00
KeyPers_Paris_1230716,Paris_MATERIEL_INFO_202606297,Paris,2026-06-29 00:00:00
KeyPers_Paris_1233399,Paris_MATERIEL_INFO_202606298,Paris,2026-06-29 00:00:00
KeyPers_Paris_1232910,Paris_MATERIEL_INFO_202606299,Paris,2026-06-29 00:00:00
KeyPers_Shanghai_1230781,Shanghai_MATERIEL_INFO_202606290,Shanghai,2026-06-29 00:00:00
KeyPers_Shanghai_1230065,Shanghai_MATERIEL_INFO_202606291,Shanghai,2026-06-29 00:00:00
KeyPers_Shanghai_1230845,Shanghai_MATERIEL_INFO_202606292,Shanghai,2026-06-29 00:00:00
KeyPers_Shanghai_1230305,Shanghai_MATERIEL_INFO_202606293,Shanghai,2026-06-29 00:00:00
KeyPers_Shanghai_1230247,Shanghai_MATERIEL_INFO_202606294,Shanghai,2026-06-29 00:00:00
KeyPers_Shanghai_1230125,Shanghai_MATERIEL_INFO_202606295,Shanghai,2026-06-29 00:00:00
KeyPers_Shanghai_1230380,Shanghai_MATERIEL_INFO_202606296,Shanghai,2026-06-29 00:00:00
KeyPers_Shanghai_1230163,Shanghai_MATERIEL_INFO_202606297,Shanghai,2026-06-29 00:00:00
KeyPers_Berlin_1230321,BERLIN_MATERIEL_INFO_202606300,Berlin,2026-06-30 00:00:00
KeyPers_Berlin_1233922,BERLIN_MATERIEL_INFO_202606301,Berlin,2026-06-30 00:00:00
KeyPers_Berlin_1231815,BERLIN_MATERIEL_INFO_202606302,Berlin,2026-06-30 00:00:00
KeyPers_London_1233562,LONDON_MATERIEL_INFO_202606300,London,2026-06-30 00:00:00
KeyPers_London_1231385,LONDON_MATERIEL_INFO_202606301,London,2026-06-30 00:00:00
KeyPers_London_1231177,LONDON_MATERIEL_INFO_202606302,London,2026-06-30 00:00:00
KeyPers_London_1232518,LONDON_MATERIEL_INFO_202606303,London,2026-06-30 00:00:00
KeyPers_London_1233045,LONDON_MATERIEL_INFO_202606304,London,2026-06-30 00:00:00
KeyPers_London_1230915,LONDON_MATERIEL_INFO_202606305,London,2026-06-30 00:00:00
KeyPers_London_1232845,LONDON_MATERIEL_INFO_202606306,London,2026-06-30 00:00:00
KeyPers_London_1232327,LONDON_MATERIEL_INFO_202606307,London,2026-06-30 00:00:00
KeyPers_London_1234088,LONDON_MATERIEL_INFO_202606308,London,2026-06-30 00:00:00
KeyPers_London_1233271,LONDON_MATERIEL_INFO_202606309,London,2026-06-30 00:00:00
KeyPers_LA_1232105,LA_MATERIEL_INFO_202606300,LA,2026-06-30 00:00:00
KeyPers_LA_1232731,LA_MATERIEL_INFO_202606301,LA,2026-06-30 00:00:00
KeyPers_LA_1232703,LA_MATERIEL_INFO_202606302,LA,2026-06-30 00:00:00
KeyPers_LA_1231863,LA_MATERIEL_INFO_202606303,LA,2026-06-30 00:00:00
KeyPers_LA_1230010,LA_MATERIEL_INFO_202606304,LA,2026-06-30 00:00:00
KeyPers_LA_1230022,LA_MATERIEL_INFO_202606305,LA,2026-06-30 00:00:00
KeyPers_LA_1232022,LA_MATERIEL_INFO_202606306,LA,2026-06-30 00:00:00
KeyPers_LA_1232820,LA_MATERIEL_INFO_202606307,LA,2026-06-30 00:00:00
KeyPers_LA_1232824,LA_MATERIEL_INFO_202606308,LA,2026-06-30 00:00:00
KeyPers_LA_1230361,LA_MATERIEL_INFO_202606309,LA,2026-06-30 00:00:00
KeyPers_NewYork_1232288,NewYork_MATERIEL_INFO_202606300,NewYork,2026-06-30 00:00:00
KeyPers_NewYork_1232032,NewYork_MATERIEL_INFO_202606301,NewYork,2026-06-30 00:00:00
KeyPers_NewYork_1231674,NewYork_MATERIEL_INFO_202606302,NewYork,2026-06-30 00:00:00
KeyPers_NewYork_1231682,NewYork_MATERIEL_INFO_202606303,NewYork,2026-06-30 00:00:00
KeyPers_NewYork_1231509,NewYork_MATERIEL_INFO_202606304,NewYork,2026-06-30 00:00:00
KeyPers_NewYork_1232586,NewYork_MATERIEL_INFO_202606305,NewYork,2026-06-30 00:00:00
KeyPers_NewYork_1230261,NewYork_MATERIEL_INFO_202606306,NewYork,2026-06-30 00:00:00
KeyPers_NewYork_1230727,NewYork_MATERIEL_INFO_202606307,NewYork,2026-06-30 00:00:00
KeyPers_NewYork_1232215,NewYork_MATERIEL_INFO_202606308,NewYork,2026-06-30 00:00:00
KeyPers_NewYork_1232429,NewYork_MATERIEL_INFO_202606309,NewYork,2026-06-30 00:00:00
KeyPers_NewYork_1231387,NewYork_MATERIEL_INFO_2026063010,NewYork,2026-06-30 00:00:00
KeyPers_NewYork_1230736,NewYork_MATERIEL_INFO_2026063011,NewYork,2026-06-30 00:00:00
KeyPers_Paris_1234493,Paris_MATERIEL_INFO_202606300,Paris,2026-06-30 00:00:00
KeyPers_Paris_1233504,Paris_MATERIEL_INFO_202606301,Paris,2026-06-30 00:00:00
KeyPers_Paris_1230670,Paris_MATERIEL_INFO_202606302,Paris,2026-06-30 00:00:00
KeyPers_Paris_1232201,Paris_MATERIEL_INFO_202606303,Paris,2026-06-30 00:00:00
KeyPers_Paris_1234487,Paris_MATERIEL_INFO_202606304,Paris,2026-06-30 00:00:00
KeyPers_Paris_1233677,Paris_MATERIEL_INFO_202606305,Paris,2026-06-30 00:00:00
KeyPers_Paris_1233537,Paris_MATERIEL_INFO_202606306,Paris,2026-06-30 00:00:00
KeyPers_Paris_1233186,Paris_MATERIEL_INFO_202606307,Paris,2026-06-30 00:00:00
KeyPers_Paris_1230086,Paris_MATERIEL_INFO_202606308,Paris,2026-06-30 00:00:00
KeyPers_Paris_1230190,Paris_MATERIEL_INFO_202606309,Paris,2026-06-30 00:00:00
KeyPers_Paris_1234790,Paris_MATERIEL_INFO_2026063010,Paris,2026-06-30 00:00:00
KeyPers_Paris_1232141,Paris_MATERIEL_INFO_2026063011,Paris,2026-06-30 00:00:00
KeyPers_Paris_1234297,Paris_MATERIEL_INFO_2026063012,Paris,2026-06-30 00:00:00
KeyPers_Shanghai_1230340,Shanghai_MATERIEL_INFO_202606300,Shanghai,2026-06-30 00:00:00
KeyPers_Shanghai_1230208,Shanghai_MATERIEL_INFO_202606301,Shanghai,2026-06-30 00:00:00
KeyPers_Shanghai_1230026,Shanghai_MATERIEL_INFO_202606302,Shanghai,2026-06-30 00:00:00
KeyPers_Shanghai_1230239,Shanghai_MATERIEL_INFO_202606303,Shanghai,2026-06-30 00:00:00
KeyPers_Berlin_1231746,BERLIN_MATERIEL_INFO_202607010,Berlin,2026-07-01 00:00:00
KeyPers_Berlin_1233375,BERLIN_MATERIEL_INFO_202607011,Berlin,2026-07-01 00:00:00
KeyPers_Berlin_1232227,BERLIN_MATERIEL_INFO_202607012,Berlin,2026-07-01 00:00:00
KeyPers_Berlin_1233859,BERLIN_MATERIEL_INFO_202607013,Berlin,2026-07-01 00:00:00
KeyPers_Berlin_1230540,BERLIN_MATERIEL_INFO_202607014,Berlin,2026-07-01 00:00:00
KeyPers_London_1230393,LONDON_MATERIEL_INFO_202607010,London,2026-07-01 00:00:00
KeyPers_London_1231812,LONDON_MATERIEL_INFO_202607011,London,2026-07-01 00:00:00
KeyPers_London_1233744,LONDON_MATERIEL_INFO_202607012,London,2026-07-01 00:00:00
KeyPers_London_1230254,LONDON_MATERIEL_INFO_202607013,London,2026-07-01 00:00:00
KeyPers_London_1233107,LONDON_MATERIEL_INFO_202607014,London,2026-07-01 00:00:00
KeyPers_London_1230793,LONDON_MATERIEL_INFO_202607015,London,2026-07-01 00:00:00
KeyPers_London_1232540,LONDON_MATERIEL_INFO_202607016,London,2026-07-01 00:00:00
KeyPers_London_1230722,LONDON_MATERIEL_INFO_202607017,London,2026-07-01 00:00:00
KeyPers_London_1230665,LONDON_MATERIEL_INFO_202607018,London,2026-07-01 00:00:00
KeyPers_LA_1230612,LA_MATERIEL_INFO_202607010,LA,2026-07-01 00:00:00
KeyPers_LA_1232362,LA_MATERIEL_INFO_202607011,LA,2026-07-01 00:00:00
KeyPers_LA_1230278,LA_MATERIEL_INFO_202607012,LA,2026-07-01 00:00:00
KeyPers_LA_1231313,LA_MATERIEL_INFO_202607013,LA,2026-07-01 00:00:00
KeyPers_NewYork_1230411,NewYork_MATERIEL_INFO_202607010,NewYork,2026-07-01 00:00:00
KeyPers_NewYork_1230916,NewYork_MATERIEL_INFO_202607011,NewYork,2026-07-01 00:00:00
KeyPers_NewYork_1232617,NewYork_MATERIEL_INFO_202607012,NewYork,2026-07-01 00:00:00
KeyPers_NewYork_1231322,NewYork_MATERIEL_INFO_202607013,NewYork,2026-07-01 00:00:00
KeyPers_NewYork_1231478,NewYork_MATERIEL_INFO_202607014,NewYork,2026-07-01 00:00:00
KeyPers_NewYork_1230764,NewYork_MATERIEL_INFO_202607015,NewYork,2026-07-01 00:00:00
KeyPers_Paris_1230440,Paris_MATERIEL_INFO_202607010,Paris,2026-07-01 00:00:00
KeyPers_Paris_1234658,Paris_MATERIEL_INFO_202607011,Paris,2026-07-01 00:00:00
KeyPers_Paris_1231289,Paris_MATERIEL_INFO_202607012,Paris,2026-07-01 00:00:00
KeyPers_Paris_1230224,Paris_MATERIEL_INFO_202607013,Paris,2026-07-01 00:00:00
KeyPers_Paris_1232895,Paris_MATERIEL_INFO_202607014,Paris,2026-07-01 00:00:00
KeyPers_Paris_1234279,Paris_MATERIEL_INFO_202607015,Paris,2026-07-01 00:00:00
KeyPers_Shanghai_1230613,Shanghai_MATERIEL_INFO_202607010,Shanghai,2026-07-01 00:00:00
KeyPers_Shanghai_1230398,Shanghai_MATERIEL_INFO_202607011,Shanghai,2026-07-01 00:00:00
KeyPers_Shanghai_1230892,Shanghai_MATERIEL_INFO_202607012,Shanghai,2026-07-01 00:00:00
KeyPers_Shanghai_1230572,Shanghai_MATERIEL_INFO_202607013,Shanghai,2026-07-01 00:00:00
KeyPers_Shanghai_1230532,Shanghai_MATERIEL_INFO_202607014,Shanghai,2026-07-01 00:00:00
KeyPers_Shanghai_1230760,Shanghai_MATERIEL_INFO_202607015,Shanghai,2026-07-01 00:00:00
KeyPers_Shanghai_1230301,Shanghai_MATERIEL_INFO_202607016,Shanghai,2026-07-01 00:00:00
KeyPers_Shanghai_1230746,Shanghai_MATERIEL_INFO_202607017,Shanghai,2026-07-01 00:00:00
KeyPers_Shanghai_1230736,Shanghai_MATERIEL_INFO_202607018,Shanghai,2026-07-01 00:00:00
KeyPers_Berlin_1233309,BERLIN_MATERIEL_INFO_202607020,Berlin,2026-07-02 00:00:00
KeyPers_Berlin_1230498,BERLIN_MATERIEL_INFO_202607021,Berlin,2026-07-02 00:00:00
KeyPers_Berlin_1231313,BERLIN_MATERIEL_INFO_202607022,Berlin,2026-07-02 00:00:00
KeyPers_Berlin_1230598,BERLIN_MATERIEL_INFO_202607023,Berlin,2026-07-02 00:00:00
KeyPers_Berlin_1233557,BERLIN_MATERIEL_INFO_202607024,Berlin,2026-07-02 00:00:00
KeyPers_Berlin_1232556,BERLIN_MATERIEL_INFO_202607025,Berlin,2026-07-02 00:00:00
KeyPers_London_1231049,LONDON_MATERIEL_INFO_202607020,London,2026-07-02 00:00:00
KeyPers_London_1233234,LONDON_MATERIEL_INFO_202607021,London,2026-07-02 00:00:00
KeyPers_London_1232177,LONDON_MATERIEL_INFO_202607022,London,2026-07-02 00:00:00
KeyPers_London_1234009,LONDON_MATERIEL_INFO_202607023,London,2026-07-02 00:00:00
KeyPers_London_1234215,LONDON_MATERIEL_INFO_202607024,London,2026-07-02 00:00:00
KeyPers_London_1230284,LONDON_MATERIEL_INFO_202607025,London,2026-07-02 00:00:00
KeyPers_London_1231488,LONDON_MATERIEL_INFO_202607026,London,2026-07-02 00:00:00
KeyPers_London_1230064,LONDON_MATERIEL_INFO_202607027,London,2026-07-02 00:00:00
KeyPers_London_1232198,LONDON_MATERIEL_INFO_202607028,London,2026-07-02 00:00:00
KeyPers_London_1232385,LONDON_MATERIEL_INFO_202607029,London,2026-07-02 00:00:00
KeyPers_London_1232133,LONDON_MATERIEL_INFO_2026070210,London,2026-07-02 00:00:00
KeyPers_LA_1230687,LA_MATERIEL_INFO_202607020,LA,2026-07-02 00:00:00
KeyPers_LA_1232718,LA_MATERIEL_INFO_202607021,LA,2026-07-02 00:00:00
KeyPers_LA_1231205,LA_MATERIEL_INFO_202607022,LA,2026-07-02 00:00:00
KeyPers_LA_1230940,LA_MATERIEL_INFO_202607023,LA,2026-07-02 00:00:00
KeyPers_LA_1230295,LA_MATERIEL_INFO_202607024,LA,2026-07-02 00:00:00
KeyPers_LA_1231651,LA_MATERIEL_INFO_202607025,LA,2026-07-02 00:00:00
KeyPers_LA_1232225,LA_MATERIEL_INFO_202607026,LA,2026-07-02 00:00:00
KeyPers_LA_1230050,LA_MATERIEL_INFO_202607027,LA,2026-07-02 00:00:00
KeyPers_NewYork_1231394,NewYork_MATERIEL_INFO_202607020,NewYork,2026-07-02 00:00:00
KeyPers_NewYork_1232668,NewYork_MATERIEL_INFO_202607021,NewYork,2026-07-02 00:00:00
KeyPers_NewYork_1231126,NewYork_MATERIEL_INFO_202607022,NewYork,2026-07-02 00:00:00
KeyPers_Paris_1230485,Paris_MATERIEL_INFO_202607020,Paris,2026-07-02 00:00:00
KeyPers_Paris_1232774,Paris_MATERIEL_INFO_202607021,Paris,2026-07-02 00:00:00
KeyPers_Paris_1230257,Paris_MATERIEL_INFO_202607022,Paris,2026-07-02 00:00:00
KeyPers_Paris_1231146,Paris_MATERIEL_INFO_202607023,Paris,2026-07-02 00:00:00
KeyPers_Shanghai_1230704,Shanghai_MATERIEL_INFO_202607020,Shanghai,2026-07-02 00:00:00
KeyPers_Shanghai_1230349,Shanghai_MATERIEL_INFO_202607021,Shanghai,2026-07-02 00:00:00
KeyPers_Shanghai_1230108,Shanghai_MATERIEL_INFO_202607022,Shanghai,2026-07-02 00:00:00
KeyPers_Shanghai_1230275,Shanghai_MATERIEL_INFO_202607023,Shanghai,2026-07-02 00:00:00
KeyPers_Shanghai_1230842,Shanghai_MATERIEL_INFO_202607024,Shanghai,2026-07-02 00:00:00
KeyPers_Shanghai_1230080,Shanghai_MATERIEL_INFO_202607025,Shanghai,2026-07-02 00:00:00
KeyPers_Shanghai_1230017,Shanghai_MATERIEL_INFO_202607026,Shanghai,2026-07-02 00:00:00
KeyPers_Shanghai_1230922,Shanghai_MATERIEL_INFO_202607027,Shanghai,2026-07-02 00:00:00
KeyPers_Berlin_1232448,BERLIN_MATERIEL_INFO_202607030,Berlin,2026-07-03 00:00:00
KeyPers_Berlin_1231811,BERLIN_MATERIEL_INFO_202607031,Berlin,2026-07-03 00:00:00
KeyPers_Berlin_1232491,BERLIN_MATERIEL_INFO_202607032,Berlin,2026-07-03 00:00:00
KeyPers_London_1233885,LONDON_MATERIEL_INFO_202607030,London,2026-07-03 00:00:00
KeyPers_London_1231149,LONDON_MATERIEL_INFO_202607031,London,2026-07-03 00:00:00
KeyPers_London_1231581,LONDON_MATERIEL_INFO_202607032,London,2026-07-03 00:00:00
KeyPers_London_1232249,LONDON_MATERIEL_INFO_202607033,London,2026-07-03 00:00:00
KeyPers_London_1232325,LONDON_MATERIEL_INFO_202607034,London,2026-07-03 00:00:00
KeyPers_London_1232125,LONDON_MATERIEL_INFO_202607035,London,2026-07-03 00:00:00
KeyPers_London_1234010,LONDON_MATERIEL_INFO_202607036,London,2026-07-03 00:00:00
KeyPers_London_1232489,LONDON_MATERIEL_INFO_202607037,London,2026-07-03 00:00:00
KeyPers_London_1233496,LONDON_MATERIEL_INFO_202607038,London,2026-07-03 00:00:00
KeyPers_London_1233724,LONDON_MATERIEL_INFO_202607039,London,2026-07-03 00:00:00
KeyPers_London_1232777,LONDON_MATERIEL_INFO_2026070310,London,2026-07-03 00:00:00
KeyPers_London_1232754,LONDON_MATERIEL_INFO_2026070311,London,2026-07-03 00:00:00
KeyPers_London_1230398,LONDON_MATERIEL_INFO_2026070312,London,2026-07-03 00:00:00
KeyPers_LA_1232311,LA_MATERIEL_INFO_202607030,LA,2026-07-03 00:00:00
KeyPers_LA_1231654,LA_MATERIEL_INFO_202607031,LA,2026-07-03 00:00:00
KeyPers_LA_1232107,LA_MATERIEL_INFO_202607032,LA,2026-07-03 00:00:00
KeyPers_LA_1230777,LA_MATERIEL_INFO_202607033,LA,2026-07-03 00:00:00
KeyPers_LA_1232482,LA_MATERIEL_INFO_202607034,LA,2026-07-03 00:00:00
KeyPers_LA_1232335,LA_MATERIEL_INFO_202607035,LA,2026-07-03 00:00:00
KeyPers_LA_1231453,LA_MATERIEL_INFO_202607036,LA,2026-07-03 00:00:00
KeyPers_LA_1232652,LA_MATERIEL_INFO_202607037,LA,2026-07-03 00:00:00
KeyPers_LA_1230878,LA_MATERIEL_INFO_202607038,LA,2026-07-03 00:00:00
KeyPers_LA_1230414,LA_MATERIEL_INFO_202607039,LA,2026-07-03 00:00:00
KeyPers_LA_1232332,LA_MATERIEL_INFO_2026070310,LA,2026-07-03 00:00:00
KeyPers_NewYork_1232819,NewYork_MATERIEL_INFO_202607030,NewYork,2026-07-03 00:00:00
KeyPers_NewYork_1230083,NewYork_MATERIEL_INFO_202607031,NewYork,2026-07-03 00:00:00
KeyPers_NewYork_1231181,NewYork_MATERIEL_INFO_202607032,NewYork,2026-07-03 00:00:00
KeyPers_Paris_1233927,Paris_MATERIEL_INFO_202607030,Paris,2026-07-03 00:00:00
KeyPers_Paris_1231383,Paris_MATERIEL_INFO_202607031,Paris,2026-07-03 00:00:00
KeyPers_Paris_1234525,Paris_MATERIEL_INFO_202607032,Paris,2026-07-03 00:00:00
KeyPers_Paris_1232306,Paris_MATERIEL_INFO_202607033,Paris,2026-07-03 00:00:00
KeyPers_Paris_1234744,Paris_MATERIEL_INFO_202607034,Paris,2026-07-03 00:00:00
KeyPers_Paris_1232238,Paris_MATERIEL_INFO_202607035,Paris,2026-07-03 00:00:00
KeyPers_Paris_1234732,Paris_MATERIEL_INFO_202607036,Paris,2026-07-03 00:00:00
KeyPers_Paris_1230063,Paris_MATERIEL_INFO_202607037,Paris,2026-07-03 00:00:00
KeyPers_Paris_1233032,Paris_MATERIEL_INFO_202607038,Paris,2026-07-03 00:00:00
KeyPers_Paris_1234092,Paris_MATERIEL_INFO_202607039,Paris,2026-07-03 00:00:00
KeyPers_Shanghai_1230530,Shanghai_MATERIEL_INFO_202607030,Shanghai,2026-07-03 00:00:00
KeyPers_Shanghai_1230829,Shanghai_MATERIEL_INFO_202607031,Shanghai,2026-07-03 00:00:00
KeyPers_Shanghai_1230951,Shanghai_MATERIEL_INFO_202607032,Shanghai,2026-07-03 00:00:00
KeyPers_Shanghai_1230264,Shanghai_MATERIEL_INFO_202607033,Shanghai,2026-07-03 00:00:00
KeyPers_Shanghai_1230278,Shanghai_MATERIEL_INFO_202607034,Shanghai,2026-07-03 00:00:00
KeyPers_Shanghai_1230849,Shanghai_MATERIEL_INFO_202607035,Shanghai,2026-07-03 00:00:00
KeyPers_Shanghai_1230407,Shanghai_MATERIEL_INFO_202607036,Shanghai,2026-07-03 00:00:00
KeyPers_Shanghai_1230766,Shanghai_MATERIEL_INFO_202607037,Shanghai,2026-07-03 00:00:00
KeyPers_Berlin_1233675,BERLIN_MATERIEL_INFO_202607040,Berlin,2026-07-04 00:00:00
KeyPers_Berlin_1232405,BERLIN_MATERIEL_INFO_202607041,Berlin,2026-07-04 00:00:00
KeyPers_Berlin_1233100,BERLIN_MATERIEL_INFO_202607042,Berlin,2026-07-04 00:00:00
KeyPers_London_1233836,LONDON_MATERIEL_INFO_202607040,London,2026-07-04 00:00:00
KeyPers_London_1233756,LONDON_MATERIEL_INFO_202607041,London,2026-07-04 00:00:00
KeyPers_London_1233494,LONDON_MATERIEL_INFO_202607042,London,2026-07-04 00:00:00
KeyPers_London_1233913,LONDON_MATERIEL_INFO_202607043,London,2026-07-04 00:00:00
KeyPers_London_1230588,LONDON_MATERIEL_INFO_202607044,London,2026-07-04 00:00:00
KeyPers_LA_1232376,LA_MATERIEL_INFO_202607040,LA,2026-07-04 00:00:00
KeyPers_LA_1231191,LA_MATERIEL_INFO_202607041,LA,2026-07-04 00:00:00
KeyPers_LA_1230689,LA_MATERIEL_INFO_202607042,LA,2026-07-04 00:00:00
KeyPers_LA_1231089,LA_MATERIEL_INFO_202607043,LA,2026-07-04 00:00:00
KeyPers_LA_1230469,LA_MATERIEL_INFO_202607044,LA,2026-07-04 00:00:00
KeyPers_LA_1232634,LA_MATERIEL_INFO_202607045,LA,2026-07-04 00:00:00
KeyPers_LA_1231366,LA_MATERIEL_INFO_202607046,LA,2026-07-04 00:00:00
KeyPers_LA_1230970,LA_MATERIEL_INFO_202607047,LA,2026-07-04 00:00:00
KeyPers_LA_1231798,LA_MATERIEL_INFO_202607048,LA,2026-07-04 00:00:00
KeyPers_LA_1231130,LA_MATERIEL_INFO_202607049,LA,2026-07-04 00:00:00
KeyPers_LA_1230658,LA_MATERIEL_INFO_2026070410,LA,2026-07-04 00:00:00
KeyPers_LA_1231900,LA_MATERIEL_INFO_2026070411,LA,2026-07-04 00:00:00
KeyPers_NewYork_1232547,NewYork_MATERIEL_INFO_202607040,NewYork,2026-07-04 00:00:00
KeyPers_NewYork_1233009,NewYork_MATERIEL_INFO_202607041,NewYork,2026-07-04 00:00:00
KeyPers_NewYork_1231717,NewYork_MATERIEL_INFO_202607042,NewYork,2026-07-04 00:00:00
KeyPers_NewYork_1231814,NewYork_MATERIEL_INFO_202607043,NewYork,2026-07-04 00:00:00
KeyPers_NewYork_1232935,NewYork_MATERIEL_INFO_202607044,NewYork,2026-07-04 00:00:00
KeyPers_NewYork_1232099,NewYork_MATERIEL_INFO_202607045,NewYork,2026-07-04 00:00:00
KeyPers_NewYork_1231071,NewYork_MATERIEL_INFO_202607046,NewYork,2026-07-04 00:00:00
KeyPers_NewYork_1232395,NewYork_MATERIEL_INFO_202607047,NewYork,2026-07-04 00:00:00
KeyPers_NewYork_1231109,NewYork_MATERIEL_INFO_202607048,NewYork,2026-07-04 00:00:00
KeyPers_NewYork_1232589,NewYork_MATERIEL_INFO_202607049,NewYork,2026-07-04 00:00:00
KeyPers_NewYork_1232145,NewYork_MATERIEL_INFO_2026070410,NewYork,2026-07-04 00:00:00
KeyPers_NewYork_1231714,NewYork_MATERIEL_INFO_2026070411,NewYork,2026-07-04 00:00:00
KeyPers_Paris_1232165,Paris_MATERIEL_INFO_202607040,Paris,2026-07-04 00:00:00
KeyPers_Paris_1233352,Paris_MATERIEL_INFO_202607041,Paris,2026-07-04 00:00:00
KeyPers_Paris_1232340,Paris_MATERIEL_INFO_202607042,Paris,2026-07-04 00:00:00
KeyPers_Paris_1230104,Paris_MATERIEL_INFO_202607043,Paris,2026-07-04 00:00:00
KeyPers_Shanghai_1230464,Shanghai_MATERIEL_INFO_202607040,Shanghai,2026-07-04 00:00:00
KeyPers_Shanghai_1230702,Shanghai_MATERIEL_INFO_202607041,Shanghai,2026-07-04 00:00:00
KeyPers_Shanghai_1230639,Shanghai_MATERIEL_INFO_202607042,Shanghai,2026-07-04 00:00:00
KeyPers_Shanghai_1230887,Shanghai_MATERIEL_INFO_202607043,Shanghai,2026-07-04 00:00:00
KeyPers_Shanghai_1230583,Shanghai_MATERIEL_INFO_202607044,Shanghai,2026-07-04 00:00:00
KeyPers_Shanghai_1230071,Shanghai_MATERIEL_INFO_202607045,Shanghai,2026-07-04 00:00:00
KeyPers_Shanghai_1230597,Shanghai_MATERIEL_INFO_202607046,Shanghai,2026-07-04 00:00:00
KeyPers_Berlin_1231367,BERLIN_MATERIEL_INFO_202607050,Berlin,2026-07-05 00:00:00
KeyPers_Berlin_1230180,BERLIN_MATERIEL_INFO_202607051,Berlin,2026-07-05 00:00:00
KeyPers_Berlin_1232060,BERLIN_MATERIEL_INFO_202607052,Berlin,2026-07-05 00:00:00
KeyPers_Berlin_1233790,BERLIN_MATERIEL_INFO_202607053,Berlin,2026-07-05 00:00:00
KeyPers_Berlin_1234040,BERLIN_MATERIEL_INFO_202607054,Berlin,2026-07-05 00:00:00
KeyPers_London_1231832,LONDON_MATERIEL_INFO_202607050,London,2026-07-05 00:00:00
KeyPers_London_1233984,LONDON_MATERIEL_INFO_202607051,London,2026-07-05 00:00:00
KeyPers_London_1231919,LONDON_MATERIEL_INFO_202607052,London,2026-07-05 00:00:00
KeyPers_London_1232402,LONDON_MATERIEL_INFO_202607053,London,2026-07-05 00:00:00
KeyPers_London_1232997,LONDON_MATERIEL_INFO_202607054,London,2026-07-05 00:00:00
KeyPers_London_1231225,LONDON_MATERIEL_INFO_202607055,London,2026-07-05 00:00:00
KeyPers_London_1232590,LONDON_MATERIEL_INFO_202607056,London,2026-07-05 00:00:00
KeyPers_London_1231561,LONDON_MATERIEL_INFO_202607057,London,2026-07-05 00:00:00
KeyPers_London_1232222,LONDON_MATERIEL_INFO_202607058,London,2026-07-05 00:00:00
KeyPers_London_1233394,LONDON_MATERIEL_INFO_202607059,London,2026-07-05 00:00:00
KeyPers_LA_1231925,LA_MATERIEL_INFO_202607050,LA,2026-07-05 00:00:00
KeyPers_LA_1231975,LA_MATERIEL_INFO_202607051,LA,2026-07-05 00:00:00
KeyPers_NewYork_1232690,NewYork_MATERIEL_INFO_202607050,NewYork,2026-07-05 00:00:00
KeyPers_NewYork_1232217,NewYork_MATERIEL_INFO_202607051,NewYork,2026-07-05 00:00:00
KeyPers_NewYork_1231864,NewYork_MATERIEL_INFO_202607052,NewYork,2026-07-05 00:00:00
KeyPers_NewYork_1231511,NewYork_MATERIEL_INFO_202607053,NewYork,2026-07-05 00:00:00
KeyPers_NewYork_1231617,NewYork_MATERIEL_INFO_202607054,NewYork,2026-07-05 00:00:00
KeyPers_NewYork_1231188,NewYork_MATERIEL_INFO_202607055,NewYork,2026-07-05 00:00:00
KeyPers_NewYork_1231412,NewYork_MATERIEL_INFO_202607056,NewYork,2026-07-05 00:00:00
KeyPers_NewYork_1231807,NewYork_MATERIEL_INFO_202607057,NewYork,2026-07-05 00:00:00
KeyPers_NewYork_1230990,NewYork_MATERIEL_INFO_202607058,NewYork,2026-07-05 00:00:00
KeyPers_NewYork_1232820,NewYork_MATERIEL_INFO_202607059,NewYork,2026-07-05 00:00:00
KeyPers_NewYork_1232395,NewYork_MATERIEL_INFO_2026070510,NewYork,2026-07-05 00:00:00
KeyPers_NewYork_1231808,NewYork_MATERIEL_INFO_2026070511,NewYork,2026-07-05 00:00:00
KeyPers_NewYork_1230348,NewYork_MATERIEL_INFO_2026070512,NewYork,2026-07-05 00:00:00
KeyPers_NewYork_1231325,NewYork_MATERIEL_INFO_2026070513,NewYork,2026-07-05 00:00:00
KeyPers_Paris_1231614,Paris_MATERIEL_INFO_202607050,Paris,2026-07-05 00:00:00
KeyPers_Paris_1232111,Paris_MATERIEL_INFO_202607051,Paris,2026-07-05 00:00:00
KeyPers_Paris_1234880,Paris_MATERIEL_INFO_202607052,Paris,2026-07-05 00:00:00
KeyPers_Shanghai_1230876,Shanghai_MATERIEL_INFO_202607050,Shanghai,2026-07-05 00:00:00
KeyPers_Shanghai_1230546,Shanghai_MATERIEL_INFO_202607051,Shanghai,2026-07-05 00:00:00
KeyPers_Shanghai_1230728,Shanghai_MATERIEL_INFO_202607052,Shanghai,2026-07-05 00:00:00
KeyPers_Shanghai_1230831,Shanghai_MATERIEL_INFO_202607053,Shanghai,2026-07-05 00:00:00
KeyPers_Berlin_1230960,BERLIN_MATERIEL_INFO_202607060,Berlin,2026-07-06 00:00:00
KeyPers_London_1231292,LONDON_MATERIEL_INFO_202607060,London,2026-07-06 00:00:00
KeyPers_London_1230381,LONDON_MATERIEL_INFO_202607061,London,2026-07-06 00:00:00
KeyPers_London_1232398,LONDON_MATERIEL_INFO_202607062,London,2026-07-06 00:00:00
KeyPers_London_1233274,LONDON_MATERIEL_INFO_202607063,London,2026-07-06 00:00:00
KeyPers_London_1234069,LONDON_MATERIEL_INFO_202607064,London,2026-07-06 00:00:00
KeyPers_London_1232819,LONDON_MATERIEL_INFO_202607065,London,2026-07-06 00:00:00
KeyPers_London_1233222,LONDON_MATERIEL_INFO_202607066,London,2026-07-06 00:00:00
KeyPers_London_1234054,LONDON_MATERIEL_INFO_202607067,London,2026-07-06 00:00:00
KeyPers_London_1232411,LONDON_MATERIEL_INFO_202607068,London,2026-07-06 00:00:00
KeyPers_London_1233707,LONDON_MATERIEL_INFO_202607069,London,2026-07-06 00:00:00
KeyPers_London_1230084,LONDON_MATERIEL_INFO_2026070610,London,2026-07-06 00:00:00
KeyPers_LA_1232822,LA_MATERIEL_INFO_202607060,LA,2026-07-06 00:00:00
KeyPers_LA_1231860,LA_MATERIEL_INFO_202607061,LA,2026-07-06 00:00:00
KeyPers_LA_1231019,LA_MATERIEL_INFO_202607062,LA,2026-07-06 00:00:00
KeyPers_LA_1231249,LA_MATERIEL_INFO_202607063,LA,2026-07-06 00:00:00
KeyPers_LA_1230497,LA_MATERIEL_INFO_202607064,LA,2026-07-06 00:00:00
KeyPers_LA_1232213,LA_MATERIEL_INFO_202607065,LA,2026-07-06 00:00:00
KeyPers_LA_1230941,LA_MATERIEL_INFO_202607066,LA,2026-07-06 00:00:00
KeyPers_LA_1231028,LA_MATERIEL_INFO_202607067,LA,2026-07-06 00:00:00
KeyPers_LA_1232559,LA_MATERIEL_INFO_202607068,LA,2026-07-06 00:00:00
KeyPers_LA_1231950,LA_MATERIEL_INFO_202607069,LA,2026-07-06 00:00:00
KeyPers_LA_1231755,LA_MATERIEL_INFO_2026070610,LA,2026-07-06 00:00:00
KeyPers_LA_1230322,LA_MATERIEL_INFO_2026070611,LA,2026-07-06 00:00:00
KeyPers_NewYork_1230196,NewYork_MATERIEL_INFO_202607060,NewYork,2026-07-06 00:00:00
KeyPers_NewYork_1231391,NewYork_MATERIEL_INFO_202607061,NewYork,2026-07-06 00:00:00
KeyPers_NewYork_1232086,NewYork_MATERIEL_INFO_202607062,NewYork,2026-07-06 00:00:00
KeyPers_NewYork_1231517,NewYork_MATERIEL_INFO_202607063,NewYork,2026-07-06 00:00:00
KeyPers_Paris_1230820,Paris_MATERIEL_INFO_202607060,Paris,2026-07-06 00:00:00
KeyPers_Paris_1230171,Paris_MATERIEL_INFO_202607061,Paris,2026-07-06 00:00:00
KeyPers_Paris_1230109,Paris_MATERIEL_INFO_202607062,Paris,2026-07-06 00:00:00
KeyPers_Paris_1233639,Paris_MATERIEL_INFO_202607063,Paris,2026-07-06 00:00:00
KeyPers_Paris_1232876,Paris_MATERIEL_INFO_202607064,Paris,2026-07-06 00:00:00
KeyPers_Paris_1230168,Paris_MATERIEL_INFO_202607065,Paris,2026-07-06 00:00:00
KeyPers_Paris_1232842,Paris_MATERIEL_INFO_202607066,Paris,2026-07-06 00:00:00
KeyPers_Paris_1233007,Paris_MATERIEL_INFO_202607067,Paris,2026-07-06 00:00:00
KeyPers_Shanghai_1230416,Shanghai_MATERIEL_INFO_202607060,Shanghai,2026-07-06 00:00:00
KeyPers_Shanghai_1230907,Shanghai_MATERIEL_INFO_202607061,Shanghai,2026-07-06 00:00:00
KeyPers_Shanghai_1230400,Shanghai_MATERIEL_INFO_202607062,Shanghai,2026-07-06 00:00:00
KeyPers_Shanghai_1230449,Shanghai_MATERIEL_INFO_202607063,Shanghai,2026-07-06 00:00:00
KeyPers_Shanghai_1230644,Shanghai_MATERIEL_INFO_202607064,Shanghai,2026-07-06 00:00:00
KeyPers_Shanghai_1230833,Shanghai_MATERIEL_INFO_202607065,Shanghai,2026-07-06 00:00:00
KeyPers_Shanghai_1230077,Shanghai_MATERIEL_INFO_202607066,Shanghai,2026-07-06 00:00:00
KeyPers_Shanghai_1230259,Shanghai_MATERIEL_INFO_202607067,Shanghai,2026-07-06 00:00:00
KeyPers_Shanghai_1230303,Shanghai_MATERIEL_INFO_202607068,Shanghai,2026-07-06 00:00:00
KeyPers_Shanghai_1230517,Shanghai_MATERIEL_INFO_202607069,Shanghai,2026-07-06 00:00:00
KeyPers_Shanghai_1230453,Shanghai_MATERIEL_INFO_2026070610,Shanghai,2026-07-06 00:00:00
KeyPers_Shanghai_1230164,Shanghai_MATERIEL_INFO_2026070611,Shanghai,2026-07-06 00:00:00
KeyPers_Berlin_1234139,BERLIN_MATERIEL_INFO_202607070,Berlin,2026-07-07 00:00:00
KeyPers_Berlin_1230419,BERLIN_MATERIEL_INFO_202607071,Berlin,2026-07-07 00:00:00
KeyPers_London_1231479,LONDON_MATERIEL_INFO_202607070,London,2026-07-07 00:00:00
KeyPers_London_1231856,LONDON_MATERIEL_INFO_202607071,London,2026-07-07 00:00:00
KeyPers_London_1233402,LONDON_MATERIEL_INFO_202607072,London,2026-07-07 00:00:00
KeyPers_London_1231839,LONDON_MATERIEL_INFO_202607073,London,2026-07-07 00:00:00
KeyPers_London_1230327,LONDON_MATERIEL_INFO_202607074,London,2026-07-07 00:00:00
KeyPers_London_1232478,LONDON_MATERIEL_INFO_202607075,London,2026-07-07 00:00:00
KeyPers_London_1231275,LONDON_MATERIEL_INFO_202607076,London,2026-07-07 00:00:00
KeyPers_London_1230413,LONDON_MATERIEL_INFO_202607077,London,2026-07-07 00:00:00
KeyPers_London_1233528,LONDON_MATERIEL_INFO_202607078,London,2026-07-07 00:00:00
KeyPers_LA_1230983,LA_MATERIEL_INFO_202607070,LA,2026-07-07 00:00:00
KeyPers_LA_1231061,LA_MATERIEL_INFO_202607071,LA,2026-07-07 00:00:00
KeyPers_LA_1232786,LA_MATERIEL_INFO_202607072,LA,2026-07-07 00:00:00
KeyPers_NewYork_1231587,NewYork_MATERIEL_INFO_202607070,NewYork,2026-07-07 00:00:00
KeyPers_NewYork_1232245,NewYork_MATERIEL_INFO_202607071,NewYork,2026-07-07 00:00:00
KeyPers_NewYork_1232084,NewYork_MATERIEL_INFO_202607072,NewYork,2026-07-07 00:00:00
KeyPers_NewYork_1231977,NewYork_MATERIEL_INFO_202607073,NewYork,2026-07-07 00:00:00
KeyPers_NewYork_1232284,NewYork_MATERIEL_INFO_202607074,NewYork,2026-07-07 00:00:00
KeyPers_NewYork_1231062,NewYork_MATERIEL_INFO_202607075,NewYork,2026-07-07 00:00:00
KeyPers_NewYork_1230468,NewYork_MATERIEL_INFO_202607076,NewYork,2026-07-07 00:00:00
KeyPers_NewYork_1230392,NewYork_MATERIEL_INFO_202607077,NewYork,2026-07-07 00:00:00
KeyPers_NewYork_1231881,NewYork_MATERIEL_INFO_202607078,NewYork,2026-07-07 00:00:00
KeyPers_NewYork_1231806,NewYork_MATERIEL_INFO_202607079,NewYork,2026-07-07 00:00:00
KeyPers_NewYork_1232460,NewYork_MATERIEL_INFO_2026070710,NewYork,2026-07-07 00:00:00
KeyPers_NewYork_1232321,NewYork_MATERIEL_INFO_2026070711,NewYork,2026-07-07 00:00:00
KeyPers_Paris_1232033,Paris_MATERIEL_INFO_202607070,Paris,2026-07-07 00:00:00
KeyPers_Paris_1233121,Paris_MATERIEL_INFO_202607071,Paris,2026-07-07 00:00:00
KeyPers_Paris_1234196,Paris_MATERIEL_INFO_202607072,Paris,2026-07-07 00:00:00
KeyPers_Paris_1234249,Paris_MATERIEL_INFO_202607073,Paris,2026-07-07 00:00:00
KeyPers_Paris_1234730,Paris_MATERIEL_INFO_202607074,Paris,2026-07-07 00:00:00
KeyPers_Paris_1232727,Paris_MATERIEL_INFO_202607075,Paris,2026-07-07 00:00:00
KeyPers_Paris_1230945,Paris_MATERIEL_INFO_202607076,Paris,2026-07-07 00:00:00
KeyPers_Paris_1230281,Paris_MATERIEL_INFO_202607077,Paris,2026-07-07 00:00:00
KeyPers_Paris_1231529,Paris_MATERIEL_INFO_202607078,Paris,2026-07-07 00:00:00
KeyPers_Paris_1232448,Paris_MATERIEL_INFO_202607079,Paris,2026-07-07 00:00:00
KeyPers_Paris_1232986,Paris_MATERIEL_INFO_2026070710,Paris,2026-07-07 00:00:00
KeyPers_Paris_1231523,Paris_MATERIEL_INFO_2026070711,Paris,2026-07-07 00:00:00
KeyPers_Shanghai_1230510,Shanghai_MATERIEL_INFO_202607070,Shanghai,2026-07-07 00:00:00
KeyPers_Shanghai_1230969,Shanghai_MATERIEL_INFO_202607071,Shanghai,2026-07-07 00:00:00
KeyPers_Shanghai_1230135,Shanghai_MATERIEL_INFO_202607072,Shanghai,2026-07-07 00:00:00
KeyPers_Shanghai_1230691,Shanghai_MATERIEL_INFO_202607073,Shanghai,2026-07-07 00:00:00
KeyPers_Shanghai_1230374,Shanghai_MATERIEL_INFO_202607074,Shanghai,2026-07-07 00:00:00
KeyPers_Berlin_1232731,BERLIN_MATERIEL_INFO_202607080,Berlin,2026-07-08 00:00:00
KeyPers_Berlin_1230602,BERLIN_MATERIEL_INFO_202607081,Berlin,2026-07-08 00:00:00
KeyPers_Berlin_1232915,BERLIN_MATERIEL_INFO_202607082,Berlin,2026-07-08 00:00:00
KeyPers_Berlin_1233889,BERLIN_MATERIEL_INFO_202607083,Berlin,2026-07-08 00:00:00
KeyPers_Berlin_1233683,BERLIN_MATERIEL_INFO_202607084,Berlin,2026-07-08 00:00:00
KeyPers_London_1232348,LONDON_MATERIEL_INFO_202607080,London,2026-07-08 00:00:00
KeyPers_London_1230006,LONDON_MATERIEL_INFO_202607081,London,2026-07-08 00:00:00
KeyPers_London_1233082,LONDON_MATERIEL_INFO_202607082,London,2026-07-08 00:00:00
KeyPers_London_1230115,LONDON_MATERIEL_INFO_202607083,London,2026-07-08 00:00:00
KeyPers_London_1230292,LONDON_MATERIEL_INFO_202607084,London,2026-07-08 00:00:00
KeyPers_London_1234209,LONDON_MATERIEL_INFO_202607085,London,2026-07-08 00:00:00
KeyPers_LA_1232486,LA_MATERIEL_INFO_202607080,LA,2026-07-08 00:00:00
KeyPers_LA_1231942,LA_MATERIEL_INFO_202607081,LA,2026-07-08 00:00:00
KeyPers_LA_1231172,LA_MATERIEL_INFO_202607082,LA,2026-07-08 00:00:00
KeyPers_LA_1232517,LA_MATERIEL_INFO_202607083,LA,2026-07-08 00:00:00
KeyPers_LA_1231811,LA_MATERIEL_INFO_202607084,LA,2026-07-08 00:00:00
KeyPers_LA_1231394,LA_MATERIEL_INFO_202607085,LA,2026-07-08 00:00:00
KeyPers_LA_1230823,LA_MATERIEL_INFO_202607086,LA,2026-07-08 00:00:00
KeyPers_LA_1230519,LA_MATERIEL_INFO_202607087,LA,2026-07-08 00:00:00
KeyPers_LA_1230487,LA_MATERIEL_INFO_202607088,LA,2026-07-08 00:00:00
KeyPers_LA_1230308,LA_MATERIEL_INFO_202607089,LA,2026-07-08 00:00:00
KeyPers_NewYork_1231757,NewYork_MATERIEL_INFO_202607080,NewYork,2026-07-08 00:00:00
KeyPers_NewYork_1230215,NewYork_MATERIEL_INFO_202607081,NewYork,2026-07-08 00:00:00
KeyPers_NewYork_1231466,NewYork_MATERIEL_INFO_202607082,NewYork,2026-07-08 00:00:00
KeyPers_NewYork_1232075,NewYork_MATERIEL_INFO_202607083,NewYork,2026-07-08 00:00:00
KeyPers_NewYork_1230625,NewYork_MATERIEL_INFO_202607084,NewYork,2026-07-08 00:00:00
KeyPers_NewYork_1230826,NewYork_MATERIEL_INFO_202607085,NewYork,2026-07-08 00:00:00
KeyPers_NewYork_1232530,NewYork_MATERIEL_INFO_202607086,NewYork,2026-07-08 00:00:00
KeyPers_NewYork_1232813,NewYork_MATERIEL_INFO_202607087,NewYork,2026-07-08 00:00:00
KeyPers_NewYork_1230261,NewYork_MATERIEL_INFO_202607088,NewYork,2026-07-08 00:00:00
KeyPers_NewYork_1230953,NewYork_MATERIEL_INFO_202607089,NewYork,2026-07-08 00:00:00
KeyPers_NewYork_1232926,NewYork_MATERIEL_INFO_2026070810,NewYork,2026-07-08 00:00:00
KeyPers_NewYork_1232563,NewYork_MATERIEL_INFO_2026070811,NewYork,2026-07-08 00:00:00
KeyPers_Paris_1230895,Paris_MATERIEL_INFO_202607080,Paris,2026-07-08 00:00:00
KeyPers_Paris_1233259,Paris_MATERIEL_INFO_202607081,Paris,2026-07-08 00:00:00
KeyPers_Paris_1234291,Paris_MATERIEL_INFO_202607082,Paris,2026-07-08 00:00:00
KeyPers_Paris_1230854,Paris_MATERIEL_INFO_202607083,Paris,2026-07-08 00:00:00
KeyPers_Paris_1230987,Paris_MATERIEL_INFO_202607084,Paris,2026-07-08 00:00:00
KeyPers_Paris_1234734,Paris_MATERIEL_INFO_202607085,Paris,2026-07-08 00:00:00
KeyPers_Paris_1231517,Paris_MATERIEL_INFO_202607086,Paris,2026-07-08 00:00:00
KeyPers_Paris_1232398,Paris_MATERIEL_INFO_202607087,Paris,2026-07-08 00:00:00
KeyPers_Shanghai_1230849,Shanghai_MATERIEL_INFO_202607080,Shanghai,2026-07-08 00:00:00
KeyPers_Shanghai_1230684,Shanghai_MATERIEL_INFO_202607081,Shanghai,2026-07-08 00:00:00
KeyPers_Shanghai_1230832,Shanghai_MATERIEL_INFO_202607082,Shanghai,2026-07-08 00:00:00
KeyPers_Shanghai_1230252,Shanghai_MATERIEL_INFO_202607083,Shanghai,2026-07-08 00:00:00
KeyPers_Shanghai_1230232,Shanghai_MATERIEL_INFO_202607084,Shanghai,2026-07-08 00:00:00
KeyPers_Shanghai_1230938,Shanghai_MATERIEL_INFO_202607085,Shanghai,2026-07-08 00:00:00
KeyPers_Shanghai_1230933,Shanghai_MATERIEL_INFO_202607086,Shanghai,2026-07-08 00:00:00
KeyPers_Shanghai_1230010,Shanghai_MATERIEL_INFO_202607087,Shanghai,2026-07-08 00:00:00
KeyPers_Shanghai_1230528,Shanghai_MATERIEL_INFO_202607088,Shanghai,2026-07-08 00:00:00
KeyPers_Berlin_1230732,BERLIN_MATERIEL_INFO_202607090,Berlin,2026-07-09 00:00:00
KeyPers_Berlin_1233113,BERLIN_MATERIEL_INFO_202607091,Berlin,2026-07-09 00:00:00
KeyPers_London_1230105,LONDON_MATERIEL_INFO_202607090,London,2026-07-09 00:00:00
KeyPers_London_1230764,LONDON_MATERIEL_INFO_202607091,London,2026-07-09 00:00:00
KeyPers_London_1233945,LONDON_MATERIEL_INFO_202607092,London,2026-07-09 00:00:00
KeyPers_London_1232275,LONDON_MATERIEL_INFO_202607093,London,2026-07-09 00:00:00
KeyPers_London_1233687,LONDON_MATERIEL_INFO_202607094,London,2026-07-09 00:00:00
KeyPers_LA_1231102,LA_MATERIEL_INFO_202607090,LA,2026-07-09 00:00:00
KeyPers_LA_1230562,LA_MATERIEL_INFO_202607091,LA,2026-07-09 00:00:00
KeyPers_LA_1231427,LA_MATERIEL_INFO_202607092,LA,2026-07-09 00:00:00
KeyPers_LA_1230919,LA_MATERIEL_INFO_202607093,LA,2026-07-09 00:00:00
KeyPers_LA_1230765,LA_MATERIEL_INFO_202607094,LA,2026-07-09 00:00:00
KeyPers_LA_1230515,LA_MATERIEL_INFO_202607095,LA,2026-07-09 00:00:00
KeyPers_LA_1231826,LA_MATERIEL_INFO_202607096,LA,2026-07-09 00:00:00
KeyPers_NewYork_1230869,NewYork_MATERIEL_INFO_202607090,NewYork,2026-07-09 00:00:00
KeyPers_NewYork_1231965,NewYork_MATERIEL_INFO_202607091,NewYork,2026-07-09 00:00:00
KeyPers_NewYork_1231799,NewYork_MATERIEL_INFO_202607092,NewYork,2026-07-09 00:00:00
KeyPers_Paris_1234208,Paris_MATERIEL_INFO_202607090,Paris,2026-07-09 00:00:00
KeyPers_Paris_1230959,Paris_MATERIEL_INFO_202607091,Paris,2026-07-09 00:00:00
KeyPers_Paris_1234611,Paris_MATERIEL_INFO_202607092,Paris,2026-07-09 00:00:00
KeyPers_Shanghai_1230805,Shanghai_MATERIEL_INFO_202607090,Shanghai,2026-07-09 00:00:00
KeyPers_Shanghai_1230751,Shanghai_MATERIEL_INFO_202607091,Shanghai,2026-07-09 00:00:00
KeyPers_Shanghai_1230928,Shanghai_MATERIEL_INFO_202607092,Shanghai,2026-07-09 00:00:00
KeyPers_Shanghai_1230317,Shanghai_MATERIEL_INFO_202607093,Shanghai,2026-07-09 00:00:00
KeyPers_Berlin_1233961,BERLIN_MATERIEL_INFO_202607100,Berlin,2026-07-10 00:00:00
KeyPers_Berlin_1232832,BERLIN_MATERIEL_INFO_202607101,Berlin,2026-07-10 00:00:00
KeyPers_Berlin_1233451,BERLIN_MATERIEL_INFO_202607102,Berlin,2026-07-10 00:00:00
KeyPers_Berlin_1231962,BERLIN_MATERIEL_INFO_202607103,Berlin,2026-07-10 00:00:00
KeyPers_Berlin_1230887,BERLIN_MATERIEL_INFO_202607104,Berlin,2026-07-10 00:00:00
KeyPers_London_1233241,LONDON_MATERIEL_INFO_202607100,London,2026-07-10 00:00:00
KeyPers_London_1232286,LONDON_MATERIEL_INFO_202607101,London,2026-07-10 00:00:00
KeyPers_London_1230057,LONDON_MATERIEL_INFO_202607102,London,2026-07-10 00:00:00
KeyPers_London_1233897,LONDON_MATERIEL_INFO_202607103,London,2026-07-10 00:00:00
KeyPers_London_1233249,LONDON_MATERIEL_INFO_202607104,London,2026-07-10 00:00:00
KeyPers_LA_1230234,LA_MATERIEL_INFO_202607100,LA,2026-07-10 00:00:00
KeyPers_NewYork_1232586,NewYork_MATERIEL_INFO_202607100,NewYork,2026-07-10 00:00:00
KeyPers_NewYork_1231726,NewYork_MATERIEL_INFO_202607101,NewYork,2026-07-10 00:00:00
KeyPers_NewYork_1230057,NewYork_MATERIEL_INFO_202607102,NewYork,2026-07-10 00:00:00
KeyPers_NewYork_1230273,NewYork_MATERIEL_INFO_202607103,NewYork,2026-07-10 00:00:00
KeyPers_NewYork_1231568,NewYork_MATERIEL_INFO_202607104,NewYork,2026-07-10 00:00:00
KeyPers_NewYork_1232204,NewYork_MATERIEL_INFO_202607105,NewYork,2026-07-10 00:00:00
KeyPers_NewYork_1232240,NewYork_MATERIEL_INFO_202607106,NewYork,2026-07-10 00:00:00
KeyPers_NewYork_1231362,NewYork_MATERIEL_INFO_202607107,NewYork,2026-07-10 00:00:00
KeyPers_NewYork_1232231,NewYork_MATERIEL_INFO_202607108,NewYork,2026-07-10 00:00:00
KeyPers_NewYork_1232346,NewYork_MATERIEL_INFO_202607109,NewYork,2026-07-10 00:00:00
KeyPers_Paris_1230298,Paris_MATERIEL_INFO_202607100,Paris,2026-07-10 00:00:00
KeyPers_Paris_1232105,Paris_MATERIEL_INFO_202607101,Paris,2026-07-10 00:00:00
KeyPers_Paris_1234581,Paris_MATERIEL_INFO_202607102,Paris,2026-07-10 00:00:00
KeyPers_Paris_1230297,Paris_MATERIEL_INFO_202607103,Paris,2026-07-10 00:00:00
KeyPers_Paris_1230146,Paris_MATERIEL_INFO_202607104,Paris,2026-07-10 00:00:00
KeyPers_Paris_1231631,Paris_MATERIEL_INFO_202607105,Paris,2026-07-10 00:00:00
KeyPers_Paris_1232767,Paris_MATERIEL_INFO_202607106,Paris,2026-07-10 00:00:00
KeyPers_Paris_1232353,Paris_MATERIEL_INFO_202607107,Paris,2026-07-10 00:00:00
KeyPers_Paris_1232318,Paris_MATERIEL_INFO_202607108,Paris,2026-07-10 00:00:00
KeyPers_Paris_1232653,Paris_MATERIEL_INFO_202607109,Paris,2026-07-10 00:00:00
KeyPers_Shanghai_1230868,Shanghai_MATERIEL_INFO_202607100,Shanghai,2026-07-10 00:00:00
KeyPers_Shanghai_1230411,Shanghai_MATERIEL_INFO_202607101,Shanghai,2026-07-10 00:00:00
KeyPers_Shanghai_1230246,Shanghai_MATERIEL_INFO_202607102,Shanghai,2026-07-10 00:00:00
KeyPers_Shanghai_1230295,Shanghai_MATERIEL_INFO_202607103,Shanghai,2026-07-10 00:00:00
KeyPers_Shanghai_1230614,Shanghai_MATERIEL_INFO_202607104,Shanghai,2026-07-10 00:00:00
KeyPers_Shanghai_1230673,Shanghai_MATERIEL_INFO_202607105,Shanghai,2026-07-10 00:00:00
KeyPers_Shanghai_1230652,Shanghai_MATERIEL_INFO_202607106,Shanghai,2026-07-10 00:00:00
KeyPers_Shanghai_1230009,Shanghai_MATERIEL_INFO_202607107,Shanghai,2026-07-10 00:00:00
KeyPers_Shanghai_1230675,Shanghai_MATERIEL_INFO_202607108,Shanghai,2026-07-10 00:00:00
KeyPers_Shanghai_1230082,Shanghai_MATERIEL_INFO_202607109,Shanghai,2026-07-10 00:00:00
KeyPers_Berlin_1232063,BERLIN_MATERIEL_INFO_202607110,Berlin,2026-07-11 00:00:00
KeyPers_Berlin_1233160,BERLIN_MATERIEL_INFO_202607111,Berlin,2026-07-11 00:00:00
KeyPers_Berlin_1233343,BERLIN_MATERIEL_INFO_202607112,Berlin,2026-07-11 00:00:00
KeyPers_Berlin_1230049,BERLIN_MATERIEL_INFO_202607113,Berlin,2026-07-11 00:00:00
KeyPers_Berlin_1232057,BERLIN_MATERIEL_INFO_202607114,Berlin,2026-07-11 00:00:00
KeyPers_London_1231647,LONDON_MATERIEL_INFO_202607110,London,2026-07-11 00:00:00
KeyPers_London_1233029,LONDON_MATERIEL_INFO_202607111,London,2026-07-11 00:00:00
KeyPers_London_1230629,LONDON_MATERIEL_INFO_202607112,London,2026-07-11 00:00:00
KeyPers_London_1233493,LONDON_MATERIEL_INFO_202607113,London,2026-07-11 00:00:00
KeyPers_London_1233484,LONDON_MATERIEL_INFO_202607114,London,2026-07-11 00:00:00
KeyPers_London_1233563,LONDON_MATERIEL_INFO_202607115,London,2026-07-11 00:00:00
KeyPers_London_1232165,LONDON_MATERIEL_INFO_202607116,London,2026-07-11 00:00:00
KeyPers_London_1230654,LONDON_MATERIEL_INFO_202607117,London,2026-07-11 00:00:00
KeyPers_London_1233038,LONDON_MATERIEL_INFO_202607118,London,2026-07-11 00:00:00
KeyPers_London_1233083,LONDON_MATERIEL_INFO_202607119,London,2026-07-11 00:00:00
KeyPers_London_1232743,LONDON_MATERIEL_INFO_2026071110,London,2026-07-11 00:00:00
KeyPers_LA_1230116,LA_MATERIEL_INFO_202607110,LA,2026-07-11 00:00:00
KeyPers_LA_1231151,LA_MATERIEL_INFO_202607111,LA,2026-07-11 00:00:00
KeyPers_LA_1230085,LA_MATERIEL_INFO_202607112,LA,2026-07-11 00:00:00
KeyPers_LA_1232617,LA_MATERIEL_INFO_202607113,LA,2026-07-11 00:00:00
KeyPers_LA_1232720,LA_MATERIEL_INFO_202607114,LA,2026-07-11 00:00:00
KeyPers_LA_1232370,LA_MATERIEL_INFO_202607115,LA,2026-07-11 00:00:00
KeyPers_LA_1230924,LA_MATERIEL_INFO_202607116,LA,2026-07-11 00:00:00
KeyPers_LA_1232794,LA_MATERIEL_INFO_202607117,LA,2026-07-11 00:00:00
KeyPers_LA_1232637,LA_MATERIEL_INFO_202607118,LA,2026-07-11 00:00:00
KeyPers_LA_1230376,LA_MATERIEL_INFO_202607119,LA,2026-07-11 00:00:00
KeyPers_LA_1230912,LA_MATERIEL_INFO_2026071110,LA,2026-07-11 00:00:00
KeyPers_NewYork_1230396,NewYork_MATERIEL_INFO_202607110,NewYork,2026-07-11 00:00:00
KeyPers_NewYork_1232242,NewYork_MATERIEL_INFO_202607111,NewYork,2026-07-11 00:00:00
KeyPers_NewYork_1230274,NewYork_MATERIEL_INFO_202607112,NewYork,2026-07-11 00:00:00
KeyPers_NewYork_1232490,NewYork_MATERIEL_INFO_202607113,NewYork,2026-07-11 00:00:00
KeyPers_NewYork_1231503,NewYork_MATERIEL_INFO_202607114,NewYork,2026-07-11 00:00:00
KeyPers_NewYork_1232479,NewYork_MATERIEL_INFO_202607115,NewYork,2026-07-11 00:00:00
KeyPers_NewYork_1230705,NewYork_MATERIEL_INFO_202607116,NewYork,2026-07-11 00:00:00
KeyPers_NewYork_1231632,NewYork_MATERIEL_INFO_202607117,NewYork,2026-07-11 00:00:00
KeyPers_NewYork_1230275,NewYork_MATERIEL_INFO_202607118,NewYork,2026-07-11 00:00:00
KeyPers_Paris_1231785,Paris_MATERIEL_INFO_202607110,Paris,2026-07-11 00:00:00
KeyPers_Paris_1232768,Paris_MATERIEL_INFO_202607111,Paris,2026-07-11 00:00:00
KeyPers_Paris_1230588,Paris_MATERIEL_INFO_202607112,Paris,2026-07-11 00:00:00
KeyPers_Paris_1231506,Paris_MATERIEL_INFO_202607113,Paris,2026-07-11 00:00:00
KeyPers_Paris_1233190,Paris_MATERIEL_INFO_202607114,Paris,2026-07-11 00:00:00
KeyPers_Paris_1231087,Paris_MATERIEL_INFO_202607115,Paris,2026-07-11 00:00:00
KeyPers_Paris_1232508,Paris_MATERIEL_INFO_202607116,Paris,2026-07-11 00:00:00
KeyPers_Shanghai_1230629,Shanghai_MATERIEL_INFO_202607110,Shanghai,2026-07-11 00:00:00
KeyPers_Shanghai_1230142,Shanghai_MATERIEL_INFO_202607111,Shanghai,2026-07-11 00:00:00
KeyPers_Shanghai_1230314,Shanghai_MATERIEL_INFO_202607112,Shanghai,2026-07-11 00:00:00
KeyPers_Shanghai_1230850,Shanghai_MATERIEL_INFO_202607113,Shanghai,2026-07-11 00:00:00
KeyPers_Shanghai_1230138,Shanghai_MATERIEL_INFO_202607114,Shanghai,2026-07-11 00:00:00
KeyPers_Shanghai_1230983,Shanghai_MATERIEL_INFO_202607115,Shanghai,2026-07-11 00:00:00
KeyPers_Shanghai_1230104,Shanghai_MATERIEL_INFO_202607116,Shanghai,2026-07-11 00:00:00
KeyPers_Shanghai_1230762,Shanghai_MATERIEL_INFO_202607117,Shanghai,2026-07-11 00:00:00
KeyPers_Shanghai_1230236,Shanghai_MATERIEL_INFO_202607118,Shanghai,2026-07-11 00:00:00
KeyPers_Shanghai_1230282,Shanghai_MATERIEL_INFO_202607119,Shanghai,2026-07-11 00:00:00
KeyPers_Shanghai_1230225,Shanghai_MATERIEL_INFO_2026071110,Shanghai,2026-07-11 00:00:00
KeyPers_Shanghai_1230102,Shanghai_MATERIEL_INFO_2026071111,Shanghai,2026-07-11 00:00:00
KeyPers_Shanghai_1230456,Shanghai_MATERIEL_INFO_2026071112,Shanghai,2026-07-11 00:00:00
KeyPers_Shanghai_1230410,Shanghai_MATERIEL_INFO_2026071113,Shanghai,2026-07-11 00:00:00
KeyPers_Berlin_1233307,BERLIN_MATERIEL_INFO_202607120,Berlin,2026-07-12 00:00:00
KeyPers_Berlin_1231740,BERLIN_MATERIEL_INFO_202607121,Berlin,2026-07-12 00:00:00
KeyPers_Berlin_1233427,BERLIN_MATERIEL_INFO_202607122,Berlin,2026-07-12 00:00:00
KeyPers_Berlin_1231262,BERLIN_MATERIEL_INFO_202607123,Berlin,2026-07-12 00:00:00
KeyPers_Berlin_1233418,BERLIN_MATERIEL_INFO_202607124,Berlin,2026-07-12 00:00:00
KeyPers_London_1231167,LONDON_MATERIEL_INFO_202607120,London,2026-07-12 00:00:00
KeyPers_London_1232272,LONDON_MATERIEL_INFO_202607121,London,2026-07-12 00:00:00
KeyPers_London_1233307,LONDON_MATERIEL_INFO_202607122,London,2026-07-12 00:00:00
KeyPers_London_1234114,LONDON_MATERIEL_INFO_202607123,London,2026-07-12 00:00:00
KeyPers_London_1233590,LONDON_MATERIEL_INFO_202607124,London,2026-07-12 00:00:00
KeyPers_London_1230405,LONDON_MATERIEL_INFO_202607125,London,2026-07-12 00:00:00
KeyPers_London_1234066,LONDON_MATERIEL_INFO_202607126,London,2026-07-12 00:00:00
KeyPers_London_1230491,LONDON_MATERIEL_INFO_202607127,London,2026-07-12 00:00:00
KeyPers_London_1230666,LONDON_MATERIEL_INFO_202607128,London,2026-07-12 00:00:00
KeyPers_London_1231430,LONDON_MATERIEL_INFO_202607129,London,2026-07-12 00:00:00
KeyPers_London_1230571,LONDON_MATERIEL_INFO_2026071210,London,2026-07-12 00:00:00
KeyPers_LA_1230832,LA_MATERIEL_INFO_202607120,LA,2026-07-12 00:00:00
KeyPers_LA_1230430,LA_MATERIEL_INFO_202607121,LA,2026-07-12 00:00:00
KeyPers_LA_1231169,LA_MATERIEL_INFO_202607122,LA,2026-07-12 00:00:00
KeyPers_LA_1230682,LA_MATERIEL_INFO_202607123,LA,2026-07-12 00:00:00
KeyPers_LA_1231510,LA_MATERIEL_INFO_202607124,LA,2026-07-12 00:00:00
KeyPers_LA_1230557,LA_MATERIEL_INFO_202607125,LA,2026-07-12 00:00:00
KeyPers_LA_1232860,LA_MATERIEL_INFO_202607126,LA,2026-07-12 00:00:00
KeyPers_LA_1230621,LA_MATERIEL_INFO_202607127,LA,2026-07-12 00:00:00
KeyPers_LA_1232772,LA_MATERIEL_INFO_202607128,LA,2026-07-12 00:00:00
KeyPers_LA_1231780,LA_MATERIEL_INFO_202607129,LA,2026-07-12 00:00:00
KeyPers_NewYork_1233051,NewYork_MATERIEL_INFO_202607120,NewYork,2026-07-12 00:00:00
KeyPers_NewYork_1230022,NewYork_MATERIEL_INFO_202607121,NewYork,2026-07-12 00:00:00
KeyPers_NewYork_1230615,NewYork_MATERIEL_INFO_202607122,NewYork,2026-07-12 00:00:00
KeyPers_NewYork_1230143,NewYork_MATERIEL_INFO_202607123,NewYork,2026-07-12 00:00:00
KeyPers_Paris_1232356,Paris_MATERIEL_INFO_202607120,Paris,2026-07-12 00:00:00
KeyPers_Shanghai_1230369,Shanghai_MATERIEL_INFO_202607120,Shanghai,2026-07-12 00:00:00
KeyPers_Shanghai_1230947,Shanghai_MATERIEL_INFO_202607121,Shanghai,2026-07-12 00:00:00
KeyPers_Shanghai_1230618,Shanghai_MATERIEL_INFO_202607122,Shanghai,2026-07-12 00:00:00
KeyPers_Shanghai_1230890,Shanghai_MATERIEL_INFO_202607123,Shanghai,2026-07-12 00:00:00
KeyPers_Shanghai_1230213,Shanghai_MATERIEL_INFO_202607124,Shanghai,2026-07-12 00:00:00
KeyPers_Shanghai_1230382,Shanghai_MATERIEL_INFO_202607125,Shanghai,2026-07-12 00:00:00
KeyPers_Shanghai_1230548,Shanghai_MATERIEL_INFO_202607126,Shanghai,2026-07-12 00:00:00
KeyPers_Shanghai_1230865,Shanghai_MATERIEL_INFO_202607127,Shanghai,2026-07-12 00:00:00
KeyPers_Shanghai_1230832,Shanghai_MATERIEL_INFO_202607128,Shanghai,2026-07-12 00:00:00
KeyPers_Shanghai_1230973,Shanghai_MATERIEL_INFO_202607129,Shanghai,2026-07-12 00:00:00
KeyPers_Shanghai_1230511,Shanghai_MATERIEL_INFO_2026071210,Shanghai,2026-07-12 00:00:00
KeyPers_Shanghai_1230040,Shanghai_MATERIEL_INFO_2026071211,Shanghai,2026-07-12 00:00:00
KeyPers_Berlin_1233115,BERLIN_MATERIEL_INFO_202607130,Berlin,2026-07-13 00:00:00
KeyPers_Berlin_1231412,BERLIN_MATERIEL_INFO_202607131,Berlin,2026-07-13 00:00:00
KeyPers_London_1234081,LONDON_MATERIEL_INFO_202607130,London,2026-07-13 00:00:00
KeyPers_London_1230408,LONDON_MATERIEL_INFO_202607131,London,2026-07-13 00:00:00
KeyPers_London_1231073,LONDON_MATERIEL_INFO_202607132,London,2026-07-13 00:00:00
KeyPers_London_1232271,LONDON_MATERIEL_INFO_202607133,London,2026-07-13 00:00:00
KeyPers_London_1231645,LONDON_MATERIEL_INFO_202607134,London,2026-07-13 00:00:00
KeyPers_London_1233233,LONDON_MATERIEL_INFO_202607135,London,2026-07-13 00:00:00
KeyPers_London_1230856,LONDON_MATERIEL_INFO_202607136,London,2026-07-13 00:00:00
KeyPers_London_1232695,LONDON_MATERIEL_INFO_202607137,London,2026-07-13 00:00:00
KeyPers_London_1231600,LONDON_MATERIEL_INFO_202607138,London,2026-07-13 00:00:00
KeyPers_London_1231506,LONDON_MATERIEL_INFO_202607139,London,2026-07-13 00:00:00
KeyPers_London_1232616,LONDON_MATERIEL_INFO_2026071310,London,2026-07-13 00:00:00
KeyPers_London_1233891,LONDON_MATERIEL_INFO_2026071311,London,2026-07-13 00:00:00
KeyPers_LA_1230774,LA_MATERIEL_INFO_202607130,LA,2026-07-13 00:00:00
KeyPers_LA_1231185,LA_MATERIEL_INFO_202607131,LA,2026-07-13 00:00:00
KeyPers_LA_1230711,LA_MATERIEL_INFO_202607132,LA,2026-07-13 00:00:00
KeyPers_LA_1232230,LA_MATERIEL_INFO_202607133,LA,2026-07-13 00:00:00
KeyPers_LA_1230054,LA_MATERIEL_INFO_202607134,LA,2026-07-13 00:00:00
KeyPers_LA_1232554,LA_MATERIEL_INFO_202607135,LA,2026-07-13 00:00:00
KeyPers_LA_1230309,LA_MATERIEL_INFO_202607136,LA,2026-07-13 00:00:00
KeyPers_NewYork_1231018,NewYork_MATERIEL_INFO_202607130,NewYork,2026-07-13 00:00:00
KeyPers_Paris_1232912,Paris_MATERIEL_INFO_202607130,Paris,2026-07-13 00:00:00
KeyPers_Paris_1230600,Paris_MATERIEL_INFO_202607131,Paris,2026-07-13 00:00:00
KeyPers_Paris_1234388,Paris_MATERIEL_INFO_202607132,Paris,2026-07-13 00:00:00
KeyPers_Paris_1234171,Paris_MATERIEL_INFO_202607133,Paris,2026-07-13 00:00:00
KeyPers_Paris_1230484,Paris_MATERIEL_INFO_202607134,Paris,2026-07-13 00:00:00
KeyPers_Paris_1232715,Paris_MATERIEL_INFO_202607135,Paris,2026-07-13 00:00:00
KeyPers_Paris_1230781,Paris_MATERIEL_INFO_202607136,Paris,2026-07-13 00:00:00
KeyPers_Paris_1233597,Paris_MATERIEL_INFO_202607137,Paris,2026-07-13 00:00:00
KeyPers_Paris_1234342,Paris_MATERIEL_INFO_202607138,Paris,2026-07-13 00:00:00
KeyPers_Paris_1231443,Paris_MATERIEL_INFO_202607139,Paris,2026-07-13 00:00:00
KeyPers_Paris_1234266,Paris_MATERIEL_INFO_2026071310,Paris,2026-07-13 00:00:00
KeyPers_Paris_1230336,Paris_MATERIEL_INFO_2026071311,Paris,2026-07-13 00:00:00
KeyPers_Paris_1234425,Paris_MATERIEL_INFO_2026071312,Paris,2026-07-13 00:00:00
KeyPers_Paris_1232642,Paris_MATERIEL_INFO_2026071313,Paris,2026-07-13 00:00:00
KeyPers_Shanghai_1230814,Shanghai_MATERIEL_INFO_202607130,Shanghai,2026-07-13 00:00:00
KeyPers_Shanghai_1230766,Shanghai_MATERIEL_INFO_202607131,Shanghai,2026-07-13 00:00:00
KeyPers_Shanghai_1230254,Shanghai_MATERIEL_INFO_202607132,Shanghai,2026-07-13 00:00:00
KeyPers_Shanghai_1230796,Shanghai_MATERIEL_INFO_202607133,Shanghai,2026-07-13 00:00:00
KeyPers_Shanghai_1230513,Shanghai_MATERIEL_INFO_202607134,Shanghai,2026-07-13 00:00:00
KeyPers_Shanghai_1230141,Shanghai_MATERIEL_INFO_202607135,Shanghai,2026-07-13 00:00:00
KeyPers_Shanghai_1230199,Shanghai_MATERIEL_INFO_202607136,Shanghai,2026-07-13 00:00:00
KeyPers_Shanghai_1230034,Shanghai_MATERIEL_INFO_202607137,Shanghai,2026-07-13 00:00:00
KeyPers_Shanghai_1230981,Shanghai_MATERIEL_INFO_202607138,Shanghai,2026-07-13 00:00:00
KeyPers_Shanghai_1230062,Shanghai_MATERIEL_INFO_202607139,Shanghai,2026-07-13 00:00:00
KeyPers_Shanghai_1230649,Shanghai_MATERIEL_INFO_2026071310,Shanghai,2026-07-13 00:00:00
KeyPers_Shanghai_1230020,Shanghai_MATERIEL_INFO_2026071311,Shanghai,2026-07-13 00:00:00
KeyPers_Shanghai_1230470,Shanghai_MATERIEL_INFO_2026071312,Shanghai,2026-07-13 00:00:00
KeyPers_Berlin_1234063,BERLIN_MATERIEL_INFO_202607140,Berlin,2026-07-14 00:00:00
KeyPers_Berlin_1232163,BERLIN_MATERIEL_INFO_202607141,Berlin,2026-07-14 00:00:00
KeyPers_London_1232586,LONDON_MATERIEL_INFO_202607140,London,2026-07-14 00:00:00
KeyPers_London_1230259,LONDON_MATERIEL_INFO_202607141,London,2026-07-14 00:00:00
KeyPers_LA_1232202,LA_MATERIEL_INFO_202607140,LA,2026-07-14 00:00:00
KeyPers_LA_1230895,LA_MATERIEL_INFO_202607141,LA,2026-07-14 00:00:00
KeyPers_LA_1230140,LA_MATERIEL_INFO_202607142,LA,2026-07-14 00:00:00
KeyPers_LA_1231551,LA_MATERIEL_INFO_202607143,LA,2026-07-14 00:00:00
KeyPers_LA_1232839,LA_MATERIEL_INFO_202607144,LA,2026-07-14 00:00:00
KeyPers_LA_1231765,LA_MATERIEL_INFO_202607145,LA,2026-07-14 00:00:00
KeyPers_LA_1231747,LA_MATERIEL_INFO_202607146,LA,2026-07-14 00:00:00
KeyPers_NewYork_1231571,NewYork_MATERIEL_INFO_202607140,NewYork,2026-07-14 00:00:00
KeyPers_NewYork_1232678,NewYork_MATERIEL_INFO_202607141,NewYork,2026-07-14 00:00:00
KeyPers_NewYork_1230485,NewYork_MATERIEL_INFO_202607142,NewYork,2026-07-14 00:00:00
KeyPers_NewYork_1231540,NewYork_MATERIEL_INFO_202607143,NewYork,2026-07-14 00:00:00
KeyPers_NewYork_1232997,NewYork_MATERIEL_INFO_202607144,NewYork,2026-07-14 00:00:00
KeyPers_NewYork_1231721,NewYork_MATERIEL_INFO_202607145,NewYork,2026-07-14 00:00:00
KeyPers_NewYork_1230258,NewYork_MATERIEL_INFO_202607146,NewYork,2026-07-14 00:00:00
KeyPers_NewYork_1231670,NewYork_MATERIEL_INFO_202607147,NewYork,2026-07-14 00:00:00
KeyPers_NewYork_1231219,NewYork_MATERIEL_INFO_202607148,NewYork,2026-07-14 00:00:00
KeyPers_NewYork_1231743,NewYork_MATERIEL_INFO_202607149,NewYork,2026-07-14 00:00:00
KeyPers_NewYork_1231451,NewYork_MATERIEL_INFO_2026071410,NewYork,2026-07-14 00:00:00
KeyPers_NewYork_1232478,NewYork_MATERIEL_INFO_2026071411,NewYork,2026-07-14 00:00:00
KeyPers_Paris_1231452,Paris_MATERIEL_INFO_202607140,Paris,2026-07-14 00:00:00
KeyPers_Paris_1232026,Paris_MATERIEL_INFO_202607141,Paris,2026-07-14 00:00:00
KeyPers_Paris_1234695,Paris_MATERIEL_INFO_202607142,Paris,2026-07-14 00:00:00
KeyPers_Paris_1233242,Paris_MATERIEL_INFO_202607143,Paris,2026-07-14 00:00:00
KeyPers_Paris_1232152,Paris_MATERIEL_INFO_202607144,Paris,2026-07-14 00:00:00
KeyPers_Paris_1231041,Paris_MATERIEL_INFO_202607145,Paris,2026-07-14 00:00:00
KeyPers_Paris_1234204,Paris_MATERIEL_INFO_202607146,Paris,2026-07-14 00:00:00
KeyPers_Paris_1233790,Paris_MATERIEL_INFO_202607147,Paris,2026-07-14 00:00:00
KeyPers_Paris_1234550,Paris_MATERIEL_INFO_202607148,Paris,2026-07-14 00:00:00
KeyPers_Shanghai_1230785,Shanghai_MATERIEL_INFO_202607140,Shanghai,2026-07-14 00:00:00
KeyPers_Shanghai_1230759,Shanghai_MATERIEL_INFO_202607141,Shanghai,2026-07-14 00:00:00
KeyPers_Shanghai_1230421,Shanghai_MATERIEL_INFO_202607142,Shanghai,2026-07-14 00:00:00
KeyPers_Shanghai_1230536,Shanghai_MATERIEL_INFO_202607143,Shanghai,2026-07-14 00:00:00
KeyPers_Shanghai_1230728,Shanghai_MATERIEL_INFO_202607144,Shanghai,2026-07-14 00:00:00
KeyPers_Shanghai_1230566,Shanghai_MATERIEL_INFO_202607145,Shanghai,2026-07-14 00:00:00
KeyPers_Shanghai_1230921,Shanghai_MATERIEL_INFO_202607146,Shanghai,2026-07-14 00:00:00
KeyPers_Shanghai_1230280,Shanghai_MATERIEL_INFO_202607147,Shanghai,2026-07-14 00:00:00
KeyPers_Shanghai_1230621,Shanghai_MATERIEL_INFO_202607148,Shanghai,2026-07-14 00:00:00
KeyPers_Shanghai_1230080,Shanghai_MATERIEL_INFO_202607149,Shanghai,2026-07-14 00:00:00
KeyPers_Berlin_1234052,BERLIN_MATERIEL_INFO_202607150,Berlin,2026-07-15 00:00:00
KeyPers_Berlin_1233901,BERLIN_MATERIEL_INFO_202607151,Berlin,2026-07-15 00:00:00
KeyPers_Berlin_1232386,BERLIN_MATERIEL_INFO_202607152,Berlin,2026-07-15 00:00:00
KeyPers_Berlin_1231539,BERLIN_MATERIEL_INFO_202607153,Berlin,2026-07-15 00:00:00
KeyPers_Berlin_1233994,BERLIN_MATERIEL_INFO_202607154,Berlin,2026-07-15 00:00:00
KeyPers_Berlin_1232291,BERLIN_MATERIEL_INFO_202607155,Berlin,2026-07-15 00:00:00
KeyPers_London_1231714,LONDON_MATERIEL_INFO_202607150,London,2026-07-15 00:00:00
KeyPers_London_1230080,LONDON_MATERIEL_INFO_202607151,London,2026-07-15 00:00:00
KeyPers_London_1231473,LONDON_MATERIEL_INFO_202607152,London,2026-07-15 00:00:00
KeyPers_London_1231302,LONDON_MATERIEL_INFO_202607153,London,2026-07-15 00:00:00
KeyPers_London_1233565,LONDON_MATERIEL_INFO_202607154,London,2026-07-15 00:00:00
KeyPers_London_1233799,LONDON_MATERIEL_INFO_202607155,London,2026-07-15 00:00:00
KeyPers_London_1231138,LONDON_MATERIEL_INFO_202607156,London,2026-07-15 00:00:00
KeyPers_London_1230273,LONDON_MATERIEL_INFO_202607157,London,2026-07-15 00:00:00
KeyPers_London_1231245,LONDON_MATERIEL_INFO_202607158,London,2026-07-15 00:00:00
KeyPers_LA_1232593,LA_MATERIEL_INFO_202607150,LA,2026-07-15 00:00:00
KeyPers_LA_1231851,LA_MATERIEL_INFO_202607151,LA,2026-07-15 00:00:00
KeyPers_LA_1231719,LA_MATERIEL_INFO_202607152,LA,2026-07-15 00:00:00
KeyPers_LA_1231790,LA_MATERIEL_INFO_202607153,LA,2026-07-15 00:00:00
KeyPers_LA_1232680,LA_MATERIEL_INFO_202607154,LA,2026-07-15 00:00:00
KeyPers_LA_1230697,LA_MATERIEL_INFO_202607155,LA,2026-07-15 00:00:00
KeyPers_LA_1230604,LA_MATERIEL_INFO_202607156,LA,2026-07-15 00:00:00
KeyPers_LA_1231925,LA_MATERIEL_INFO_202607157,LA,2026-07-15 00:00:00
KeyPers_LA_1232757,LA_MATERIEL_INFO_202607158,LA,2026-07-15 00:00:00
KeyPers_LA_1232958,LA_MATERIEL_INFO_202607159,LA,2026-07-15 00:00:00
KeyPers_LA_1231530,LA_MATERIEL_INFO_2026071510,LA,2026-07-15 00:00:00
KeyPers_LA_1231649,LA_MATERIEL_INFO_2026071511,LA,2026-07-15 00:00:00
KeyPers_NewYork_1230629,NewYork_MATERIEL_INFO_202607150,NewYork,2026-07-15 00:00:00
KeyPers_NewYork_1232630,NewYork_MATERIEL_INFO_202607151,NewYork,2026-07-15 00:00:00
KeyPers_NewYork_1231970,NewYork_MATERIEL_INFO_202607152,NewYork,2026-07-15 00:00:00
KeyPers_NewYork_1232040,NewYork_MATERIEL_INFO_202607153,NewYork,2026-07-15 00:00:00
KeyPers_NewYork_1231151,NewYork_MATERIEL_INFO_202607154,NewYork,2026-07-15 00:00:00
KeyPers_NewYork_1232687,NewYork_MATERIEL_INFO_202607155,NewYork,2026-07-15 00:00:00
KeyPers_NewYork_1230147,NewYork_MATERIEL_INFO_202607156,NewYork,2026-07-15 00:00:00
KeyPers_NewYork_1231782,NewYork_MATERIEL_INFO_202607157,NewYork,2026-07-15 00:00:00
KeyPers_NewYork_1230402,NewYork_MATERIEL_INFO_202607158,NewYork,2026-07-15 00:00:00
KeyPers_NewYork_1230644,NewYork_MATERIEL_INFO_202607159,NewYork,2026-07-15 00:00:00
KeyPers_Paris_1233190,Paris_MATERIEL_INFO_202607150,Paris,2026-07-15 00:00:00
KeyPers_Paris_1230999,Paris_MATERIEL_INFO_202607151,Paris,2026-07-15 00:00:00
KeyPers_Paris_1234949,Paris_MATERIEL_INFO_202607152,Paris,2026-07-15 00:00:00
KeyPers_Paris_1231260,Paris_MATERIEL_INFO_202607153,Paris,2026-07-15 00:00:00
KeyPers_Paris_1232710,Paris_MATERIEL_INFO_202607154,Paris,2026-07-15 00:00:00
KeyPers_Paris_1230152,Paris_MATERIEL_INFO_202607155,Paris,2026-07-15 00:00:00
KeyPers_Shanghai_1230734,Shanghai_MATERIEL_INFO_202607150,Shanghai,2026-07-15 00:00:00
KeyPers_Shanghai_1230889,Shanghai_MATERIEL_INFO_202607151,Shanghai,2026-07-15 00:00:00
KeyPers_Shanghai_1230008,Shanghai_MATERIEL_INFO_202607152,Shanghai,2026-07-15 00:00:00
KeyPers_Shanghai_1230005,Shanghai_MATERIEL_INFO_202607153,Shanghai,2026-07-15 00:00:00
KeyPers_Shanghai_1230090,Shanghai_MATERIEL_INFO_202607154,Shanghai,2026-07-15 00:00:00
KeyPers_Shanghai_1230970,Shanghai_MATERIEL_INFO_202607155,Shanghai,2026-07-15 00:00:00
KeyPers_Shanghai_1230599,Shanghai_MATERIEL_INFO_202607156,Shanghai,2026-07-15 00:00:00
KeyPers_Shanghai_1230828,Shanghai_MATERIEL_INFO_202607157,Shanghai,2026-07-15 00:00:00
KeyPers_Berlin_1230445,BERLIN_MATERIEL_INFO_202607160,Berlin,2026-07-16 00:00:00
KeyPers_Berlin_1233722,BERLIN_MATERIEL_INFO_202607161,Berlin,2026-07-16 00:00:00
KeyPers_Berlin_1232108,BERLIN_MATERIEL_INFO_202607162,Berlin,2026-07-16 00:00:00
KeyPers_Berlin_1233001,BERLIN_MATERIEL_INFO_202607163,Berlin,2026-07-16 00:00:00
KeyPers_London_1231844,LONDON_MATERIEL_INFO_202607160,London,2026-07-16 00:00:00
KeyPers_London_1233254,LONDON_MATERIEL_INFO_202607161,London,2026-07-16 00:00:00
KeyPers_London_1233048,LONDON_MATERIEL_INFO_202607162,London,2026-07-16 00:00:00
KeyPers_London_1233863,LONDON_MATERIEL_INFO_202607163,London,2026-07-16 00:00:00
KeyPers_London_1233846,LONDON_MATERIEL_INFO_202607164,London,2026-07-16 00:00:00
KeyPers_London_1230218,LONDON_MATERIEL_INFO_202607165,London,2026-07-16 00:00:00
KeyPers_London_1232143,LONDON_MATERIEL_INFO_202607166,London,2026-07-16 00:00:00
KeyPers_LA_1230570,LA_MATERIEL_INFO_202607160,LA,2026-07-16 00:00:00
KeyPers_LA_1231482,LA_MATERIEL_INFO_202607161,LA,2026-07-16 00:00:00
KeyPers_LA_1230879,LA_MATERIEL_INFO_202607162,LA,2026-07-16 00:00:00
KeyPers_LA_1230984,LA_MATERIEL_INFO_202607163,LA,2026-07-16 00:00:00
KeyPers_LA_1231820,LA_MATERIEL_INFO_202607164,LA,2026-07-16 00:00:00
KeyPers_LA_1231219,LA_MATERIEL_INFO_202607165,LA,2026-07-16 00:00:00
KeyPers_NewYork_1232061,NewYork_MATERIEL_INFO_202607160,NewYork,2026-07-16 00:00:00
KeyPers_NewYork_1232980,NewYork_MATERIEL_INFO_202607161,NewYork,2026-07-16 00:00:00
KeyPers_NewYork_1231420,NewYork_MATERIEL_INFO_202607162,NewYork,2026-07-16 00:00:00
KeyPers_NewYork_1231112,NewYork_MATERIEL_INFO_202607163,NewYork,2026-07-16 00:00:00
KeyPers_NewYork_1232852,NewYork_MATERIEL_INFO_202607164,NewYork,2026-07-16 00:00:00
KeyPers_NewYork_1230323,NewYork_MATERIEL_INFO_202607165,NewYork,2026-07-16 00:00:00
KeyPers_NewYork_1230191,NewYork_MATERIEL_INFO_202607166,NewYork,2026-07-16 00:00:00
KeyPers_NewYork_1231286,NewYork_MATERIEL_INFO_202607167,NewYork,2026-07-16 00:00:00
KeyPers_Paris_1231409,Paris_MATERIEL_INFO_202607160,Paris,2026-07-16 00:00:00
KeyPers_Paris_1231876,Paris_MATERIEL_INFO_202607161,Paris,2026-07-16 00:00:00
KeyPers_Paris_1232760,Paris_MATERIEL_INFO_202607162,Paris,2026-07-16 00:00:00
KeyPers_Paris_1230614,Paris_MATERIEL_INFO_202607163,Paris,2026-07-16 00:00:00
KeyPers_Shanghai_1230249,Shanghai_MATERIEL_INFO_202607160,Shanghai,2026-07-16 00:00:00
KeyPers_Shanghai_1230279,Shanghai_MATERIEL_INFO_202607161,Shanghai,2026-07-16 00:00:00
KeyPers_Shanghai_1230469,Shanghai_MATERIEL_INFO_202607162,Shanghai,2026-07-16 00:00:00
KeyPers_Shanghai_1230385,Shanghai_MATERIEL_INFO_202607163,Shanghai,2026-07-16 00:00:00
KeyPers_Shanghai_1230145,Shanghai_MATERIEL_INFO_202607164,Shanghai,2026-07-16 00:00:00
KeyPers_Berlin_1230597,BERLIN_MATERIEL_INFO_202607170,Berlin,2026-07-17 00:00:00
KeyPers_Berlin_1231457,BERLIN_MATERIEL_INFO_202607171,Berlin,2026-07-17 00:00:00
KeyPers_London_1232750,LONDON_MATERIEL_INFO_202607170,London,2026-07-17 00:00:00
KeyPers_London_1233840,LONDON_MATERIEL_INFO_202607171,London,2026-07-17 00:00:00
KeyPers_London_1233873,LONDON_MATERIEL_INFO_202607172,London,2026-07-17 00:00:00
KeyPers_London_1231872,LONDON_MATERIEL_INFO_202607173,London,2026-07-17 00:00:00
KeyPers_LA_1230260,LA_MATERIEL_INFO_202607170,LA,2026-07-17 00:00:00
KeyPers_LA_1230094,LA_MATERIEL_INFO_202607171,LA,2026-07-17 00:00:00
KeyPers_LA_1230903,LA_MATERIEL_INFO_202607172,LA,2026-07-17 00:00:00
KeyPers_LA_1231302,LA_MATERIEL_INFO_202607173,LA,2026-07-17 00:00:00
KeyPers_LA_1230134,LA_MATERIEL_INFO_202607174,LA,2026-07-17 00:00:00
KeyPers_LA_1232486,LA_MATERIEL_INFO_202607175,LA,2026-07-17 00:00:00
KeyPers_LA_1232174,LA_MATERIEL_INFO_202607176,LA,2026-07-17 00:00:00
KeyPers_LA_1232151,LA_MATERIEL_INFO_202607177,LA,2026-07-17 00:00:00
KeyPers_LA_1230160,LA_MATERIEL_INFO_202607178,LA,2026-07-17 00:00:00
KeyPers_LA_1230942,LA_MATERIEL_INFO_202607179,LA,2026-07-17 00:00:00
KeyPers_LA_1231175,LA_MATERIEL_INFO_2026071710,LA,2026-07-17 00:00:00
KeyPers_LA_1232250,LA_MATERIEL_INFO_2026071711,LA,2026-07-17 00:00:00
KeyPers_LA_1232708,LA_MATERIEL_INFO_2026071712,LA,2026-07-17 00:00:00
KeyPers_LA_1231391,LA_MATERIEL_INFO_2026071713,LA,2026-07-17 00:00:00
KeyPers_NewYork_1230895,NewYork_MATERIEL_INFO_202607170,NewYork,2026-07-17 00:00:00
KeyPers_NewYork_1230008,NewYork_MATERIEL_INFO_202607171,NewYork,2026-07-17 00:00:00
KeyPers_NewYork_1232792,NewYork_MATERIEL_INFO_202607172,NewYork,2026-07-17 00:00:00
KeyPers_NewYork_1230069,NewYork_MATERIEL_INFO_202607173,NewYork,2026-07-17 00:00:00
KeyPers_NewYork_1231723,NewYork_MATERIEL_INFO_202607174,NewYork,2026-07-17 00:00:00
KeyPers_NewYork_1230547,NewYork_MATERIEL_INFO_202607175,NewYork,2026-07-17 00:00:00
KeyPers_NewYork_1232038,NewYork_MATERIEL_INFO_202607176,NewYork,2026-07-17 00:00:00
KeyPers_NewYork_1230532,NewYork_MATERIEL_INFO_202607177,NewYork,2026-07-17 00:00:00
KeyPers_NewYork_1230796,NewYork_MATERIEL_INFO_202607178,NewYork,2026-07-17 00:00:00
KeyPers_Paris_1231309,Paris_MATERIEL_INFO_202607170,Paris,2026-07-17 00:00:00
KeyPers_Paris_1233745,Paris_MATERIEL_INFO_202607171,Paris,2026-07-17 00:00:00
KeyPers_Paris_1233519,Paris_MATERIEL_INFO_202607172,Paris,2026-07-17 00:00:00
KeyPers_Paris_1230674,Paris_MATERIEL_INFO_202607173,Paris,2026-07-17 00:00:00
KeyPers_Paris_1231875,Paris_MATERIEL_INFO_202607174,Paris,2026-07-17 00:00:00
KeyPers_Paris_1232729,Paris_MATERIEL_INFO_202607175,Paris,2026-07-17 00:00:00
KeyPers_Paris_1234251,Paris_MATERIEL_INFO_202607176,Paris,2026-07-17 00:00:00
KeyPers_Shanghai_1230827,Shanghai_MATERIEL_INFO_202607170,Shanghai,2026-07-17 00:00:00
KeyPers_Shanghai_1230004,Shanghai_MATERIEL_INFO_202607171,Shanghai,2026-07-17 00:00:00
KeyPers_Shanghai_1230044,Shanghai_MATERIEL_INFO_202607172,Shanghai,2026-07-17 00:00:00
KeyPers_Shanghai_1230732,Shanghai_MATERIEL_INFO_202607173,Shanghai,2026-07-17 00:00:00
KeyPers_Shanghai_1230649,Shanghai_MATERIEL_INFO_202607174,Shanghai,2026-07-17 00:00:00
KeyPers_Shanghai_1230300,Shanghai_MATERIEL_INFO_202607175,Shanghai,2026-07-17 00:00:00
KeyPers_Shanghai_1230287,Shanghai_MATERIEL_INFO_202607176,Shanghai,2026-07-17 00:00:00
KeyPers_Shanghai_1230546,Shanghai_MATERIEL_INFO_202607177,Shanghai,2026-07-17 00:00:00
KeyPers_Shanghai_1230368,Shanghai_MATERIEL_INFO_202607178,Shanghai,2026-07-17 00:00:00
KeyPers_Shanghai_1230811,Shanghai_MATERIEL_INFO_202607179,Shanghai,2026-07-17 00:00:00
KeyPers_Shanghai_1230352,Shanghai_MATERIEL_INFO_2026071710,Shanghai,2026-07-17 00:00:00
KeyPers_Berlin_1230277,BERLIN_MATERIEL_INFO_202607180,Berlin,2026-07-18 00:00:00
KeyPers_Berlin_1231287,BERLIN_MATERIEL_INFO_202607181,Berlin,2026-07-18 00:00:00
KeyPers_London_1232425,LONDON_MATERIEL_INFO_202607180,London,2026-07-18 00:00:00
KeyPers_London_1231279,LONDON_MATERIEL_INFO_202607181,London,2026-07-18 00:00:00
KeyPers_London_1230621,LONDON_MATERIEL_INFO_202607182,London,2026-07-18 00:00:00
KeyPers_London_1230571,LONDON_MATERIEL_INFO_202607183,London,2026-07-18 00:00:00
KeyPers_London_1233429,LONDON_MATERIEL_INFO_202607184,London,2026-07-18 00:00:00
KeyPers_London_1232567,LONDON_MATERIEL_INFO_202607185,London,2026-07-18 00:00:00
KeyPers_London_1233779,LONDON_MATERIEL_INFO_202607186,London,2026-07-18 00:00:00
KeyPers_London_1233041,LONDON_MATERIEL_INFO_202607187,London,2026-07-18 00:00:00
KeyPers_London_1234016,LONDON_MATERIEL_INFO_202607188,London,2026-07-18 00:00:00
KeyPers_London_1230253,LONDON_MATERIEL_INFO_202607189,London,2026-07-18 00:00:00
KeyPers_London_1231552,LONDON_MATERIEL_INFO_2026071810,London,2026-07-18 00:00:00
KeyPers_LA_1230049,LA_MATERIEL_INFO_202607180,LA,2026-07-18 00:00:00
KeyPers_LA_1230628,LA_MATERIEL_INFO_202607181,LA,2026-07-18 00:00:00
KeyPers_LA_1231769,LA_MATERIEL_INFO_202607182,LA,2026-07-18 00:00:00
KeyPers_LA_1231063,LA_MATERIEL_INFO_202607183,LA,2026-07-18 00:00:00
KeyPers_LA_1231946,LA_MATERIEL_INFO_202607184,LA,2026-07-18 00:00:00
KeyPers_LA_1231405,LA_MATERIEL_INFO_202607185,LA,2026-07-18 00:00:00
KeyPers_LA_1232751,LA_MATERIEL_INFO_202607186,LA,2026-07-18 00:00:00
KeyPers_NewYork_1230799,NewYork_MATERIEL_INFO_202607180,NewYork,2026-07-18 00:00:00
KeyPers_NewYork_1232072,NewYork_MATERIEL_INFO_202607181,NewYork,2026-07-18 00:00:00
KeyPers_NewYork_1232446,NewYork_MATERIEL_INFO_202607182,NewYork,2026-07-18 00:00:00
KeyPers_NewYork_1231454,NewYork_MATERIEL_INFO_202607183,NewYork,2026-07-18 00:00:00
KeyPers_NewYork_1231541,NewYork_MATERIEL_INFO_202607184,NewYork,2026-07-18 00:00:00
KeyPers_NewYork_1232168,NewYork_MATERIEL_INFO_202607185,NewYork,2026-07-18 00:00:00
KeyPers_NewYork_1232857,NewYork_MATERIEL_INFO_202607186,NewYork,2026-07-18 00:00:00
KeyPers_NewYork_1232407,NewYork_MATERIEL_INFO_202607187,NewYork,2026-07-18 00:00:00
KeyPers_NewYork_1231118,NewYork_MATERIEL_INFO_202607188,NewYork,2026-07-18 00:00:00
KeyPers_NewYork_1232333,NewYork_MATERIEL_INFO_202607189,NewYork,2026-07-18 00:00:00
KeyPers_NewYork_1231381,NewYork_MATERIEL_INFO_2026071810,NewYork,2026-07-18 00:00:00
KeyPers_NewYork_1230502,NewYork_MATERIEL_INFO_2026071811,NewYork,2026-07-18 00:00:00
KeyPers_NewYork_1231397,NewYork_MATERIEL_INFO_2026071812,NewYork,2026-07-18 00:00:00
KeyPers_NewYork_1232154,NewYork_MATERIEL_INFO_2026071813,NewYork,2026-07-18 00:00:00
KeyPers_Paris_1232988,Paris_MATERIEL_INFO_202607180,Paris,2026-07-18 00:00:00
KeyPers_Paris_1234015,Paris_MATERIEL_INFO_202607181,Paris,2026-07-18 00:00:00
KeyPers_Paris_1231292,Paris_MATERIEL_INFO_202607182,Paris,2026-07-18 00:00:00
KeyPers_Shanghai_1230911,Shanghai_MATERIEL_INFO_202607180,Shanghai,2026-07-18 00:00:00
KeyPers_Shanghai_1230384,Shanghai_MATERIEL_INFO_202607181,Shanghai,2026-07-18 00:00:00
KeyPers_Shanghai_1230358,Shanghai_MATERIEL_INFO_202607182,Shanghai,2026-07-18 00:00:00
KeyPers_Shanghai_1230053,Shanghai_MATERIEL_INFO_202607183,Shanghai,2026-07-18 00:00:00
KeyPers_Shanghai_1230014,Shanghai_MATERIEL_INFO_202607184,Shanghai,2026-07-18 00:00:00
KeyPers_Berlin_1234185,BERLIN_MATERIEL_INFO_202607190,Berlin,2026-07-19 00:00:00
KeyPers_Berlin_1232598,BERLIN_MATERIEL_INFO_202607191,Berlin,2026-07-19 00:00:00
KeyPers_Berlin_1230936,BERLIN_MATERIEL_INFO_202607192,Berlin,2026-07-19 00:00:00
KeyPers_Berlin_1233608,BERLIN_MATERIEL_INFO_202607193,Berlin,2026-07-19 00:00:00
KeyPers_Berlin_1232344,BERLIN_MATERIEL_INFO_202607194,Berlin,2026-07-19 00:00:00
KeyPers_Berlin_1232659,BERLIN_MATERIEL_INFO_202607195,Berlin,2026-07-19 00:00:00
KeyPers_London_1231767,LONDON_MATERIEL_INFO_202607190,London,2026-07-19 00:00:00
KeyPers_London_1232492,LONDON_MATERIEL_INFO_202607191,London,2026-07-19 00:00:00
KeyPers_London_1233451,LONDON_MATERIEL_INFO_202607192,London,2026-07-19 00:00:00
KeyPers_London_1230966,LONDON_MATERIEL_INFO_202607193,London,2026-07-19 00:00:00
KeyPers_LA_1232274,LA_MATERIEL_INFO_202607190,LA,2026-07-19 00:00:00
KeyPers_LA_1231529,LA_MATERIEL_INFO_202607191,LA,2026-07-19 00:00:00
KeyPers_LA_1230662,LA_MATERIEL_INFO_202607192,LA,2026-07-19 00:00:00
KeyPers_LA_1230615,LA_MATERIEL_INFO_202607193,LA,2026-07-19 00:00:00
KeyPers_LA_1230536,LA_MATERIEL_INFO_202607194,LA,2026-07-19 00:00:00
KeyPers_LA_1230577,LA_MATERIEL_INFO_202607195,LA,2026-07-19 00:00:00
KeyPers_LA_1232236,LA_MATERIEL_INFO_202607196,LA,2026-07-19 00:00:00
KeyPers_LA_1230179,LA_MATERIEL_INFO_202607197,LA,2026-07-19 00:00:00
KeyPers_LA_1231723,LA_MATERIEL_INFO_202607198,LA,2026-07-19 00:00:00
KeyPers_LA_1231537,LA_MATERIEL_INFO_202607199,LA,2026-07-19 00:00:00
KeyPers_LA_1230403,LA_MATERIEL_INFO_2026071910,LA,2026-07-19 00:00:00
KeyPers_NewYork_1232504,NewYork_MATERIEL_INFO_202607190,NewYork,2026-07-19 00:00:00
KeyPers_NewYork_1230417,NewYork_MATERIEL_INFO_202607191,NewYork,2026-07-19 00:00:00
KeyPers_NewYork_1232075,NewYork_MATERIEL_INFO_202607192,NewYork,2026-07-19 00:00:00
KeyPers_NewYork_1230940,NewYork_MATERIEL_INFO_202607193,NewYork,2026-07-19 00:00:00
KeyPers_NewYork_1232523,NewYork_MATERIEL_INFO_202607194,NewYork,2026-07-19 00:00:00
KeyPers_NewYork_1232221,NewYork_MATERIEL_INFO_202607195,NewYork,2026-07-19 00:00:00
KeyPers_NewYork_1232239,NewYork_MATERIEL_INFO_202607196,NewYork,2026-07-19 00:00:00
KeyPers_NewYork_1230319,NewYork_MATERIEL_INFO_202607197,NewYork,2026-07-19 00:00:00
KeyPers_NewYork_1230709,NewYork_MATERIEL_INFO_202607198,NewYork,2026-07-19 00:00:00
KeyPers_NewYork_1230409,NewYork_MATERIEL_INFO_202607199,NewYork,2026-07-19 00:00:00
KeyPers_NewYork_1231335,NewYork_MATERIEL_INFO_2026071910,NewYork,2026-07-19 00:00:00
KeyPers_Paris_1232461,Paris_MATERIEL_INFO_202607190,Paris,2026-07-19 00:00:00
KeyPers_Paris_1230433,Paris_MATERIEL_INFO_202607191,Paris,2026-07-19 00:00:00
KeyPers_Paris_1230712,Paris_MATERIEL_INFO_202607192,Paris,2026-07-19 00:00:00
KeyPers_Paris_1230520,Paris_MATERIEL_INFO_202607193,Paris,2026-07-19 00:00:00
KeyPers_Paris_1232380,Paris_MATERIEL_INFO_202607194,Paris,2026-07-19 00:00:00
KeyPers_Paris_1232718,Paris_MATERIEL_INFO_202607195,Paris,2026-07-19 00:00:00
KeyPers_Paris_1234903,Paris_MATERIEL_INFO_202607196,Paris,2026-07-19 00:00:00
KeyPers_Paris_1231488,Paris_MATERIEL_INFO_202607197,Paris,2026-07-19 00:00:00
KeyPers_Paris_1230066,Paris_MATERIEL_INFO_202607198,Paris,2026-07-19 00:00:00
KeyPers_Paris_1233336,Paris_MATERIEL_INFO_202607199,Paris,2026-07-19 00:00:00
KeyPers_Paris_1232261,Paris_MATERIEL_INFO_2026071910,Paris,2026-07-19 00:00:00
KeyPers_Paris_1234282,Paris_MATERIEL_INFO_2026071911,Paris,2026-07-19 00:00:00
KeyPers_Shanghai_1230983,Shanghai_MATERIEL_INFO_202607190,Shanghai,2026-07-19 00:00:00
KeyPers_Shanghai_1230281,Shanghai_MATERIEL_INFO_202607191,Shanghai,2026-07-19 00:00:00
KeyPers_Shanghai_1230716,Shanghai_MATERIEL_INFO_202607192,Shanghai,2026-07-19 00:00:00
KeyPers_Shanghai_1230297,Shanghai_MATERIEL_INFO_202607193,Shanghai,2026-07-19 00:00:00
KeyPers_Berlin_1233685,BERLIN_MATERIEL_INFO_202607200,Berlin,2026-07-20 00:00:00
KeyPers_Berlin_1232984,BERLIN_MATERIEL_INFO_202607201,Berlin,2026-07-20 00:00:00
KeyPers_Berlin_1230218,BERLIN_MATERIEL_INFO_202607202,Berlin,2026-07-20 00:00:00
KeyPers_Berlin_1230686,BERLIN_MATERIEL_INFO_202607203,Berlin,2026-07-20 00:00:00
KeyPers_Berlin_1230898,BERLIN_MATERIEL_INFO_202607204,Berlin,2026-07-20 00:00:00
KeyPers_London_1232931,LONDON_MATERIEL_INFO_202607200,London,2026-07-20 00:00:00
KeyPers_London_1233752,LONDON_MATERIEL_INFO_202607201,London,2026-07-20 00:00:00
KeyPers_London_1232799,LONDON_MATERIEL_INFO_202607202,London,2026-07-20 00:00:00
KeyPers_London_1231432,LONDON_MATERIEL_INFO_202607203,London,2026-07-20 00:00:00
KeyPers_London_1231896,LONDON_MATERIEL_INFO_202607204,London,2026-07-20 00:00:00
KeyPers_LA_1230148,LA_MATERIEL_INFO_202607200,LA,2026-07-20 00:00:00
KeyPers_LA_1231793,LA_MATERIEL_INFO_202607201,LA,2026-07-20 00:00:00
KeyPers_LA_1230660,LA_MATERIEL_INFO_202607202,LA,2026-07-20 00:00:00
KeyPers_LA_1230019,LA_MATERIEL_INFO_202607203,LA,2026-07-20 00:00:00
KeyPers_LA_1230326,LA_MATERIEL_INFO_202607204,LA,2026-07-20 00:00:00
KeyPers_LA_1231909,LA_MATERIEL_INFO_202607205,LA,2026-07-20 00:00:00
KeyPers_LA_1232387,LA_MATERIEL_INFO_202607206,LA,2026-07-20 00:00:00
KeyPers_NewYork_1230839,NewYork_MATERIEL_INFO_202607200,NewYork,2026-07-20 00:00:00
KeyPers_NewYork_1232411,NewYork_MATERIEL_INFO_202607201,NewYork,2026-07-20 00:00:00
KeyPers_NewYork_1230902,NewYork_MATERIEL_INFO_202607202,NewYork,2026-07-20 00:00:00
KeyPers_Paris_1232816,Paris_MATERIEL_INFO_202607200,Paris,2026-07-20 00:00:00
KeyPers_Paris_1232943,Paris_MATERIEL_INFO_202607201,Paris,2026-07-20 00:00:00
KeyPers_Paris_1233639,Paris_MATERIEL_INFO_202607202,Paris,2026-07-20 00:00:00
KeyPers_Paris_1232678,Paris_MATERIEL_INFO_202607203,Paris,2026-07-20 00:00:00
KeyPers_Paris_1234040,Paris_MATERIEL_INFO_202607204,Paris,2026-07-20 00:00:00
KeyPers_Paris_1231790,Paris_MATERIEL_INFO_202607205,Paris,2026-07-20 00:00:00
KeyPers_Paris_1232366,Paris_MATERIEL_INFO_202607206,Paris,2026-07-20 00:00:00
KeyPers_Paris_1234396,Paris_MATERIEL_INFO_202607207,Paris,2026-07-20 00:00:00
KeyPers_Paris_1231373,Paris_MATERIEL_INFO_202607208,Paris,2026-07-20 00:00:00
KeyPers_Paris_1230135,Paris_MATERIEL_INFO_202607209,Paris,2026-07-20 00:00:00
KeyPers_Paris_1232730,Paris_MATERIEL_INFO_2026072010,Paris,2026-07-20 00:00:00
KeyPers_Paris_1230754,Paris_MATERIEL_INFO_2026072011,Paris,2026-07-20 00:00:00
KeyPers_Shanghai_1230380,Shanghai_MATERIEL_INFO_202607200,Shanghai,2026-07-20 00:00:00
KeyPers_Shanghai_1230184,Shanghai_MATERIEL_INFO_202607201,Shanghai,2026-07-20 00:00:00
KeyPers_Shanghai_1230464,Shanghai_MATERIEL_INFO_202607202,Shanghai,2026-07-20 00:00:00
KeyPers_Shanghai_1230677,Shanghai_MATERIEL_INFO_202607203,Shanghai,2026-07-20 00:00:00
KeyPers_Shanghai_1230452,Shanghai_MATERIEL_INFO_202607204,Shanghai,2026-07-20 00:00:00
KeyPers_Berlin_1234085,BERLIN_MATERIEL_INFO_202607210,Berlin,2026-07-21 00:00:00
KeyPers_Berlin_1233519,BERLIN_MATERIEL_INFO_202607211,Berlin,2026-07-21 00:00:00
KeyPers_London_1233855,LONDON_MATERIEL_INFO_202607210,London,2026-07-21 00:00:00
KeyPers_London_1230323,LONDON_MATERIEL_INFO_202607211,London,2026-07-21 00:00:00
KeyPers_London_1231572,LONDON_MATERIEL_INFO_202607212,London,2026-07-21 00:00:00
KeyPers_London_1233546,LONDON_MATERIEL_INFO_202607213,London,2026-07-21 00:00:00
KeyPers_LA_1230834,LA_MATERIEL_INFO_202607210,LA,2026-07-21 00:00:00
KeyPers_LA_1231438,LA_MATERIEL_INFO_202607211,LA,2026-07-21 00:00:00
KeyPers_LA_1231351,LA_MATERIEL_INFO_202607212,LA,2026-07-21 00:00:00
KeyPers_LA_1230967,LA_MATERIEL_INFO_202607213,LA,2026-07-21 00:00:00
KeyPers_LA_1232832,LA_MATERIEL_INFO_202607214,LA,2026-07-21 00:00:00
KeyPers_LA_1232853,LA_MATERIEL_INFO_202607215,LA,2026-07-21 00:00:00
KeyPers_LA_1232175,LA_MATERIEL_INFO_202607216,LA,2026-07-21 00:00:00
KeyPers_LA_1230619,LA_MATERIEL_INFO_202607217,LA,2026-07-21 00:00:00
KeyPers_LA_1232199,LA_MATERIEL_INFO_202607218,LA,2026-07-21 00:00:00
KeyPers_LA_1230585,LA_MATERIEL_INFO_202607219,LA,2026-07-21 00:00:00
KeyPers_NewYork_1230386,NewYork_MATERIEL_INFO_202607210,NewYork,2026-07-21 00:00:00
KeyPers_NewYork_1232408,NewYork_MATERIEL_INFO_202607211,NewYork,2026-07-21 00:00:00
KeyPers_NewYork_1230654,NewYork_MATERIEL_INFO_202607212,NewYork,2026-07-21 00:00:00
KeyPers_NewYork_1232090,NewYork_MATERIEL_INFO_202607213,NewYork,2026-07-21 00:00:00
KeyPers_NewYork_1232732,NewYork_MATERIEL_INFO_202607214,NewYork,2026-07-21 00:00:00
KeyPers_NewYork_1232502,NewYork_MATERIEL_INFO_202607215,NewYork,2026-07-21 00:00:00
KeyPers_NewYork_1230323,NewYork_MATERIEL_INFO_202607216,NewYork,2026-07-21 00:00:00
KeyPers_NewYork_1231637,NewYork_MATERIEL_INFO_202607217,NewYork,2026-07-21 00:00:00
KeyPers_NewYork_1232594,NewYork_MATERIEL_INFO_202607218,NewYork,2026-07-21 00:00:00
KeyPers_NewYork_1232790,NewYork_MATERIEL_INFO_202607219,NewYork,2026-07-21 00:00:00
KeyPers_Paris_1230417,Paris_MATERIEL_INFO_202607210,Paris,2026-07-21 00:00:00
KeyPers_Paris_1233828,Paris_MATERIEL_INFO_202607211,Paris,2026-07-21 00:00:00
KeyPers_Paris_1234704,Paris_MATERIEL_INFO_202607212,Paris,2026-07-21 00:00:00
KeyPers_Paris_1234656,Paris_MATERIEL_INFO_202607213,Paris,2026-07-21 00:00:00
KeyPers_Paris_1230366,Paris_MATERIEL_INFO_202607214,Paris,2026-07-21 00:00:00
KeyPers_Paris_1234218,Paris_MATERIEL_INFO_202607215,Paris,2026-07-21 00:00:00
KeyPers_Paris_1233894,Paris_MATERIEL_INFO_202607216,Paris,2026-07-21 00:00:00
KeyPers_Paris_1234086,Paris_MATERIEL_INFO_202607217,Paris,2026-07-21 00:00:00
KeyPers_Paris_1230947,Paris_MATERIEL_INFO_202607218,Paris,2026-07-21 00:00:00
KeyPers_Paris_1232946,Paris_MATERIEL_INFO_202607219,Paris,2026-07-21 00:00:00
KeyPers_Shanghai_1230458,Shanghai_MATERIEL_INFO_202607210,Shanghai,2026-07-21 00:00:00
KeyPers_Shanghai_1230013,Shanghai_MATERIEL_INFO_202607211,Shanghai,2026-07-21 00:00:00
KeyPers_Shanghai_1230744,Shanghai_MATERIEL_INFO_202607212,Shanghai,2026-07-21 00:00:00
KeyPers_Shanghai_1230703,Shanghai_MATERIEL_INFO_202607213,Shanghai,2026-07-21 00:00:00
KeyPers_Shanghai_1230038,Shanghai_MATERIEL_INFO_202607214,Shanghai,2026-07-21 00:00:00
KeyPers_Shanghai_1230156,Shanghai_MATERIEL_INFO_202607215,Shanghai,2026-07-21 00:00:00
KeyPers_Shanghai_1230227,Shanghai_MATERIEL_INFO_202607216,Shanghai,2026-07-21 00:00:00
KeyPers_Shanghai_1230614,Shanghai_MATERIEL_INFO_202607217,Shanghai,2026-07-21 00:00:00
KeyPers_Shanghai_1230565,Shanghai_MATERIEL_INFO_202607218,Shanghai,2026-07-21 00:00:00
KeyPers_Shanghai_1230999,Shanghai_MATERIEL_INFO_202607219,Shanghai,2026-07-21 00:00:00
KeyPers_Shanghai_1230646,Shanghai_MATERIEL_INFO_2026072110,Shanghai,2026-07-21 00:00:00
KeyPers_Berlin_1233753,BERLIN_MATERIEL_INFO_202607220,Berlin,2026-07-22 00:00:00
KeyPers_London_1232480,LONDON_MATERIEL_INFO_202607220,London,2026-07-22 00:00:00
KeyPers_London_1234094,LONDON_MATERIEL_INFO_202607221,London,2026-07-22 00:00:00
KeyPers_London_1231746,LONDON_MATERIEL_INFO_202607222,London,2026-07-22 00:00:00
KeyPers_London_1230277,LONDON_MATERIEL_INFO_202607223,London,2026-07-22 00:00:00
KeyPers_London_1231816,LONDON_MATERIEL_INFO_202607224,London,2026-07-22 00:00:00
KeyPers_London_1233996,LONDON_MATERIEL_INFO_202607225,London,2026-07-22 00:00:00
KeyPers_London_1231361,LONDON_MATERIEL_INFO_202607226,London,2026-07-22 00:00:00
KeyPers_London_1232668,LONDON_MATERIEL_INFO_202607227,London,2026-07-22 00:00:00
KeyPers_London_1233856,LONDON_MATERIEL_INFO_202607228,London,2026-07-22 00:00:00
KeyPers_London_1232144,LONDON_MATERIEL_INFO_202607229,London,2026-07-22 00:00:00
KeyPers_London_1233042,LONDON_MATERIEL_INFO_2026072210,London,2026-07-22 00:00:00
KeyPers_London_1231264,LONDON_MATERIEL_INFO_2026072211,London,2026-07-22 00:00:00
KeyPers_London_1230676,LONDON_MATERIEL_INFO_2026072212,London,2026-07-22 00:00:00
KeyPers_LA_1231879,LA_MATERIEL_INFO_202607220,LA,2026-07-22 00:00:00
KeyPers_LA_1230046,LA_MATERIEL_INFO_202607221,LA,2026-07-22 00:00:00
KeyPers_LA_1230436,LA_MATERIEL_INFO_202607222,LA,2026-07-22 00:00:00
KeyPers_LA_1232965,LA_MATERIEL_INFO_202607223,LA,2026-07-22 00:00:00
KeyPers_LA_1230176,LA_MATERIEL_INFO_202607224,LA,2026-07-22 00:00:00
KeyPers_LA_1232019,LA_MATERIEL_INFO_202607225,LA,2026-07-22 00:00:00
KeyPers_LA_1230297,LA_MATERIEL_INFO_202607226,LA,2026-07-22 00:00:00
KeyPers_LA_1232194,LA_MATERIEL_INFO_202607227,LA,2026-07-22 00:00:00
KeyPers_LA_1232340,LA_MATERIEL_INFO_202607228,LA,2026-07-22 00:00:00
KeyPers_LA_1230577,LA_MATERIEL_INFO_202607229,LA,2026-07-22 00:00:00
KeyPers_LA_1232945,LA_MATERIEL_INFO_2026072210,LA,2026-07-22 00:00:00
KeyPers_NewYork_1232869,NewYork_MATERIEL_INFO_202607220,NewYork,2026-07-22 00:00:00
KeyPers_NewYork_1230789,NewYork_MATERIEL_INFO_202607221,NewYork,2026-07-22 00:00:00
KeyPers_NewYork_1232160,NewYork_MATERIEL_INFO_202607222,NewYork,2026-07-22 00:00:00
KeyPers_NewYork_1232452,NewYork_MATERIEL_INFO_202607223,NewYork,2026-07-22 00:00:00
KeyPers_NewYork_1232070,NewYork_MATERIEL_INFO_202607224,NewYork,2026-07-22 00:00:00
KeyPers_NewYork_1231891,NewYork_MATERIEL_INFO_202607225,NewYork,2026-07-22 00:00:00
KeyPers_NewYork_1231298,NewYork_MATERIEL_INFO_202607226,NewYork,2026-07-22 00:00:00
KeyPers_NewYork_1230550,NewYork_MATERIEL_INFO_202607227,NewYork,2026-07-22 00:00:00
KeyPers_NewYork_1232686,NewYork_MATERIEL_INFO_202607228,NewYork,2026-07-22 00:00:00
KeyPers_NewYork_1230891,NewYork_MATERIEL_INFO_202607229,NewYork,2026-07-22 00:00:00
KeyPers_NewYork_1231384,NewYork_MATERIEL_INFO_2026072210,NewYork,2026-07-22 00:00:00
KeyPers_NewYork_1232883,NewYork_MATERIEL_INFO_2026072211,NewYork,2026-07-22 00:00:00
KeyPers_Paris_1230718,Paris_MATERIEL_INFO_202607220,Paris,2026-07-22 00:00:00
KeyPers_Paris_1233428,Paris_MATERIEL_INFO_202607221,Paris,2026-07-22 00:00:00
KeyPers_Paris_1232806,Paris_MATERIEL_INFO_202607222,Paris,2026-07-22 00:00:00
KeyPers_Shanghai_1230485,Shanghai_MATERIEL_INFO_202607220,Shanghai,2026-07-22 00:00:00
KeyPers_Shanghai_1230178,Shanghai_MATERIEL_INFO_202607221,Shanghai,2026-07-22 00:00:00
KeyPers_Shanghai_1230054,Shanghai_MATERIEL_INFO_202607222,Shanghai,2026-07-22 00:00:00
KeyPers_Shanghai_1230515,Shanghai_MATERIEL_INFO_202607223,Shanghai,2026-07-22 00:00:00
KeyPers_Shanghai_1230415,Shanghai_MATERIEL_INFO_202607224,Shanghai,2026-07-22 00:00:00
KeyPers_Berlin_1231623,BERLIN_MATERIEL_INFO_202607230,Berlin,2026-07-23 00:00:00
KeyPers_Berlin_1231920,BERLIN_MATERIEL_INFO_202607231,Berlin,2026-07-23 00:00:00
KeyPers_Berlin_1230406,BERLIN_MATERIEL_INFO_202607232,Berlin,2026-07-23 00:00:00
KeyPers_Berlin_1230792,BERLIN_MATERIEL_INFO_202607233,Berlin,2026-07-23 00:00:00
KeyPers_London_1232169,LONDON_MATERIEL_INFO_202607230,London,2026-07-23 00:00:00
KeyPers_London_1232572,LONDON_MATERIEL_INFO_202607231,London,2026-07-23 00:00:00
KeyPers_London_1233948,LONDON_MATERIEL_INFO_202607232,London,2026-07-23 00:00:00
KeyPers_London_1230970,LONDON_MATERIEL_INFO_202607233,London,2026-07-23 00:00:00
KeyPers_London_1233286,LONDON_MATERIEL_INFO_202607234,London,2026-07-23 00:00:00
KeyPers_London_1233113,LONDON_MATERIEL_INFO_202607235,London,2026-07-23 00:00:00
KeyPers_London_1231968,LONDON_MATERIEL_INFO_202607236,London,2026-07-23 00:00:00
KeyPers_LA_1232068,LA_MATERIEL_INFO_202607230,LA,2026-07-23 00:00:00
KeyPers_LA_1230779,LA_MATERIEL_INFO_202607231,LA,2026-07-23 00:00:00
KeyPers_LA_1230929,LA_MATERIEL_INFO_202607232,LA,2026-07-23 00:00:00
KeyPers_LA_1232287,LA_MATERIEL_INFO_202607233,LA,2026-07-23 00:00:00
KeyPers_LA_1231479,LA_MATERIEL_INFO_202607234,LA,2026-07-23 00:00:00
KeyPers_LA_1230434,LA_MATERIEL_INFO_202607235,LA,2026-07-23 00:00:00
KeyPers_LA_1230398,LA_MATERIEL_INFO_202607236,LA,2026-07-23 00:00:00
KeyPers_LA_1230816,LA_MATERIEL_INFO_202607237,LA,2026-07-23 00:00:00
KeyPers_NewYork_1232101,NewYork_MATERIEL_INFO_202607230,NewYork,2026-07-23 00:00:00
KeyPers_NewYork_1231846,NewYork_MATERIEL_INFO_202607231,NewYork,2026-07-23 00:00:00
KeyPers_NewYork_1230917,NewYork_MATERIEL_INFO_202607232,NewYork,2026-07-23 00:00:00
KeyPers_NewYork_1232024,NewYork_MATERIEL_INFO_202607233,NewYork,2026-07-23 00:00:00
KeyPers_NewYork_1231129,NewYork_MATERIEL_INFO_202607234,NewYork,2026-07-23 00:00:00
KeyPers_NewYork_1231110,NewYork_MATERIEL_INFO_202607235,NewYork,2026-07-23 00:00:00
KeyPers_NewYork_1230378,NewYork_MATERIEL_INFO_202607236,NewYork,2026-07-23 00:00:00
KeyPers_NewYork_1232256,NewYork_MATERIEL_INFO_202607237,NewYork,2026-07-23 00:00:00
KeyPers_NewYork_1231523,NewYork_MATERIEL_INFO_202607238,NewYork,2026-07-23 00:00:00
KeyPers_NewYork_1232519,NewYork_MATERIEL_INFO_202607239,NewYork,2026-07-23 00:00:00
KeyPers_NewYork_1230498,NewYork_MATERIEL_INFO_2026072310,NewYork,2026-07-23 00:00:00
KeyPers_NewYork_1232555,NewYork_MATERIEL_INFO_2026072311,NewYork,2026-07-23 00:00:00
KeyPers_NewYork_1230981,NewYork_MATERIEL_INFO_2026072312,NewYork,2026-07-23 00:00:00
KeyPers_Paris_1231865,Paris_MATERIEL_INFO_202607230,Paris,2026-07-23 00:00:00
KeyPers_Paris_1233691,Paris_MATERIEL_INFO_202607231,Paris,2026-07-23 00:00:00
KeyPers_Paris_1233231,Paris_MATERIEL_INFO_202607232,Paris,2026-07-23 00:00:00
KeyPers_Paris_1230740,Paris_MATERIEL_INFO_202607233,Paris,2026-07-23 00:00:00
KeyPers_Paris_1234414,Paris_MATERIEL_INFO_202607234,Paris,2026-07-23 00:00:00
KeyPers_Shanghai_1230689,Shanghai_MATERIEL_INFO_202607230,Shanghai,2026-07-23 00:00:00
KeyPers_Shanghai_1230577,Shanghai_MATERIEL_INFO_202607231,Shanghai,2026-07-23 00:00:00
KeyPers_Shanghai_1230084,Shanghai_MATERIEL_INFO_202607232,Shanghai,2026-07-23 00:00:00
KeyPers_Shanghai_1230812,Shanghai_MATERIEL_INFO_202607233,Shanghai,2026-07-23 00:00:00
KeyPers_Shanghai_1230089,Shanghai_MATERIEL_INFO_202607234,Shanghai,2026-07-23 00:00:00
KeyPers_Berlin_1230838,BERLIN_MATERIEL_INFO_202607240,Berlin,2026-07-24 00:00:00
KeyPers_Berlin_1230852,BERLIN_MATERIEL_INFO_202607241,Berlin,2026-07-24 00:00:00
KeyPers_Berlin_1232245,BERLIN_MATERIEL_INFO_202607242,Berlin,2026-07-24 00:00:00
KeyPers_Berlin_1232805,BERLIN_MATERIEL_INFO_202607243,Berlin,2026-07-24 00:00:00
KeyPers_London_1232100,LONDON_MATERIEL_INFO_202607240,London,2026-07-24 00:00:00
KeyPers_London_1231703,LONDON_MATERIEL_INFO_202607241,London,2026-07-24 00:00:00
KeyPers_London_1231361,LONDON_MATERIEL_INFO_202607242,London,2026-07-24 00:00:00
KeyPers_London_1233786,LONDON_MATERIEL_INFO_202607243,London,2026-07-24 00:00:00
KeyPers_London_1232941,LONDON_MATERIEL_INFO_202607244,London,2026-07-24 00:00:00
KeyPers_London_1233196,LONDON_MATERIEL_INFO_202607245,London,2026-07-24 00:00:00
KeyPers_London_1230630,LONDON_MATERIEL_INFO_202607246,London,2026-07-24 00:00:00
KeyPers_London_1232839,LONDON_MATERIEL_INFO_202607247,London,2026-07-24 00:00:00
KeyPers_London_1231558,LONDON_MATERIEL_INFO_202607248,London,2026-07-24 00:00:00
KeyPers_LA_1232758,LA_MATERIEL_INFO_202607240,LA,2026-07-24 00:00:00
KeyPers_LA_1231045,LA_MATERIEL_INFO_202607241,LA,2026-07-24 00:00:00
KeyPers_LA_1231403,LA_MATERIEL_INFO_202607242,LA,2026-07-24 00:00:00
KeyPers_LA_1230447,LA_MATERIEL_INFO_202607243,LA,2026-07-24 00:00:00
KeyPers_LA_1230778,LA_MATERIEL_INFO_202607244,LA,2026-07-24 00:00:00
KeyPers_LA_1232609,LA_MATERIEL_INFO_202607245,LA,2026-07-24 00:00:00
KeyPers_LA_1230222,LA_MATERIEL_INFO_202607246,LA,2026-07-24 00:00:00
KeyPers_LA_1232550,LA_MATERIEL_INFO_202607247,LA,2026-07-24 00:00:00
KeyPers_LA_1231686,LA_MATERIEL_INFO_202607248,LA,2026-07-24 00:00:00
KeyPers_NewYork_1231737,NewYork_MATERIEL_INFO_202607240,NewYork,2026-07-24 00:00:00
KeyPers_Paris_1230858,Paris_MATERIEL_INFO_202607240,Paris,2026-07-24 00:00:00
KeyPers_Paris_1231615,Paris_MATERIEL_INFO_202607241,Paris,2026-07-24 00:00:00
KeyPers_Paris_1233182,Paris_MATERIEL_INFO_202607242,Paris,2026-07-24 00:00:00
KeyPers_Paris_1230414,Paris_MATERIEL_INFO_202607243,Paris,2026-07-24 00:00:00
KeyPers_Paris_1230943,Paris_MATERIEL_INFO_202607244,Paris,2026-07-24 00:00:00
KeyPers_Paris_1234895,Paris_MATERIEL_INFO_202607245,Paris,2026-07-24 00:00:00
KeyPers_Paris_1230562,Paris_MATERIEL_INFO_202607246,Paris,2026-07-24 00:00:00
KeyPers_Paris_1230059,Paris_MATERIEL_INFO_202607247,Paris,2026-07-24 00:00:00
KeyPers_Paris_1234455,Paris_MATERIEL_INFO_202607248,Paris,2026-07-24 00:00:00
KeyPers_Paris_1232112,Paris_MATERIEL_INFO_202607249,Paris,2026-07-24 00:00:00
KeyPers_Paris_1234765,Paris_MATERIEL_INFO_2026072410,Paris,2026-07-24 00:00:00
KeyPers_Paris_1231084,Paris_MATERIEL_INFO_2026072411,Paris,2026-07-24 00:00:00
KeyPers_Paris_1232850,Paris_MATERIEL_INFO_2026072412,Paris,2026-07-24 00:00:00
KeyPers_Paris_1232629,Paris_MATERIEL_INFO_2026072413,Paris,2026-07-24 00:00:00
KeyPers_Shanghai_1230809,Shanghai_MATERIEL_INFO_202607240,Shanghai,2026-07-24 00:00:00
KeyPers_Shanghai_1230710,Shanghai_MATERIEL_INFO_202607241,Shanghai,2026-07-24 00:00:00
KeyPers_Shanghai_1230395,Shanghai_MATERIEL_INFO_202607242,Shanghai,2026-07-24 00:00:00
KeyPers_Shanghai_1230051,Shanghai_MATERIEL_INFO_202607243,Shanghai,2026-07-24 00:00:00
KeyPers_Berlin_1234106,BERLIN_MATERIEL_INFO_202607250,Berlin,2026-07-25 00:00:00
KeyPers_Berlin_1230290,BERLIN_MATERIEL_INFO_202607251,Berlin,2026-07-25 00:00:00
KeyPers_Berlin_1232786,BERLIN_MATERIEL_INFO_202607252,Berlin,2026-07-25 00:00:00
KeyPers_London_1231201,LONDON_MATERIEL_INFO_202607250,London,2026-07-25 00:00:00
KeyPers_London_1232664,LONDON_MATERIEL_INFO_202607251,London,2026-07-25 00:00:00
KeyPers_London_1230212,LONDON_MATERIEL_INFO_202607252,London,2026-07-25 00:00:00
KeyPers_London_1232938,LONDON_MATERIEL_INFO_202607253,London,2026-07-25 00:00:00
KeyPers_London_1230023,LONDON_MATERIEL_INFO_202607254,London,2026-07-25 00:00:00
KeyPers_London_1231499,LONDON_MATERIEL_INFO_202607255,London,2026-07-25 00:00:00
KeyPers_London_1233128,LONDON_MATERIEL_INFO_202607256,London,2026-07-25 00:00:00
KeyPers_London_1231385,LONDON_MATERIEL_INFO_202607257,London,2026-07-25 00:00:00
KeyPers_London_1230304,LONDON_MATERIEL_INFO_202607258,London,2026-07-25 00:00:00
KeyPers_LA_1231539,LA_MATERIEL_INFO_202607250,LA,2026-07-25 00:00:00
KeyPers_NewYork_1230271,NewYork_MATERIEL_INFO_202607250,NewYork,2026-07-25 00:00:00
KeyPers_NewYork_1231600,NewYork_MATERIEL_INFO_202607251,NewYork,2026-07-25 00:00:00
KeyPers_NewYork_1230704,NewYork_MATERIEL_INFO_202607252,NewYork,2026-07-25 00:00:00
KeyPers_NewYork_1232375,NewYork_MATERIEL_INFO_202607253,NewYork,2026-07-25 00:00:00
KeyPers_NewYork_1232273,NewYork_MATERIEL_INFO_202607254,NewYork,2026-07-25 00:00:00
KeyPers_NewYork_1230409,NewYork_MATERIEL_INFO_202607255,NewYork,2026-07-25 00:00:00
KeyPers_NewYork_1230769,NewYork_MATERIEL_INFO_202607256,NewYork,2026-07-25 00:00:00
KeyPers_NewYork_1231767,NewYork_MATERIEL_INFO_202607257,NewYork,2026-07-25 00:00:00
KeyPers_NewYork_1231662,NewYork_MATERIEL_INFO_202607258,NewYork,2026-07-25 00:00:00
KeyPers_NewYork_1230480,NewYork_MATERIEL_INFO_202607259,NewYork,2026-07-25 00:00:00
KeyPers_NewYork_1232850,NewYork_MATERIEL_INFO_2026072510,NewYork,2026-07-25 00:00:00
KeyPers_NewYork_1230157,NewYork_MATERIEL_INFO_2026072511,NewYork,2026-07-25 00:00:00
KeyPers_NewYork_1231461,NewYork_MATERIEL_INFO_2026072512,NewYork,2026-07-25 00:00:00
KeyPers_NewYork_1230423,NewYork_MATERIEL_INFO_2026072513,NewYork,2026-07-25 00:00:00
KeyPers_Paris_1233545,Paris_MATERIEL_INFO_202607250,Paris,2026-07-25 00:00:00
KeyPers_Paris_1231643,Paris_MATERIEL_INFO_202607251,Paris,2026-07-25 00:00:00
KeyPers_Paris_1234583,Paris_MATERIEL_INFO_202607252,Paris,2026-07-25 00:00:00
KeyPers_Paris_1233005,Paris_MATERIEL_INFO_202607253,Paris,2026-07-25 00:00:00
KeyPers_Shanghai_1230691,Shanghai_MATERIEL_INFO_202607250,Shanghai,2026-07-25 00:00:00
KeyPers_Shanghai_1230993,Shanghai_MATERIEL_INFO_202607251,Shanghai,2026-07-25 00:00:00
KeyPers_Shanghai_1230390,Shanghai_MATERIEL_INFO_202607252,Shanghai,2026-07-25 00:00:00
KeyPers_Shanghai_1230162,Shanghai_MATERIEL_INFO_202607253,Shanghai,2026-07-25 00:00:00
KeyPers_Shanghai_1230778,Shanghai_MATERIEL_INFO_202607254,Shanghai,2026-07-25 00:00:00
KeyPers_Shanghai_1230211,Shanghai_MATERIEL_INFO_202607255,Shanghai,2026-07-25 00:00:00
KeyPers_Shanghai_1230485,Shanghai_MATERIEL_INFO_202607256,Shanghai,2026-07-25 00:00:00
KeyPers_Berlin_1231633,BERLIN_MATERIEL_INFO_202607260,Berlin,2026-07-26 00:00:00
KeyPers_Berlin_1230450,BERLIN_MATERIEL_INFO_202607261,Berlin,2026-07-26 00:00:00
KeyPers_Berlin_1231544,BERLIN_MATERIEL_INFO_202607262,Berlin,2026-07-26 00:00:00
KeyPers_Berlin_1231884,BERLIN_MATERIEL_INFO_202607263,Berlin,2026-07-26 00:00:00
KeyPers_Berlin_1230452,BERLIN_MATERIEL_INFO_202607264,Berlin,2026-07-26 00:00:00
KeyPers_Berlin_1230676,BERLIN_MATERIEL_INFO_202607265,Berlin,2026-07-26 00:00:00
KeyPers_London_1234046,LONDON_MATERIEL_INFO_202607260,London,2026-07-26 00:00:00
KeyPers_London_1231508,LONDON_MATERIEL_INFO_202607261,London,2026-07-26 00:00:00
KeyPers_London_1232570,LONDON_MATERIEL_INFO_202607262,London,2026-07-26 00:00:00
KeyPers_London_1230390,LONDON_MATERIEL_INFO_202607263,London,2026-07-26 00:00:00
KeyPers_London_1232534,LONDON_MATERIEL_INFO_202607264,London,2026-07-26 00:00:00
KeyPers_London_1230363,LONDON_MATERIEL_INFO_202607265,London,2026-07-26 00:00:00
KeyPers_London_1230469,LONDON_MATERIEL_INFO_202607266,London,2026-07-26 00:00:00
KeyPers_LA_1230455,LA_MATERIEL_INFO_202607260,LA,2026-07-26 00:00:00
KeyPers_LA_1231378,LA_MATERIEL_INFO_202607261,LA,2026-07-26 00:00:00
KeyPers_LA_1232088,LA_MATERIEL_INFO_202607262,LA,2026-07-26 00:00:00
KeyPers_LA_1232410,LA_MATERIEL_INFO_202607263,LA,2026-07-26 00:00:00
KeyPers_LA_1231321,LA_MATERIEL_INFO_202607264,LA,2026-07-26 00:00:00
KeyPers_LA_1232686,LA_MATERIEL_INFO_202607265,LA,2026-07-26 00:00:00
KeyPers_NewYork_1231202,NewYork_MATERIEL_INFO_202607260,NewYork,2026-07-26 00:00:00
KeyPers_NewYork_1230564,NewYork_MATERIEL_INFO_202607261,NewYork,2026-07-26 00:00:00
KeyPers_NewYork_1232824,NewYork_MATERIEL_INFO_202607262,NewYork,2026-07-26 00:00:00
KeyPers_NewYork_1231424,NewYork_MATERIEL_INFO_202607263,NewYork,2026-07-26 00:00:00
KeyPers_NewYork_1232277,NewYork_MATERIEL_INFO_202607264,NewYork,2026-07-26 00:00:00
KeyPers_NewYork_1231892,NewYork_MATERIEL_INFO_202607265,NewYork,2026-07-26 00:00:00
KeyPers_NewYork_1230632,NewYork_MATERIEL_INFO_202607266,NewYork,2026-07-26 00:00:00
KeyPers_NewYork_1231551,NewYork_MATERIEL_INFO_202607267,NewYork,2026-07-26 00:00:00
KeyPers_NewYork_1230182,NewYork_MATERIEL_INFO_202607268,NewYork,2026-07-26 00:00:00
KeyPers_NewYork_1231225,NewYork_MATERIEL_INFO_202607269,NewYork,2026-07-26 00:00:00
KeyPers_NewYork_1230203,NewYork_MATERIEL_INFO_2026072610,NewYork,2026-07-26 00:00:00
KeyPers_NewYork_1231041,NewYork_MATERIEL_INFO_2026072611,NewYork,2026-07-26 00:00:00
KeyPers_NewYork_1231516,NewYork_MATERIEL_INFO_2026072612,NewYork,2026-07-26 00:00:00
KeyPers_NewYork_1231984,NewYork_MATERIEL_INFO_2026072613,NewYork,2026-07-26 00:00:00
KeyPers_Paris_1233719,Paris_MATERIEL_INFO_202607260,Paris,2026-07-26 00:00:00
KeyPers_Paris_1230432,Paris_MATERIEL_INFO_202607261,Paris,2026-07-26 00:00:00
KeyPers_Paris_1232044,Paris_MATERIEL_INFO_202607262,Paris,2026-07-26 00:00:00
KeyPers_Paris_1232174,Paris_MATERIEL_INFO_202607263,Paris,2026-07-26 00:00:00
KeyPers_Paris_1234342,Paris_MATERIEL_INFO_202607264,Paris,2026-07-26 00:00:00
KeyPers_Paris_1231083,Paris_MATERIEL_INFO_202607265,Paris,2026-07-26 00:00:00
KeyPers_Paris_1234860,Paris_MATERIEL_INFO_202607266,Paris,2026-07-26 00:00:00
KeyPers_Paris_1231614,Paris_MATERIEL_INFO_202607267,Paris,2026-07-26 00:00:00
KeyPers_Paris_1230971,Paris_MATERIEL_INFO_202607268,Paris,2026-07-26 00:00:00
KeyPers_Paris_1230702,Paris_MATERIEL_INFO_202607269,Paris,2026-07-26 00:00:00
KeyPers_Paris_1234100,Paris_MATERIEL_INFO_2026072610,Paris,2026-07-26 00:00:00
KeyPers_Paris_1230254,Paris_MATERIEL_INFO_2026072611,Paris,2026-07-26 00:00:00
KeyPers_Paris_1234025,Paris_MATERIEL_INFO_2026072612,Paris,2026-07-26 00:00:00
KeyPers_Shanghai_1230159,Shanghai_MATERIEL_INFO_202607260,Shanghai,2026-07-26 00:00:00
KeyPers_Shanghai_1230044,Shanghai_MATERIEL_INFO_202607261,Shanghai,2026-07-26 00:00:00
KeyPers_Shanghai_1230009,Shanghai_MATERIEL_INFO_202607262,Shanghai,2026-07-26 00:00:00
KeyPers_Shanghai_1230102,Shanghai_MATERIEL_INFO_202607263,Shanghai,2026-07-26 00:00:00
KeyPers_Shanghai_1230228,Shanghai_MATERIEL_INFO_202607264,Shanghai,2026-07-26 00:00:00
KeyPers_Shanghai_1230037,Shanghai_MATERIEL_INFO_202607265,Shanghai,2026-07-26 00:00:00
KeyPers_Shanghai_1230404,Shanghai_MATERIEL_INFO_202607266,Shanghai,2026-07-26 00:00:00
KeyPers_Shanghai_1230349,Shanghai_MATERIEL_INFO_202607267,Shanghai,2026-07-26 00:00:00
KeyPers_Shanghai_1230822,Shanghai_MATERIEL_INFO_202607268,Shanghai,2026-07-26 00:00:00
KeyPers_Shanghai_1230503,Shanghai_MATERIEL_INFO_202607269,Shanghai,2026-07-26 00:00:00
KeyPers_Shanghai_1230320,Shanghai_MATERIEL_INFO_2026072610,Shanghai,2026-07-26 00:00:00
KeyPers_Shanghai_1230858,Shanghai_MATERIEL_INFO_2026072611,Shanghai,2026-07-26 00:00:00
KeyPers_Shanghai_1230650,Shanghai_MATERIEL_INFO_2026072612,Shanghai,2026-07-26 00:00:00
KeyPers_Berlin_1233331,BERLIN_MATERIEL_INFO_202607270,Berlin,2026-07-27 00:00:00
KeyPers_Berlin_1233469,BERLIN_MATERIEL_INFO_202607271,Berlin,2026-07-27 00:00:00
KeyPers_Berlin_1230561,BERLIN_MATERIEL_INFO_202607272,Berlin,2026-07-27 00:00:00
KeyPers_London_1231926,LONDON_MATERIEL_INFO_202607270,London,2026-07-27 00:00:00
KeyPers_London_1231359,LONDON_MATERIEL_INFO_202607271,London,2026-07-27 00:00:00
KeyPers_LA_1231773,LA_MATERIEL_INFO_202607270,LA,2026-07-27 00:00:00
KeyPers_LA_1232784,LA_MATERIEL_INFO_202607271,LA,2026-07-27 00:00:00
KeyPers_LA_1232819,LA_MATERIEL_INFO_202607272,LA,2026-07-27 00:00:00
KeyPers_LA_1230283,LA_MATERIEL_INFO_202607273,LA,2026-07-27 00:00:00
KeyPers_LA_1231591,LA_MATERIEL_INFO_202607274,LA,2026-07-27 00:00:00
KeyPers_LA_1231384,LA_MATERIEL_INFO_202607275,LA,2026-07-27 00:00:00
KeyPers_LA_1230908,LA_MATERIEL_INFO_202607276,LA,2026-07-27 00:00:00
KeyPers_NewYork_1232845,NewYork_MATERIEL_INFO_202607270,NewYork,2026-07-27 00:00:00
KeyPers_NewYork_1231159,NewYork_MATERIEL_INFO_202607271,NewYork,2026-07-27 00:00:00
KeyPers_NewYork_1232819,NewYork_MATERIEL_INFO_202607272,NewYork,2026-07-27 00:00:00
KeyPers_NewYork_1230691,NewYork_MATERIEL_INFO_202607273,NewYork,2026-07-27 00:00:00
KeyPers_Paris_1233679,Paris_MATERIEL_INFO_202607270,Paris,2026-07-27 00:00:00
KeyPers_Paris_1234629,Paris_MATERIEL_INFO_202607271,Paris,2026-07-27 00:00:00
KeyPers_Paris_1234938,Paris_MATERIEL_INFO_202607272,Paris,2026-07-27 00:00:00
KeyPers_Paris_1230459,Paris_MATERIEL_INFO_202607273,Paris,2026-07-27 00:00:00
KeyPers_Paris_1233316,Paris_MATERIEL_INFO_202607274,Paris,2026-07-27 00:00:00
KeyPers_Paris_1233836,Paris_MATERIEL_INFO_202607275,Paris,2026-07-27 00:00:00
KeyPers_Shanghai_1230795,Shanghai_MATERIEL_INFO_202607270,Shanghai,2026-07-27 00:00:00
KeyPers_Shanghai_1230417,Shanghai_MATERIEL_INFO_202607271,Shanghai,2026-07-27 00:00:00
KeyPers_Shanghai_1230781,Shanghai_MATERIEL_INFO_202607272,Shanghai,2026-07-27 00:00:00
KeyPers_Shanghai_1230771,Shanghai_MATERIEL_INFO_202607273,Shanghai,2026-07-27 00:00:00
KeyPers_Shanghai_1230575,Shanghai_MATERIEL_INFO_202607274,Shanghai,2026-07-27 00:00:00
KeyPers_Berlin_1230675,BERLIN_MATERIEL_INFO_202607280,Berlin,2026-07-28 00:00:00
KeyPers_Berlin_1230117,BERLIN_MATERIEL_INFO_202607281,Berlin,2026-07-28 00:00:00
KeyPers_Berlin_1232485,BERLIN_MATERIEL_INFO_202607282,Berlin,2026-07-28 00:00:00
KeyPers_Berlin_1233514,BERLIN_MATERIEL_INFO_202607283,Berlin,2026-07-28 00:00:00
KeyPers_Berlin_1231172,BERLIN_MATERIEL_INFO_202607284,Berlin,2026-07-28 00:00:00
KeyPers_Berlin_1233570,BERLIN_MATERIEL_INFO_202607285,Berlin,2026-07-28 00:00:00
KeyPers_London_1230157,LONDON_MATERIEL_INFO_202607280,London,2026-07-28 00:00:00
KeyPers_London_1230804,LONDON_MATERIEL_INFO_202607281,London,2026-07-28 00:00:00
KeyPers_LA_1230278,LA_MATERIEL_INFO_202607280,LA,2026-07-28 00:00:00
KeyPers_NewYork_1230060,NewYork_MATERIEL_INFO_202607280,NewYork,2026-07-28 00:00:00
KeyPers_NewYork_1232601,NewYork_MATERIEL_INFO_202607281,NewYork,2026-07-28 00:00:00
KeyPers_NewYork_1231245,NewYork_MATERIEL_INFO_202607282,NewYork,2026-07-28 00:00:00
KeyPers_NewYork_1232719,NewYork_MATERIEL_INFO_202607283,NewYork,2026-07-28 00:00:00
KeyPers_NewYork_1231222,NewYork_MATERIEL_INFO_202607284,NewYork,2026-07-28 00:00:00
KeyPers_NewYork_1230943,NewYork_MATERIEL_INFO_202607285,NewYork,2026-07-28 00:00:00
KeyPers_NewYork_1230388,NewYork_MATERIEL_INFO_202607286,NewYork,2026-07-28 00:00:00
KeyPers_NewYork_1231450,NewYork_MATERIEL_INFO_202607287,NewYork,2026-07-28 00:00:00
KeyPers_NewYork_1230540,NewYork_MATERIEL_INFO_202607288,NewYork,2026-07-28 00:00:00
KeyPers_Paris_1233087,Paris_MATERIEL_INFO_202607280,Paris,2026-07-28 00:00:00
KeyPers_Paris_1231292,Paris_MATERIEL_INFO_202607281,Paris,2026-07-28 00:00:00
KeyPers_Paris_1232917,Paris_MATERIEL_INFO_202607282,Paris,2026-07-28 00:00:00
KeyPers_Paris_1232169,Paris_MATERIEL_INFO_202607283,Paris,2026-07-28 00:00:00
KeyPers_Paris_1232775,Paris_MATERIEL_INFO_202607284,Paris,2026-07-28 00:00:00
KeyPers_Paris_1233244,Paris_MATERIEL_INFO_202607285,Paris,2026-07-28 00:00:00
KeyPers_Paris_1233631,Paris_MATERIEL_INFO_202607286,Paris,2026-07-28 00:00:00
KeyPers_Paris_1233006,Paris_MATERIEL_INFO_202607287,Paris,2026-07-28 00:00:00
KeyPers_Paris_1232901,Paris_MATERIEL_INFO_202607288,Paris,2026-07-28 00:00:00
KeyPers_Shanghai_1230993,Shanghai_MATERIEL_INFO_202607280,Shanghai,2026-07-28 00:00:00
KeyPers_Shanghai_1230482,Shanghai_MATERIEL_INFO_202607281,Shanghai,2026-07-28 00:00:00
KeyPers_Shanghai_1230462,Shanghai_MATERIEL_INFO_202607282,Shanghai,2026-07-28 00:00:00
KeyPers_Shanghai_1230689,Shanghai_MATERIEL_INFO_202607283,Shanghai,2026-07-28 00:00:00
KeyPers_Berlin_1230900,BERLIN_MATERIEL_INFO_202607290,Berlin,2026-07-29 00:00:00
KeyPers_Berlin_1230399,BERLIN_MATERIEL_INFO_202607291,Berlin,2026-07-29 00:00:00
KeyPers_Berlin_1232294,BERLIN_MATERIEL_INFO_202607292,Berlin,2026-07-29 00:00:00
KeyPers_Berlin_1231213,BERLIN_MATERIEL_INFO_202607293,Berlin,2026-07-29 00:00:00
KeyPers_Berlin_1234236,BERLIN_MATERIEL_INFO_202607294,Berlin,2026-07-29 00:00:00
KeyPers_London_1233386,LONDON_MATERIEL_INFO_202607290,London,2026-07-29 00:00:00
KeyPers_London_1233640,LONDON_MATERIEL_INFO_202607291,London,2026-07-29 00:00:00
KeyPers_London_1233405,LONDON_MATERIEL_INFO_202607292,London,2026-07-29 00:00:00
KeyPers_London_1233826,LONDON_MATERIEL_INFO_202607293,London,2026-07-29 00:00:00
KeyPers_London_1233419,LONDON_MATERIEL_INFO_202607294,London,2026-07-29 00:00:00
KeyPers_London_1232220,LONDON_MATERIEL_INFO_202607295,London,2026-07-29 00:00:00
KeyPers_London_1233472,LONDON_MATERIEL_INFO_202607296,London,2026-07-29 00:00:00
KeyPers_London_1234136,LONDON_MATERIEL_INFO_202607297,London,2026-07-29 00:00:00
KeyPers_London_1231579,LONDON_MATERIEL_INFO_202607298,London,2026-07-29 00:00:00
KeyPers_London_1231768,LONDON_MATERIEL_INFO_202607299,London,2026-07-29 00:00:00
KeyPers_London_1231398,LONDON_MATERIEL_INFO_2026072910,London,2026-07-29 00:00:00
KeyPers_London_1230525,LONDON_MATERIEL_INFO_2026072911,London,2026-07-29 00:00:00
KeyPers_LA_1232625,LA_MATERIEL_INFO_202607290,LA,2026-07-29 00:00:00
KeyPers_LA_1232587,LA_MATERIEL_INFO_202607291,LA,2026-07-29 00:00:00
KeyPers_LA_1232839,LA_MATERIEL_INFO_202607292,LA,2026-07-29 00:00:00
KeyPers_LA_1232606,LA_MATERIEL_INFO_202607293,LA,2026-07-29 00:00:00
KeyPers_LA_1231672,LA_MATERIEL_INFO_202607294,LA,2026-07-29 00:00:00
KeyPers_LA_1231903,LA_MATERIEL_INFO_202607295,LA,2026-07-29 00:00:00
KeyPers_LA_1230066,LA_MATERIEL_INFO_202607296,LA,2026-07-29 00:00:00
KeyPers_LA_1230389,LA_MATERIEL_INFO_202607297,LA,2026-07-29 00:00:00
KeyPers_LA_1231173,LA_MATERIEL_INFO_202607298,LA,2026-07-29 00:00:00
KeyPers_LA_1231862,LA_MATERIEL_INFO_202607299,LA,2026-07-29 00:00:00
KeyPers_LA_1231490,LA_MATERIEL_INFO_2026072910,LA,2026-07-29 00:00:00
KeyPers_NewYork_1232614,NewYork_MATERIEL_INFO_202607290,NewYork,2026-07-29 00:00:00
KeyPers_NewYork_1232929,NewYork_MATERIEL_INFO_202607291,NewYork,2026-07-29 00:00:00
KeyPers_NewYork_1232411,NewYork_MATERIEL_INFO_202607292,NewYork,2026-07-29 00:00:00
KeyPers_NewYork_1230103,NewYork_MATERIEL_INFO_202607293,NewYork,2026-07-29 00:00:00
KeyPers_NewYork_1230094,NewYork_MATERIEL_INFO_202607294,NewYork,2026-07-29 00:00:00
KeyPers_NewYork_1232038,NewYork_MATERIEL_INFO_202607295,NewYork,2026-07-29 00:00:00
KeyPers_NewYork_1230498,NewYork_MATERIEL_INFO_202607296,NewYork,2026-07-29 00:00:00
KeyPers_Paris_1230004,Paris_MATERIEL_INFO_202607290,Paris,2026-07-29 00:00:00
KeyPers_Paris_1232785,Paris_MATERIEL_INFO_202607291,Paris,2026-07-29 00:00:00
KeyPers_Paris_1230579,Paris_MATERIEL_INFO_202607292,Paris,2026-07-29 00:00:00
KeyPers_Paris_1232707,Paris_MATERIEL_INFO_202607293,Paris,2026-07-29 00:00:00
KeyPers_Paris_1232087,Paris_MATERIEL_INFO_202607294,Paris,2026-07-29 00:00:00
KeyPers_Paris_1234643,Paris_MATERIEL_INFO_202607295,Paris,2026-07-29 00:00:00
KeyPers_Paris_1234515,Paris_MATERIEL_INFO_202607296,Paris,2026-07-29 00:00:00
KeyPers_Paris_1234573,Paris_MATERIEL_INFO_202607297,Paris,2026-07-29 00:00:00
KeyPers_Paris_1234411,Paris_MATERIEL_INFO_202607298,Paris,2026-07-29 00:00:00
KeyPers_Shanghai_1230210,Shanghai_MATERIEL_INFO_202607290,Shanghai,2026-07-29 00:00:00
KeyPers_Shanghai_1230501,Shanghai_MATERIEL_INFO_202607291,Shanghai,2026-07-29 00:00:00
KeyPers_Shanghai_1230086,Shanghai_MATERIEL_INFO_202607292,Shanghai,2026-07-29 00:00:00
KeyPers_Shanghai_1230205,Shanghai_MATERIEL_INFO_202607293,Shanghai,2026-07-29 00:00:00
KeyPers_Shanghai_1230888,Shanghai_MATERIEL_INFO_202607294,Shanghai,2026-07-29 00:00:00
KeyPers_Shanghai_1230815,Shanghai_MATERIEL_INFO_202607295,Shanghai,2026-07-29 00:00:00
KeyPers_Shanghai_1230165,Shanghai_MATERIEL_INFO_202607296,Shanghai,2026-07-29 00:00:00
KeyPers_Shanghai_1230048,Shanghai_MATERIEL_INFO_202607297,Shanghai,2026-07-29 00:00:00
KeyPers_Shanghai_1230905,Shanghai_MATERIEL_INFO_202607298,Shanghai,2026-07-29 00:00:00
KeyPers_Berlin_1233162,BERLIN_MATERIEL_INFO_202607300,Berlin,2026-07-30 00:00:00
KeyPers_Berlin_1232521,BERLIN_MATERIEL_INFO_202607301,Berlin,2026-07-30 00:00:00
KeyPers_Berlin_1234178,BERLIN_MATERIEL_INFO_202607302,Berlin,2026-07-30 00:00:00
KeyPers_London_1231288,LONDON_MATERIEL_INFO_202607300,London,2026-07-30 00:00:00
KeyPers_London_1232243,LONDON_MATERIEL_INFO_202607301,London,2026-07-30 00:00:00
KeyPers_London_1233540,LONDON_MATERIEL_INFO_202607302,London,2026-07-30 00:00:00
KeyPers_London_1233486,LONDON_MATERIEL_INFO_202607303,London,2026-07-30 00:00:00
KeyPers_London_1230050,LONDON_MATERIEL_INFO_202607304,London,2026-07-30 00:00:00
KeyPers_London_1233868,LONDON_MATERIEL_INFO_202607305,London,2026-07-30 00:00:00
KeyPers_London_1231763,LONDON_MATERIEL_INFO_202607306,London,2026-07-30 00:00:00
KeyPers_London_1232102,LONDON_MATERIEL_INFO_202607307,London,2026-07-30 00:00:00
KeyPers_London_1230585,LONDON_MATERIEL_INFO_202607308,London,2026-07-30 00:00:00
KeyPers_London_1232885,LONDON_MATERIEL_INFO_202607309,London,2026-07-30 00:00:00
KeyPers_London_1232999,LONDON_MATERIEL_INFO_2026073010,London,2026-07-30 00:00:00
KeyPers_London_1234189,LONDON_MATERIEL_INFO_2026073011,London,2026-07-30 00:00:00
KeyPers_London_1233824,LONDON_MATERIEL_INFO_2026073012,London,2026-07-30 00:00:00
KeyPers_LA_1232097,LA_MATERIEL_INFO_202607300,LA,2026-07-30 00:00:00
KeyPers_NewYork_1233014,NewYork_MATERIEL_INFO_202607300,NewYork,2026-07-30 00:00:00
KeyPers_NewYork_1231997,NewYork_MATERIEL_INFO_202607301,NewYork,2026-07-30 00:00:00
KeyPers_NewYork_1231723,NewYork_MATERIEL_INFO_202607302,NewYork,2026-07-30 00:00:00
KeyPers_NewYork_1231184,NewYork_MATERIEL_INFO_202607303,NewYork,2026-07-30 00:00:00
KeyPers_NewYork_1231684,NewYork_MATERIEL_INFO_202607304,NewYork,2026-07-30 00:00:00
KeyPers_NewYork_1231773,NewYork_MATERIEL_INFO_202607305,NewYork,2026-07-30 00:00:00
KeyPers_NewYork_1230169,NewYork_MATERIEL_INFO_202607306,NewYork,2026-07-30 00:00:00
KeyPers_Paris_1230310,Paris_MATERIEL_INFO_202607300,Paris,2026-07-30 00:00:00
KeyPers_Paris_1233539,Paris_MATERIEL_INFO_202607301,Paris,2026-07-30 00:00:00
KeyPers_Paris_1232633,Paris_MATERIEL_INFO_202607302,Paris,2026-07-30 00:00:00
KeyPers_Paris_1233303,Paris_MATERIEL_INFO_202607303,Paris,2026-07-30 00:00:00
KeyPers_Paris_1230622,Paris_MATERIEL_INFO_202607304,Paris,2026-07-30 00:00:00
KeyPers_Shanghai_1230933,Shanghai_MATERIEL_INFO_202607300,Shanghai,2026-07-30 00:00:00
KeyPers_Shanghai_1230653,Shanghai_MATERIEL_INFO_202607301,Shanghai,2026-07-30 00:00:00
KeyPers_Shanghai_1230392,Shanghai_MATERIEL_INFO_202607302,Shanghai,2026-07-30 00:00:00
KeyPers_Shanghai_1230333,Shanghai_MATERIEL_INFO_202607303,Shanghai,2026-07-30 00:00:00
KeyPers_Shanghai_1230337,Shanghai_MATERIEL_INFO_202607304,Shanghai,2026-07-30 00:00:00
KeyPers_Shanghai_1230586,Shanghai_MATERIEL_INFO_202607305,Shanghai,2026-07-30 00:00:00
KeyPers_Shanghai_1230450,Shanghai_MATERIEL_INFO_202607306,Shanghai,2026-07-30 00:00:00
KeyPers_Shanghai_1230290,Shanghai_MATERIEL_INFO_202607307,Shanghai,2026-07-30 00:00:00
KeyPers_Shanghai_1230597,Shanghai_MATERIEL_INFO_202607308,Shanghai,2026-07-30 00:00:00
KeyPers_Shanghai_1230168,Shanghai_MATERIEL_INFO_202607309,Shanghai,2026-07-30 00:00:00
KeyPers_Shanghai_1230018,Shanghai_MATERIEL_INFO_2026073010,Shanghai,2026-07-30 00:00:00
KeyPers_Shanghai_1230997,Shanghai_MATERIEL_INFO_2026073011,Shanghai,2026-07-30 00:00:00
KeyPers_Shanghai_1230076,Shanghai_MATERIEL_INFO_2026073012,Shanghai,2026-07-30 00:00:00
KeyPers_Shanghai_1230961,Shanghai_MATERIEL_INFO_2026073013,Shanghai,2026-07-30 00:00:00
KeyPers_Berlin_1233575,BERLIN_MATERIEL_INFO_202607310,Berlin,2026-07-31 00:00:00
KeyPers_Berlin_1231465,BERLIN_MATERIEL_INFO_202607311,Berlin,2026-07-31 00:00:00
KeyPers_Berlin_1233404,BERLIN_MATERIEL_INFO_202607312,Berlin,2026-07-31 00:00:00
KeyPers_London_1232877,LONDON_MATERIEL_INFO_202607310,London,2026-07-31 00:00:00
KeyPers_London_1232990,LONDON_MATERIEL_INFO_202607311,London,2026-07-31 00:00:00
KeyPers_London_1234046,LONDON_MATERIEL_INFO_202607312,London,2026-07-31 00:00:00
KeyPers_London_1232307,LONDON_MATERIEL_INFO_202607313,London,2026-07-31 00:00:00
KeyPers_London_1231402,LONDON_MATERIEL_INFO_202607314,London,2026-07-31 00:00:00
KeyPers_London_1231814,LONDON_MATERIEL_INFO_202607315,London,2026-07-31 00:00:00
KeyPers_London_1231318,LONDON_MATERIEL_INFO_202607316,London,2026-07-31 00:00:00
KeyPers_London_1231793,LONDON_MATERIEL_INFO_202607317,London,2026-07-31 00:00:00
KeyPers_London_1232337,LONDON_MATERIEL_INFO_202607318,London,2026-07-31 00:00:00
KeyPers_London_1234210,LONDON_MATERIEL_INFO_202607319,London,2026-07-31 00:00:00
KeyPers_London_1233957,LONDON_MATERIEL_INFO_2026073110,London,2026-07-31 00:00:00
KeyPers_LA_1231878,LA_MATERIEL_INFO_202607310,LA,2026-07-31 00:00:00
KeyPers_LA_1231900,LA_MATERIEL_INFO_202607311,LA,2026-07-31 00:00:00
KeyPers_LA_1232458,LA_MATERIEL_INFO_202607312,LA,2026-07-31 00:00:00
KeyPers_LA_1232220,LA_MATERIEL_INFO_202607313,LA,2026-07-31 00:00:00
KeyPers_LA_1231725,LA_MATERIEL_INFO_202607314,LA,2026-07-31 00:00:00
KeyPers_LA_1230728,LA_MATERIEL_INFO_202607315,LA,2026-07-31 00:00:00
KeyPers_LA_1232907,LA_MATERIEL_INFO_202607316,LA,2026-07-31 00:00:00
KeyPers_LA_1232108,LA_MATERIEL_INFO_202607317,LA,2026-07-31 00:00:00
KeyPers_LA_1230260,LA_MATERIEL_INFO_202607318,LA,2026-07-31 00:00:00
KeyPers_LA_1231408,LA_MATERIEL_INFO_202607319,LA,2026-07-31 00:00:00
KeyPers_LA_1232766,LA_MATERIEL_INFO_2026073110,LA,2026-07-31 00:00:00
KeyPers_LA_1232812,LA_MATERIEL_INFO_2026073111,LA,2026-07-31 00:00:00
KeyPers_LA_1232705,LA_MATERIEL_INFO_2026073112,LA,2026-07-31 00:00:00
KeyPers_NewYork_1232796,NewYork_MATERIEL_INFO_202607310,NewYork,2026-07-31 00:00:00
KeyPers_NewYork_1230519,NewYork_MATERIEL_INFO_202607311,NewYork,2026-07-31 00:00:00
KeyPers_NewYork_1230859,NewYork_MATERIEL_INFO_202607312,NewYork,2026-07-31 00:00:00
KeyPers_NewYork_1232764,NewYork_MATERIEL_INFO_202607313,NewYork,2026-07-31 00:00:00
KeyPers_NewYork_1231693,NewYork_MATERIEL_INFO_202607314,NewYork,2026-07-31 00:00:00
KeyPers_NewYork_1230177,NewYork_MATERIEL_INFO_202607315,NewYork,2026-07-31 00:00:00
KeyPers_Paris_1234038,Paris_MATERIEL_INFO_202607310,Paris,2026-07-31 00:00:00
KeyPers_Paris_1234306,Paris_MATERIEL_INFO_202607311,Paris,2026-07-31 00:00:00
KeyPers_Paris_1230843,Paris_MATERIEL_INFO_202607312,Paris,2026-07-31 00:00:00
KeyPers_Paris_1234821,Paris_MATERIEL_INFO_202607313,Paris,2026-07-31 00:00:00
KeyPers_Paris_1232899,Paris_MATERIEL_INFO_202607314,Paris,2026-07-31 00:00:00
KeyPers_Shanghai_1230869,Shanghai_MATERIEL_INFO_202607310,Shanghai,2026-07-31 00:00:00
KeyPers_Shanghai_1230965,Shanghai_MATERIEL_INFO_202607311,Shanghai,2026-07-31 00:00:00
KeyPers_Shanghai_1230772,Shanghai_MATERIEL_INFO_202607312,Shanghai,2026-07-31 00:00:00
KeyPers_Shanghai_1230588,Shanghai_MATERIEL_INFO_202607313,Shanghai,2026-07-31 00:00:00
KeyPers_Shanghai_1230735,Shanghai_MATERIEL_INFO_202607314,Shanghai,2026-07-31 00:00:00
KeyPers_Shanghai_1230031,Shanghai_MATERIEL_INFO_202607315,Shanghai,2026-07-31 00:00:00
KeyPers_Shanghai_1230942,Shanghai_MATERIEL_INFO_202607316,Shanghai,2026-07-31 00:00:00
KeyPers_Shanghai_1230425,Shanghai_MATERIEL_INFO_202607317,Shanghai,2026-07-31 00:00:00
KeyPers_Berlin_1232778,BERLIN_MATERIEL_INFO_202608010,Berlin,2026-08-01 00:00:00
KeyPers_Berlin_1234167,BERLIN_MATERIEL_INFO_202608011,Berlin,2026-08-01 00:00:00
KeyPers_Berlin_1231833,BERLIN_MATERIEL_INFO_202608012,Berlin,2026-08-01 00:00:00
KeyPers_Berlin_1232615,BERLIN_MATERIEL_INFO_202608013,Berlin,2026-08-01 00:00:00
KeyPers_Berlin_1230251,BERLIN_MATERIEL_INFO_202608014,Berlin,2026-08-01 00:00:00
KeyPers_London_1230537,LONDON_MATERIEL_INFO_202608010,London,2026-08-01 00:00:00
KeyPers_London_1232035,LONDON_MATERIEL_INFO_202608011,London,2026-08-01 00:00:00
KeyPers_London_1232612,LONDON_MATERIEL_INFO_202608012,London,2026-08-01 00:00:00
KeyPers_London_1232164,LONDON_MATERIEL_INFO_202608013,London,2026-08-01 00:00:00
KeyPers_London_1234195,LONDON_MATERIEL_INFO_202608014,London,2026-08-01 00:00:00
KeyPers_LA_1232647,LA_MATERIEL_INFO_202608010,LA,2026-08-01 00:00:00
KeyPers_LA_1232903,LA_MATERIEL_INFO_202608011,LA,2026-08-01 00:00:00
KeyPers_LA_1231184,LA_MATERIEL_INFO_202608012,LA,2026-08-01 00:00:00
KeyPers_LA_1232290,LA_MATERIEL_INFO_202608013,LA,2026-08-01 00:00:00
KeyPers_LA_1231360,LA_MATERIEL_INFO_202608014,LA,2026-08-01 00:00:00
KeyPers_LA_1230807,LA_MATERIEL_INFO_202608015,LA,2026-08-01 00:00:00
KeyPers_LA_1232012,LA_MATERIEL_INFO_202608016,LA,2026-08-01 00:00:00
KeyPers_LA_1230930,LA_MATERIEL_INFO_202608017,LA,2026-08-01 00:00:00
KeyPers_LA_1230955,LA_MATERIEL_INFO_202608018,LA,2026-08-01 00:00:00
KeyPers_LA_1232549,LA_MATERIEL_INFO_202608019,LA,2026-08-01 00:00:00
KeyPers_LA_1231934,LA_MATERIEL_INFO_2026080110,LA,2026-08-01 00:00:00
KeyPers_NewYork_1231181,NewYork_MATERIEL_INFO_202608010,NewYork,2026-08-01 00:00:00
KeyPers_NewYork_1231111,NewYork_MATERIEL_INFO_202608011,NewYork,2026-08-01 00:00:00
KeyPers_NewYork_1231403,NewYork_MATERIEL_INFO_202608012,NewYork,2026-08-01 00:00:00
KeyPers_NewYork_1230096,NewYork_MATERIEL_INFO_202608013,NewYork,2026-08-01 00:00:00
KeyPers_NewYork_1230829,NewYork_MATERIEL_INFO_202608014,NewYork,2026-08-01 00:00:00
KeyPers_NewYork_1232350,NewYork_MATERIEL_INFO_202608015,NewYork,2026-08-01 00:00:00
KeyPers_NewYork_1232663,NewYork_MATERIEL_INFO_202608016,NewYork,2026-08-01 00:00:00
KeyPers_NewYork_1231716,NewYork_MATERIEL_INFO_202608017,NewYork,2026-08-01 00:00:00
KeyPers_NewYork_1231262,NewYork_MATERIEL_INFO_202608018,NewYork,2026-08-01 00:00:00
KeyPers_NewYork_1231052,NewYork_MATERIEL_INFO_202608019,NewYork,2026-08-01 00:00:00
KeyPers_NewYork_1232626,NewYork_MATERIEL_INFO_2026080110,NewYork,2026-08-01 00:00:00
KeyPers_Paris_1231842,Paris_MATERIEL_INFO_202608010,Paris,2026-08-01 00:00:00
KeyPers_Paris_1231765,Paris_MATERIEL_INFO_202608011,Paris,2026-08-01 00:00:00
KeyPers_Paris_1230694,Paris_MATERIEL_INFO_202608012,Paris,2026-08-01 00:00:00
KeyPers_Paris_1234259,Paris_MATERIEL_INFO_202608013,Paris,2026-08-01 00:00:00
KeyPers_Shanghai_1230201,Shanghai_MATERIEL_INFO_202608010,Shanghai,2026-08-01 00:00:00
KeyPers_Shanghai_1230947,Shanghai_MATERIEL_INFO_202608011,Shanghai,2026-08-01 00:00:00
KeyPers_Shanghai_1230782,Shanghai_MATERIEL_INFO_202608012,Shanghai,2026-08-01 00:00:00
KeyPers_Shanghai_1230836,Shanghai_MATERIEL_INFO_202608013,Shanghai,2026-08-01 00:00:00
KeyPers_Shanghai_1230781,Shanghai_MATERIEL_INFO_202608014,Shanghai,2026-08-01 00:00:00
KeyPers_Berlin_1233609,BERLIN_MATERIEL_INFO_202608020,Berlin,2026-08-02 00:00:00
KeyPers_London_1230453,LONDON_MATERIEL_INFO_202608020,London,2026-08-02 00:00:00
KeyPers_London_1230831,LONDON_MATERIEL_INFO_202608021,London,2026-08-02 00:00:00
KeyPers_London_1233277,LONDON_MATERIEL_INFO_202608022,London,2026-08-02 00:00:00
KeyPers_London_1231138,LONDON_MATERIEL_INFO_202608023,London,2026-08-02 00:00:00
KeyPers_London_1230047,LONDON_MATERIEL_INFO_202608024,London,2026-08-02 00:00:00
KeyPers_London_1231620,LONDON_MATERIEL_INFO_202608025,London,2026-08-02 00:00:00
KeyPers_London_1230828,LONDON_MATERIEL_INFO_202608026,London,2026-08-02 00:00:00
KeyPers_London_1230437,LONDON_MATERIEL_INFO_202608027,London,2026-08-02 00:00:00
KeyPers_London_1233958,LONDON_MATERIEL_INFO_202608028,London,2026-08-02 00:00:00
KeyPers_London_1231058,LONDON_MATERIEL_INFO_202608029,London,2026-08-02 00:00:00
KeyPers_LA_1230173,LA_MATERIEL_INFO_202608020,LA,2026-08-02 00:00:00
KeyPers_LA_1232912,LA_MATERIEL_INFO_202608021,LA,2026-08-02 00:00:00
KeyPers_LA_1231158,LA_MATERIEL_INFO_202608022,LA,2026-08-02 00:00:00
KeyPers_NewYork_1231854,NewYork_MATERIEL_INFO_202608020,NewYork,2026-08-02 00:00:00
KeyPers_NewYork_1231581,NewYork_MATERIEL_INFO_202608021,NewYork,2026-08-02 00:00:00
KeyPers_NewYork_1230056,NewYork_MATERIEL_INFO_202608022,NewYork,2026-08-02 00:00:00
KeyPers_NewYork_1230415,NewYork_MATERIEL_INFO_202608023,NewYork,2026-08-02 00:00:00
KeyPers_NewYork_1232635,NewYork_MATERIEL_INFO_202608024,NewYork,2026-08-02 00:00:00
KeyPers_NewYork_1230915,NewYork_MATERIEL_INFO_202608025,NewYork,2026-08-02 00:00:00
KeyPers_NewYork_1231406,NewYork_MATERIEL_INFO_202608026,NewYork,2026-08-02 00:00:00
KeyPers_NewYork_1230506,NewYork_MATERIEL_INFO_202608027,NewYork,2026-08-02 00:00:00
KeyPers_NewYork_1232191,NewYork_MATERIEL_INFO_202608028,NewYork,2026-08-02 00:00:00
KeyPers_Paris_1232508,Paris_MATERIEL_INFO_202608020,Paris,2026-08-02 00:00:00
KeyPers_Paris_1230193,Paris_MATERIEL_INFO_202608021,Paris,2026-08-02 00:00:00
KeyPers_Shanghai_1230206,Shanghai_MATERIEL_INFO_202608020,Shanghai,2026-08-02 00:00:00
KeyPers_Shanghai_1230926,Shanghai_MATERIEL_INFO_202608021,Shanghai,2026-08-02 00:00:00
KeyPers_Shanghai_1230698,Shanghai_MATERIEL_INFO_202608022,Shanghai,2026-08-02 00:00:00
KeyPers_Shanghai_1230590,Shanghai_MATERIEL_INFO_202608023,Shanghai,2026-08-02 00:00:00
KeyPers_Shanghai_1230186,Shanghai_MATERIEL_INFO_202608024,Shanghai,2026-08-02 00:00:00
KeyPers_Shanghai_1230818,Shanghai_MATERIEL_INFO_202608025,Shanghai,2026-08-02 00:00:00
KeyPers_Shanghai_1230414,Shanghai_MATERIEL_INFO_202608026,Shanghai,2026-08-02 00:00:00
KeyPers_Shanghai_1230467,Shanghai_MATERIEL_INFO_202608027,Shanghai,2026-08-02 00:00:00
KeyPers_Berlin_1231675,BERLIN_MATERIEL_INFO_202608030,Berlin,2026-08-03 00:00:00
KeyPers_Berlin_1232455,BERLIN_MATERIEL_INFO_202608031,Berlin,2026-08-03 00:00:00
KeyPers_Berlin_1230395,BERLIN_MATERIEL_INFO_202608032,Berlin,2026-08-03 00:00:00
KeyPers_London_1230476,LONDON_MATERIEL_INFO_202608030,London,2026-08-03 00:00:00
KeyPers_London_1232934,LONDON_MATERIEL_INFO_202608031,London,2026-08-03 00:00:00
KeyPers_London_1233286,LONDON_MATERIEL_INFO_202608032,London,2026-08-03 00:00:00
KeyPers_London_1231806,LONDON_MATERIEL_INFO_202608033,London,2026-08-03 00:00:00
KeyPers_London_1231997,LONDON_MATERIEL_INFO_202608034,London,2026-08-03 00:00:00
KeyPers_London_1233024,LONDON_MATERIEL_INFO_202608035,London,2026-08-03 00:00:00
KeyPers_London_1232556,LONDON_MATERIEL_INFO_202608036,London,2026-08-03 00:00:00
KeyPers_London_1230773,LONDON_MATERIEL_INFO_202608037,London,2026-08-03 00:00:00
KeyPers_London_1231137,LONDON_MATERIEL_INFO_202608038,London,2026-08-03 00:00:00
KeyPers_London_1233143,LONDON_MATERIEL_INFO_202608039,London,2026-08-03 00:00:00
KeyPers_London_1232219,LONDON_MATERIEL_INFO_2026080310,London,2026-08-03 00:00:00
KeyPers_LA_1232242,LA_MATERIEL_INFO_202608030,LA,2026-08-03 00:00:00
KeyPers_LA_1230986,LA_MATERIEL_INFO_202608031,LA,2026-08-03 00:00:00
KeyPers_LA_1231048,LA_MATERIEL_INFO_202608032,LA,2026-08-03 00:00:00
KeyPers_LA_1232328,LA_MATERIEL_INFO_202608033,LA,2026-08-03 00:00:00
KeyPers_LA_1232635,LA_MATERIEL_INFO_202608034,LA,2026-08-03 00:00:00
KeyPers_LA_1231069,LA_MATERIEL_INFO_202608035,LA,2026-08-03 00:00:00
KeyPers_LA_1230877,LA_MATERIEL_INFO_202608036,LA,2026-08-03 00:00:00
KeyPers_LA_1230440,LA_MATERIEL_INFO_202608037,LA,2026-08-03 00:00:00
KeyPers_LA_1231911,LA_MATERIEL_INFO_202608038,LA,2026-08-03 00:00:00
KeyPers_LA_1231710,LA_MATERIEL_INFO_202608039,LA,2026-08-03 00:00:00
KeyPers_NewYork_1230056,NewYork_MATERIEL_INFO_202608030,NewYork,2026-08-03 00:00:00
KeyPers_NewYork_1232076,NewYork_MATERIEL_INFO_202608031,NewYork,2026-08-03 00:00:00
KeyPers_NewYork_1232939,NewYork_MATERIEL_INFO_202608032,NewYork,2026-08-03 00:00:00
KeyPers_NewYork_1231288,NewYork_MATERIEL_INFO_202608033,NewYork,2026-08-03 00:00:00
KeyPers_NewYork_1231169,NewYork_MATERIEL_INFO_202608034,NewYork,2026-08-03 00:00:00
KeyPers_NewYork_1231216,NewYork_MATERIEL_INFO_202608035,NewYork,2026-08-03 00:00:00
KeyPers_NewYork_1230186,NewYork_MATERIEL_INFO_202608036,NewYork,2026-08-03 00:00:00
KeyPers_Paris_1233938,Paris_MATERIEL_INFO_202608030,Paris,2026-08-03 00:00:00
KeyPers_Paris_1233093,Paris_MATERIEL_INFO_202608031,Paris,2026-08-03 00:00:00
KeyPers_Paris_1231551,Paris_MATERIEL_INFO_202608032,Paris,2026-08-03 00:00:00
KeyPers_Paris_1230777,Paris_MATERIEL_INFO_202608033,Paris,2026-08-03 00:00:00
KeyPers_Shanghai_1230321,Shanghai_MATERIEL_INFO_202608030,Shanghai,2026-08-03 00:00:00
KeyPers_Shanghai_1230875,Shanghai_MATERIEL_INFO_202608031,Shanghai,2026-08-03 00:00:00
KeyPers_Shanghai_1230730,Shanghai_MATERIEL_INFO_202608032,Shanghai,2026-08-03 00:00:00
KeyPers_Shanghai_1230060,Shanghai_MATERIEL_INFO_202608033,Shanghai,2026-08-03 00:00:00
KeyPers_Shanghai_1230840,Shanghai_MATERIEL_INFO_202608034,Shanghai,2026-08-03 00:00:00
KeyPers_Shanghai_1230988,Shanghai_MATERIEL_INFO_202608035,Shanghai,2026-08-03 00:00:00
KeyPers_Shanghai_1230179,Shanghai_MATERIEL_INFO_202608036,Shanghai,2026-08-03 00:00:00
KeyPers_Shanghai_1230855,Shanghai_MATERIEL_INFO_202608037,Shanghai,2026-08-03 00:00:00
KeyPers_Berlin_1233826,BERLIN_MATERIEL_INFO_202608040,Berlin,2026-08-04 00:00:00
KeyPers_Berlin_1232789,BERLIN_MATERIEL_INFO_202608041,Berlin,2026-08-04 00:00:00
KeyPers_Berlin_1234144,BERLIN_MATERIEL_INFO_202608042,Berlin,2026-08-04 00:00:00
KeyPers_London_1231209,LONDON_MATERIEL_INFO_202608040,London,2026-08-04 00:00:00
KeyPers_LA_1231294,LA_MATERIEL_INFO_202608040,LA,2026-08-04 00:00:00
KeyPers_LA_1232904,LA_MATERIEL_INFO_202608041,LA,2026-08-04 00:00:00
KeyPers_LA_1231587,LA_MATERIEL_INFO_202608042,LA,2026-08-04 00:00:00
KeyPers_NewYork_1230658,NewYork_MATERIEL_INFO_202608040,NewYork,2026-08-04 00:00:00
KeyPers_NewYork_1231700,NewYork_MATERIEL_INFO_202608041,NewYork,2026-08-04 00:00:00
KeyPers_NewYork_1232307,NewYork_MATERIEL_INFO_202608042,NewYork,2026-08-04 00:00:00
KeyPers_NewYork_1232731,NewYork_MATERIEL_INFO_202608043,NewYork,2026-08-04 00:00:00
KeyPers_Paris_1230656,Paris_MATERIEL_INFO_202608040,Paris,2026-08-04 00:00:00
KeyPers_Paris_1233578,Paris_MATERIEL_INFO_202608041,Paris,2026-08-04 00:00:00
KeyPers_Paris_1232202,Paris_MATERIEL_INFO_202608042,Paris,2026-08-04 00:00:00
KeyPers_Shanghai_1230005,Shanghai_MATERIEL_INFO_202608040,Shanghai,2026-08-04 00:00:00
KeyPers_Shanghai_1230861,Shanghai_MATERIEL_INFO_202608041,Shanghai,2026-08-04 00:00:00
KeyPers_Shanghai_1230228,Shanghai_MATERIEL_INFO_202608042,Shanghai,2026-08-04 00:00:00
KeyPers_Shanghai_1230720,Shanghai_MATERIEL_INFO_202608043,Shanghai,2026-08-04 00:00:00
KeyPers_Shanghai_1230649,Shanghai_MATERIEL_INFO_202608044,Shanghai,2026-08-04 00:00:00
KeyPers_Shanghai_1230803,Shanghai_MATERIEL_INFO_202608045,Shanghai,2026-08-04 00:00:00
KeyPers_Shanghai_1230342,Shanghai_MATERIEL_INFO_202608046,Shanghai,2026-08-04 00:00:00
KeyPers_Shanghai_1230417,Shanghai_MATERIEL_INFO_202608047,Shanghai,2026-08-04 00:00:00
KeyPers_Shanghai_1230033,Shanghai_MATERIEL_INFO_202608048,Shanghai,2026-08-04 00:00:00
KeyPers_Shanghai_1230250,Shanghai_MATERIEL_INFO_202608049,Shanghai,2026-08-04 00:00:00
KeyPers_Berlin_1230525,BERLIN_MATERIEL_INFO_202608050,Berlin,2026-08-05 00:00:00
KeyPers_London_1230181,LONDON_MATERIEL_INFO_202608050,London,2026-08-05 00:00:00
KeyPers_London_1232029,LONDON_MATERIEL_INFO_202608051,London,2026-08-05 00:00:00
KeyPers_London_1231045,LONDON_MATERIEL_INFO_202608052,London,2026-08-05 00:00:00
KeyPers_London_1232965,LONDON_MATERIEL_INFO_202608053,London,2026-08-05 00:00:00
KeyPers_London_1233360,LONDON_MATERIEL_INFO_202608054,London,2026-08-05 00:00:00
KeyPers_London_1233170,LONDON_MATERIEL_INFO_202608055,London,2026-08-05 00:00:00
KeyPers_London_1233533,LONDON_MATERIEL_INFO_202608056,London,2026-08-05 00:00:00
KeyPers_London_1233616,LONDON_MATERIEL_INFO_202608057,London,2026-08-05 00:00:00
KeyPers_London_1232021,LONDON_MATERIEL_INFO_202608058,London,2026-08-05 00:00:00
KeyPers_London_1232447,LONDON_MATERIEL_INFO_202608059,London,2026-08-05 00:00:00
KeyPers_LA_1230352,LA_MATERIEL_INFO_202608050,LA,2026-08-05 00:00:00
KeyPers_LA_1231312,LA_MATERIEL_INFO_202608051,LA,2026-08-05 00:00:00
KeyPers_LA_1232767,LA_MATERIEL_INFO_202608052,LA,2026-08-05 00:00:00
KeyPers_LA_1230725,LA_MATERIEL_INFO_202608053,LA,2026-08-05 00:00:00
KeyPers_LA_1232627,LA_MATERIEL_INFO_202608054,LA,2026-08-05 00:00:00
KeyPers_LA_1230598,LA_MATERIEL_INFO_202608055,LA,2026-08-05 00:00:00
KeyPers_LA_1232786,LA_MATERIEL_INFO_202608056,LA,2026-08-05 00:00:00
KeyPers_LA_1231454,LA_MATERIEL_INFO_202608057,LA,2026-08-05 00:00:00
KeyPers_LA_1232707,LA_MATERIEL_INFO_202608058,LA,2026-08-05 00:00:00
KeyPers_LA_1232592,LA_MATERIEL_INFO_202608059,LA,2026-08-05 00:00:00
KeyPers_LA_1232223,LA_MATERIEL_INFO_2026080510,LA,2026-08-05 00:00:00
KeyPers_LA_1233007,LA_MATERIEL_INFO_2026080511,LA,2026-08-05 00:00:00
KeyPers_NewYork_1231277,NewYork_MATERIEL_INFO_202608050,NewYork,2026-08-05 00:00:00
KeyPers_NewYork_1231791,NewYork_MATERIEL_INFO_202608051,NewYork,2026-08-05 00:00:00
KeyPers_NewYork_1230977,NewYork_MATERIEL_INFO_202608052,NewYork,2026-08-05 00:00:00
KeyPers_NewYork_1231431,NewYork_MATERIEL_INFO_202608053,NewYork,2026-08-05 00:00:00
KeyPers_NewYork_1232683,NewYork_MATERIEL_INFO_202608054,NewYork,2026-08-05 00:00:00
KeyPers_NewYork_1230360,NewYork_MATERIEL_INFO_202608055,NewYork,2026-08-05 00:00:00
KeyPers_NewYork_1233023,NewYork_MATERIEL_INFO_202608056,NewYork,2026-08-05 00:00:00
KeyPers_NewYork_1231447,NewYork_MATERIEL_INFO_202608057,NewYork,2026-08-05 00:00:00
KeyPers_NewYork_1230234,NewYork_MATERIEL_INFO_202608058,NewYork,2026-08-05 00:00:00
KeyPers_NewYork_1231387,NewYork_MATERIEL_INFO_202608059,NewYork,2026-08-05 00:00:00
KeyPers_NewYork_1232690,NewYork_MATERIEL_INFO_2026080510,NewYork,2026-08-05 00:00:00
KeyPers_NewYork_1231337,NewYork_MATERIEL_INFO_2026080511,NewYork,2026-08-05 00:00:00
KeyPers_NewYork_1231351,NewYork_MATERIEL_INFO_2026080512,NewYork,2026-08-05 00:00:00
KeyPers_Paris_1234487,Paris_MATERIEL_INFO_202608050,Paris,2026-08-05 00:00:00
KeyPers_Paris_1232257,Paris_MATERIEL_INFO_202608051,Paris,2026-08-05 00:00:00
KeyPers_Paris_1231576,Paris_MATERIEL_INFO_202608052,Paris,2026-08-05 00:00:00
KeyPers_Paris_1234423,Paris_MATERIEL_INFO_202608053,Paris,2026-08-05 00:00:00
KeyPers_Paris_1233491,Paris_MATERIEL_INFO_202608054,Paris,2026-08-05 00:00:00
KeyPers_Shanghai_1230109,Shanghai_MATERIEL_INFO_202608050,Shanghai,2026-08-05 00:00:00
KeyPers_Shanghai_1230200,Shanghai_MATERIEL_INFO_202608051,Shanghai,2026-08-05 00:00:00
KeyPers_Shanghai_1230418,Shanghai_MATERIEL_INFO_202608052,Shanghai,2026-08-05 00:00:00
KeyPers_Shanghai_1230589,Shanghai_MATERIEL_INFO_202608053,Shanghai,2026-08-05 00:00:00
KeyPers_Shanghai_1230062,Shanghai_MATERIEL_INFO_202608054,Shanghai,2026-08-05 00:00:00
KeyPers_Shanghai_1230936,Shanghai_MATERIEL_INFO_202608055,Shanghai,2026-08-05 00:00:00
KeyPers_Berlin_1233115,BERLIN_MATERIEL_INFO_202608060,Berlin,2026-08-06 00:00:00
KeyPers_Berlin_1232265,BERLIN_MATERIEL_INFO_202608061,Berlin,2026-08-06 00:00:00
KeyPers_London_1233179,LONDON_MATERIEL_INFO_202608060,London,2026-08-06 00:00:00
KeyPers_London_1233270,LONDON_MATERIEL_INFO_202608061,London,2026-08-06 00:00:00
KeyPers_LA_1230763,LA_MATERIEL_INFO_202608060,LA,2026-08-06 00:00:00
KeyPers_NewYork_1230604,NewYork_MATERIEL_INFO_202608060,NewYork,2026-08-06 00:00:00
KeyPers_NewYork_1233072,NewYork_MATERIEL_INFO_202608061,NewYork,2026-08-06 00:00:00
KeyPers_NewYork_1232076,NewYork_MATERIEL_INFO_202608062,NewYork,2026-08-06 00:00:00
KeyPers_NewYork_1232961,NewYork_MATERIEL_INFO_202608063,NewYork,2026-08-06 00:00:00
KeyPers_NewYork_1232372,NewYork_MATERIEL_INFO_202608064,NewYork,2026-08-06 00:00:00
KeyPers_NewYork_1230976,NewYork_MATERIEL_INFO_202608065,NewYork,2026-08-06 00:00:00
KeyPers_NewYork_1230068,NewYork_MATERIEL_INFO_202608066,NewYork,2026-08-06 00:00:00
KeyPers_NewYork_1230363,NewYork_MATERIEL_INFO_202608067,NewYork,2026-08-06 00:00:00
KeyPers_NewYork_1231342,NewYork_MATERIEL_INFO_202608068,NewYork,2026-08-06 00:00:00
KeyPers_NewYork_1232446,NewYork_MATERIEL_INFO_202608069,NewYork,2026-08-06 00:00:00
KeyPers_NewYork_1232848,NewYork_MATERIEL_INFO_2026080610,NewYork,2026-08-06 00:00:00
KeyPers_NewYork_1230516,NewYork_MATERIEL_INFO_2026080611,NewYork,2026-08-06 00:00:00
KeyPers_Paris_1234475,Paris_MATERIEL_INFO_202608060,Paris,2026-08-06 00:00:00
KeyPers_Paris_1231867,Paris_MATERIEL_INFO_202608061,Paris,2026-08-06 00:00:00
KeyPers_Paris_1232418,Paris_MATERIEL_INFO_202608062,Paris,2026-08-06 00:00:00
KeyPers_Paris_1232601,Paris_MATERIEL_INFO_202608063,Paris,2026-08-06 00:00:00
KeyPers_Paris_1233157,Paris_MATERIEL_INFO_202608064,Paris,2026-08-06 00:00:00
KeyPers_Paris_1234679,Paris_MATERIEL_INFO_202608065,Paris,2026-08-06 00:00:00
KeyPers_Paris_1233387,Paris_MATERIEL_INFO_202608066,Paris,2026-08-06 00:00:00
KeyPers_Paris_1234849,Paris_MATERIEL_INFO_202608067,Paris,2026-08-06 00:00:00
KeyPers_Paris_1233160,Paris_MATERIEL_INFO_202608068,Paris,2026-08-06 00:00:00
KeyPers_Shanghai_1230661,Shanghai_MATERIEL_INFO_202608060,Shanghai,2026-08-06 00:00:00
KeyPers_Shanghai_1230460,Shanghai_MATERIEL_INFO_202608061,Shanghai,2026-08-06 00:00:00
KeyPers_Shanghai_1230294,Shanghai_MATERIEL_INFO_202608062,Shanghai,2026-08-06 00:00:00
KeyPers_Shanghai_1230476,Shanghai_MATERIEL_INFO_202608063,Shanghai,2026-08-06 00:00:00
KeyPers_Berlin_1232428,BERLIN_MATERIEL_INFO_202608070,Berlin,2026-08-07 00:00:00
KeyPers_Berlin_1230502,BERLIN_MATERIEL_INFO_202608071,Berlin,2026-08-07 00:00:00
KeyPers_Berlin_1231697,BERLIN_MATERIEL_INFO_202608072,Berlin,2026-08-07 00:00:00
KeyPers_Berlin_1231534,BERLIN_MATERIEL_INFO_202608073,Berlin,2026-08-07 00:00:00
KeyPers_Berlin_1231130,BERLIN_MATERIEL_INFO_202608074,Berlin,2026-08-07 00:00:00
KeyPers_Berlin_1232771,BERLIN_MATERIEL_INFO_202608075,Berlin,2026-08-07 00:00:00
KeyPers_London_1230468,LONDON_MATERIEL_INFO_202608070,London,2026-08-07 00:00:00
KeyPers_London_1230008,LONDON_MATERIEL_INFO_202608071,London,2026-08-07 00:00:00
KeyPers_London_1233870,LONDON_MATERIEL_INFO_202608072,London,2026-08-07 00:00:00
KeyPers_London_1231494,LONDON_MATERIEL_INFO_202608073,London,2026-08-07 00:00:00
KeyPers_London_1233059,LONDON_MATERIEL_INFO_202608074,London,2026-08-07 00:00:00
KeyPers_London_1232503,LONDON_MATERIEL_INFO_202608075,London,2026-08-07 00:00:00
KeyPers_LA_1232268,LA_MATERIEL_INFO_202608070,LA,2026-08-07 00:00:00
KeyPers_LA_1232014,LA_MATERIEL_INFO_202608071,LA,2026-08-07 00:00:00
KeyPers_LA_1232759,LA_MATERIEL_INFO_202608072,LA,2026-08-07 00:00:00
KeyPers_LA_1231479,LA_MATERIEL_INFO_202608073,LA,2026-08-07 00:00:00
KeyPers_LA_1230603,LA_MATERIEL_INFO_202608074,LA,2026-08-07 00:00:00
KeyPers_LA_1230891,LA_MATERIEL_INFO_202608075,LA,2026-08-07 00:00:00
KeyPers_LA_1230165,LA_MATERIEL_INFO_202608076,LA,2026-08-07 00:00:00
KeyPers_LA_1232710,LA_MATERIEL_INFO_202608077,LA,2026-08-07 00:00:00
KeyPers_LA_1232773,LA_MATERIEL_INFO_202608078,LA,2026-08-07 00:00:00
KeyPers_LA_1230509,LA_MATERIEL_INFO_202608079,LA,2026-08-07 00:00:00
KeyPers_LA_1231916,LA_MATERIEL_INFO_2026080710,LA,2026-08-07 00:00:00
KeyPers_NewYork_1231883,NewYork_MATERIEL_INFO_202608070,NewYork,2026-08-07 00:00:00
KeyPers_NewYork_1230096,NewYork_MATERIEL_INFO_202608071,NewYork,2026-08-07 00:00:00
KeyPers_Paris_1230170,Paris_MATERIEL_INFO_202608070,Paris,2026-08-07 00:00:00
KeyPers_Paris_1234927,Paris_MATERIEL_INFO_202608071,Paris,2026-08-07 00:00:00
KeyPers_Paris_1234081,Paris_MATERIEL_INFO_202608072,Paris,2026-08-07 00:00:00
KeyPers_Paris_1234933,Paris_MATERIEL_INFO_202608073,Paris,2026-08-07 00:00:00
KeyPers_Paris_1233067,Paris_MATERIEL_INFO_202608074,Paris,2026-08-07 00:00:00
KeyPers_Paris_1234867,Paris_MATERIEL_INFO_202608075,Paris,2026-08-07 00:00:00
KeyPers_Paris_1230191,Paris_MATERIEL_INFO_202608076,Paris,2026-08-07 00:00:00
KeyPers_Paris_1233092,Paris_MATERIEL_INFO_202608077,Paris,2026-08-07 00:00:00
KeyPers_Paris_1232992,Paris_MATERIEL_INFO_202608078,Paris,2026-08-07 00:00:00
KeyPers_Paris_1233741,Paris_MATERIEL_INFO_202608079,Paris,2026-08-07 00:00:00
KeyPers_Paris_1232734,Paris_MATERIEL_INFO_2026080710,Paris,2026-08-07 00:00:00
KeyPers_Shanghai_1230782,Shanghai_MATERIEL_INFO_202608070,Shanghai,2026-08-07 00:00:00
KeyPers_Shanghai_1230902,Shanghai_MATERIEL_INFO_202608071,Shanghai,2026-08-07 00:00:00
KeyPers_Shanghai_1230469,Shanghai_MATERIEL_INFO_202608072,Shanghai,2026-08-07 00:00:00
KeyPers_Shanghai_1230575,Shanghai_MATERIEL_INFO_202608073,Shanghai,2026-08-07 00:00:00
KeyPers_Shanghai_1230776,Shanghai_MATERIEL_INFO_202608074,Shanghai,2026-08-07 00:00:00
KeyPers_Shanghai_1230866,Shanghai_MATERIEL_INFO_202608075,Shanghai,2026-08-07 00:00:00
KeyPers_Shanghai_1230246,Shanghai_MATERIEL_INFO_202608076,Shanghai,2026-08-07 00:00:00
KeyPers_Shanghai_1230314,Shanghai_MATERIEL_INFO_202608077,Shanghai,2026-08-07 00:00:00
KeyPers_Shanghai_1230117,Shanghai_MATERIEL_INFO_202608078,Shanghai,2026-08-07 00:00:00
KeyPers_Berlin_1231161,BERLIN_MATERIEL_INFO_202608080,Berlin,2026-08-08 00:00:00
KeyPers_Berlin_1230729,BERLIN_MATERIEL_INFO_202608081,Berlin,2026-08-08 00:00:00
KeyPers_Berlin_1230363,BERLIN_MATERIEL_INFO_202608082,Berlin,2026-08-08 00:00:00
KeyPers_Berlin_1233565,BERLIN_MATERIEL_INFO_202608083,Berlin,2026-08-08 00:00:00
KeyPers_Berlin_1234162,BERLIN_MATERIEL_INFO_202608084,Berlin,2026-08-08 00:00:00
KeyPers_London_1231819,LONDON_MATERIEL_INFO_202608080,London,2026-08-08 00:00:00
KeyPers_London_1231497,LONDON_MATERIEL_INFO_202608081,London,2026-08-08 00:00:00
KeyPers_London_1232133,LONDON_MATERIEL_INFO_202608082,London,2026-08-08 00:00:00
KeyPers_London_1230625,LONDON_MATERIEL_INFO_202608083,London,2026-08-08 00:00:00
KeyPers_London_1234045,LONDON_MATERIEL_INFO_202608084,London,2026-08-08 00:00:00
KeyPers_London_1231102,LONDON_MATERIEL_INFO_202608085,London,2026-08-08 00:00:00
KeyPers_London_1231930,LONDON_MATERIEL_INFO_202608086,London,2026-08-08 00:00:00
KeyPers_London_1231084,LONDON_MATERIEL_INFO_202608087,London,2026-08-08 00:00:00
KeyPers_London_1230421,LONDON_MATERIEL_INFO_202608088,London,2026-08-08 00:00:00
KeyPers_London_1233096,LONDON_MATERIEL_INFO_202608089,London,2026-08-08 00:00:00
KeyPers_London_1232716,LONDON_MATERIEL_INFO_2026080810,London,2026-08-08 00:00:00
KeyPers_LA_1232174,LA_MATERIEL_INFO_202608080,LA,2026-08-08 00:00:00
KeyPers_LA_1231905,LA_MATERIEL_INFO_202608081,LA,2026-08-08 00:00:00
KeyPers_LA_1232018,LA_MATERIEL_INFO_202608082,LA,2026-08-08 00:00:00
KeyPers_LA_1232759,LA_MATERIEL_INFO_202608083,LA,2026-08-08 00:00:00
KeyPers_LA_1232066,LA_MATERIEL_INFO_202608084,LA,2026-08-08 00:00:00
KeyPers_LA_1231457,LA_MATERIEL_INFO_202608085,LA,2026-08-08 00:00:00
KeyPers_LA_1232762,LA_MATERIEL_INFO_202608086,LA,2026-08-08 00:00:00
KeyPers_LA_1231994,LA_MATERIEL_INFO_202608087,LA,2026-08-08 00:00:00
KeyPers_LA_1230003,LA_MATERIEL_INFO_202608088,LA,2026-08-08 00:00:00
KeyPers_LA_1230979,LA_MATERIEL_INFO_202608089,LA,2026-08-08 00:00:00
KeyPers_LA_1231052,LA_MATERIEL_INFO_2026080810,LA,2026-08-08 00:00:00
KeyPers_NewYork_1232536,NewYork_MATERIEL_INFO_202608080,NewYork,2026-08-08 00:00:00
KeyPers_NewYork_1231068,NewYork_MATERIEL_INFO_202608081,NewYork,2026-08-08 00:00:00
KeyPers_NewYork_1232129,NewYork_MATERIEL_INFO_202608082,NewYork,2026-08-08 00:00:00
KeyPers_NewYork_1232697,NewYork_MATERIEL_INFO_202608083,NewYork,2026-08-08 00:00:00
KeyPers_NewYork_1230861,NewYork_MATERIEL_INFO_202608084,NewYork,2026-08-08 00:00:00
KeyPers_NewYork_1232923,NewYork_MATERIEL_INFO_202608085,NewYork,2026-08-08 00:00:00
KeyPers_Paris_1232298,Paris_MATERIEL_INFO_202608080,Paris,2026-08-08 00:00:00
KeyPers_Paris_1230052,Paris_MATERIEL_INFO_202608081,Paris,2026-08-08 00:00:00
KeyPers_Paris_1232233,Paris_MATERIEL_INFO_202608082,Paris,2026-08-08 00:00:00
KeyPers_Paris_1234425,Paris_MATERIEL_INFO_202608083,Paris,2026-08-08 00:00:00
KeyPers_Shanghai_1230759,Shanghai_MATERIEL_INFO_202608080,Shanghai,2026-08-08 00:00:00
KeyPers_Shanghai_1230096,Shanghai_MATERIEL_INFO_202608081,Shanghai,2026-08-08 00:00:00
KeyPers_Shanghai_1230358,Shanghai_MATERIEL_INFO_202608082,Shanghai,2026-08-08 00:00:00
KeyPers_Shanghai_1230409,Shanghai_MATERIEL_INFO_202608083,Shanghai,2026-08-08 00:00:00
KeyPers_Shanghai_1230321,Shanghai_MATERIEL_INFO_202608084,Shanghai,2026-08-08 00:00:00
KeyPers_Shanghai_1230065,Shanghai_MATERIEL_INFO_202608085,Shanghai,2026-08-08 00:00:00
KeyPers_Shanghai_1230903,Shanghai_MATERIEL_INFO_202608086,Shanghai,2026-08-08 00:00:00
KeyPers_Berlin_1230019,BERLIN_MATERIEL_INFO_202608090,Berlin,2026-08-09 00:00:00
KeyPers_London_1233827,LONDON_MATERIEL_INFO_202608090,London,2026-08-09 00:00:00
KeyPers_London_1230429,LONDON_MATERIEL_INFO_202608091,London,2026-08-09 00:00:00
KeyPers_London_1232437,LONDON_MATERIEL_INFO_202608092,London,2026-08-09 00:00:00
KeyPers_London_1233076,LONDON_MATERIEL_INFO_202608093,London,2026-08-09 00:00:00
KeyPers_London_1233789,LONDON_MATERIEL_INFO_202608094,London,2026-08-09 00:00:00
KeyPers_London_1232407,LONDON_MATERIEL_INFO_202608095,London,2026-08-09 00:00:00
KeyPers_London_1230072,LONDON_MATERIEL_INFO_202608096,London,2026-08-09 00:00:00
KeyPers_LA_1230136,LA_MATERIEL_INFO_202608090,LA,2026-08-09 00:00:00
KeyPers_LA_1231721,LA_MATERIEL_INFO_202608091,LA,2026-08-09 00:00:00
KeyPers_LA_1230015,LA_MATERIEL_INFO_202608092,LA,2026-08-09 00:00:00
KeyPers_LA_1232523,LA_MATERIEL_INFO_202608093,LA,2026-08-09 00:00:00
KeyPers_LA_1232649,LA_MATERIEL_INFO_202608094,LA,2026-08-09 00:00:00
KeyPers_LA_1232891,LA_MATERIEL_INFO_202608095,LA,2026-08-09 00:00:00
KeyPers_LA_1231921,LA_MATERIEL_INFO_202608096,LA,2026-08-09 00:00:00
KeyPers_LA_1232023,LA_MATERIEL_INFO_202608097,LA,2026-08-09 00:00:00
KeyPers_NewYork_1230089,NewYork_MATERIEL_INFO_202608090,NewYork,2026-08-09 00:00:00
KeyPers_NewYork_1231724,NewYork_MATERIEL_INFO_202608091,NewYork,2026-08-09 00:00:00
KeyPers_NewYork_1230894,NewYork_MATERIEL_INFO_202608092,NewYork,2026-08-09 00:00:00
KeyPers_NewYork_1230057,NewYork_MATERIEL_INFO_202608093,NewYork,2026-08-09 00:00:00
KeyPers_NewYork_1231458,NewYork_MATERIEL_INFO_202608094,NewYork,2026-08-09 00:00:00
KeyPers_NewYork_1231394,NewYork_MATERIEL_INFO_202608095,NewYork,2026-08-09 00:00:00
KeyPers_NewYork_1232909,NewYork_MATERIEL_INFO_202608096,NewYork,2026-08-09 00:00:00
KeyPers_NewYork_1230259,NewYork_MATERIEL_INFO_202608097,NewYork,2026-08-09 00:00:00
KeyPers_NewYork_1230405,NewYork_MATERIEL_INFO_202608098,NewYork,2026-08-09 00:00:00
KeyPers_NewYork_1230113,NewYork_MATERIEL_INFO_202608099,NewYork,2026-08-09 00:00:00
KeyPers_NewYork_1231231,NewYork_MATERIEL_INFO_2026080910,NewYork,2026-08-09 00:00:00
KeyPers_NewYork_1230301,NewYork_MATERIEL_INFO_2026080911,NewYork,2026-08-09 00:00:00
KeyPers_NewYork_1232264,NewYork_MATERIEL_INFO_2026080912,NewYork,2026-08-09 00:00:00
KeyPers_Paris_1231272,Paris_MATERIEL_INFO_202608090,Paris,2026-08-09 00:00:00
KeyPers_Paris_1234110,Paris_MATERIEL_INFO_202608091,Paris,2026-08-09 00:00:00
KeyPers_Paris_1230098,Paris_MATERIEL_INFO_202608092,Paris,2026-08-09 00:00:00
KeyPers_Paris_1230726,Paris_MATERIEL_INFO_202608093,Paris,2026-08-09 00:00:00
KeyPers_Paris_1230855,Paris_MATERIEL_INFO_202608094,Paris,2026-08-09 00:00:00
KeyPers_Paris_1231556,Paris_MATERIEL_INFO_202608095,Paris,2026-08-09 00:00:00
KeyPers_Paris_1230002,Paris_MATERIEL_INFO_202608096,Paris,2026-08-09 00:00:00
KeyPers_Paris_1231478,Paris_MATERIEL_INFO_202608097,Paris,2026-08-09 00:00:00
KeyPers_Paris_1230895,Paris_MATERIEL_INFO_202608098,Paris,2026-08-09 00:00:00
KeyPers_Paris_1230458,Paris_MATERIEL_INFO_202608099,Paris,2026-08-09 00:00:00
KeyPers_Paris_1233871,Paris_MATERIEL_INFO_2026080910,Paris,2026-08-09 00:00:00
KeyPers_Paris_1233168,Paris_MATERIEL_INFO_2026080911,Paris,2026-08-09 00:00:00
KeyPers_Paris_1230130,Paris_MATERIEL_INFO_2026080912,Paris,2026-08-09 00:00:00
KeyPers_Shanghai_1230568,Shanghai_MATERIEL_INFO_202608090,Shanghai,2026-08-09 00:00:00
KeyPers_Shanghai_1230218,Shanghai_MATERIEL_INFO_202608091,Shanghai,2026-08-09 00:00:00
KeyPers_Shanghai_1230883,Shanghai_MATERIEL_INFO_202608092,Shanghai,2026-08-09 00:00:00
KeyPers_Shanghai_1230094,Shanghai_MATERIEL_INFO_202608093,Shanghai,2026-08-09 00:00:00
KeyPers_Shanghai_1230504,Shanghai_MATERIEL_INFO_202608094,Shanghai,2026-08-09 00:00:00
KeyPers_Shanghai_1230042,Shanghai_MATERIEL_INFO_202608095,Shanghai,2026-08-09 00:00:00
KeyPers_Shanghai_1230009,Shanghai_MATERIEL_INFO_202608096,Shanghai,2026-08-09 00:00:00
KeyPers_Shanghai_1230322,Shanghai_MATERIEL_INFO_202608097,Shanghai,2026-08-09 00:00:00
KeyPers_Shanghai_1230569,Shanghai_MATERIEL_INFO_202608098,Shanghai,2026-08-09 00:00:00
KeyPers_Shanghai_1230857,Shanghai_MATERIEL_INFO_202608099,Shanghai,2026-08-09 00:00:00
KeyPers_Shanghai_1230160,Shanghai_MATERIEL_INFO_2026080910,Shanghai,2026-08-09 00:00:00
KeyPers_Shanghai_1230464,Shanghai_MATERIEL_INFO_2026080911,Shanghai,2026-08-09 00:00:00
KeyPers_Shanghai_1230405,Shanghai_MATERIEL_INFO_2026080912,Shanghai,2026-08-09 00:00:00
KeyPers_Berlin_1231680,BERLIN_MATERIEL_INFO_202608100,Berlin,2026-08-10 00:00:00
KeyPers_Berlin_1233052,BERLIN_MATERIEL_INFO_202608101,Berlin,2026-08-10 00:00:00
KeyPers_Berlin_1232740,BERLIN_MATERIEL_INFO_202608102,Berlin,2026-08-10 00:00:00
KeyPers_London_1230761,LONDON_MATERIEL_INFO_202608100,London,2026-08-10 00:00:00
KeyPers_London_1233088,LONDON_MATERIEL_INFO_202608101,London,2026-08-10 00:00:00
KeyPers_London_1230906,LONDON_MATERIEL_INFO_202608102,London,2026-08-10 00:00:00
KeyPers_London_1232575,LONDON_MATERIEL_INFO_202608103,London,2026-08-10 00:00:00
KeyPers_London_1230292,LONDON_MATERIEL_INFO_202608104,London,2026-08-10 00:00:00
KeyPers_London_1230157,LONDON_MATERIEL_INFO_202608105,London,2026-08-10 00:00:00
KeyPers_London_1231136,LONDON_MATERIEL_INFO_202608106,London,2026-08-10 00:00:00
KeyPers_London_1231495,LONDON_MATERIEL_INFO_202608107,London,2026-08-10 00:00:00
KeyPers_London_1233568,LONDON_MATERIEL_INFO_202608108,London,2026-08-10 00:00:00
KeyPers_London_1231731,LONDON_MATERIEL_INFO_202608109,London,2026-08-10 00:00:00
KeyPers_LA_1231007,LA_MATERIEL_INFO_202608100,LA,2026-08-10 00:00:00
KeyPers_LA_1231815,LA_MATERIEL_INFO_202608101,LA,2026-08-10 00:00:00
KeyPers_LA_1232452,LA_MATERIEL_INFO_202608102,LA,2026-08-10 00:00:00
KeyPers_LA_1232335,LA_MATERIEL_INFO_202608103,LA,2026-08-10 00:00:00
KeyPers_LA_1230182,LA_MATERIEL_INFO_202608104,LA,2026-08-10 00:00:00
KeyPers_LA_1230131,LA_MATERIEL_INFO_202608105,LA,2026-08-10 00:00:00
KeyPers_LA_1232584,LA_MATERIEL_INFO_202608106,LA,2026-08-10 00:00:00
KeyPers_LA_1232315,LA_MATERIEL_INFO_202608107,LA,2026-08-10 00:00:00
KeyPers_LA_1232500,LA_MATERIEL_INFO_202608108,LA,2026-08-10 00:00:00
KeyPers_LA_1231844,LA_MATERIEL_INFO_202608109,LA,2026-08-10 00:00:00
KeyPers_LA_1232326,LA_MATERIEL_INFO_2026081010,LA,2026-08-10 00:00:00
KeyPers_LA_1232015,LA_MATERIEL_INFO_2026081011,LA,2026-08-10 00:00:00
KeyPers_LA_1230656,LA_MATERIEL_INFO_2026081012,LA,2026-08-10 00:00:00
KeyPers_LA_1232367,LA_MATERIEL_INFO_2026081013,LA,2026-08-10 00:00:00
KeyPers_NewYork_1232849,NewYork_MATERIEL_INFO_202608100,NewYork,2026-08-10 00:00:00
KeyPers_NewYork_1230522,NewYork_MATERIEL_INFO_202608101,NewYork,2026-08-10 00:00:00
KeyPers_NewYork_1231321,NewYork_MATERIEL_INFO_202608102,NewYork,2026-08-10 00:00:00
KeyPers_NewYork_1231685,NewYork_MATERIEL_INFO_202608103,NewYork,2026-08-10 00:00:00
KeyPers_NewYork_1231135,NewYork_MATERIEL_INFO_202608104,NewYork,2026-08-10 00:00:00
KeyPers_NewYork_1231782,NewYork_MATERIEL_INFO_202608105,NewYork,2026-08-10 00:00:00
KeyPers_NewYork_1230754,NewYork_MATERIEL_INFO_202608106,NewYork,2026-08-10 00:00:00
KeyPers_NewYork_1232599,NewYork_MATERIEL_INFO_202608107,NewYork,2026-08-10 00:00:00
KeyPers_NewYork_1230636,NewYork_MATERIEL_INFO_202608108,NewYork,2026-08-10 00:00:00
KeyPers_NewYork_1231142,NewYork_MATERIEL_INFO_202608109,NewYork,2026-08-10 00:00:00
KeyPers_NewYork_1230527,NewYork_MATERIEL_INFO_2026081010,NewYork,2026-08-10 00:00:00
KeyPers_NewYork_1233042,NewYork_MATERIEL_INFO_2026081011,NewYork,2026-08-10 00:00:00
KeyPers_NewYork_1230138,NewYork_MATERIEL_INFO_2026081012,NewYork,2026-08-10 00:00:00
KeyPers_Paris_1231801,Paris_MATERIEL_INFO_202608100,Paris,2026-08-10 00:00:00
KeyPers_Paris_1233726,Paris_MATERIEL_INFO_202608101,Paris,2026-08-10 00:00:00
KeyPers_Paris_1232871,Paris_MATERIEL_INFO_202608102,Paris,2026-08-10 00:00:00
KeyPers_Paris_1231078,Paris_MATERIEL_INFO_202608103,Paris,2026-08-10 00:00:00
KeyPers_Paris_1234731,Paris_MATERIEL_INFO_202608104,Paris,2026-08-10 00:00:00
KeyPers_Paris_1232732,Paris_MATERIEL_INFO_202608105,Paris,2026-08-10 00:00:00
KeyPers_Shanghai_1230852,Shanghai_MATERIEL_INFO_202608100,Shanghai,2026-08-10 00:00:00
KeyPers_Shanghai_1230830,Shanghai_MATERIEL_INFO_202608101,Shanghai,2026-08-10 00:00:00
KeyPers_Shanghai_1230195,Shanghai_MATERIEL_INFO_202608102,Shanghai,2026-08-10 00:00:00
KeyPers_Shanghai_1230944,Shanghai_MATERIEL_INFO_202608103,Shanghai,2026-08-10 00:00:00
KeyPers_Shanghai_1230563,Shanghai_MATERIEL_INFO_202608104,Shanghai,2026-08-10 00:00:00
KeyPers_Shanghai_1230005,Shanghai_MATERIEL_INFO_202608105,Shanghai,2026-08-10 00:00:00
KeyPers_Shanghai_1230942,Shanghai_MATERIEL_INFO_202608106,Shanghai,2026-08-10 00:00:00
KeyPers_Shanghai_1230730,Shanghai_MATERIEL_INFO_202608107,Shanghai,2026-08-10 00:00:00
KeyPers_Shanghai_1230237,Shanghai_MATERIEL_INFO_202608108,Shanghai,2026-08-10 00:00:00
KeyPers_Berlin_1233628,BERLIN_MATERIEL_INFO_202608110,Berlin,2026-08-11 00:00:00
KeyPers_Berlin_1232928,BERLIN_MATERIEL_INFO_202608111,Berlin,2026-08-11 00:00:00
KeyPers_Berlin_1233382,BERLIN_MATERIEL_INFO_202608112,Berlin,2026-08-11 00:00:00
KeyPers_Berlin_1232354,BERLIN_MATERIEL_INFO_202608113,Berlin,2026-08-11 00:00:00
KeyPers_Berlin_1231770,BERLIN_MATERIEL_INFO_202608114,Berlin,2026-08-11 00:00:00
KeyPers_London_1233991,LONDON_MATERIEL_INFO_202608110,London,2026-08-11 00:00:00
KeyPers_London_1231850,LONDON_MATERIEL_INFO_202608111,London,2026-08-11 00:00:00
KeyPers_London_1233947,LONDON_MATERIEL_INFO_202608112,London,2026-08-11 00:00:00
KeyPers_London_1231481,LONDON_MATERIEL_INFO_202608113,London,2026-08-11 00:00:00
KeyPers_London_1230454,LONDON_MATERIEL_INFO_202608114,London,2026-08-11 00:00:00
KeyPers_London_1232533,LONDON_MATERIEL_INFO_202608115,London,2026-08-11 00:00:00
KeyPers_London_1231353,LONDON_MATERIEL_INFO_202608116,London,2026-08-11 00:00:00
KeyPers_London_1232038,LONDON_MATERIEL_INFO_202608117,London,2026-08-11 00:00:00
KeyPers_LA_1230640,LA_MATERIEL_INFO_202608110,LA,2026-08-11 00:00:00
KeyPers_LA_1231048,LA_MATERIEL_INFO_202608111,LA,2026-08-11 00:00:00
KeyPers_LA_1230387,LA_MATERIEL_INFO_202608112,LA,2026-08-11 00:00:00
KeyPers_LA_1230644,LA_MATERIEL_INFO_202608113,LA,2026-08-11 00:00:00
KeyPers_LA_1230932,LA_MATERIEL_INFO_202608114,LA,2026-08-11 00:00:00
KeyPers_LA_1232136,LA_MATERIEL_INFO_202608115,LA,2026-08-11 00:00:00
KeyPers_LA_1232600,LA_MATERIEL_INFO_202608116,LA,2026-08-11 00:00:00
KeyPers_LA_1231466,LA_MATERIEL_INFO_202608117,LA,2026-08-11 00:00:00
KeyPers_NewYork_1232675,NewYork_MATERIEL_INFO_202608110,NewYork,2026-08-11 00:00:00
KeyPers_NewYork_1233043,NewYork_MATERIEL_INFO_202608111,NewYork,2026-08-11 00:00:00
KeyPers_Paris_1234061,Paris_MATERIEL_INFO_202608110,Paris,2026-08-11 00:00:00
KeyPers_Paris_1232712,Paris_MATERIEL_INFO_202608111,Paris,2026-08-11 00:00:00
KeyPers_Paris_1234075,Paris_MATERIEL_INFO_202608112,Paris,2026-08-11 00:00:00
KeyPers_Paris_1233610,Paris_MATERIEL_INFO_202608113,Paris,2026-08-11 00:00:00
KeyPers_Paris_1230999,Paris_MATERIEL_INFO_202608114,Paris,2026-08-11 00:00:00
KeyPers_Paris_1233067,Paris_MATERIEL_INFO_202608115,Paris,2026-08-11 00:00:00
KeyPers_Paris_1234933,Paris_MATERIEL_INFO_202608116,Paris,2026-08-11 00:00:00
KeyPers_Shanghai_1230860,Shanghai_MATERIEL_INFO_202608110,Shanghai,2026-08-11 00:00:00
KeyPers_Shanghai_1230747,Shanghai_MATERIEL_INFO_202608111,Shanghai,2026-08-11 00:00:00
KeyPers_Shanghai_1230512,Shanghai_MATERIEL_INFO_202608112,Shanghai,2026-08-11 00:00:00
KeyPers_Shanghai_1230369,Shanghai_MATERIEL_INFO_202608113,Shanghai,2026-08-11 00:00:00
KeyPers_Shanghai_1230859,Shanghai_MATERIEL_INFO_202608114,Shanghai,2026-08-11 00:00:00
KeyPers_Berlin_1231216,BERLIN_MATERIEL_INFO_202608120,Berlin,2026-08-12 00:00:00
KeyPers_Berlin_1231502,BERLIN_MATERIEL_INFO_202608121,Berlin,2026-08-12 00:00:00
KeyPers_Berlin_1230343,BERLIN_MATERIEL_INFO_202608122,Berlin,2026-08-12 00:00:00
KeyPers_Berlin_1232297,BERLIN_MATERIEL_INFO_202608123,Berlin,2026-08-12 00:00:00
KeyPers_London_1231657,LONDON_MATERIEL_INFO_202608120,London,2026-08-12 00:00:00
KeyPers_London_1232582,LONDON_MATERIEL_INFO_202608121,London,2026-08-12 00:00:00
KeyPers_London_1233419,LONDON_MATERIEL_INFO_202608122,London,2026-08-12 00:00:00
KeyPers_LA_1231924,LA_MATERIEL_INFO_202608120,LA,2026-08-12 00:00:00
KeyPers_LA_1232190,LA_MATERIEL_INFO_202608121,LA,2026-08-12 00:00:00
KeyPers_LA_1231150,LA_MATERIEL_INFO_202608122,LA,2026-08-12 00:00:00
KeyPers_NewYork_1232760,NewYork_MATERIEL_INFO_202608120,NewYork,2026-08-12 00:00:00
KeyPers_NewYork_1232004,NewYork_MATERIEL_INFO_202608121,NewYork,2026-08-12 00:00:00
KeyPers_NewYork_1231063,NewYork_MATERIEL_INFO_202608122,NewYork,2026-08-12 00:00:00
KeyPers_NewYork_1231552,NewYork_MATERIEL_INFO_202608123,NewYork,2026-08-12 00:00:00
KeyPers_NewYork_1231540,NewYork_MATERIEL_INFO_202608124,NewYork,2026-08-12 00:00:00
KeyPers_NewYork_1231367,NewYork_MATERIEL_INFO_202608125,NewYork,2026-08-12 00:00:00
KeyPers_NewYork_1232719,NewYork_MATERIEL_INFO_202608126,NewYork,2026-08-12 00:00:00
KeyPers_NewYork_1232966,NewYork_MATERIEL_INFO_202608127,NewYork,2026-08-12 00:00:00
KeyPers_Paris_1232349,Paris_MATERIEL_INFO_202608120,Paris,2026-08-12 00:00:00
KeyPers_Paris_1233064,Paris_MATERIEL_INFO_202608121,Paris,2026-08-12 00:00:00
KeyPers_Paris_1230145,Paris_MATERIEL_INFO_202608122,Paris,2026-08-12 00:00:00
KeyPers_Paris_1231044,Paris_MATERIEL_INFO_202608123,Paris,2026-08-12 00:00:00
KeyPers_Paris_1232293,Paris_MATERIEL_INFO_202608124,Paris,2026-08-12 00:00:00
KeyPers_Paris_1231126,Paris_MATERIEL_INFO_202608125,Paris,2026-08-12 00:00:00
KeyPers_Paris_1233671,Paris_MATERIEL_INFO_202608126,Paris,2026-08-12 00:00:00
KeyPers_Paris_1231833,Paris_MATERIEL_INFO_202608127,Paris,2026-08-12 00:00:00
KeyPers_Paris_1231769,Paris_MATERIEL_INFO_202608128,Paris,2026-08-12 00:00:00
KeyPers_Paris_1234793,Paris_MATERIEL_INFO_202608129,Paris,2026-08-12 00:00:00
KeyPers_Paris_1232389,Paris_MATERIEL_INFO_2026081210,Paris,2026-08-12 00:00:00
KeyPers_Paris_1232148,Paris_MATERIEL_INFO_2026081211,Paris,2026-08-12 00:00:00
KeyPers_Paris_1233751,Paris_MATERIEL_INFO_2026081212,Paris,2026-08-12 00:00:00
KeyPers_Shanghai_1230175,Shanghai_MATERIEL_INFO_202608120,Shanghai,2026-08-12 00:00:00
KeyPers_Shanghai_1230260,Shanghai_MATERIEL_INFO_202608121,Shanghai,2026-08-12 00:00:00
KeyPers_Shanghai_1230376,Shanghai_MATERIEL_INFO_202608122,Shanghai,2026-08-12 00:00:00
KeyPers_Shanghai_1230591,Shanghai_MATERIEL_INFO_202608123,Shanghai,2026-08-12 00:00:00
KeyPers_Berlin_1230702,BERLIN_MATERIEL_INFO_202608130,Berlin,2026-08-13 00:00:00
KeyPers_London_1232974,LONDON_MATERIEL_INFO_202608130,London,2026-08-13 00:00:00
KeyPers_London_1233426,LONDON_MATERIEL_INFO_202608131,London,2026-08-13 00:00:00
KeyPers_London_1233172,LONDON_MATERIEL_INFO_202608132,London,2026-08-13 00:00:00
KeyPers_London_1230111,LONDON_MATERIEL_INFO_202608133,London,2026-08-13 00:00:00
KeyPers_London_1232980,LONDON_MATERIEL_INFO_202608134,London,2026-08-13 00:00:00
KeyPers_London_1230955,LONDON_MATERIEL_INFO_202608135,London,2026-08-13 00:00:00
KeyPers_London_1231457,LONDON_MATERIEL_INFO_202608136,London,2026-08-13 00:00:00
KeyPers_London_1232185,LONDON_MATERIEL_INFO_202608137,London,2026-08-13 00:00:00
KeyPers_London_1232369,LONDON_MATERIEL_INFO_202608138,London,2026-08-13 00:00:00
KeyPers_LA_1230378,LA_MATERIEL_INFO_202608130,LA,2026-08-13 00:00:00
KeyPers_LA_1232459,LA_MATERIEL_INFO_202608131,LA,2026-08-13 00:00:00
KeyPers_LA_1232542,LA_MATERIEL_INFO_202608132,LA,2026-08-13 00:00:00
KeyPers_LA_1231333,LA_MATERIEL_INFO_202608133,LA,2026-08-13 00:00:00
KeyPers_LA_1230933,LA_MATERIEL_INFO_202608134,LA,2026-08-13 00:00:00
KeyPers_LA_1230186,LA_MATERIEL_INFO_202608135,LA,2026-08-13 00:00:00
KeyPers_LA_1231789,LA_MATERIEL_INFO_202608136,LA,2026-08-13 00:00:00
KeyPers_LA_1232395,LA_MATERIEL_INFO_202608137,LA,2026-08-13 00:00:00
KeyPers_LA_1232585,LA_MATERIEL_INFO_202608138,LA,2026-08-13 00:00:00
KeyPers_LA_1232157,LA_MATERIEL_INFO_202608139,LA,2026-08-13 00:00:00
KeyPers_NewYork_1232262,NewYork_MATERIEL_INFO_202608130,NewYork,2026-08-13 00:00:00
KeyPers_NewYork_1232719,NewYork_MATERIEL_INFO_202608131,NewYork,2026-08-13 00:00:00
KeyPers_NewYork_1232027,NewYork_MATERIEL_INFO_202608132,NewYork,2026-08-13 00:00:00
KeyPers_NewYork_1230674,NewYork_MATERIEL_INFO_202608133,NewYork,2026-08-13 00:00:00
KeyPers_NewYork_1230191,NewYork_MATERIEL_INFO_202608134,NewYork,2026-08-13 00:00:00
KeyPers_NewYork_1232852,NewYork_MATERIEL_INFO_202608135,NewYork,2026-08-13 00:00:00
KeyPers_Paris_1232421,Paris_MATERIEL_INFO_202608130,Paris,2026-08-13 00:00:00
KeyPers_Paris_1230889,Paris_MATERIEL_INFO_202608131,Paris,2026-08-13 00:00:00
KeyPers_Paris_1231414,Paris_MATERIEL_INFO_202608132,Paris,2026-08-13 00:00:00
KeyPers_Paris_1231532,Paris_MATERIEL_INFO_202608133,Paris,2026-08-13 00:00:00
KeyPers_Paris_1230011,Paris_MATERIEL_INFO_202608134,Paris,2026-08-13 00:00:00
KeyPers_Paris_1231392,Paris_MATERIEL_INFO_202608135,Paris,2026-08-13 00:00:00
KeyPers_Paris_1230179,Paris_MATERIEL_INFO_202608136,Paris,2026-08-13 00:00:00
KeyPers_Paris_1234792,Paris_MATERIEL_INFO_202608137,Paris,2026-08-13 00:00:00
KeyPers_Paris_1232298,Paris_MATERIEL_INFO_202608138,Paris,2026-08-13 00:00:00
KeyPers_Shanghai_1230081,Shanghai_MATERIEL_INFO_202608130,Shanghai,2026-08-13 00:00:00
KeyPers_Shanghai_1230740,Shanghai_MATERIEL_INFO_202608131,Shanghai,2026-08-13 00:00:00
KeyPers_Shanghai_1230060,Shanghai_MATERIEL_INFO_202608132,Shanghai,2026-08-13 00:00:00
KeyPers_Shanghai_1230018,Shanghai_MATERIEL_INFO_202608133,Shanghai,2026-08-13 00:00:00
KeyPers_Shanghai_1230041,Shanghai_MATERIEL_INFO_202608134,Shanghai,2026-08-13 00:00:00
KeyPers_Shanghai_1230295,Shanghai_MATERIEL_INFO_202608135,Shanghai,2026-08-13 00:00:00
KeyPers_Berlin_1231599,BERLIN_MATERIEL_INFO_202608140,Berlin,2026-08-14 00:00:00
KeyPers_London_1233277,LONDON_MATERIEL_INFO_202608140,London,2026-08-14 00:00:00
KeyPers_London_1232062,LONDON_MATERIEL_INFO_202608141,London,2026-08-14 00:00:00
KeyPers_London_1231829,LONDON_MATERIEL_INFO_202608142,London,2026-08-14 00:00:00
KeyPers_London_1231895,LONDON_MATERIEL_INFO_202608143,London,2026-08-14 00:00:00
KeyPers_London_1230367,LONDON_MATERIEL_INFO_202608144,London,2026-08-14 00:00:00
KeyPers_LA_1230501,LA_MATERIEL_INFO_202608140,LA,2026-08-14 00:00:00
KeyPers_LA_1231706,LA_MATERIEL_INFO_202608141,LA,2026-08-14 00:00:00
KeyPers_LA_1231857,LA_MATERIEL_INFO_202608142,LA,2026-08-14 00:00:00
KeyPers_LA_1231015,LA_MATERIEL_INFO_202608143,LA,2026-08-14 00:00:00
KeyPers_LA_1232935,LA_MATERIEL_INFO_202608144,LA,2026-08-14 00:00:00
KeyPers_LA_1230291,LA_MATERIEL_INFO_202608145,LA,2026-08-14 00:00:00
KeyPers_LA_1231564,LA_MATERIEL_INFO_202608146,LA,2026-08-14 00:00:00
KeyPers_LA_1232733,LA_MATERIEL_INFO_202608147,LA,2026-08-14 00:00:00
KeyPers_LA_1231999,LA_MATERIEL_INFO_202608148,LA,2026-08-14 00:00:00
KeyPers_LA_1231213,LA_MATERIEL_INFO_202608149,LA,2026-08-14 00:00:00
KeyPers_LA_1230489,LA_MATERIEL_INFO_2026081410,LA,2026-08-14 00:00:00
KeyPers_LA_1230476,LA_MATERIEL_INFO_2026081411,LA,2026-08-14 00:00:00
KeyPers_NewYork_1232620,NewYork_MATERIEL_INFO_202608140,NewYork,2026-08-14 00:00:00
KeyPers_NewYork_1233017,NewYork_MATERIEL_INFO_202608141,NewYork,2026-08-14 00:00:00
KeyPers_NewYork_1231183,NewYork_MATERIEL_INFO_202608142,NewYork,2026-08-14 00:00:00
KeyPers_NewYork_1230023,NewYork_MATERIEL_INFO_202608143,NewYork,2026-08-14 00:00:00
KeyPers_NewYork_1232091,NewYork_MATERIEL_INFO_202608144,NewYork,2026-08-14 00:00:00
KeyPers_NewYork_1232594,NewYork_MATERIEL_INFO_202608145,NewYork,2026-08-14 00:00:00
KeyPers_NewYork_1232161,NewYork_MATERIEL_INFO_202608146,NewYork,2026-08-14 00:00:00
KeyPers_NewYork_1230331,NewYork_MATERIEL_INFO_202608147,NewYork,2026-08-14 00:00:00
KeyPers_NewYork_1230774,NewYork_MATERIEL_INFO_202608148,NewYork,2026-08-14 00:00:00
KeyPers_NewYork_1230816,NewYork_MATERIEL_INFO_202608149,NewYork,2026-08-14 00:00:00
KeyPers_Paris_1234472,Paris_MATERIEL_INFO_202608140,Paris,2026-08-14 00:00:00
KeyPers_Paris_1231871,Paris_MATERIEL_INFO_202608141,Paris,2026-08-14 00:00:00
KeyPers_Paris_1230954,Paris_MATERIEL_INFO_202608142,Paris,2026-08-14 00:00:00
KeyPers_Paris_1233980,Paris_MATERIEL_INFO_202608143,Paris,2026-08-14 00:00:00
KeyPers_Paris_1232977,Paris_MATERIEL_INFO_202608144,Paris,2026-08-14 00:00:00
KeyPers_Paris_1234838,Paris_MATERIEL_INFO_202608145,Paris,2026-08-14 00:00:00
KeyPers_Paris_1231854,Paris_MATERIEL_INFO_202608146,Paris,2026-08-14 00:00:00
KeyPers_Shanghai_1230390,Shanghai_MATERIEL_INFO_202608140,Shanghai,2026-08-14 00:00:00
KeyPers_Shanghai_1230078,Shanghai_MATERIEL_INFO_202608141,Shanghai,2026-08-14 00:00:00
KeyPers_Shanghai_1230722,Shanghai_MATERIEL_INFO_202608142,Shanghai,2026-08-14 00:00:00
KeyPers_Shanghai_1230867,Shanghai_MATERIEL_INFO_202608143,Shanghai,2026-08-14 00:00:00
KeyPers_Shanghai_1230254,Shanghai_MATERIEL_INFO_202608144,Shanghai,2026-08-14 00:00:00
KeyPers_Berlin_1232976,BERLIN_MATERIEL_INFO_202608150,Berlin,2026-08-15 00:00:00
KeyPers_Berlin_1232390,BERLIN_MATERIEL_INFO_202608151,Berlin,2026-08-15 00:00:00
KeyPers_London_1232810,LONDON_MATERIEL_INFO_202608150,London,2026-08-15 00:00:00
KeyPers_LA_1230346,LA_MATERIEL_INFO_202608150,LA,2026-08-15 00:00:00
KeyPers_LA_1230931,LA_MATERIEL_INFO_202608151,LA,2026-08-15 00:00:00
KeyPers_LA_1233000,LA_MATERIEL_INFO_202608152,LA,2026-08-15 00:00:00
KeyPers_LA_1230121,LA_MATERIEL_INFO_202608153,LA,2026-08-15 00:00:00
KeyPers_LA_1232551,LA_MATERIEL_INFO_202608154,LA,2026-08-15 00:00:00
KeyPers_LA_1232402,LA_MATERIEL_INFO_202608155,LA,2026-08-15 00:00:00
KeyPers_LA_1230803,LA_MATERIEL_INFO_202608156,LA,2026-08-15 00:00:00
KeyPers_LA_1230512,LA_MATERIEL_INFO_202608157,LA,2026-08-15 00:00:00
KeyPers_LA_1232246,LA_MATERIEL_INFO_202608158,LA,2026-08-15 00:00:00
KeyPers_LA_1231526,LA_MATERIEL_INFO_202608159,LA,2026-08-15 00:00:00
KeyPers_LA_1232452,LA_MATERIEL_INFO_2026081510,LA,2026-08-15 00:00:00
KeyPers_NewYork_1232744,NewYork_MATERIEL_INFO_202608150,NewYork,2026-08-15 00:00:00
KeyPers_NewYork_1230293,NewYork_MATERIEL_INFO_202608151,NewYork,2026-08-15 00:00:00
KeyPers_NewYork_1231749,NewYork_MATERIEL_INFO_202608152,NewYork,2026-08-15 00:00:00
KeyPers_NewYork_1232840,NewYork_MATERIEL_INFO_202608153,NewYork,2026-08-15 00:00:00
KeyPers_NewYork_1230763,NewYork_MATERIEL_INFO_202608154,NewYork,2026-08-15 00:00:00
KeyPers_NewYork_1230105,NewYork_MATERIEL_INFO_202608155,NewYork,2026-08-15 00:00:00
KeyPers_Paris_1230183,Paris_MATERIEL_INFO_202608150,Paris,2026-08-15 00:00:00
KeyPers_Paris_1230070,Paris_MATERIEL_INFO_202608151,Paris,2026-08-15 00:00:00
KeyPers_Paris_1234474,Paris_MATERIEL_INFO_202608152,Paris,2026-08-15 00:00:00
KeyPers_Paris_1230335,Paris_MATERIEL_INFO_202608153,Paris,2026-08-15 00:00:00
KeyPers_Paris_1231372,Paris_MATERIEL_INFO_202608154,Paris,2026-08-15 00:00:00
KeyPers_Shanghai_1230272,Shanghai_MATERIEL_INFO_202608150,Shanghai,2026-08-15 00:00:00
KeyPers_Shanghai_1230447,Shanghai_MATERIEL_INFO_202608151,Shanghai,2026-08-15 00:00:00
KeyPers_Shanghai_1230858,Shanghai_MATERIEL_INFO_202608152,Shanghai,2026-08-15 00:00:00
KeyPers_Shanghai_1230680,Shanghai_MATERIEL_INFO_202608153,Shanghai,2026-08-15 00:00:00
KeyPers_Shanghai_1230264,Shanghai_MATERIEL_INFO_202608154,Shanghai,2026-08-15 00:00:00
KeyPers_Shanghai_1230151,Shanghai_MATERIEL_INFO_202608155,Shanghai,2026-08-15 00:00:00
KeyPers_Shanghai_1230823,Shanghai_MATERIEL_INFO_202608156,Shanghai,2026-08-15 00:00:00
KeyPers_Berlin_1230574,BERLIN_MATERIEL_INFO_202608160,Berlin,2026-08-16 00:00:00
KeyPers_Berlin_1232081,BERLIN_MATERIEL_INFO_202608161,Berlin,2026-08-16 00:00:00
KeyPers_Berlin_1230485,BERLIN_MATERIEL_INFO_202608162,Berlin,2026-08-16 00:00:00
KeyPers_Berlin_1230495,BERLIN_MATERIEL_INFO_202608163,Berlin,2026-08-16 00:00:00
KeyPers_London_1232050,LONDON_MATERIEL_INFO_202608160,London,2026-08-16 00:00:00
KeyPers_London_1231452,LONDON_MATERIEL_INFO_202608161,London,2026-08-16 00:00:00
KeyPers_London_1231419,LONDON_MATERIEL_INFO_202608162,London,2026-08-16 00:00:00
KeyPers_London_1231108,LONDON_MATERIEL_INFO_202608163,London,2026-08-16 00:00:00
KeyPers_London_1231343,LONDON_MATERIEL_INFO_202608164,London,2026-08-16 00:00:00
KeyPers_London_1230755,LONDON_MATERIEL_INFO_202608165,London,2026-08-16 00:00:00
KeyPers_London_1232171,LONDON_MATERIEL_INFO_202608166,London,2026-08-16 00:00:00
KeyPers_London_1234157,LONDON_MATERIEL_INFO_202608167,London,2026-08-16 00:00:00
KeyPers_London_1233710,LONDON_MATERIEL_INFO_202608168,London,2026-08-16 00:00:00
KeyPers_London_1231603,LONDON_MATERIEL_INFO_202608169,London,2026-08-16 00:00:00
KeyPers_London_1232429,LONDON_MATERIEL_INFO_2026081610,London,2026-08-16 00:00:00
KeyPers_LA_1230472,LA_MATERIEL_INFO_202608160,LA,2026-08-16 00:00:00
KeyPers_LA_1231273,LA_MATERIEL_INFO_202608161,LA,2026-08-16 00:00:00
KeyPers_LA_1231205,LA_MATERIEL_INFO_202608162,LA,2026-08-16 00:00:00
KeyPers_LA_1230023,LA_MATERIEL_INFO_202608163,LA,2026-08-16 00:00:00
KeyPers_LA_1231200,LA_MATERIEL_INFO_202608164,LA,2026-08-16 00:00:00
KeyPers_LA_1230240,LA_MATERIEL_INFO_202608165,LA,2026-08-16 00:00:00
KeyPers_LA_1231108,LA_MATERIEL_INFO_202608166,LA,2026-08-16 00:00:00
KeyPers_LA_1232794,LA_MATERIEL_INFO_202608167,LA,2026-08-16 00:00:00
KeyPers_NewYork_1231520,NewYork_MATERIEL_INFO_202608160,NewYork,2026-08-16 00:00:00
KeyPers_NewYork_1231418,NewYork_MATERIEL_INFO_202608161,NewYork,2026-08-16 00:00:00
KeyPers_NewYork_1230330,NewYork_MATERIEL_INFO_202608162,NewYork,2026-08-16 00:00:00
KeyPers_NewYork_1232395,NewYork_MATERIEL_INFO_202608163,NewYork,2026-08-16 00:00:00
KeyPers_NewYork_1232250,NewYork_MATERIEL_INFO_202608164,NewYork,2026-08-16 00:00:00
KeyPers_NewYork_1231612,NewYork_MATERIEL_INFO_202608165,NewYork,2026-08-16 00:00:00
KeyPers_Paris_1233564,Paris_MATERIEL_INFO_202608160,Paris,2026-08-16 00:00:00
KeyPers_Paris_1230385,Paris_MATERIEL_INFO_202608161,Paris,2026-08-16 00:00:00
KeyPers_Paris_1231573,Paris_MATERIEL_INFO_202608162,Paris,2026-08-16 00:00:00
KeyPers_Paris_1232149,Paris_MATERIEL_INFO_202608163,Paris,2026-08-16 00:00:00
KeyPers_Paris_1233174,Paris_MATERIEL_INFO_202608164,Paris,2026-08-16 00:00:00
KeyPers_Paris_1230343,Paris_MATERIEL_INFO_202608165,Paris,2026-08-16 00:00:00
KeyPers_Paris_1234339,Paris_MATERIEL_INFO_202608166,Paris,2026-08-16 00:00:00
KeyPers_Paris_1232713,Paris_MATERIEL_INFO_202608167,Paris,2026-08-16 00:00:00
KeyPers_Paris_1232169,Paris_MATERIEL_INFO_202608168,Paris,2026-08-16 00:00:00
KeyPers_Shanghai_1230047,Shanghai_MATERIEL_INFO_202608160,Shanghai,2026-08-16 00:00:00
KeyPers_Shanghai_1230914,Shanghai_MATERIEL_INFO_202608161,Shanghai,2026-08-16 00:00:00
KeyPers_Shanghai_1230470,Shanghai_MATERIEL_INFO_202608162,Shanghai,2026-08-16 00:00:00
KeyPers_Shanghai_1230979,Shanghai_MATERIEL_INFO_202608163,Shanghai,2026-08-16 00:00:00
KeyPers_Shanghai_1230536,Shanghai_MATERIEL_INFO_202608164,Shanghai,2026-08-16 00:00:00
KeyPers_Berlin_1234078,BERLIN_MATERIEL_INFO_202608170,Berlin,2026-08-17 00:00:00
KeyPers_Berlin_1231485,BERLIN_MATERIEL_INFO_202608171,Berlin,2026-08-17 00:00:00
KeyPers_Berlin_1231115,BERLIN_MATERIEL_INFO_202608172,Berlin,2026-08-17 00:00:00
KeyPers_Berlin_1231865,BERLIN_MATERIEL_INFO_202608173,Berlin,2026-08-17 00:00:00
KeyPers_Berlin_1233224,BERLIN_MATERIEL_INFO_202608174,Berlin,2026-08-17 00:00:00
KeyPers_Berlin_1230340,BERLIN_MATERIEL_INFO_202608175,Berlin,2026-08-17 00:00:00
KeyPers_London_1230040,LONDON_MATERIEL_INFO_202608170,London,2026-08-17 00:00:00
KeyPers_London_1233191,LONDON_MATERIEL_INFO_202608171,London,2026-08-17 00:00:00
KeyPers_London_1230098,LONDON_MATERIEL_INFO_202608172,London,2026-08-17 00:00:00
KeyPers_London_1230548,LONDON_MATERIEL_INFO_202608173,London,2026-08-17 00:00:00
KeyPers_London_1231418,LONDON_MATERIEL_INFO_202608174,London,2026-08-17 00:00:00
KeyPers_London_1233453,LONDON_MATERIEL_INFO_202608175,London,2026-08-17 00:00:00
KeyPers_LA_1231763,LA_MATERIEL_INFO_202608170,LA,2026-08-17 00:00:00
KeyPers_LA_1231693,LA_MATERIEL_INFO_202608171,LA,2026-08-17 00:00:00
KeyPers_LA_1232354,LA_MATERIEL_INFO_202608172,LA,2026-08-17 00:00:00
KeyPers_LA_1231095,LA_MATERIEL_INFO_202608173,LA,2026-08-17 00:00:00
KeyPers_LA_1232652,LA_MATERIEL_INFO_202608174,LA,2026-08-17 00:00:00
KeyPers_LA_1231377,LA_MATERIEL_INFO_202608175,LA,2026-08-17 00:00:00
KeyPers_LA_1232396,LA_MATERIEL_INFO_202608176,LA,2026-08-17 00:00:00
KeyPers_LA_1232583,LA_MATERIEL_INFO_202608177,LA,2026-08-17 00:00:00
KeyPers_LA_1232145,LA_MATERIEL_INFO_202608178,LA,2026-08-17 00:00:00
KeyPers_LA_1232504,LA_MATERIEL_INFO_202608179,LA,2026-08-17 00:00:00
KeyPers_LA_1232711,LA_MATERIEL_INFO_2026081710,LA,2026-08-17 00:00:00
KeyPers_NewYork_1231784,NewYork_MATERIEL_INFO_202608170,NewYork,2026-08-17 00:00:00
KeyPers_NewYork_1232538,NewYork_MATERIEL_INFO_202608171,NewYork,2026-08-17 00:00:00
KeyPers_NewYork_1230276,NewYork_MATERIEL_INFO_202608172,NewYork,2026-08-17 00:00:00
KeyPers_NewYork_1230992,NewYork_MATERIEL_INFO_202608173,NewYork,2026-08-17 00:00:00
KeyPers_NewYork_1231114,NewYork_MATERIEL_INFO_202608174,NewYork,2026-08-17 00:00:00
KeyPers_NewYork_1232721,NewYork_MATERIEL_INFO_202608175,NewYork,2026-08-17 00:00:00
KeyPers_NewYork_1231758,NewYork_MATERIEL_INFO_202608176,NewYork,2026-08-17 00:00:00
KeyPers_NewYork_1232894,NewYork_MATERIEL_INFO_202608177,NewYork,2026-08-17 00:00:00
KeyPers_NewYork_1231504,NewYork_MATERIEL_INFO_202608178,NewYork,2026-08-17 00:00:00
KeyPers_NewYork_1231896,NewYork_MATERIEL_INFO_202608179,NewYork,2026-08-17 00:00:00
KeyPers_Paris_1232105,Paris_MATERIEL_INFO_202608170,Paris,2026-08-17 00:00:00
KeyPers_Paris_1233213,Paris_MATERIEL_INFO_202608171,Paris,2026-08-17 00:00:00
KeyPers_Paris_1232183,Paris_MATERIEL_INFO_202608172,Paris,2026-08-17 00:00:00
KeyPers_Paris_1232489,Paris_MATERIEL_INFO_202608173,Paris,2026-08-17 00:00:00
KeyPers_Paris_1232745,Paris_MATERIEL_INFO_202608174,Paris,2026-08-17 00:00:00
KeyPers_Paris_1232780,Paris_MATERIEL_INFO_202608175,Paris,2026-08-17 00:00:00
KeyPers_Paris_1231464,Paris_MATERIEL_INFO_202608176,Paris,2026-08-17 00:00:00
KeyPers_Paris_1231302,Paris_MATERIEL_INFO_202608177,Paris,2026-08-17 00:00:00
KeyPers_Paris_1234601,Paris_MATERIEL_INFO_202608178,Paris,2026-08-17 00:00:00
KeyPers_Paris_1232424,Paris_MATERIEL_INFO_202608179,Paris,2026-08-17 00:00:00
KeyPers_Paris_1234098,Paris_MATERIEL_INFO_2026081710,Paris,2026-08-17 00:00:00
KeyPers_Shanghai_1230391,Shanghai_MATERIEL_INFO_202608170,Shanghai,2026-08-17 00:00:00
KeyPers_Shanghai_1230465,Shanghai_MATERIEL_INFO_202608171,Shanghai,2026-08-17 00:00:00
KeyPers_Shanghai_1230577,Shanghai_MATERIEL_INFO_202608172,Shanghai,2026-08-17 00:00:00
KeyPers_Shanghai_1230996,Shanghai_MATERIEL_INFO_202608173,Shanghai,2026-08-17 00:00:00
KeyPers_Shanghai_1230159,Shanghai_MATERIEL_INFO_202608174,Shanghai,2026-08-17 00:00:00
KeyPers_Shanghai_1230154,Shanghai_MATERIEL_INFO_202608175,Shanghai,2026-08-17 00:00:00
KeyPers_Shanghai_1230285,Shanghai_MATERIEL_INFO_202608176,Shanghai,2026-08-17 00:00:00
KeyPers_Shanghai_1230966,Shanghai_MATERIEL_INFO_202608177,Shanghai,2026-08-17 00:00:00
KeyPers_Shanghai_1230424,Shanghai_MATERIEL_INFO_202608178,Shanghai,2026-08-17 00:00:00
KeyPers_Shanghai_1230433,Shanghai_MATERIEL_INFO_202608179,Shanghai,2026-08-17 00:00:00
KeyPers_Shanghai_1230590,Shanghai_MATERIEL_INFO_2026081710,Shanghai,2026-08-17 00:00:00
KeyPers_Shanghai_1230384,Shanghai_MATERIEL_INFO_2026081711,Shanghai,2026-08-17 00:00:00
KeyPers_Shanghai_1230462,Shanghai_MATERIEL_INFO_2026081712,Shanghai,2026-08-17 00:00:00
KeyPers_Shanghai_1230774,Shanghai_MATERIEL_INFO_2026081713,Shanghai,2026-08-17 00:00:00
KeyPers_Berlin_1234158,BERLIN_MATERIEL_INFO_202608180,Berlin,2026-08-18 00:00:00
KeyPers_Berlin_1230813,BERLIN_MATERIEL_INFO_202608181,Berlin,2026-08-18 00:00:00
KeyPers_Berlin_1233801,BERLIN_MATERIEL_INFO_202608182,Berlin,2026-08-18 00:00:00
KeyPers_Berlin_1231209,BERLIN_MATERIEL_INFO_202608183,Berlin,2026-08-18 00:00:00
KeyPers_London_1230241,LONDON_MATERIEL_INFO_202608180,London,2026-08-18 00:00:00
KeyPers_London_1233979,LONDON_MATERIEL_INFO_202608181,London,2026-08-18 00:00:00
KeyPers_London_1231952,LONDON_MATERIEL_INFO_202608182,London,2026-08-18 00:00:00
KeyPers_London_1233249,LONDON_MATERIEL_INFO_202608183,London,2026-08-18 00:00:00
KeyPers_London_1233377,LONDON_MATERIEL_INFO_202608184,London,2026-08-18 00:00:00
KeyPers_London_1230644,LONDON_MATERIEL_INFO_202608185,London,2026-08-18 00:00:00
KeyPers_London_1233121,LONDON_MATERIEL_INFO_202608186,London,2026-08-18 00:00:00
KeyPers_London_1230797,LONDON_MATERIEL_INFO_202608187,London,2026-08-18 00:00:00
KeyPers_LA_1232665,LA_MATERIEL_INFO_202608180,LA,2026-08-18 00:00:00
KeyPers_LA_1230883,LA_MATERIEL_INFO_202608181,LA,2026-08-18 00:00:00
KeyPers_LA_1230103,LA_MATERIEL_INFO_202608182,LA,2026-08-18 00:00:00
KeyPers_LA_1231887,LA_MATERIEL_INFO_202608183,LA,2026-08-18 00:00:00
KeyPers_LA_1231647,LA_MATERIEL_INFO_202608184,LA,2026-08-18 00:00:00
KeyPers_LA_1232770,LA_MATERIEL_INFO_202608185,LA,2026-08-18 00:00:00
KeyPers_LA_1232244,LA_MATERIEL_INFO_202608186,LA,2026-08-18 00:00:00
KeyPers_LA_1231290,LA_MATERIEL_INFO_202608187,LA,2026-08-18 00:00:00
KeyPers_LA_1230549,LA_MATERIEL_INFO_202608188,LA,2026-08-18 00:00:00
KeyPers_LA_1230205,LA_MATERIEL_INFO_202608189,LA,2026-08-18 00:00:00
KeyPers_LA_1231282,LA_MATERIEL_INFO_2026081810,LA,2026-08-18 00:00:00
KeyPers_NewYork_1230167,NewYork_MATERIEL_INFO_202608180,NewYork,2026-08-18 00:00:00
KeyPers_Paris_1232800,Paris_MATERIEL_INFO_202608180,Paris,2026-08-18 00:00:00
KeyPers_Paris_1234784,Paris_MATERIEL_INFO_202608181,Paris,2026-08-18 00:00:00
KeyPers_Paris_1230985,Paris_MATERIEL_INFO_202608182,Paris,2026-08-18 00:00:00
KeyPers_Paris_1231506,Paris_MATERIEL_INFO_202608183,Paris,2026-08-18 00:00:00
KeyPers_Paris_1233099,Paris_MATERIEL_INFO_202608184,Paris,2026-08-18 00:00:00
KeyPers_Paris_1233928,Paris_MATERIEL_INFO_202608185,Paris,2026-08-18 00:00:00
KeyPers_Paris_1233121,Paris_MATERIEL_INFO_202608186,Paris,2026-08-18 00:00:00
KeyPers_Paris_1232412,Paris_MATERIEL_INFO_202608187,Paris,2026-08-18 00:00:00
KeyPers_Paris_1234713,Paris_MATERIEL_INFO_202608188,Paris,2026-08-18 00:00:00
KeyPers_Paris_1230469,Paris_MATERIEL_INFO_202608189,Paris,2026-08-18 00:00:00
KeyPers_Paris_1231062,Paris_MATERIEL_INFO_2026081810,Paris,2026-08-18 00:00:00
KeyPers_Paris_1230731,Paris_MATERIEL_INFO_2026081811,Paris,2026-08-18 00:00:00
KeyPers_Paris_1230695,Paris_MATERIEL_INFO_2026081812,Paris,2026-08-18 00:00:00
KeyPers_Shanghai_1230828,Shanghai_MATERIEL_INFO_202608180,Shanghai,2026-08-18 00:00:00
KeyPers_Shanghai_1230419,Shanghai_MATERIEL_INFO_202608181,Shanghai,2026-08-18 00:00:00
KeyPers_Berlin_1233035,BERLIN_MATERIEL_INFO_202608190,Berlin,2026-08-19 00:00:00
KeyPers_Berlin_1233566,BERLIN_MATERIEL_INFO_202608191,Berlin,2026-08-19 00:00:00
KeyPers_Berlin_1233018,BERLIN_MATERIEL_INFO_202608192,Berlin,2026-08-19 00:00:00
KeyPers_London_1230147,LONDON_MATERIEL_INFO_202608190,London,2026-08-19 00:00:00
KeyPers_London_1231286,LONDON_MATERIEL_INFO_202608191,London,2026-08-19 00:00:00
KeyPers_London_1233407,LONDON_MATERIEL_INFO_202608192,London,2026-08-19 00:00:00
KeyPers_London_1234011,LONDON_MATERIEL_INFO_202608193,London,2026-08-19 00:00:00
KeyPers_London_1231598,LONDON_MATERIEL_INFO_202608194,London,2026-08-19 00:00:00
KeyPers_London_1230228,LONDON_MATERIEL_INFO_202608195,London,2026-08-19 00:00:00
KeyPers_LA_1231040,LA_MATERIEL_INFO_202608190,LA,2026-08-19 00:00:00
KeyPers_LA_1230058,LA_MATERIEL_INFO_202608191,LA,2026-08-19 00:00:00
KeyPers_NewYork_1231892,NewYork_MATERIEL_INFO_202608190,NewYork,2026-08-19 00:00:00
KeyPers_NewYork_1230903,NewYork_MATERIEL_INFO_202608191,NewYork,2026-08-19 00:00:00
KeyPers_NewYork_1232336,NewYork_MATERIEL_INFO_202608192,NewYork,2026-08-19 00:00:00
KeyPers_Paris_1234460,Paris_MATERIEL_INFO_202608190,Paris,2026-08-19 00:00:00
KeyPers_Paris_1230819,Paris_MATERIEL_INFO_202608191,Paris,2026-08-19 00:00:00
KeyPers_Paris_1232286,Paris_MATERIEL_INFO_202608192,Paris,2026-08-19 00:00:00
KeyPers_Paris_1230765,Paris_MATERIEL_INFO_202608193,Paris,2026-08-19 00:00:00
KeyPers_Paris_1232536,Paris_MATERIEL_INFO_202608194,Paris,2026-08-19 00:00:00
KeyPers_Paris_1233143,Paris_MATERIEL_INFO_202608195,Paris,2026-08-19 00:00:00
KeyPers_Paris_1232672,Paris_MATERIEL_INFO_202608196,Paris,2026-08-19 00:00:00
KeyPers_Paris_1231680,Paris_MATERIEL_INFO_202608197,Paris,2026-08-19 00:00:00
KeyPers_Paris_1233045,Paris_MATERIEL_INFO_202608198,Paris,2026-08-19 00:00:00
KeyPers_Paris_1230585,Paris_MATERIEL_INFO_202608199,Paris,2026-08-19 00:00:00
KeyPers_Paris_1234411,Paris_MATERIEL_INFO_2026081910,Paris,2026-08-19 00:00:00
KeyPers_Shanghai_1230083,Shanghai_MATERIEL_INFO_202608190,Shanghai,2026-08-19 00:00:00
KeyPers_Shanghai_1230748,Shanghai_MATERIEL_INFO_202608191,Shanghai,2026-08-19 00:00:00
KeyPers_Shanghai_1230161,Shanghai_MATERIEL_INFO_202608192,Shanghai,2026-08-19 00:00:00
KeyPers_Shanghai_1230464,Shanghai_MATERIEL_INFO_202608193,Shanghai,2026-08-19 00:00:00
KeyPers_Shanghai_1230153,Shanghai_MATERIEL_INFO_202608194,Shanghai,2026-08-19 00:00:00
KeyPers_Shanghai_1230041,Shanghai_MATERIEL_INFO_202608195,Shanghai,2026-08-19 00:00:00
KeyPers_Shanghai_1230921,Shanghai_MATERIEL_INFO_202608196,Shanghai,2026-08-19 00:00:00
KeyPers_Shanghai_1230410,Shanghai_MATERIEL_INFO_202608197,Shanghai,2026-08-19 00:00:00
KeyPers_Shanghai_1230534,Shanghai_MATERIEL_INFO_202608198,Shanghai,2026-08-19 00:00:00
KeyPers_Shanghai_1230814,Shanghai_MATERIEL_INFO_202608199,Shanghai,2026-08-19 00:00:00
KeyPers_Shanghai_1230950,Shanghai_MATERIEL_INFO_2026081910,Shanghai,2026-08-19 00:00:00
KeyPers_Berlin_1231612,BERLIN_MATERIEL_INFO_202608200,Berlin,2026-08-20 00:00:00
KeyPers_Berlin_1230494,BERLIN_MATERIEL_INFO_202608201,Berlin,2026-08-20 00:00:00
KeyPers_Berlin_1232187,BERLIN_MATERIEL_INFO_202608202,Berlin,2026-08-20 00:00:00
KeyPers_London_1232773,LONDON_MATERIEL_INFO_202608200,London,2026-08-20 00:00:00
KeyPers_London_1234059,LONDON_MATERIEL_INFO_202608201,London,2026-08-20 00:00:00
KeyPers_London_1230121,LONDON_MATERIEL_INFO_202608202,London,2026-08-20 00:00:00
KeyPers_London_1232750,LONDON_MATERIEL_INFO_202608203,London,2026-08-20 00:00:00
KeyPers_London_1231313,LONDON_MATERIEL_INFO_202608204,London,2026-08-20 00:00:00
KeyPers_London_1233674,LONDON_MATERIEL_INFO_202608205,London,2026-08-20 00:00:00
KeyPers_London_1230539,LONDON_MATERIEL_INFO_202608206,London,2026-08-20 00:00:00
KeyPers_London_1234009,LONDON_MATERIEL_INFO_202608207,London,2026-08-20 00:00:00
KeyPers_London_1232563,LONDON_MATERIEL_INFO_202608208,London,2026-08-20 00:00:00
KeyPers_London_1233830,LONDON_MATERIEL_INFO_202608209,London,2026-08-20 00:00:00
KeyPers_London_1232628,LONDON_MATERIEL_INFO_2026082010,London,2026-08-20 00:00:00
KeyPers_London_1230502,LONDON_MATERIEL_INFO_2026082011,London,2026-08-20 00:00:00
KeyPers_LA_1232980,LA_MATERIEL_INFO_202608200,LA,2026-08-20 00:00:00
KeyPers_LA_1231832,LA_MATERIEL_INFO_202608201,LA,2026-08-20 00:00:00
KeyPers_LA_1231953,LA_MATERIEL_INFO_202608202,LA,2026-08-20 00:00:00
KeyPers_LA_1230126,LA_MATERIEL_INFO_202608203,LA,2026-08-20 00:00:00
KeyPers_LA_1232466,LA_MATERIEL_INFO_202608204,LA,2026-08-20 00:00:00
KeyPers_LA_1231602,LA_MATERIEL_INFO_202608205,LA,2026-08-20 00:00:00
KeyPers_LA_1230524,LA_MATERIEL_INFO_202608206,LA,2026-08-20 00:00:00
KeyPers_LA_1231851,LA_MATERIEL_INFO_202608207,LA,2026-08-20 00:00:00
KeyPers_LA_1230830,LA_MATERIEL_INFO_202608208,LA,2026-08-20 00:00:00
KeyPers_LA_1231866,LA_MATERIEL_INFO_202608209,LA,2026-08-20 00:00:00
KeyPers_LA_1231603,LA_MATERIEL_INFO_2026082010,LA,2026-08-20 00:00:00
KeyPers_NewYork_1230000,NewYork_MATERIEL_INFO_202608200,NewYork,2026-08-20 00:00:00
KeyPers_NewYork_1230377,NewYork_MATERIEL_INFO_202608201,NewYork,2026-08-20 00:00:00
KeyPers_NewYork_1231685,NewYork_MATERIEL_INFO_202608202,NewYork,2026-08-20 00:00:00
KeyPers_NewYork_1230153,NewYork_MATERIEL_INFO_202608203,NewYork,2026-08-20 00:00:00
KeyPers_NewYork_1232280,NewYork_MATERIEL_INFO_202608204,NewYork,2026-08-20 00:00:00
KeyPers_NewYork_1231350,NewYork_MATERIEL_INFO_202608205,NewYork,2026-08-20 00:00:00
KeyPers_NewYork_1232023,NewYork_MATERIEL_INFO_202608206,NewYork,2026-08-20 00:00:00
KeyPers_NewYork_1230189,NewYork_MATERIEL_INFO_202608207,NewYork,2026-08-20 00:00:00
KeyPers_NewYork_1232564,NewYork_MATERIEL_INFO_202608208,NewYork,2026-08-20 00:00:00
KeyPers_NewYork_1232847,NewYork_MATERIEL_INFO_202608209,NewYork,2026-08-20 00:00:00
KeyPers_NewYork_1230899,NewYork_MATERIEL_INFO_2026082010,NewYork,2026-08-20 00:00:00
KeyPers_Paris_1230098,Paris_MATERIEL_INFO_202608200,Paris,2026-08-20 00:00:00
KeyPers_Paris_1232524,Paris_MATERIEL_INFO_202608201,Paris,2026-08-20 00:00:00
KeyPers_Paris_1233716,Paris_MATERIEL_INFO_202608202,Paris,2026-08-20 00:00:00
KeyPers_Shanghai_1230027,Shanghai_MATERIEL_INFO_202608200,Shanghai,2026-08-20 00:00:00
KeyPers_Shanghai_1230855,Shanghai_MATERIEL_INFO_202608201,Shanghai,2026-08-20 00:00:00
KeyPers_Shanghai_1230384,Shanghai_MATERIEL_INFO_202608202,Shanghai,2026-08-20 00:00:00
KeyPers_Shanghai_1230720,Shanghai_MATERIEL_INFO_202608203,Shanghai,2026-08-20 00:00:00
KeyPers_Shanghai_1230381,Shanghai_MATERIEL_INFO_202608204,Shanghai,2026-08-20 00:00:00
KeyPers_Shanghai_1230105,Shanghai_MATERIEL_INFO_202608205,Shanghai,2026-08-20 00:00:00
KeyPers_Shanghai_1230503,Shanghai_MATERIEL_INFO_202608206,Shanghai,2026-08-20 00:00:00
KeyPers_Shanghai_1230383,Shanghai_MATERIEL_INFO_202608207,Shanghai,2026-08-20 00:00:00
KeyPers_Shanghai_1230917,Shanghai_MATERIEL_INFO_202608208,Shanghai,2026-08-20 00:00:00
KeyPers_Shanghai_1230470,Shanghai_MATERIEL_INFO_202608209,Shanghai,2026-08-20 00:00:00
KeyPers_Shanghai_1230197,Shanghai_MATERIEL_INFO_2026082010,Shanghai,2026-08-20 00:00:00
KeyPers_Shanghai_1230663,Shanghai_MATERIEL_INFO_2026082011,Shanghai,2026-08-20 00:00:00
KeyPers_Shanghai_1230516,Shanghai_MATERIEL_INFO_2026082012,Shanghai,2026-08-20 00:00:00
KeyPers_Berlin_1230564,BERLIN_MATERIEL_INFO_202608210,Berlin,2026-08-21 00:00:00
KeyPers_Berlin_1233636,BERLIN_MATERIEL_INFO_202608211,Berlin,2026-08-21 00:00:00
KeyPers_Berlin_1232356,BERLIN_MATERIEL_INFO_202608212,Berlin,2026-08-21 00:00:00
KeyPers_Berlin_1230160,BERLIN_MATERIEL_INFO_202608213,Berlin,2026-08-21 00:00:00
KeyPers_London_1232828,LONDON_MATERIEL_INFO_202608210,London,2026-08-21 00:00:00
KeyPers_London_1233399,LONDON_MATERIEL_INFO_202608211,London,2026-08-21 00:00:00
KeyPers_London_1233500,LONDON_MATERIEL_INFO_202608212,London,2026-08-21 00:00:00
KeyPers_London_1230973,LONDON_MATERIEL_INFO_202608213,London,2026-08-21 00:00:00
KeyPers_London_1231892,LONDON_MATERIEL_INFO_202608214,London,2026-08-21 00:00:00
KeyPers_London_1233078,LONDON_MATERIEL_INFO_202608215,London,2026-08-21 00:00:00
KeyPers_London_1230095,LONDON_MATERIEL_INFO_202608216,London,2026-08-21 00:00:00
KeyPers_London_1231056,LONDON_MATERIEL_INFO_202608217,London,2026-08-21 00:00:00
KeyPers_London_1233928,LONDON_MATERIEL_INFO_202608218,London,2026-08-21 00:00:00
KeyPers_London_1230334,LONDON_MATERIEL_INFO_202608219,London,2026-08-21 00:00:00
KeyPers_London_1232462,LONDON_MATERIEL_INFO_2026082110,London,2026-08-21 00:00:00
KeyPers_London_1231710,LONDON_MATERIEL_INFO_2026082111,London,2026-08-21 00:00:00
KeyPers_London_1230513,LONDON_MATERIEL_INFO_2026082112,London,2026-08-21 00:00:00
KeyPers_London_1231601,LONDON_MATERIEL_INFO_2026082113,London,2026-08-21 00:00:00
KeyPers_LA_1232237,LA_MATERIEL_INFO_202608210,LA,2026-08-21 00:00:00
KeyPers_LA_1230798,LA_MATERIEL_INFO_202608211,LA,2026-08-21 00:00:00
KeyPers_LA_1230548,LA_MATERIEL_INFO_202608212,LA,2026-08-21 00:00:00
KeyPers_NewYork_1232756,NewYork_MATERIEL_INFO_202608210,NewYork,2026-08-21 00:00:00
KeyPers_NewYork_1232467,NewYork_MATERIEL_INFO_202608211,NewYork,2026-08-21 00:00:00
KeyPers_NewYork_1231552,NewYork_MATERIEL_INFO_202608212,NewYork,2026-08-21 00:00:00
KeyPers_NewYork_1230494,NewYork_MATERIEL_INFO_202608213,NewYork,2026-08-21 00:00:00
KeyPers_NewYork_1230660,NewYork_MATERIEL_INFO_202608214,NewYork,2026-08-21 00:00:00
KeyPers_NewYork_1232880,NewYork_MATERIEL_INFO_202608215,NewYork,2026-08-21 00:00:00
KeyPers_NewYork_1230977,NewYork_MATERIEL_INFO_202608216,NewYork,2026-08-21 00:00:00
KeyPers_NewYork_1232859,NewYork_MATERIEL_INFO_202608217,NewYork,2026-08-21 00:00:00
KeyPers_Paris_1231021,Paris_MATERIEL_INFO_202608210,Paris,2026-08-21 00:00:00
KeyPers_Paris_1231246,Paris_MATERIEL_INFO_202608211,Paris,2026-08-21 00:00:00
KeyPers_Paris_1230042,Paris_MATERIEL_INFO_202608212,Paris,2026-08-21 00:00:00
KeyPers_Paris_1231217,Paris_MATERIEL_INFO_202608213,Paris,2026-08-21 00:00:00
KeyPers_Paris_1231372,Paris_MATERIEL_INFO_202608214,Paris,2026-08-21 00:00:00
KeyPers_Paris_1230675,Paris_MATERIEL_INFO_202608215,Paris,2026-08-21 00:00:00
KeyPers_Paris_1234616,Paris_MATERIEL_INFO_202608216,Paris,2026-08-21 00:00:00
KeyPers_Paris_1232303,Paris_MATERIEL_INFO_202608217,Paris,2026-08-21 00:00:00
KeyPers_Paris_1232315,Paris_MATERIEL_INFO_202608218,Paris,2026-08-21 00:00:00
KeyPers_Paris_1231403,Paris_MATERIEL_INFO_202608219,Paris,2026-08-21 00:00:00
KeyPers_Paris_1233147,Paris_MATERIEL_INFO_2026082110,Paris,2026-08-21 00:00:00
KeyPers_Shanghai_1230957,Shanghai_MATERIEL_INFO_202608210,Shanghai,2026-08-21 00:00:00
KeyPers_Shanghai_1230935,Shanghai_MATERIEL_INFO_202608211,Shanghai,2026-08-21 00:00:00
KeyPers_Shanghai_1230060,Shanghai_MATERIEL_INFO_202608212,Shanghai,2026-08-21 00:00:00
KeyPers_Shanghai_1230766,Shanghai_MATERIEL_INFO_202608213,Shanghai,2026-08-21 00:00:00
KeyPers_Shanghai_1230013,Shanghai_MATERIEL_INFO_202608214,Shanghai,2026-08-21 00:00:00
KeyPers_Shanghai_1230925,Shanghai_MATERIEL_INFO_202608215,Shanghai,2026-08-21 00:00:00
KeyPers_Shanghai_1230063,Shanghai_MATERIEL_INFO_202608216,Shanghai,2026-08-21 00:00:00
KeyPers_Shanghai_1230698,Shanghai_MATERIEL_INFO_202608217,Shanghai,2026-08-21 00:00:00
KeyPers_Shanghai_1230350,Shanghai_MATERIEL_INFO_202608218,Shanghai,2026-08-21 00:00:00
KeyPers_Shanghai_1230724,Shanghai_MATERIEL_INFO_202608219,Shanghai,2026-08-21 00:00:00
KeyPers_Shanghai_1230470,Shanghai_MATERIEL_INFO_2026082110,Shanghai,2026-08-21 00:00:00
KeyPers_Shanghai_1230540,Shanghai_MATERIEL_INFO_2026082111,Shanghai,2026-08-21 00:00:00
KeyPers_Shanghai_1230674,Shanghai_MATERIEL_INFO_2026082112,Shanghai,2026-08-21 00:00:00
KeyPers_Berlin_1230514,BERLIN_MATERIEL_INFO_202608220,Berlin,2026-08-22 00:00:00
KeyPers_Berlin_1232067,BERLIN_MATERIEL_INFO_202608221,Berlin,2026-08-22 00:00:00
KeyPers_Berlin_1230164,BERLIN_MATERIEL_INFO_202608222,Berlin,2026-08-22 00:00:00
KeyPers_Berlin_1231876,BERLIN_MATERIEL_INFO_202608223,Berlin,2026-08-22 00:00:00
KeyPers_Berlin_1232354,BERLIN_MATERIEL_INFO_202608224,Berlin,2026-08-22 00:00:00
KeyPers_Berlin_1233404,BERLIN_MATERIEL_INFO_202608225,Berlin,2026-08-22 00:00:00
KeyPers_London_1233214,LONDON_MATERIEL_INFO_202608220,London,2026-08-22 00:00:00
KeyPers_London_1233183,LONDON_MATERIEL_INFO_202608221,London,2026-08-22 00:00:00
KeyPers_London_1233556,LONDON_MATERIEL_INFO_202608222,London,2026-08-22 00:00:00
KeyPers_London_1230142,LONDON_MATERIEL_INFO_202608223,London,2026-08-22 00:00:00
KeyPers_London_1234175,LONDON_MATERIEL_INFO_202608224,London,2026-08-22 00:00:00
KeyPers_London_1230062,LONDON_MATERIEL_INFO_202608225,London,2026-08-22 00:00:00
KeyPers_London_1231188,LONDON_MATERIEL_INFO_202608226,London,2026-08-22 00:00:00
KeyPers_LA_1230105,LA_MATERIEL_INFO_202608220,LA,2026-08-22 00:00:00
KeyPers_NewYork_1231087,NewYork_MATERIEL_INFO_202608220,NewYork,2026-08-22 00:00:00
KeyPers_NewYork_1232030,NewYork_MATERIEL_INFO_202608221,NewYork,2026-08-22 00:00:00
KeyPers_NewYork_1230031,NewYork_MATERIEL_INFO_202608222,NewYork,2026-08-22 00:00:00
KeyPers_NewYork_1230979,NewYork_MATERIEL_INFO_202608223,NewYork,2026-08-22 00:00:00
KeyPers_NewYork_1231070,NewYork_MATERIEL_INFO_202608224,NewYork,2026-08-22 00:00:00
KeyPers_NewYork_1232243,NewYork_MATERIEL_INFO_202608225,NewYork,2026-08-22 00:00:00
KeyPers_NewYork_1232927,NewYork_MATERIEL_INFO_202608226,NewYork,2026-08-22 00:00:00
KeyPers_NewYork_1231639,NewYork_MATERIEL_INFO_202608227,NewYork,2026-08-22 00:00:00
KeyPers_NewYork_1232880,NewYork_MATERIEL_INFO_202608228,NewYork,2026-08-22 00:00:00
KeyPers_NewYork_1232926,NewYork_MATERIEL_INFO_202608229,NewYork,2026-08-22 00:00:00
KeyPers_NewYork_1232052,NewYork_MATERIEL_INFO_2026082210,NewYork,2026-08-22 00:00:00
KeyPers_NewYork_1232420,NewYork_MATERIEL_INFO_2026082211,NewYork,2026-08-22 00:00:00
KeyPers_Paris_1230573,Paris_MATERIEL_INFO_202608220,Paris,2026-08-22 00:00:00
KeyPers_Paris_1231182,Paris_MATERIEL_INFO_202608221,Paris,2026-08-22 00:00:00
KeyPers_Paris_1231181,Paris_MATERIEL_INFO_202608222,Paris,2026-08-22 00:00:00
KeyPers_Paris_1234106,Paris_MATERIEL_INFO_202608223,Paris,2026-08-22 00:00:00
KeyPers_Paris_1232938,Paris_MATERIEL_INFO_202608224,Paris,2026-08-22 00:00:00
KeyPers_Paris_1232538,Paris_MATERIEL_INFO_202608225,Paris,2026-08-22 00:00:00
KeyPers_Paris_1231579,Paris_MATERIEL_INFO_202608226,Paris,2026-08-22 00:00:00
KeyPers_Paris_1234569,Paris_MATERIEL_INFO_202608227,Paris,2026-08-22 00:00:00
KeyPers_Shanghai_1230656,Shanghai_MATERIEL_INFO_202608220,Shanghai,2026-08-22 00:00:00
KeyPers_Berlin_1232115,BERLIN_MATERIEL_INFO_202608230,Berlin,2026-08-23 00:00:00
KeyPers_Berlin_1230978,BERLIN_MATERIEL_INFO_202608231,Berlin,2026-08-23 00:00:00
KeyPers_Berlin_1231018,BERLIN_MATERIEL_INFO_202608232,Berlin,2026-08-23 00:00:00
KeyPers_Berlin_1231343,BERLIN_MATERIEL_INFO_202608233,Berlin,2026-08-23 00:00:00
KeyPers_Berlin_1233714,BERLIN_MATERIEL_INFO_202608234,Berlin,2026-08-23 00:00:00
KeyPers_London_1230463,LONDON_MATERIEL_INFO_202608230,London,2026-08-23 00:00:00
KeyPers_London_1232483,LONDON_MATERIEL_INFO_202608231,London,2026-08-23 00:00:00
KeyPers_London_1230383,LONDON_MATERIEL_INFO_202608232,London,2026-08-23 00:00:00
KeyPers_London_1234118,LONDON_MATERIEL_INFO_202608233,London,2026-08-23 00:00:00
KeyPers_London_1232574,LONDON_MATERIEL_INFO_202608234,London,2026-08-23 00:00:00
KeyPers_London_1230642,LONDON_MATERIEL_INFO_202608235,London,2026-08-23 00:00:00
KeyPers_London_1230891,LONDON_MATERIEL_INFO_202608236,London,2026-08-23 00:00:00
KeyPers_LA_1231389,LA_MATERIEL_INFO_202608230,LA,2026-08-23 00:00:00
KeyPers_LA_1231657,LA_MATERIEL_INFO_202608231,LA,2026-08-23 00:00:00
KeyPers_LA_1230161,LA_MATERIEL_INFO_202608232,LA,2026-08-23 00:00:00
KeyPers_LA_1230239,LA_MATERIEL_INFO_202608233,LA,2026-08-23 00:00:00
KeyPers_LA_1230728,LA_MATERIEL_INFO_202608234,LA,2026-08-23 00:00:00
KeyPers_LA_1232054,LA_MATERIEL_INFO_202608235,LA,2026-08-23 00:00:00
KeyPers_LA_1232837,LA_MATERIEL_INFO_202608236,LA,2026-08-23 00:00:00
KeyPers_NewYork_1231471,NewYork_MATERIEL_INFO_202608230,NewYork,2026-08-23 00:00:00
KeyPers_NewYork_1232927,NewYork_MATERIEL_INFO_202608231,NewYork,2026-08-23 00:00:00
KeyPers_NewYork_1232413,NewYork_MATERIEL_INFO_202608232,NewYork,2026-08-23 00:00:00
KeyPers_NewYork_1231777,NewYork_MATERIEL_INFO_202608233,NewYork,2026-08-23 00:00:00
KeyPers_NewYork_1231095,NewYork_MATERIEL_INFO_202608234,NewYork,2026-08-23 00:00:00
KeyPers_NewYork_1232186,NewYork_MATERIEL_INFO_202608235,NewYork,2026-08-23 00:00:00
KeyPers_NewYork_1230276,NewYork_MATERIEL_INFO_202608236,NewYork,2026-08-23 00:00:00
KeyPers_Paris_1230137,Paris_MATERIEL_INFO_202608230,Paris,2026-08-23 00:00:00
KeyPers_Paris_1230345,Paris_MATERIEL_INFO_202608231,Paris,2026-08-23 00:00:00
KeyPers_Paris_1233785,Paris_MATERIEL_INFO_202608232,Paris,2026-08-23 00:00:00
KeyPers_Paris_1232244,Paris_MATERIEL_INFO_202608233,Paris,2026-08-23 00:00:00
KeyPers_Paris_1230232,Paris_MATERIEL_INFO_202608234,Paris,2026-08-23 00:00:00
KeyPers_Paris_1233498,Paris_MATERIEL_INFO_202608235,Paris,2026-08-23 00:00:00
KeyPers_Shanghai_1230521,Shanghai_MATERIEL_INFO_202608230,Shanghai,2026-08-23 00:00:00
KeyPers_Shanghai_1230481,Shanghai_MATERIEL_INFO_202608231,Shanghai,2026-08-23 00:00:00
KeyPers_Shanghai_1230004,Shanghai_MATERIEL_INFO_202608232,Shanghai,2026-08-23 00:00:00
KeyPers_Shanghai_1230830,Shanghai_MATERIEL_INFO_202608233,Shanghai,2026-08-23 00:00:00
KeyPers_Shanghai_1230942,Shanghai_MATERIEL_INFO_202608234,Shanghai,2026-08-23 00:00:00
KeyPers_Shanghai_1230625,Shanghai_MATERIEL_INFO_202608235,Shanghai,2026-08-23 00:00:00
KeyPers_Shanghai_1230025,Shanghai_MATERIEL_INFO_202608236,Shanghai,2026-08-23 00:00:00
KeyPers_Berlin_1230440,BERLIN_MATERIEL_INFO_202608240,Berlin,2026-08-24 00:00:00
KeyPers_Berlin_1233078,BERLIN_MATERIEL_INFO_202608241,Berlin,2026-08-24 00:00:00
KeyPers_London_1230301,LONDON_MATERIEL_INFO_202608240,London,2026-08-24 00:00:00
KeyPers_London_1232393,LONDON_MATERIEL_INFO_202608241,London,2026-08-24 00:00:00
KeyPers_London_1230395,LONDON_MATERIEL_INFO_202608242,London,2026-08-24 00:00:00
KeyPers_London_1231620,LONDON_MATERIEL_INFO_202608243,London,2026-08-24 00:00:00
KeyPers_London_1232826,LONDON_MATERIEL_INFO_202608244,London,2026-08-24 00:00:00
KeyPers_London_1232327,LONDON_MATERIEL_INFO_202608245,London,2026-08-24 00:00:00
KeyPers_London_1232774,LONDON_MATERIEL_INFO_202608246,London,2026-08-24 00:00:00
KeyPers_London_1232339,LONDON_MATERIEL_INFO_202608247,London,2026-08-24 00:00:00
KeyPers_London_1231373,LONDON_MATERIEL_INFO_202608248,London,2026-08-24 00:00:00
KeyPers_London_1233596,LONDON_MATERIEL_INFO_202608249,London,2026-08-24 00:00:00
KeyPers_London_1233658,LONDON_MATERIEL_INFO_2026082410,London,2026-08-24 00:00:00
KeyPers_London_1233619,LONDON_MATERIEL_INFO_2026082411,London,2026-08-24 00:00:00
KeyPers_London_1232759,LONDON_MATERIEL_INFO_2026082412,London,2026-08-24 00:00:00
KeyPers_London_1233023,LONDON_MATERIEL_INFO_2026082413,London,2026-08-24 00:00:00
KeyPers_LA_1230436,LA_MATERIEL_INFO_202608240,LA,2026-08-24 00:00:00
KeyPers_NewYork_1230485,NewYork_MATERIEL_INFO_202608240,NewYork,2026-08-24 00:00:00
KeyPers_NewYork_1230035,NewYork_MATERIEL_INFO_202608241,NewYork,2026-08-24 00:00:00
KeyPers_Paris_1233337,Paris_MATERIEL_INFO_202608240,Paris,2026-08-24 00:00:00
KeyPers_Paris_1230749,Paris_MATERIEL_INFO_202608241,Paris,2026-08-24 00:00:00
KeyPers_Paris_1233495,Paris_MATERIEL_INFO_202608242,Paris,2026-08-24 00:00:00
KeyPers_Paris_1230284,Paris_MATERIEL_INFO_202608243,Paris,2026-08-24 00:00:00
KeyPers_Paris_1230301,Paris_MATERIEL_INFO_202608244,Paris,2026-08-24 00:00:00
KeyPers_Paris_1232238,Paris_MATERIEL_INFO_202608245,Paris,2026-08-24 00:00:00
KeyPers_Paris_1234582,Paris_MATERIEL_INFO_202608246,Paris,2026-08-24 00:00:00
KeyPers_Paris_1232703,Paris_MATERIEL_INFO_202608247,Paris,2026-08-24 00:00:00
KeyPers_Paris_1230138,Paris_MATERIEL_INFO_202608248,Paris,2026-08-24 00:00:00
KeyPers_Paris_1230182,Paris_MATERIEL_INFO_202608249,Paris,2026-08-24 00:00:00
KeyPers_Paris_1230399,Paris_MATERIEL_INFO_2026082410,Paris,2026-08-24 00:00:00
KeyPers_Paris_1234713,Paris_MATERIEL_INFO_2026082411,Paris,2026-08-24 00:00:00
KeyPers_Shanghai_1230507,Shanghai_MATERIEL_INFO_202608240,Shanghai,2026-08-24 00:00:00
KeyPers_Shanghai_1230531,Shanghai_MATERIEL_INFO_202608241,Shanghai,2026-08-24 00:00:00
KeyPers_Shanghai_1230131,Shanghai_MATERIEL_INFO_202608242,Shanghai,2026-08-24 00:00:00
KeyPers_Shanghai_1230557,Shanghai_MATERIEL_INFO_202608243,Shanghai,2026-08-24 00:00:00
KeyPers_Shanghai_1230816,Shanghai_MATERIEL_INFO_202608244,Shanghai,2026-08-24 00:00:00
KeyPers_Shanghai_1230564,Shanghai_MATERIEL_INFO_202608245,Shanghai,2026-08-24 00:00:00
KeyPers_Shanghai_1230364,Shanghai_MATERIEL_INFO_202608246,Shanghai,2026-08-24 00:00:00
KeyPers_Shanghai_1230987,Shanghai_MATERIEL_INFO_202608247,Shanghai,2026-08-24 00:00:00
KeyPers_Shanghai_1230512,Shanghai_MATERIEL_INFO_202608248,Shanghai,2026-08-24 00:00:00
KeyPers_Berlin_1234134,BERLIN_MATERIEL_INFO_202608250,Berlin,2026-08-25 00:00:00
KeyPers_London_1232481,LONDON_MATERIEL_INFO_202608250,London,2026-08-25 00:00:00
KeyPers_London_1230581,LONDON_MATERIEL_INFO_202608251,London,2026-08-25 00:00:00
KeyPers_London_1232020,LONDON_MATERIEL_INFO_202608252,London,2026-08-25 00:00:00
KeyPers_London_1232637,LONDON_MATERIEL_INFO_202608253,London,2026-08-25 00:00:00
KeyPers_London_1230983,LONDON_MATERIEL_INFO_202608254,London,2026-08-25 00:00:00
KeyPers_London_1230360,LONDON_MATERIEL_INFO_202608255,London,2026-08-25 00:00:00
KeyPers_London_1231940,LONDON_MATERIEL_INFO_202608256,London,2026-08-25 00:00:00
KeyPers_London_1230461,LONDON_MATERIEL_INFO_202608257,London,2026-08-25 00:00:00
KeyPers_LA_1231991,LA_MATERIEL_INFO_202608250,LA,2026-08-25 00:00:00
KeyPers_LA_1231325,LA_MATERIEL_INFO_202608251,LA,2026-08-25 00:00:00
KeyPers_LA_1232172,LA_MATERIEL_INFO_202608252,LA,2026-08-25 00:00:00
KeyPers_NewYork_1230355,NewYork_MATERIEL_INFO_202608250,NewYork,2026-08-25 00:00:00
KeyPers_NewYork_1233049,NewYork_MATERIEL_INFO_202608251,NewYork,2026-08-25 00:00:00
KeyPers_NewYork_1231901,NewYork_MATERIEL_INFO_202608252,NewYork,2026-08-25 00:00:00
KeyPers_NewYork_1231066,NewYork_MATERIEL_INFO_202608253,NewYork,2026-08-25 00:00:00
KeyPers_NewYork_1230449,NewYork_MATERIEL_INFO_202608254,NewYork,2026-08-25 00:00:00
KeyPers_NewYork_1230412,NewYork_MATERIEL_INFO_202608255,NewYork,2026-08-25 00:00:00
KeyPers_NewYork_1232885,NewYork_MATERIEL_INFO_202608256,NewYork,2026-08-25 00:00:00
KeyPers_NewYork_1232410,NewYork_MATERIEL_INFO_202608257,NewYork,2026-08-25 00:00:00
KeyPers_NewYork_1231935,NewYork_MATERIEL_INFO_202608258,NewYork,2026-08-25 00:00:00
KeyPers_NewYork_1232653,NewYork_MATERIEL_INFO_202608259,NewYork,2026-08-25 00:00:00
KeyPers_NewYork_1231383,NewYork_MATERIEL_INFO_2026082510,NewYork,2026-08-25 00:00:00
KeyPers_Paris_1234451,Paris_MATERIEL_INFO_202608250,Paris,2026-08-25 00:00:00
KeyPers_Paris_1232671,Paris_MATERIEL_INFO_202608251,Paris,2026-08-25 00:00:00
KeyPers_Paris_1232277,Paris_MATERIEL_INFO_202608252,Paris,2026-08-25 00:00:00
KeyPers_Shanghai_1230256,Shanghai_MATERIEL_INFO_202608250,Shanghai,2026-08-25 00:00:00
KeyPers_Shanghai_1230201,Shanghai_MATERIEL_INFO_202608251,Shanghai,2026-08-25 00:00:00
KeyPers_Shanghai_1230405,Shanghai_MATERIEL_INFO_202608252,Shanghai,2026-08-25 00:00:00
KeyPers_Berlin_1233295,BERLIN_MATERIEL_INFO_202608260,Berlin,2026-08-26 00:00:00
KeyPers_Berlin_1231343,BERLIN_MATERIEL_INFO_202608261,Berlin,2026-08-26 00:00:00
KeyPers_Berlin_1233201,BERLIN_MATERIEL_INFO_202608262,Berlin,2026-08-26 00:00:00
KeyPers_London_1233923,LONDON_MATERIEL_INFO_202608260,London,2026-08-26 00:00:00
KeyPers_London_1232263,LONDON_MATERIEL_INFO_202608261,London,2026-08-26 00:00:00
KeyPers_London_1231350,LONDON_MATERIEL_INFO_202608262,London,2026-08-26 00:00:00
KeyPers_London_1233297,LONDON_MATERIEL_INFO_202608263,London,2026-08-26 00:00:00
KeyPers_LA_1232870,LA_MATERIEL_INFO_202608260,LA,2026-08-26 00:00:00
KeyPers_LA_1231563,LA_MATERIEL_INFO_202608261,LA,2026-08-26 00:00:00
KeyPers_LA_1231090,LA_MATERIEL_INFO_202608262,LA,2026-08-26 00:00:00
KeyPers_LA_1231190,LA_MATERIEL_INFO_202608263,LA,2026-08-26 00:00:00
KeyPers_LA_1232335,LA_MATERIEL_INFO_202608264,LA,2026-08-26 00:00:00
KeyPers_LA_1230739,LA_MATERIEL_INFO_202608265,LA,2026-08-26 00:00:00
KeyPers_LA_1231211,LA_MATERIEL_INFO_202608266,LA,2026-08-26 00:00:00
KeyPers_LA_1232729,LA_MATERIEL_INFO_202608267,LA,2026-08-26 00:00:00
KeyPers_LA_1230389,LA_MATERIEL_INFO_202608268,LA,2026-08-26 00:00:00
KeyPers_NewYork_1231937,NewYork_MATERIEL_INFO_202608260,NewYork,2026-08-26 00:00:00
KeyPers_NewYork_1231037,NewYork_MATERIEL_INFO_202608261,NewYork,2026-08-26 00:00:00
KeyPers_NewYork_1232267,NewYork_MATERIEL_INFO_202608262,NewYork,2026-08-26 00:00:00
KeyPers_NewYork_1231770,NewYork_MATERIEL_INFO_202608263,NewYork,2026-08-26 00:00:00
KeyPers_Paris_1232894,Paris_MATERIEL_INFO_202608260,Paris,2026-08-26 00:00:00
KeyPers_Paris_1232060,Paris_MATERIEL_INFO_202608261,Paris,2026-08-26 00:00:00
KeyPers_Paris_1233192,Paris_MATERIEL_INFO_202608262,Paris,2026-08-26 00:00:00
KeyPers_Shanghai_1230083,Shanghai_MATERIEL_INFO_202608260,Shanghai,2026-08-26 00:00:00
KeyPers_Shanghai_1230171,Shanghai_MATERIEL_INFO_202608261,Shanghai,2026-08-26 00:00:00
KeyPers_Shanghai_1230912,Shanghai_MATERIEL_INFO_202608262,Shanghai,2026-08-26 00:00:00
KeyPers_Shanghai_1230958,Shanghai_MATERIEL_INFO_202608263,Shanghai,2026-08-26 00:00:00
KeyPers_Shanghai_1230412,Shanghai_MATERIEL_INFO_202608264,Shanghai,2026-08-26 00:00:00
KeyPers_Shanghai_1230043,Shanghai_MATERIEL_INFO_202608265,Shanghai,2026-08-26 00:00:00
KeyPers_Berlin_1233193,BERLIN_MATERIEL_INFO_202608270,Berlin,2026-08-27 00:00:00
KeyPers_Berlin_1233117,BERLIN_MATERIEL_INFO_202608271,Berlin,2026-08-27 00:00:00
KeyPers_Berlin_1233923,BERLIN_MATERIEL_INFO_202608272,Berlin,2026-08-27 00:00:00
KeyPers_London_1233318,LONDON_MATERIEL_INFO_202608270,London,2026-08-27 00:00:00
KeyPers_London_1231879,LONDON_MATERIEL_INFO_202608271,London,2026-08-27 00:00:00
KeyPers_London_1232831,LONDON_MATERIEL_INFO_202608272,London,2026-08-27 00:00:00
KeyPers_London_1232360,LONDON_MATERIEL_INFO_202608273,London,2026-08-27 00:00:00
KeyPers_London_1233949,LONDON_MATERIEL_INFO_202608274,London,2026-08-27 00:00:00
KeyPers_London_1230757,LONDON_MATERIEL_INFO_202608275,London,2026-08-27 00:00:00
KeyPers_London_1230225,LONDON_MATERIEL_INFO_202608276,London,2026-08-27 00:00:00
KeyPers_London_1233774,LONDON_MATERIEL_INFO_202608277,London,2026-08-27 00:00:00
KeyPers_London_1232910,LONDON_MATERIEL_INFO_202608278,London,2026-08-27 00:00:00
KeyPers_London_1233771,LONDON_MATERIEL_INFO_202608279,London,2026-08-27 00:00:00
KeyPers_London_1231090,LONDON_MATERIEL_INFO_2026082710,London,2026-08-27 00:00:00
KeyPers_LA_1230653,LA_MATERIEL_INFO_202608270,LA,2026-08-27 00:00:00
KeyPers_LA_1232158,LA_MATERIEL_INFO_202608271,LA,2026-08-27 00:00:00
KeyPers_LA_1232819,LA_MATERIEL_INFO_202608272,LA,2026-08-27 00:00:00
KeyPers_LA_1232326,LA_MATERIEL_INFO_202608273,LA,2026-08-27 00:00:00
KeyPers_LA_1231258,LA_MATERIEL_INFO_202608274,LA,2026-08-27 00:00:00
KeyPers_NewYork_1232225,NewYork_MATERIEL_INFO_202608270,NewYork,2026-08-27 00:00:00
KeyPers_NewYork_1231054,NewYork_MATERIEL_INFO_202608271,NewYork,2026-08-27 00:00:00
KeyPers_NewYork_1230646,NewYork_MATERIEL_INFO_202608272,NewYork,2026-08-27 00:00:00
KeyPers_NewYork_1231525,NewYork_MATERIEL_INFO_202608273,NewYork,2026-08-27 00:00:00
KeyPers_NewYork_1230374,NewYork_MATERIEL_INFO_202608274,NewYork,2026-08-27 00:00:00
KeyPers_NewYork_1231518,NewYork_MATERIEL_INFO_202608275,NewYork,2026-08-27 00:00:00
KeyPers_Paris_1230956,Paris_MATERIEL_INFO_202608270,Paris,2026-08-27 00:00:00
KeyPers_Paris_1234953,Paris_MATERIEL_INFO_202608271,Paris,2026-08-27 00:00:00
KeyPers_Paris_1231951,Paris_MATERIEL_INFO_202608272,Paris,2026-08-27 00:00:00
KeyPers_Shanghai_1230947,Shanghai_MATERIEL_INFO_202608270,Shanghai,2026-08-27 00:00:00
KeyPers_Shanghai_1230384,Shanghai_MATERIEL_INFO_202608271,Shanghai,2026-08-27 00:00:00
KeyPers_Shanghai_1230698,Shanghai_MATERIEL_INFO_202608272,Shanghai,2026-08-27 00:00:00
KeyPers_Shanghai_1230107,Shanghai_MATERIEL_INFO_202608273,Shanghai,2026-08-27 00:00:00
KeyPers_Berlin_1231784,BERLIN_MATERIEL_INFO_202608280,Berlin,2026-08-28 00:00:00
KeyPers_Berlin_1233544,BERLIN_MATERIEL_INFO_202608281,Berlin,2026-08-28 00:00:00
KeyPers_Berlin_1231613,BERLIN_MATERIEL_INFO_202608282,Berlin,2026-08-28 00:00:00
KeyPers_London_1231404,LONDON_MATERIEL_INFO_202608280,London,2026-08-28 00:00:00
KeyPers_London_1232883,LONDON_MATERIEL_INFO_202608281,London,2026-08-28 00:00:00
KeyPers_London_1234015,LONDON_MATERIEL_INFO_202608282,London,2026-08-28 00:00:00
KeyPers_London_1232595,LONDON_MATERIEL_INFO_202608283,London,2026-08-28 00:00:00
KeyPers_London_1231064,LONDON_MATERIEL_INFO_202608284,London,2026-08-28 00:00:00
KeyPers_London_1232416,LONDON_MATERIEL_INFO_202608285,London,2026-08-28 00:00:00
KeyPers_London_1231257,LONDON_MATERIEL_INFO_202608286,London,2026-08-28 00:00:00
KeyPers_London_1232229,LONDON_MATERIEL_INFO_202608287,London,2026-08-28 00:00:00
KeyPers_London_1232966,LONDON_MATERIEL_INFO_202608288,London,2026-08-28 00:00:00
KeyPers_London_1232920,LONDON_MATERIEL_INFO_202608289,London,2026-08-28 00:00:00
KeyPers_LA_1232154,LA_MATERIEL_INFO_202608280,LA,2026-08-28 00:00:00
KeyPers_LA_1230108,LA_MATERIEL_INFO_202608281,LA,2026-08-28 00:00:00
KeyPers_LA_1232470,LA_MATERIEL_INFO_202608282,LA,2026-08-28 00:00:00
KeyPers_LA_1231679,LA_MATERIEL_INFO_202608283,LA,2026-08-28 00:00:00
KeyPers_LA_1230489,LA_MATERIEL_INFO_202608284,LA,2026-08-28 00:00:00
KeyPers_LA_1230394,LA_MATERIEL_INFO_202608285,LA,2026-08-28 00:00:00
KeyPers_LA_1230572,LA_MATERIEL_INFO_202608286,LA,2026-08-28 00:00:00
KeyPers_LA_1232669,LA_MATERIEL_INFO_202608287,LA,2026-08-28 00:00:00
KeyPers_LA_1232927,LA_MATERIEL_INFO_202608288,LA,2026-08-28 00:00:00
KeyPers_LA_1232318,LA_MATERIEL_INFO_202608289,LA,2026-08-28 00:00:00
KeyPers_LA_1231975,LA_MATERIEL_INFO_2026082810,LA,2026-08-28 00:00:00
KeyPers_LA_1230020,LA_MATERIEL_INFO_2026082811,LA,2026-08-28 00:00:00
KeyPers_NewYork_1231931,NewYork_MATERIEL_INFO_202608280,NewYork,2026-08-28 00:00:00
KeyPers_NewYork_1232887,NewYork_MATERIEL_INFO_202608281,NewYork,2026-08-28 00:00:00
KeyPers_NewYork_1231447,NewYork_MATERIEL_INFO_202608282,NewYork,2026-08-28 00:00:00
KeyPers_NewYork_1232082,NewYork_MATERIEL_INFO_202608283,NewYork,2026-08-28 00:00:00
KeyPers_NewYork_1231196,NewYork_MATERIEL_INFO_202608284,NewYork,2026-08-28 00:00:00
KeyPers_NewYork_1232823,NewYork_MATERIEL_INFO_202608285,NewYork,2026-08-28 00:00:00
KeyPers_NewYork_1233050,NewYork_MATERIEL_INFO_202608286,NewYork,2026-08-28 00:00:00
KeyPers_NewYork_1232469,NewYork_MATERIEL_INFO_202608287,NewYork,2026-08-28 00:00:00
KeyPers_NewYork_1231568,NewYork_MATERIEL_INFO_202608288,NewYork,2026-08-28 00:00:00
KeyPers_NewYork_1232977,NewYork_MATERIEL_INFO_202608289,NewYork,2026-08-28 00:00:00
KeyPers_NewYork_1231466,NewYork_MATERIEL_INFO_2026082810,NewYork,2026-08-28 00:00:00
KeyPers_Paris_1232262,Paris_MATERIEL_INFO_202608280,Paris,2026-08-28 00:00:00
KeyPers_Paris_1230777,Paris_MATERIEL_INFO_202608281,Paris,2026-08-28 00:00:00
KeyPers_Paris_1230459,Paris_MATERIEL_INFO_202608282,Paris,2026-08-28 00:00:00
KeyPers_Paris_1230974,Paris_MATERIEL_INFO_202608283,Paris,2026-08-28 00:00:00
KeyPers_Paris_1234366,Paris_MATERIEL_INFO_202608284,Paris,2026-08-28 00:00:00
KeyPers_Paris_1230252,Paris_MATERIEL_INFO_202608285,Paris,2026-08-28 00:00:00
KeyPers_Paris_1230013,Paris_MATERIEL_INFO_202608286,Paris,2026-08-28 00:00:00
KeyPers_Paris_1233971,Paris_MATERIEL_INFO_202608287,Paris,2026-08-28 00:00:00
KeyPers_Paris_1233430,Paris_MATERIEL_INFO_202608288,Paris,2026-08-28 00:00:00
KeyPers_Paris_1230372,Paris_MATERIEL_INFO_202608289,Paris,2026-08-28 00:00:00
KeyPers_Paris_1234927,Paris_MATERIEL_INFO_2026082810,Paris,2026-08-28 00:00:00
KeyPers_Shanghai_1230251,Shanghai_MATERIEL_INFO_202608280,Shanghai,2026-08-28 00:00:00
KeyPers_Shanghai_1230343,Shanghai_MATERIEL_INFO_202608281,Shanghai,2026-08-28 00:00:00
KeyPers_Shanghai_1230478,Shanghai_MATERIEL_INFO_202608282,Shanghai,2026-08-28 00:00:00
KeyPers_Shanghai_1230265,Shanghai_MATERIEL_INFO_202608283,Shanghai,2026-08-28 00:00:00
KeyPers_Shanghai_1230592,Shanghai_MATERIEL_INFO_202608284,Shanghai,2026-08-28 00:00:00
KeyPers_Shanghai_1230414,Shanghai_MATERIEL_INFO_202608285,Shanghai,2026-08-28 00:00:00
KeyPers_Shanghai_1230758,Shanghai_MATERIEL_INFO_202608286,Shanghai,2026-08-28 00:00:00
KeyPers_Shanghai_1230936,Shanghai_MATERIEL_INFO_202608287,Shanghai,2026-08-28 00:00:00
KeyPers_Shanghai_1230930,Shanghai_MATERIEL_INFO_202608288,Shanghai,2026-08-28 00:00:00
KeyPers_Berlin_1231698,BERLIN_MATERIEL_INFO_202608290,Berlin,2026-08-29 00:00:00
KeyPers_Berlin_1231913,BERLIN_MATERIEL_INFO_202608291,Berlin,2026-08-29 00:00:00
KeyPers_Berlin_1232243,BERLIN_MATERIEL_INFO_202608292,Berlin,2026-08-29 00:00:00
KeyPers_Berlin_1232663,BERLIN_MATERIEL_INFO_202608293,Berlin,2026-08-29 00:00:00
KeyPers_Berlin_1233313,BERLIN_MATERIEL_INFO_202608294,Berlin,2026-08-29 00:00:00
KeyPers_London_1230312,LONDON_MATERIEL_INFO_202608290,London,2026-08-29 00:00:00
KeyPers_London_1230739,LONDON_MATERIEL_INFO_202608291,London,2026-08-29 00:00:00
KeyPers_London_1230980,LONDON_MATERIEL_INFO_202608292,London,2026-08-29 00:00:00
KeyPers_London_1232905,LONDON_MATERIEL_INFO_202608293,London,2026-08-29 00:00:00
KeyPers_London_1231843,LONDON_MATERIEL_INFO_202608294,London,2026-08-29 00:00:00
KeyPers_London_1230411,LONDON_MATERIEL_INFO_202608295,London,2026-08-29 00:00:00
KeyPers_London_1232500,LONDON_MATERIEL_INFO_202608296,London,2026-08-29 00:00:00
KeyPers_London_1232704,LONDON_MATERIEL_INFO_202608297,London,2026-08-29 00:00:00
KeyPers_London_1231813,LONDON_MATERIEL_INFO_202608298,London,2026-08-29 00:00:00
KeyPers_London_1233279,LONDON_MATERIEL_INFO_202608299,London,2026-08-29 00:00:00
KeyPers_London_1230376,LONDON_MATERIEL_INFO_2026082910,London,2026-08-29 00:00:00
KeyPers_LA_1231389,LA_MATERIEL_INFO_202608290,LA,2026-08-29 00:00:00
KeyPers_LA_1232465,LA_MATERIEL_INFO_202608291,LA,2026-08-29 00:00:00
KeyPers_LA_1233010,LA_MATERIEL_INFO_202608292,LA,2026-08-29 00:00:00
KeyPers_LA_1231515,LA_MATERIEL_INFO_202608293,LA,2026-08-29 00:00:00
KeyPers_LA_1232598,LA_MATERIEL_INFO_202608294,LA,2026-08-29 00:00:00
KeyPers_LA_1232140,LA_MATERIEL_INFO_202608295,LA,2026-08-29 00:00:00
KeyPers_LA_1231459,LA_MATERIEL_INFO_202608296,LA,2026-08-29 00:00:00
KeyPers_NewYork_1230547,NewYork_MATERIEL_INFO_202608290,NewYork,2026-08-29 00:00:00
KeyPers_NewYork_1230849,NewYork_MATERIEL_INFO_202608291,NewYork,2026-08-29 00:00:00
KeyPers_NewYork_1232520,NewYork_MATERIEL_INFO_202608292,NewYork,2026-08-29 00:00:00
KeyPers_Paris_1230808,Paris_MATERIEL_INFO_202608290,Paris,2026-08-29 00:00:00
KeyPers_Paris_1234820,Paris_MATERIEL_INFO_202608291,Paris,2026-08-29 00:00:00
KeyPers_Paris_1230617,Paris_MATERIEL_INFO_202608292,Paris,2026-08-29 00:00:00
KeyPers_Paris_1230948,Paris_MATERIEL_INFO_202608293,Paris,2026-08-29 00:00:00
KeyPers_Paris_1232474,Paris_MATERIEL_INFO_202608294,Paris,2026-08-29 00:00:00
KeyPers_Paris_1234590,Paris_MATERIEL_INFO_202608295,Paris,2026-08-29 00:00:00
KeyPers_Paris_1232278,Paris_MATERIEL_INFO_202608296,Paris,2026-08-29 00:00:00
KeyPers_Shanghai_1230481,Shanghai_MATERIEL_INFO_202608290,Shanghai,2026-08-29 00:00:00
KeyPers_Shanghai_1230804,Shanghai_MATERIEL_INFO_202608291,Shanghai,2026-08-29 00:00:00
KeyPers_Shanghai_1230342,Shanghai_MATERIEL_INFO_202608292,Shanghai,2026-08-29 00:00:00
KeyPers_Shanghai_1230324,Shanghai_MATERIEL_INFO_202608293,Shanghai,2026-08-29 00:00:00
KeyPers_Shanghai_1230353,Shanghai_MATERIEL_INFO_202608294,Shanghai,2026-08-29 00:00:00
KeyPers_Shanghai_1230482,Shanghai_MATERIEL_INFO_202608295,Shanghai,2026-08-29 00:00:00
KeyPers_Shanghai_1230223,Shanghai_MATERIEL_INFO_202608296,Shanghai,2026-08-29 00:00:00
KeyPers_Shanghai_1230673,Shanghai_MATERIEL_INFO_202608297,Shanghai,2026-08-29 00:00:00
KeyPers_Shanghai_1230694,Shanghai_MATERIEL_INFO_202608298,Shanghai,2026-08-29 00:00:00
KeyPers_Shanghai_1230545,Shanghai_MATERIEL_INFO_202608299,Shanghai,2026-08-29 00:00:00
KeyPers_Shanghai_1230237,Shanghai_MATERIEL_INFO_2026082910,Shanghai,2026-08-29 00:00:00
KeyPers_Berlin_1232943,BERLIN_MATERIEL_INFO_202608300,Berlin,2026-08-30 00:00:00
KeyPers_London_1230144,LONDON_MATERIEL_INFO_202608300,London,2026-08-30 00:00:00
KeyPers_London_1234206,LONDON_MATERIEL_INFO_202608301,London,2026-08-30 00:00:00
KeyPers_London_1230892,LONDON_MATERIEL_INFO_202608302,London,2026-08-30 00:00:00
KeyPers_LA_1231798,LA_MATERIEL_INFO_202608300,LA,2026-08-30 00:00:00
KeyPers_LA_1232604,LA_MATERIEL_INFO_202608301,LA,2026-08-30 00:00:00
KeyPers_LA_1232745,LA_MATERIEL_INFO_202608302,LA,2026-08-30 00:00:00
KeyPers_LA_1231213,LA_MATERIEL_INFO_202608303,LA,2026-08-30 00:00:00
KeyPers_LA_1230662,LA_MATERIEL_INFO_202608304,LA,2026-08-30 00:00:00
KeyPers_LA_1231375,LA_MATERIEL_INFO_202608305,LA,2026-08-30 00:00:00
KeyPers_LA_1230654,LA_MATERIEL_INFO_202608306,LA,2026-08-30 00:00:00
KeyPers_LA_1231520,LA_MATERIEL_INFO_202608307,LA,2026-08-30 00:00:00
KeyPers_LA_1232602,LA_MATERIEL_INFO_202608308,LA,2026-08-30 00:00:00
KeyPers_LA_1231054,LA_MATERIEL_INFO_202608309,LA,2026-08-30 00:00:00
KeyPers_LA_1230056,LA_MATERIEL_INFO_2026083010,LA,2026-08-30 00:00:00
KeyPers_LA_1232934,LA_MATERIEL_INFO_2026083011,LA,2026-08-30 00:00:00
KeyPers_LA_1230851,LA_MATERIEL_INFO_2026083012,LA,2026-08-30 00:00:00
KeyPers_LA_1230830,LA_MATERIEL_INFO_2026083013,LA,2026-08-30 00:00:00
KeyPers_NewYork_1231053,NewYork_MATERIEL_INFO_202608300,NewYork,2026-08-30 00:00:00
KeyPers_Paris_1231409,Paris_MATERIEL_INFO_202608300,Paris,2026-08-30 00:00:00
KeyPers_Paris_1233295,Paris_MATERIEL_INFO_202608301,Paris,2026-08-30 00:00:00
KeyPers_Paris_1233581,Paris_MATERIEL_INFO_202608302,Paris,2026-08-30 00:00:00
KeyPers_Paris_1234321,Paris_MATERIEL_INFO_202608303,Paris,2026-08-30 00:00:00
KeyPers_Paris_1232092,Paris_MATERIEL_INFO_202608304,Paris,2026-08-30 00:00:00
KeyPers_Paris_1231333,Paris_MATERIEL_INFO_202608305,Paris,2026-08-30 00:00:00
KeyPers_Paris_1234470,Paris_MATERIEL_INFO_202608306,Paris,2026-08-30 00:00:00
KeyPers_Paris_1230416,Paris_MATERIEL_INFO_202608307,Paris,2026-08-30 00:00:00
KeyPers_Paris_1230320,Paris_MATERIEL_INFO_202608308,Paris,2026-08-30 00:00:00
KeyPers_Paris_1233508,Paris_MATERIEL_INFO_202608309,Paris,2026-08-30 00:00:00
KeyPers_Paris_1231304,Paris_MATERIEL_INFO_2026083010,Paris,2026-08-30 00:00:00
KeyPers_Paris_1231825,Paris_MATERIEL_INFO_2026083011,Paris,2026-08-30 00:00:00
KeyPers_Paris_1231766,Paris_MATERIEL_INFO_2026083012,Paris,2026-08-30 00:00:00
KeyPers_Paris_1234005,Paris_MATERIEL_INFO_2026083013,Paris,2026-08-30 00:00:00
KeyPers_Shanghai_1230773,Shanghai_MATERIEL_INFO_202608300,Shanghai,2026-08-30 00:00:00
KeyPers_Shanghai_1230016,Shanghai_MATERIEL_INFO_202608301,Shanghai,2026-08-30 00:00:00
KeyPers_Shanghai_1230617,Shanghai_MATERIEL_INFO_202608302,Shanghai,2026-08-30 00:00:00
KeyPers_Shanghai_1230109,Shanghai_MATERIEL_INFO_202608303,Shanghai,2026-08-30 00:00:00
KeyPers_Shanghai_1230524,Shanghai_MATERIEL_INFO_202608304,Shanghai,2026-08-30 00:00:00
KeyPers_Shanghai_1230092,Shanghai_MATERIEL_INFO_202608305,Shanghai,2026-08-30 00:00:00
KeyPers_Shanghai_1230045,Shanghai_MATERIEL_INFO_202608306,Shanghai,2026-08-30 00:00:00
KeyPers_Shanghai_1230176,Shanghai_MATERIEL_INFO_202608307,Shanghai,2026-08-30 00:00:00
KeyPers_Shanghai_1230298,Shanghai_MATERIEL_INFO_202608308,Shanghai,2026-08-30 00:00:00
KeyPers_Shanghai_1230202,Shanghai_MATERIEL_INFO_202608309,Shanghai,2026-08-30 00:00:00
KeyPers_Shanghai_1230517,Shanghai_MATERIEL_INFO_2026083010,Shanghai,2026-08-30 00:00:00
KeyPers_Shanghai_1230439,Shanghai_MATERIEL_INFO_2026083011,Shanghai,2026-08-30 00:00:00
KeyPers_Berlin_1231640,BERLIN_MATERIEL_INFO_202608310,Berlin,2026-08-31 00:00:00
KeyPers_Berlin_1232404,BERLIN_MATERIEL_INFO_202608311,Berlin,2026-08-31 00:00:00
KeyPers_Berlin_1231023,BERLIN_MATERIEL_INFO_202608312,Berlin,2026-08-31 00:00:00
KeyPers_London_1231362,LONDON_MATERIEL_INFO_202608310,London,2026-08-31 00:00:00
KeyPers_London_1230021,LONDON_MATERIEL_INFO_202608311,London,2026-08-31 00:00:00
KeyPers_London_1230269,LONDON_MATERIEL_INFO_202608312,London,2026-08-31 00:00:00
KeyPers_London_1230559,LONDON_MATERIEL_INFO_202608313,London,2026-08-31 00:00:00
KeyPers_London_1232120,LONDON_MATERIEL_INFO_202608314,London,2026-08-31 00:00:00
KeyPers_London_1231881,LONDON_MATERIEL_INFO_202608315,London,2026-08-31 00:00:00
KeyPers_London_1232990,LONDON_MATERIEL_INFO_202608316,London,2026-08-31 00:00:00
KeyPers_London_1231722,LONDON_MATERIEL_INFO_202608317,London,2026-08-31 00:00:00
KeyPers_London_1231566,LONDON_MATERIEL_INFO_202608318,London,2026-08-31 00:00:00
KeyPers_LA_1230355,LA_MATERIEL_INFO_202608310,LA,2026-08-31 00:00:00
KeyPers_LA_1231746,LA_MATERIEL_INFO_202608311,LA,2026-08-31 00:00:00
KeyPers_LA_1232014,LA_MATERIEL_INFO_202608312,LA,2026-08-31 00:00:00
KeyPers_LA_1232500,LA_MATERIEL_INFO_202608313,LA,2026-08-31 00:00:00
KeyPers_LA_1231967,LA_MATERIEL_INFO_202608314,LA,2026-08-31 00:00:00
KeyPers_LA_1231817,LA_MATERIEL_INFO_202608315,LA,2026-08-31 00:00:00
KeyPers_LA_1231458,LA_MATERIEL_INFO_202608316,LA,2026-08-31 00:00:00
KeyPers_NewYork_1230705,NewYork_MATERIEL_INFO_202608310,NewYork,2026-08-31 00:00:00
KeyPers_NewYork_1232535,NewYork_MATERIEL_INFO_202608311,NewYork,2026-08-31 00:00:00
KeyPers_NewYork_1232329,NewYork_MATERIEL_INFO_202608312,NewYork,2026-08-31 00:00:00
KeyPers_NewYork_1233040,NewYork_MATERIEL_INFO_202608313,NewYork,2026-08-31 00:00:00
KeyPers_NewYork_1231237,NewYork_MATERIEL_INFO_202608314,NewYork,2026-08-31 00:00:00
KeyPers_NewYork_1232058,NewYork_MATERIEL_INFO_202608315,NewYork,2026-08-31 00:00:00
KeyPers_NewYork_1231355,NewYork_MATERIEL_INFO_202608316,NewYork,2026-08-31 00:00:00
KeyPers_NewYork_1233070,NewYork_MATERIEL_INFO_202608317,NewYork,2026-08-31 00:00:00
KeyPers_NewYork_1231950,NewYork_MATERIEL_INFO_202608318,NewYork,2026-08-31 00:00:00
KeyPers_NewYork_1232930,NewYork_MATERIEL_INFO_202608319,NewYork,2026-08-31 00:00:00
KeyPers_NewYork_1233065,NewYork_MATERIEL_INFO_2026083110,NewYork,2026-08-31 00:00:00
KeyPers_NewYork_1231637,NewYork_MATERIEL_INFO_2026083111,NewYork,2026-08-31 00:00:00
KeyPers_Paris_1232984,Paris_MATERIEL_INFO_202608310,Paris,2026-08-31 00:00:00
KeyPers_Paris_1234060,Paris_MATERIEL_INFO_202608311,Paris,2026-08-31 00:00:00
KeyPers_Paris_1233512,Paris_MATERIEL_INFO_202608312,Paris,2026-08-31 00:00:00
KeyPers_Paris_1232551,Paris_MATERIEL_INFO_202608313,Paris,2026-08-31 00:00:00
KeyPers_Paris_1231154,Paris_MATERIEL_INFO_202608314,Paris,2026-08-31 00:00:00
KeyPers_Paris_1230617,Paris_MATERIEL_INFO_202608315,Paris,2026-08-31 00:00:00
KeyPers_Shanghai_1230765,Shanghai_MATERIEL_INFO_202608310,Shanghai,2026-08-31 00:00:00
KeyPers_Shanghai_1230641,Shanghai_MATERIEL_INFO_202608311,Shanghai,2026-08-31 00:00:00
KeyPers_Shanghai_1230918,Shanghai_MATERIEL_INFO_202608312,Shanghai,2026-08-31 00:00:00
KeyPers_Shanghai_1230307,Shanghai_MATERIEL_INFO_202608313,Shanghai,2026-08-31 00:00:00
KeyPers_Shanghai_1230021,Shanghai_MATERIEL_INFO_202608314,Shanghai,2026-08-31 00:00:00
KeyPers_Shanghai_1230020,Shanghai_MATERIEL_INFO_202608315,Shanghai,2026-08-31 00:00:00
KeyPers_Shanghai_1230629,Shanghai_MATERIEL_INFO_202608316,Shanghai,2026-08-31 00:00:00
KeyPers_Shanghai_1230210,Shanghai_MATERIEL_INFO_202608317,Shanghai,2026-08-31 00:00:00
KeyPers_Shanghai_1230204,Shanghai_MATERIEL_INFO_202608318,Shanghai,2026-08-31 00:00:00
KeyPers_Shanghai_1230048,Shanghai_MATERIEL_INFO_202608319,Shanghai,2026-08-31 00:00:00
KeyPers_Shanghai_1230522,Shanghai_MATERIEL_INFO_2026083110,Shanghai,2026-08-31 00:00:00
KeyPers_Shanghai_1230794,Shanghai_MATERIEL_INFO_2026083111,Shanghai,2026-08-31 00:00:00
KeyPers_Berlin_1231375,BERLIN_MATERIEL_INFO_202609010,Berlin,2026-09-01 00:00:00
KeyPers_Berlin_1231074,BERLIN_MATERIEL_INFO_202609011,Berlin,2026-09-01 00:00:00
KeyPers_Berlin_1230377,BERLIN_MATERIEL_INFO_202609012,Berlin,2026-09-01 00:00:00
KeyPers_Berlin_1230932,BERLIN_MATERIEL_INFO_202609013,Berlin,2026-09-01 00:00:00
KeyPers_London_1230875,LONDON_MATERIEL_INFO_202609010,London,2026-09-01 00:00:00
KeyPers_London_1230923,LONDON_MATERIEL_INFO_202609011,London,2026-09-01 00:00:00
KeyPers_London_1233694,LONDON_MATERIEL_INFO_202609012,London,2026-09-01 00:00:00
KeyPers_London_1234189,LONDON_MATERIEL_INFO_202609013,London,2026-09-01 00:00:00
KeyPers_London_1231022,LONDON_MATERIEL_INFO_202609014,London,2026-09-01 00:00:00
KeyPers_London_1232394,LONDON_MATERIEL_INFO_202609015,London,2026-09-01 00:00:00
KeyPers_London_1232312,LONDON_MATERIEL_INFO_202609016,London,2026-09-01 00:00:00
KeyPers_London_1234179,LONDON_MATERIEL_INFO_202609017,London,2026-09-01 00:00:00
KeyPers_London_1232330,LONDON_MATERIEL_INFO_202609018,London,2026-09-01 00:00:00
KeyPers_London_1233154,LONDON_MATERIEL_INFO_202609019,London,2026-09-01 00:00:00
KeyPers_London_1232095,LONDON_MATERIEL_INFO_2026090110,London,2026-09-01 00:00:00
KeyPers_LA_1230821,LA_MATERIEL_INFO_202609010,LA,2026-09-01 00:00:00
KeyPers_LA_1230123,LA_MATERIEL_INFO_202609011,LA,2026-09-01 00:00:00
KeyPers_LA_1230822,LA_MATERIEL_INFO_202609012,LA,2026-09-01 00:00:00
KeyPers_NewYork_1230018,NewYork_MATERIEL_INFO_202609010,NewYork,2026-09-01 00:00:00
KeyPers_NewYork_1231936,NewYork_MATERIEL_INFO_202609011,NewYork,2026-09-01 00:00:00
KeyPers_NewYork_1231765,NewYork_MATERIEL_INFO_202609012,NewYork,2026-09-01 00:00:00
KeyPers_Paris_1232673,Paris_MATERIEL_INFO_202609010,Paris,2026-09-01 00:00:00
KeyPers_Paris_1232610,Paris_MATERIEL_INFO_202609011,Paris,2026-09-01 00:00:00
KeyPers_Paris_1234778,Paris_MATERIEL_INFO_202609012,Paris,2026-09-01 00:00:00
KeyPers_Paris_1231729,Paris_MATERIEL_INFO_202609013,Paris,2026-09-01 00:00:00
KeyPers_Paris_1234865,Paris_MATERIEL_INFO_202609014,Paris,2026-09-01 00:00:00
KeyPers_Shanghai_1230758,Shanghai_MATERIEL_INFO_202609010,Shanghai,2026-09-01 00:00:00
KeyPers_Shanghai_1230436,Shanghai_MATERIEL_INFO_202609011,Shanghai,2026-09-01 00:00:00
KeyPers_Shanghai_1230988,Shanghai_MATERIEL_INFO_202609012,Shanghai,2026-09-01 00:00:00
KeyPers_Shanghai_1230913,Shanghai_MATERIEL_INFO_202609013,Shanghai,2026-09-01 00:00:00
KeyPers_Berlin_1231370,BERLIN_MATERIEL_INFO_202609020,Berlin,2026-09-02 00:00:00
KeyPers_Berlin_1232121,BERLIN_MATERIEL_INFO_202609021,Berlin,2026-09-02 00:00:00
KeyPers_Berlin_1233810,BERLIN_MATERIEL_INFO_202609022,Berlin,2026-09-02 00:00:00
KeyPers_London_1232748,LONDON_MATERIEL_INFO_202609020,London,2026-09-02 00:00:00
KeyPers_London_1231717,LONDON_MATERIEL_INFO_202609021,London,2026-09-02 00:00:00
KeyPers_London_1233962,LONDON_MATERIEL_INFO_202609022,London,2026-09-02 00:00:00
KeyPers_London_1234183,LONDON_MATERIEL_INFO_202609023,London,2026-09-02 00:00:00
KeyPers_London_1234116,LONDON_MATERIEL_INFO_202609024,London,2026-09-02 00:00:00
KeyPers_London_1233462,LONDON_MATERIEL_INFO_202609025,London,2026-09-02 00:00:00
KeyPers_London_1233339,LONDON_MATERIEL_INFO_202609026,London,2026-09-02 00:00:00
KeyPers_London_1232435,LONDON_MATERIEL_INFO_202609027,London,2026-09-02 00:00:00
KeyPers_LA_1231062,LA_MATERIEL_INFO_202609020,LA,2026-09-02 00:00:00
KeyPers_LA_1230285,LA_MATERIEL_INFO_202609021,LA,2026-09-02 00:00:00
KeyPers_LA_1230096,LA_MATERIEL_INFO_202609022,LA,2026-09-02 00:00:00
KeyPers_LA_1230100,LA_MATERIEL_INFO_202609023,LA,2026-09-02 00:00:00
KeyPers_LA_1231248,LA_MATERIEL_INFO_202609024,LA,2026-09-02 00:00:00
KeyPers_LA_1232662,LA_MATERIEL_INFO_202609025,LA,2026-09-02 00:00:00
KeyPers_LA_1231911,LA_MATERIEL_INFO_202609026,LA,2026-09-02 00:00:00
KeyPers_LA_1232550,LA_MATERIEL_INFO_202609027,LA,2026-09-02 00:00:00
KeyPers_LA_1230834,LA_MATERIEL_INFO_202609028,LA,2026-09-02 00:00:00
KeyPers_LA_1231956,LA_MATERIEL_INFO_202609029,LA,2026-09-02 00:00:00
KeyPers_LA_1231722,LA_MATERIEL_INFO_2026090210,LA,2026-09-02 00:00:00
KeyPers_LA_1232838,LA_MATERIEL_INFO_2026090211,LA,2026-09-02 00:00:00
KeyPers_LA_1232016,LA_MATERIEL_INFO_2026090212,LA,2026-09-02 00:00:00
KeyPers_LA_1230197,LA_MATERIEL_INFO_2026090213,LA,2026-09-02 00:00:00
KeyPers_NewYork_1231295,NewYork_MATERIEL_INFO_202609020,NewYork,2026-09-02 00:00:00
KeyPers_NewYork_1230885,NewYork_MATERIEL_INFO_202609021,NewYork,2026-09-02 00:00:00
KeyPers_NewYork_1232925,NewYork_MATERIEL_INFO_202609022,NewYork,2026-09-02 00:00:00
KeyPers_NewYork_1230213,NewYork_MATERIEL_INFO_202609023,NewYork,2026-09-02 00:00:00
KeyPers_NewYork_1232700,NewYork_MATERIEL_INFO_202609024,NewYork,2026-09-02 00:00:00
KeyPers_NewYork_1232534,NewYork_MATERIEL_INFO_202609025,NewYork,2026-09-02 00:00:00
KeyPers_NewYork_1232412,NewYork_MATERIEL_INFO_202609026,NewYork,2026-09-02 00:00:00
KeyPers_NewYork_1232142,NewYork_MATERIEL_INFO_202609027,NewYork,2026-09-02 00:00:00
KeyPers_Paris_1230192,Paris_MATERIEL_INFO_202609020,Paris,2026-09-02 00:00:00
KeyPers_Paris_1230449,Paris_MATERIEL_INFO_202609021,Paris,2026-09-02 00:00:00
KeyPers_Paris_1232205,Paris_MATERIEL_INFO_202609022,Paris,2026-09-02 00:00:00
KeyPers_Paris_1234141,Paris_MATERIEL_INFO_202609023,Paris,2026-09-02 00:00:00
KeyPers_Paris_1231700,Paris_MATERIEL_INFO_202609024,Paris,2026-09-02 00:00:00
KeyPers_Shanghai_1230870,Shanghai_MATERIEL_INFO_202609020,Shanghai,2026-09-02 00:00:00
KeyPers_Shanghai_1230527,Shanghai_MATERIEL_INFO_202609021,Shanghai,2026-09-02 00:00:00
KeyPers_Shanghai_1230282,Shanghai_MATERIEL_INFO_202609022,Shanghai,2026-09-02 00:00:00
KeyPers_Shanghai_1230674,Shanghai_MATERIEL_INFO_202609023,Shanghai,2026-09-02 00:00:00
KeyPers_Shanghai_1230041,Shanghai_MATERIEL_INFO_202609024,Shanghai,2026-09-02 00:00:00
KeyPers_Shanghai_1230357,Shanghai_MATERIEL_INFO_202609025,Shanghai,2026-09-02 00:00:00
KeyPers_Shanghai_1230848,Shanghai_MATERIEL_INFO_202609026,Shanghai,2026-09-02 00:00:00
KeyPers_Shanghai_1230510,Shanghai_MATERIEL_INFO_202609027,Shanghai,2026-09-02 00:00:00
KeyPers_Shanghai_1230872,Shanghai_MATERIEL_INFO_202609028,Shanghai,2026-09-02 00:00:00
KeyPers_Shanghai_1230850,Shanghai_MATERIEL_INFO_202609029,Shanghai,2026-09-02 00:00:00
KeyPers_Shanghai_1230815,Shanghai_MATERIEL_INFO_2026090210,Shanghai,2026-09-02 00:00:00
KeyPers_Shanghai_1230684,Shanghai_MATERIEL_INFO_2026090211,Shanghai,2026-09-02 00:00:00
KeyPers_Shanghai_1230233,Shanghai_MATERIEL_INFO_2026090212,Shanghai,2026-09-02 00:00:00
KeyPers_Berlin_1232756,BERLIN_MATERIEL_INFO_202609030,Berlin,2026-09-03 00:00:00
KeyPers_Berlin_1232517,BERLIN_MATERIEL_INFO_202609031,Berlin,2026-09-03 00:00:00
KeyPers_Berlin_1233588,BERLIN_MATERIEL_INFO_202609032,Berlin,2026-09-03 00:00:00
KeyPers_Berlin_1230434,BERLIN_MATERIEL_INFO_202609033,Berlin,2026-09-03 00:00:00
KeyPers_Berlin_1230932,BERLIN_MATERIEL_INFO_202609034,Berlin,2026-09-03 00:00:00
KeyPers_Berlin_1230311,BERLIN_MATERIEL_INFO_202609035,Berlin,2026-09-03 00:00:00
KeyPers_London_1231612,LONDON_MATERIEL_INFO_202609030,London,2026-09-03 00:00:00
KeyPers_London_1231400,LONDON_MATERIEL_INFO_202609031,London,2026-09-03 00:00:00
KeyPers_London_1233592,LONDON_MATERIEL_INFO_202609032,London,2026-09-03 00:00:00
KeyPers_London_1230398,LONDON_MATERIEL_INFO_202609033,London,2026-09-03 00:00:00
KeyPers_London_1233549,LONDON_MATERIEL_INFO_202609034,London,2026-09-03 00:00:00
KeyPers_London_1232108,LONDON_MATERIEL_INFO_202609035,London,2026-09-03 00:00:00
KeyPers_LA_1230496,LA_MATERIEL_INFO_202609030,LA,2026-09-03 00:00:00
KeyPers_LA_1232239,LA_MATERIEL_INFO_202609031,LA,2026-09-03 00:00:00
KeyPers_LA_1231280,LA_MATERIEL_INFO_202609032,LA,2026-09-03 00:00:00
KeyPers_LA_1231431,LA_MATERIEL_INFO_202609033,LA,2026-09-03 00:00:00
KeyPers_LA_1232252,LA_MATERIEL_INFO_202609034,LA,2026-09-03 00:00:00
KeyPers_LA_1230495,LA_MATERIEL_INFO_202609035,LA,2026-09-03 00:00:00
KeyPers_LA_1230332,LA_MATERIEL_INFO_202609036,LA,2026-09-03 00:00:00
KeyPers_LA_1230429,LA_MATERIEL_INFO_202609037,LA,2026-09-03 00:00:00
KeyPers_LA_1232139,LA_MATERIEL_INFO_202609038,LA,2026-09-03 00:00:00
KeyPers_LA_1231719,LA_MATERIEL_INFO_202609039,LA,2026-09-03 00:00:00
KeyPers_LA_1232365,LA_MATERIEL_INFO_2026090310,LA,2026-09-03 00:00:00
KeyPers_LA_1231914,LA_MATERIEL_INFO_2026090311,LA,2026-09-03 00:00:00
KeyPers_LA_1230522,LA_MATERIEL_INFO_2026090312,LA,2026-09-03 00:00:00
KeyPers_NewYork_1232711,NewYork_MATERIEL_INFO_202609030,NewYork,2026-09-03 00:00:00
KeyPers_NewYork_1230450,NewYork_MATERIEL_INFO_202609031,NewYork,2026-09-03 00:00:00
KeyPers_NewYork_1230637,NewYork_MATERIEL_INFO_202609032,NewYork,2026-09-03 00:00:00
KeyPers_NewYork_1232481,NewYork_MATERIEL_INFO_202609033,NewYork,2026-09-03 00:00:00
KeyPers_NewYork_1232257,NewYork_MATERIEL_INFO_202609034,NewYork,2026-09-03 00:00:00
KeyPers_NewYork_1230976,NewYork_MATERIEL_INFO_202609035,NewYork,2026-09-03 00:00:00
KeyPers_NewYork_1232055,NewYork_MATERIEL_INFO_202609036,NewYork,2026-09-03 00:00:00
KeyPers_Paris_1230747,Paris_MATERIEL_INFO_202609030,Paris,2026-09-03 00:00:00
KeyPers_Paris_1234955,Paris_MATERIEL_INFO_202609031,Paris,2026-09-03 00:00:00
KeyPers_Paris_1233223,Paris_MATERIEL_INFO_202609032,Paris,2026-09-03 00:00:00
KeyPers_Paris_1230771,Paris_MATERIEL_INFO_202609033,Paris,2026-09-03 00:00:00
KeyPers_Paris_1234010,Paris_MATERIEL_INFO_202609034,Paris,2026-09-03 00:00:00
KeyPers_Paris_1232920,Paris_MATERIEL_INFO_202609035,Paris,2026-09-03 00:00:00
KeyPers_Paris_1230708,Paris_MATERIEL_INFO_202609036,Paris,2026-09-03 00:00:00
KeyPers_Paris_1233524,Paris_MATERIEL_INFO_202609037,Paris,2026-09-03 00:00:00
KeyPers_Paris_1232558,Paris_MATERIEL_INFO_202609038,Paris,2026-09-03 00:00:00
KeyPers_Paris_1233350,Paris_MATERIEL_INFO_202609039,Paris,2026-09-03 00:00:00
KeyPers_Paris_1231392,Paris_MATERIEL_INFO_2026090310,Paris,2026-09-03 00:00:00
KeyPers_Paris_1232563,Paris_MATERIEL_INFO_2026090311,Paris,2026-09-03 00:00:00
KeyPers_Paris_1231002,Paris_MATERIEL_INFO_2026090312,Paris,2026-09-03 00:00:00
KeyPers_Paris_1231166,Paris_MATERIEL_INFO_2026090313,Paris,2026-09-03 00:00:00
KeyPers_Shanghai_1230309,Shanghai_MATERIEL_INFO_202609030,Shanghai,2026-09-03 00:00:00
KeyPers_Shanghai_1230469,Shanghai_MATERIEL_INFO_202609031,Shanghai,2026-09-03 00:00:00
KeyPers_Shanghai_1230722,Shanghai_MATERIEL_INFO_202609032,Shanghai,2026-09-03 00:00:00
KeyPers_Berlin_1234097,BERLIN_MATERIEL_INFO_202609040,Berlin,2026-09-04 00:00:00
KeyPers_Berlin_1233153,BERLIN_MATERIEL_INFO_202609041,Berlin,2026-09-04 00:00:00
KeyPers_Berlin_1232232,BERLIN_MATERIEL_INFO_202609042,Berlin,2026-09-04 00:00:00
KeyPers_London_1230812,LONDON_MATERIEL_INFO_202609040,London,2026-09-04 00:00:00
KeyPers_London_1231707,LONDON_MATERIEL_INFO_202609041,London,2026-09-04 00:00:00
KeyPers_London_1230931,LONDON_MATERIEL_INFO_202609042,London,2026-09-04 00:00:00
KeyPers_London_1231435,LONDON_MATERIEL_INFO_202609043,London,2026-09-04 00:00:00
KeyPers_London_1232384,LONDON_MATERIEL_INFO_202609044,London,2026-09-04 00:00:00
KeyPers_London_1231091,LONDON_MATERIEL_INFO_202609045,London,2026-09-04 00:00:00
KeyPers_London_1231179,LONDON_MATERIEL_INFO_202609046,London,2026-09-04 00:00:00
KeyPers_London_1234028,LONDON_MATERIEL_INFO_202609047,London,2026-09-04 00:00:00
KeyPers_London_1233335,LONDON_MATERIEL_INFO_202609048,London,2026-09-04 00:00:00
KeyPers_London_1231915,LONDON_MATERIEL_INFO_202609049,London,2026-09-04 00:00:00
KeyPers_London_1233103,LONDON_MATERIEL_INFO_2026090410,London,2026-09-04 00:00:00
KeyPers_London_1232961,LONDON_MATERIEL_INFO_2026090411,London,2026-09-04 00:00:00
KeyPers_LA_1230579,LA_MATERIEL_INFO_202609040,LA,2026-09-04 00:00:00
KeyPers_LA_1232419,LA_MATERIEL_INFO_202609041,LA,2026-09-04 00:00:00
KeyPers_LA_1230180,LA_MATERIEL_INFO_202609042,LA,2026-09-04 00:00:00
KeyPers_LA_1230569,LA_MATERIEL_INFO_202609043,LA,2026-09-04 00:00:00
KeyPers_LA_1230971,LA_MATERIEL_INFO_202609044,LA,2026-09-04 00:00:00
KeyPers_LA_1231955,LA_MATERIEL_INFO_202609045,LA,2026-09-04 00:00:00
KeyPers_LA_1231401,LA_MATERIEL_INFO_202609046,LA,2026-09-04 00:00:00
KeyPers_LA_1232046,LA_MATERIEL_INFO_202609047,LA,2026-09-04 00:00:00
KeyPers_LA_1231931,LA_MATERIEL_INFO_202609048,LA,2026-09-04 00:00:00
KeyPers_LA_1231230,LA_MATERIEL_INFO_202609049,LA,2026-09-04 00:00:00
KeyPers_NewYork_1231697,NewYork_MATERIEL_INFO_202609040,NewYork,2026-09-04 00:00:00
KeyPers_NewYork_1231547,NewYork_MATERIEL_INFO_202609041,NewYork,2026-09-04 00:00:00
KeyPers_NewYork_1230300,NewYork_MATERIEL_INFO_202609042,NewYork,2026-09-04 00:00:00
KeyPers_NewYork_1232172,NewYork_MATERIEL_INFO_202609043,NewYork,2026-09-04 00:00:00
KeyPers_NewYork_1230657,NewYork_MATERIEL_INFO_202609044,NewYork,2026-09-04 00:00:00
KeyPers_NewYork_1231328,NewYork_MATERIEL_INFO_202609045,NewYork,2026-09-04 00:00:00
KeyPers_Paris_1233537,Paris_MATERIEL_INFO_202609040,Paris,2026-09-04 00:00:00
KeyPers_Paris_1234582,Paris_MATERIEL_INFO_202609041,Paris,2026-09-04 00:00:00
KeyPers_Paris_1231785,Paris_MATERIEL_INFO_202609042,Paris,2026-09-04 00:00:00
KeyPers_Paris_1234775,Paris_MATERIEL_INFO_202609043,Paris,2026-09-04 00:00:00
KeyPers_Paris_1231048,Paris_MATERIEL_INFO_202609044,Paris,2026-09-04 00:00:00
KeyPers_Paris_1233235,Paris_MATERIEL_INFO_202609045,Paris,2026-09-04 00:00:00
KeyPers_Paris_1232294,Paris_MATERIEL_INFO_202609046,Paris,2026-09-04 00:00:00
KeyPers_Paris_1231404,Paris_MATERIEL_INFO_202609047,Paris,2026-09-04 00:00:00
KeyPers_Paris_1231833,Paris_MATERIEL_INFO_202609048,Paris,2026-09-04 00:00:00
KeyPers_Paris_1231312,Paris_MATERIEL_INFO_202609049,Paris,2026-09-04 00:00:00
KeyPers_Paris_1230072,Paris_MATERIEL_INFO_2026090410,Paris,2026-09-04 00:00:00
KeyPers_Paris_1234542,Paris_MATERIEL_INFO_2026090411,Paris,2026-09-04 00:00:00
KeyPers_Shanghai_1230271,Shanghai_MATERIEL_INFO_202609040,Shanghai,2026-09-04 00:00:00
KeyPers_Shanghai_1230949,Shanghai_MATERIEL_INFO_202609041,Shanghai,2026-09-04 00:00:00
KeyPers_Shanghai_1230599,Shanghai_MATERIEL_INFO_202609042,Shanghai,2026-09-04 00:00:00
KeyPers_Shanghai_1230432,Shanghai_MATERIEL_INFO_202609043,Shanghai,2026-09-04 00:00:00
KeyPers_Shanghai_1230460,Shanghai_MATERIEL_INFO_202609044,Shanghai,2026-09-04 00:00:00
KeyPers_Shanghai_1230482,Shanghai_MATERIEL_INFO_202609045,Shanghai,2026-09-04 00:00:00
KeyPers_Shanghai_1230741,Shanghai_MATERIEL_INFO_202609046,Shanghai,2026-09-04 00:00:00
KeyPers_Shanghai_1230663,Shanghai_MATERIEL_INFO_202609047,Shanghai,2026-09-04 00:00:00
KeyPers_Shanghai_1230100,Shanghai_MATERIEL_INFO_202609048,Shanghai,2026-09-04 00:00:00
KeyPers_Shanghai_1230486,Shanghai_MATERIEL_INFO_202609049,Shanghai,2026-09-04 00:00:00
KeyPers_Shanghai_1230749,Shanghai_MATERIEL_INFO_2026090410,Shanghai,2026-09-04 00:00:00
KeyPers_Shanghai_1230167,Shanghai_MATERIEL_INFO_2026090411,Shanghai,2026-09-04 00:00:00
KeyPers_Shanghai_1230970,Shanghai_MATERIEL_INFO_2026090412,Shanghai,2026-09-04 00:00:00
KeyPers_Berlin_1233320,BERLIN_MATERIEL_INFO_202609050,Berlin,2026-09-05 00:00:00
KeyPers_Berlin_1232501,BERLIN_MATERIEL_INFO_202609051,Berlin,2026-09-05 00:00:00
KeyPers_Berlin_1231275,BERLIN_MATERIEL_INFO_202609052,Berlin,2026-09-05 00:00:00
KeyPers_Berlin_1233445,BERLIN_MATERIEL_INFO_202609053,Berlin,2026-09-05 00:00:00
KeyPers_Berlin_1234224,BERLIN_MATERIEL_INFO_202609054,Berlin,2026-09-05 00:00:00
KeyPers_Berlin_1233534,BERLIN_MATERIEL_INFO_202609055,Berlin,2026-09-05 00:00:00
KeyPers_London_1232768,LONDON_MATERIEL_INFO_202609050,London,2026-09-05 00:00:00
KeyPers_London_1232277,LONDON_MATERIEL_INFO_202609051,London,2026-09-05 00:00:00
KeyPers_London_1231688,LONDON_MATERIEL_INFO_202609052,London,2026-09-05 00:00:00
KeyPers_LA_1230316,LA_MATERIEL_INFO_202609050,LA,2026-09-05 00:00:00
KeyPers_LA_1231928,LA_MATERIEL_INFO_202609051,LA,2026-09-05 00:00:00
KeyPers_LA_1230225,LA_MATERIEL_INFO_202609052,LA,2026-09-05 00:00:00
KeyPers_LA_1230767,LA_MATERIEL_INFO_202609053,LA,2026-09-05 00:00:00
KeyPers_LA_1232634,LA_MATERIEL_INFO_202609054,LA,2026-09-05 00:00:00
KeyPers_LA_1231482,LA_MATERIEL_INFO_202609055,LA,2026-09-05 00:00:00
KeyPers_LA_1230081,LA_MATERIEL_INFO_202609056,LA,2026-09-05 00:00:00
KeyPers_NewYork_1232183,NewYork_MATERIEL_INFO_202609050,NewYork,2026-09-05 00:00:00
KeyPers_NewYork_1232773,NewYork_MATERIEL_INFO_202609051,NewYork,2026-09-05 00:00:00
KeyPers_NewYork_1230843,NewYork_MATERIEL_INFO_202609052,NewYork,2026-09-05 00:00:00
KeyPers_NewYork_1230171,NewYork_MATERIEL_INFO_202609053,NewYork,2026-09-05 00:00:00
KeyPers_NewYork_1232815,NewYork_MATERIEL_INFO_202609054,NewYork,2026-09-05 00:00:00
KeyPers_NewYork_1231574,NewYork_MATERIEL_INFO_202609055,NewYork,2026-09-05 00:00:00
KeyPers_NewYork_1230073,NewYork_MATERIEL_INFO_202609056,NewYork,2026-09-05 00:00:00
KeyPers_NewYork_1231274,NewYork_MATERIEL_INFO_202609057,NewYork,2026-09-05 00:00:00
KeyPers_NewYork_1231279,NewYork_MATERIEL_INFO_202609058,NewYork,2026-09-05 00:00:00
KeyPers_NewYork_1232591,NewYork_MATERIEL_INFO_202609059,NewYork,2026-09-05 00:00:00
KeyPers_NewYork_1230629,NewYork_MATERIEL_INFO_2026090510,NewYork,2026-09-05 00:00:00
KeyPers_NewYork_1230899,NewYork_MATERIEL_INFO_2026090511,NewYork,2026-09-05 00:00:00
KeyPers_NewYork_1232019,NewYork_MATERIEL_INFO_2026090512,NewYork,2026-09-05 00:00:00
KeyPers_NewYork_1230612,NewYork_MATERIEL_INFO_2026090513,NewYork,2026-09-05 00:00:00
KeyPers_Paris_1234407,Paris_MATERIEL_INFO_202609050,Paris,2026-09-05 00:00:00
KeyPers_Paris_1233970,Paris_MATERIEL_INFO_202609051,Paris,2026-09-05 00:00:00
KeyPers_Paris_1232550,Paris_MATERIEL_INFO_202609052,Paris,2026-09-05 00:00:00
KeyPers_Paris_1234647,Paris_MATERIEL_INFO_202609053,Paris,2026-09-05 00:00:00
KeyPers_Paris_1232435,Paris_MATERIEL_INFO_202609054,Paris,2026-09-05 00:00:00
KeyPers_Paris_1230481,Paris_MATERIEL_INFO_202609055,Paris,2026-09-05 00:00:00
KeyPers_Paris_1232260,Paris_MATERIEL_INFO_202609056,Paris,2026-09-05 00:00:00
KeyPers_Paris_1232897,Paris_MATERIEL_INFO_202609057,Paris,2026-09-05 00:00:00
KeyPers_Paris_1233498,Paris_MATERIEL_INFO_202609058,Paris,2026-09-05 00:00:00
KeyPers_Paris_1231943,Paris_MATERIEL_INFO_202609059,Paris,2026-09-05 00:00:00
KeyPers_Paris_1233155,Paris_MATERIEL_INFO_2026090510,Paris,2026-09-05 00:00:00
KeyPers_Paris_1231482,Paris_MATERIEL_INFO_2026090511,Paris,2026-09-05 00:00:00
KeyPers_Paris_1233410,Paris_MATERIEL_INFO_2026090512,Paris,2026-09-05 00:00:00
KeyPers_Paris_1234978,Paris_MATERIEL_INFO_2026090513,Paris,2026-09-05 00:00:00
KeyPers_Shanghai_1230793,Shanghai_MATERIEL_INFO_202609050,Shanghai,2026-09-05 00:00:00
KeyPers_Shanghai_1230485,Shanghai_MATERIEL_INFO_202609051,Shanghai,2026-09-05 00:00:00
KeyPers_Shanghai_1230907,Shanghai_MATERIEL_INFO_202609052,Shanghai,2026-09-05 00:00:00
KeyPers_Shanghai_1230086,Shanghai_MATERIEL_INFO_202609053,Shanghai,2026-09-05 00:00:00
KeyPers_Shanghai_1230365,Shanghai_MATERIEL_INFO_202609054,Shanghai,2026-09-05 00:00:00
KeyPers_Shanghai_1230616,Shanghai_MATERIEL_INFO_202609055,Shanghai,2026-09-05 00:00:00
KeyPers_Shanghai_1230867,Shanghai_MATERIEL_INFO_202609056,Shanghai,2026-09-05 00:00:00
KeyPers_Shanghai_1230026,Shanghai_MATERIEL_INFO_202609057,Shanghai,2026-09-05 00:00:00
KeyPers_Shanghai_1230259,Shanghai_MATERIEL_INFO_202609058,Shanghai,2026-09-05 00:00:00
KeyPers_Shanghai_1230904,Shanghai_MATERIEL_INFO_202609059,Shanghai,2026-09-05 00:00:00
KeyPers_Shanghai_1230636,Shanghai_MATERIEL_INFO_2026090510,Shanghai,2026-09-05 00:00:00
KeyPers_Shanghai_1230992,Shanghai_MATERIEL_INFO_2026090511,Shanghai,2026-09-05 00:00:00
KeyPers_Shanghai_1230443,Shanghai_MATERIEL_INFO_2026090512,Shanghai,2026-09-05 00:00:00
KeyPers_Shanghai_1230073,Shanghai_MATERIEL_INFO_2026090513,Shanghai,2026-09-05 00:00:00
KeyPers_Berlin_1230749,BERLIN_MATERIEL_INFO_202609060,Berlin,2026-09-06 00:00:00
KeyPers_Berlin_1231453,BERLIN_MATERIEL_INFO_202609061,Berlin,2026-09-06 00:00:00
KeyPers_Berlin_1231218,BERLIN_MATERIEL_INFO_202609062,Berlin,2026-09-06 00:00:00
KeyPers_Berlin_1232108,BERLIN_MATERIEL_INFO_202609063,Berlin,2026-09-06 00:00:00
KeyPers_Berlin_1233759,BERLIN_MATERIEL_INFO_202609064,Berlin,2026-09-06 00:00:00
KeyPers_London_1232876,LONDON_MATERIEL_INFO_202609060,London,2026-09-06 00:00:00
KeyPers_London_1232474,LONDON_MATERIEL_INFO_202609061,London,2026-09-06 00:00:00
KeyPers_London_1231976,LONDON_MATERIEL_INFO_202609062,London,2026-09-06 00:00:00
KeyPers_London_1231485,LONDON_MATERIEL_INFO_202609063,London,2026-09-06 00:00:00
KeyPers_London_1233491,LONDON_MATERIEL_INFO_202609064,London,2026-09-06 00:00:00
KeyPers_London_1232678,LONDON_MATERIEL_INFO_202609065,London,2026-09-06 00:00:00
KeyPers_London_1230137,LONDON_MATERIEL_INFO_202609066,London,2026-09-06 00:00:00
KeyPers_London_1232396,LONDON_MATERIEL_INFO_202609067,London,2026-09-06 00:00:00
KeyPers_London_1232792,LONDON_MATERIEL_INFO_202609068,London,2026-09-06 00:00:00
KeyPers_LA_1230565,LA_MATERIEL_INFO_202609060,LA,2026-09-06 00:00:00
KeyPers_LA_1230075,LA_MATERIEL_INFO_202609061,LA,2026-09-06 00:00:00
KeyPers_LA_1232466,LA_MATERIEL_INFO_202609062,LA,2026-09-06 00:00:00
KeyPers_LA_1231473,LA_MATERIEL_INFO_202609063,LA,2026-09-06 00:00:00
KeyPers_LA_1231143,LA_MATERIEL_INFO_202609064,LA,2026-09-06 00:00:00
KeyPers_LA_1230439,LA_MATERIEL_INFO_202609065,LA,2026-09-06 00:00:00
KeyPers_LA_1230469,LA_MATERIEL_INFO_202609066,LA,2026-09-06 00:00:00
KeyPers_LA_1231270,LA_MATERIEL_INFO_202609067,LA,2026-09-06 00:00:00
KeyPers_LA_1231471,LA_MATERIEL_INFO_202609068,LA,2026-09-06 00:00:00
KeyPers_NewYork_1231739,NewYork_MATERIEL_INFO_202609060,NewYork,2026-09-06 00:00:00
KeyPers_Paris_1230730,Paris_MATERIEL_INFO_202609060,Paris,2026-09-06 00:00:00
KeyPers_Paris_1230599,Paris_MATERIEL_INFO_202609061,Paris,2026-09-06 00:00:00
KeyPers_Paris_1234776,Paris_MATERIEL_INFO_202609062,Paris,2026-09-06 00:00:00
KeyPers_Paris_1232310,Paris_MATERIEL_INFO_202609063,Paris,2026-09-06 00:00:00
KeyPers_Paris_1233649,Paris_MATERIEL_INFO_202609064,Paris,2026-09-06 00:00:00
KeyPers_Paris_1233923,Paris_MATERIEL_INFO_202609065,Paris,2026-09-06 00:00:00
KeyPers_Paris_1232515,Paris_MATERIEL_INFO_202609066,Paris,2026-09-06 00:00:00
KeyPers_Paris_1231036,Paris_MATERIEL_INFO_202609067,Paris,2026-09-06 00:00:00
KeyPers_Shanghai_1230252,Shanghai_MATERIEL_INFO_202609060,Shanghai,2026-09-06 00:00:00
KeyPers_Shanghai_1230857,Shanghai_MATERIEL_INFO_202609061,Shanghai,2026-09-06 00:00:00
KeyPers_Shanghai_1230586,Shanghai_MATERIEL_INFO_202609062,Shanghai,2026-09-06 00:00:00
KeyPers_Shanghai_1230205,Shanghai_MATERIEL_INFO_202609063,Shanghai,2026-09-06 00:00:00
KeyPers_Berlin_1231640,BERLIN_MATERIEL_INFO_202609070,Berlin,2026-09-07 00:00:00
KeyPers_Berlin_1231166,BERLIN_MATERIEL_INFO_202609071,Berlin,2026-09-07 00:00:00
KeyPers_Berlin_1233966,BERLIN_MATERIEL_INFO_202609072,Berlin,2026-09-07 00:00:00
KeyPers_Berlin_1233474,BERLIN_MATERIEL_INFO_202609073,Berlin,2026-09-07 00:00:00
KeyPers_Berlin_1233441,BERLIN_MATERIEL_INFO_202609074,Berlin,2026-09-07 00:00:00
KeyPers_London_1231043,LONDON_MATERIEL_INFO_202609070,London,2026-09-07 00:00:00
KeyPers_London_1233042,LONDON_MATERIEL_INFO_202609071,London,2026-09-07 00:00:00
KeyPers_London_1232876,LONDON_MATERIEL_INFO_202609072,London,2026-09-07 00:00:00
KeyPers_LA_1230079,LA_MATERIEL_INFO_202609070,LA,2026-09-07 00:00:00
KeyPers_LA_1231381,LA_MATERIEL_INFO_202609071,LA,2026-09-07 00:00:00
KeyPers_LA_1230909,LA_MATERIEL_INFO_202609072,LA,2026-09-07 00:00:00
KeyPers_LA_1230096,LA_MATERIEL_INFO_202609073,LA,2026-09-07 00:00:00
KeyPers_LA_1232155,LA_MATERIEL_INFO_202609074,LA,2026-09-07 00:00:00
KeyPers_LA_1231696,LA_MATERIEL_INFO_202609075,LA,2026-09-07 00:00:00
KeyPers_LA_1232355,LA_MATERIEL_INFO_202609076,LA,2026-09-07 00:00:00
KeyPers_LA_1230785,LA_MATERIEL_INFO_202609077,LA,2026-09-07 00:00:00
KeyPers_LA_1232009,LA_MATERIEL_INFO_202609078,LA,2026-09-07 00:00:00
KeyPers_LA_1231727,LA_MATERIEL_INFO_202609079,LA,2026-09-07 00:00:00
KeyPers_NewYork_1231199,NewYork_MATERIEL_INFO_202609070,NewYork,2026-09-07 00:00:00
KeyPers_NewYork_1230061,NewYork_MATERIEL_INFO_202609071,NewYork,2026-09-07 00:00:00
KeyPers_NewYork_1231298,NewYork_MATERIEL_INFO_202609072,NewYork,2026-09-07 00:00:00
KeyPers_NewYork_1231245,NewYork_MATERIEL_INFO_202609073,NewYork,2026-09-07 00:00:00
KeyPers_NewYork_1230931,NewYork_MATERIEL_INFO_202609074,NewYork,2026-09-07 00:00:00
KeyPers_Paris_1232385,Paris_MATERIEL_INFO_202609070,Paris,2026-09-07 00:00:00
KeyPers_Paris_1232585,Paris_MATERIEL_INFO_202609071,Paris,2026-09-07 00:00:00
KeyPers_Paris_1231066,Paris_MATERIEL_INFO_202609072,Paris,2026-09-07 00:00:00
KeyPers_Paris_1230446,Paris_MATERIEL_INFO_202609073,Paris,2026-09-07 00:00:00
KeyPers_Paris_1233192,Paris_MATERIEL_INFO_202609074,Paris,2026-09-07 00:00:00
KeyPers_Paris_1234839,Paris_MATERIEL_INFO_202609075,Paris,2026-09-07 00:00:00
KeyPers_Paris_1233979,Paris_MATERIEL_INFO_202609076,Paris,2026-09-07 00:00:00
KeyPers_Paris_1234746,Paris_MATERIEL_INFO_202609077,Paris,2026-09-07 00:00:00
KeyPers_Paris_1234348,Paris_MATERIEL_INFO_202609078,Paris,2026-09-07 00:00:00
KeyPers_Shanghai_1230290,Shanghai_MATERIEL_INFO_202609070,Shanghai,2026-09-07 00:00:00
KeyPers_Shanghai_1230117,Shanghai_MATERIEL_INFO_202609071,Shanghai,2026-09-07 00:00:00
KeyPers_Shanghai_1230408,Shanghai_MATERIEL_INFO_202609072,Shanghai,2026-09-07 00:00:00
KeyPers_Shanghai_1230106,Shanghai_MATERIEL_INFO_202609073,Shanghai,2026-09-07 00:00:00
KeyPers_Shanghai_1230476,Shanghai_MATERIEL_INFO_202609074,Shanghai,2026-09-07 00:00:00
KeyPers_Shanghai_1230732,Shanghai_MATERIEL_INFO_202609075,Shanghai,2026-09-07 00:00:00
KeyPers_Shanghai_1230924,Shanghai_MATERIEL_INFO_202609076,Shanghai,2026-09-07 00:00:00
KeyPers_Shanghai_1230936,Shanghai_MATERIEL_INFO_202609077,Shanghai,2026-09-07 00:00:00
KeyPers_Shanghai_1230482,Shanghai_MATERIEL_INFO_202609078,Shanghai,2026-09-07 00:00:00
KeyPers_Berlin_1232714,BERLIN_MATERIEL_INFO_202609080,Berlin,2026-09-08 00:00:00
KeyPers_Berlin_1230886,BERLIN_MATERIEL_INFO_202609081,Berlin,2026-09-08 00:00:00
KeyPers_Berlin_1232304,BERLIN_MATERIEL_INFO_202609082,Berlin,2026-09-08 00:00:00
KeyPers_London_1230194,LONDON_MATERIEL_INFO_202609080,London,2026-09-08 00:00:00
KeyPers_London_1233400,LONDON_MATERIEL_INFO_202609081,London,2026-09-08 00:00:00
KeyPers_London_1230352,LONDON_MATERIEL_INFO_202609082,London,2026-09-08 00:00:00
KeyPers_LA_1230056,LA_MATERIEL_INFO_202609080,LA,2026-09-08 00:00:00
KeyPers_LA_1232394,LA_MATERIEL_INFO_202609081,LA,2026-09-08 00:00:00
KeyPers_LA_1231921,LA_MATERIEL_INFO_202609082,LA,2026-09-08 00:00:00
KeyPers_LA_1232689,LA_MATERIEL_INFO_202609083,LA,2026-09-08 00:00:00
KeyPers_LA_1231727,LA_MATERIEL_INFO_202609084,LA,2026-09-08 00:00:00
KeyPers_LA_1230412,LA_MATERIEL_INFO_202609085,LA,2026-09-08 00:00:00
KeyPers_LA_1231200,LA_MATERIEL_INFO_202609086,LA,2026-09-08 00:00:00
KeyPers_LA_1230462,LA_MATERIEL_INFO_202609087,LA,2026-09-08 00:00:00
KeyPers_LA_1231087,LA_MATERIEL_INFO_202609088,LA,2026-09-08 00:00:00
KeyPers_LA_1231216,LA_MATERIEL_INFO_202609089,LA,2026-09-08 00:00:00
KeyPers_LA_1232544,LA_MATERIEL_INFO_2026090810,LA,2026-09-08 00:00:00
KeyPers_NewYork_1232447,NewYork_MATERIEL_INFO_202609080,NewYork,2026-09-08 00:00:00
KeyPers_NewYork_1232198,NewYork_MATERIEL_INFO_202609081,NewYork,2026-09-08 00:00:00
KeyPers_NewYork_1232845,NewYork_MATERIEL_INFO_202609082,NewYork,2026-09-08 00:00:00
KeyPers_NewYork_1231537,NewYork_MATERIEL_INFO_202609083,NewYork,2026-09-08 00:00:00
KeyPers_Paris_1231946,Paris_MATERIEL_INFO_202609080,Paris,2026-09-08 00:00:00
KeyPers_Shanghai_1230040,Shanghai_MATERIEL_INFO_202609080,Shanghai,2026-09-08 00:00:00
KeyPers_Shanghai_1230546,Shanghai_MATERIEL_INFO_202609081,Shanghai,2026-09-08 00:00:00
KeyPers_Shanghai_1230639,Shanghai_MATERIEL_INFO_202609082,Shanghai,2026-09-08 00:00:00
KeyPers_Shanghai_1230196,Shanghai_MATERIEL_INFO_202609083,Shanghai,2026-09-08 00:00:00
KeyPers_Shanghai_1230157,Shanghai_MATERIEL_INFO_202609084,Shanghai,2026-09-08 00:00:00
KeyPers_Shanghai_1230894,Shanghai_MATERIEL_INFO_202609085,Shanghai,2026-09-08 00:00:00
KeyPers_Berlin_1230844,BERLIN_MATERIEL_INFO_202609090,Berlin,2026-09-09 00:00:00
KeyPers_Berlin_1230100,BERLIN_MATERIEL_INFO_202609091,Berlin,2026-09-09 00:00:00
KeyPers_Berlin_1231208,BERLIN_MATERIEL_INFO_202609092,Berlin,2026-09-09 00:00:00
KeyPers_Berlin_1232071,BERLIN_MATERIEL_INFO_202609093,Berlin,2026-09-09 00:00:00
KeyPers_Berlin_1231477,BERLIN_MATERIEL_INFO_202609094,Berlin,2026-09-09 00:00:00
KeyPers_London_1234105,LONDON_MATERIEL_INFO_202609090,London,2026-09-09 00:00:00
KeyPers_London_1233485,LONDON_MATERIEL_INFO_202609091,London,2026-09-09 00:00:00
KeyPers_London_1231483,LONDON_MATERIEL_INFO_202609092,London,2026-09-09 00:00:00
KeyPers_London_1233058,LONDON_MATERIEL_INFO_202609093,London,2026-09-09 00:00:00
KeyPers_London_1230613,LONDON_MATERIEL_INFO_202609094,London,2026-09-09 00:00:00
KeyPers_London_1233257,LONDON_MATERIEL_INFO_202609095,London,2026-09-09 00:00:00
KeyPers_LA_1231381,LA_MATERIEL_INFO_202609090,LA,2026-09-09 00:00:00
KeyPers_LA_1230814,LA_MATERIEL_INFO_202609091,LA,2026-09-09 00:00:00
KeyPers_LA_1230431,LA_MATERIEL_INFO_202609092,LA,2026-09-09 00:00:00
KeyPers_LA_1232667,LA_MATERIEL_INFO_202609093,LA,2026-09-09 00:00:00
KeyPers_LA_1232774,LA_MATERIEL_INFO_202609094,LA,2026-09-09 00:00:00
KeyPers_LA_1230633,LA_MATERIEL_INFO_202609095,LA,2026-09-09 00:00:00
KeyPers_LA_1230354,LA_MATERIEL_INFO_202609096,LA,2026-09-09 00:00:00
KeyPers_LA_1231936,LA_MATERIEL_INFO_202609097,LA,2026-09-09 00:00:00
KeyPers_LA_1231525,LA_MATERIEL_INFO_202609098,LA,2026-09-09 00:00:00
KeyPers_LA_1231943,LA_MATERIEL_INFO_202609099,LA,2026-09-09 00:00:00
KeyPers_LA_1230144,LA_MATERIEL_INFO_2026090910,LA,2026-09-09 00:00:00
KeyPers_LA_1231704,LA_MATERIEL_INFO_2026090911,LA,2026-09-09 00:00:00
KeyPers_LA_1230177,LA_MATERIEL_INFO_2026090912,LA,2026-09-09 00:00:00
KeyPers_NewYork_1232001,NewYork_MATERIEL_INFO_202609090,NewYork,2026-09-09 00:00:00
KeyPers_NewYork_1230677,NewYork_MATERIEL_INFO_202609091,NewYork,2026-09-09 00:00:00
KeyPers_NewYork_1231485,NewYork_MATERIEL_INFO_202609092,NewYork,2026-09-09 00:00:00
KeyPers_NewYork_1233079,NewYork_MATERIEL_INFO_202609093,NewYork,2026-09-09 00:00:00
KeyPers_NewYork_1230105,NewYork_MATERIEL_INFO_202609094,NewYork,2026-09-09 00:00:00
KeyPers_NewYork_1231696,NewYork_MATERIEL_INFO_202609095,NewYork,2026-09-09 00:00:00
KeyPers_NewYork_1232307,NewYork_MATERIEL_INFO_202609096,NewYork,2026-09-09 00:00:00
KeyPers_NewYork_1230510,NewYork_MATERIEL_INFO_202609097,NewYork,2026-09-09 00:00:00
KeyPers_NewYork_1230950,NewYork_MATERIEL_INFO_202609098,NewYork,2026-09-09 00:00:00
KeyPers_NewYork_1231508,NewYork_MATERIEL_INFO_202609099,NewYork,2026-09-09 00:00:00
KeyPers_Paris_1230174,Paris_MATERIEL_INFO_202609090,Paris,2026-09-09 00:00:00
KeyPers_Paris_1233901,Paris_MATERIEL_INFO_202609091,Paris,2026-09-09 00:00:00
KeyPers_Paris_1231119,Paris_MATERIEL_INFO_202609092,Paris,2026-09-09 00:00:00
KeyPers_Paris_1233339,Paris_MATERIEL_INFO_202609093,Paris,2026-09-09 00:00:00
KeyPers_Shanghai_1230289,Shanghai_MATERIEL_INFO_202609090,Shanghai,2026-09-09 00:00:00
KeyPers_Shanghai_1230159,Shanghai_MATERIEL_INFO_202609091,Shanghai,2026-09-09 00:00:00
KeyPers_Shanghai_1230336,Shanghai_MATERIEL_INFO_202609092,Shanghai,2026-09-09 00:00:00
KeyPers_Shanghai_1230952,Shanghai_MATERIEL_INFO_202609093,Shanghai,2026-09-09 00:00:00
KeyPers_Berlin_1230933,BERLIN_MATERIEL_INFO_202609100,Berlin,2026-09-10 00:00:00
KeyPers_Berlin_1233914,BERLIN_MATERIEL_INFO_202609101,Berlin,2026-09-10 00:00:00
KeyPers_Berlin_1232954,BERLIN_MATERIEL_INFO_202609102,Berlin,2026-09-10 00:00:00
KeyPers_Berlin_1230327,BERLIN_MATERIEL_INFO_202609103,Berlin,2026-09-10 00:00:00
KeyPers_Berlin_1231764,BERLIN_MATERIEL_INFO_202609104,Berlin,2026-09-10 00:00:00
KeyPers_London_1230634,LONDON_MATERIEL_INFO_202609100,London,2026-09-10 00:00:00
KeyPers_London_1234058,LONDON_MATERIEL_INFO_202609101,London,2026-09-10 00:00:00
KeyPers_London_1230780,LONDON_MATERIEL_INFO_202609102,London,2026-09-10 00:00:00
KeyPers_London_1230307,LONDON_MATERIEL_INFO_202609103,London,2026-09-10 00:00:00
KeyPers_London_1233519,LONDON_MATERIEL_INFO_202609104,London,2026-09-10 00:00:00
KeyPers_London_1232035,LONDON_MATERIEL_INFO_202609105,London,2026-09-10 00:00:00
KeyPers_London_1233257,LONDON_MATERIEL_INFO_202609106,London,2026-09-10 00:00:00
KeyPers_LA_1230890,LA_MATERIEL_INFO_202609100,LA,2026-09-10 00:00:00
KeyPers_LA_1231329,LA_MATERIEL_INFO_202609101,LA,2026-09-10 00:00:00
KeyPers_LA_1232424,LA_MATERIEL_INFO_202609102,LA,2026-09-10 00:00:00
KeyPers_LA_1232713,LA_MATERIEL_INFO_202609103,LA,2026-09-10 00:00:00
KeyPers_LA_1231290,LA_MATERIEL_INFO_202609104,LA,2026-09-10 00:00:00
KeyPers_LA_1232219,LA_MATERIEL_INFO_202609105,LA,2026-09-10 00:00:00
KeyPers_LA_1231324,LA_MATERIEL_INFO_202609106,LA,2026-09-10 00:00:00
KeyPers_LA_1232207,LA_MATERIEL_INFO_202609107,LA,2026-09-10 00:00:00
KeyPers_LA_1230117,LA_MATERIEL_INFO_202609108,LA,2026-09-10 00:00:00
KeyPers_LA_1232060,LA_MATERIEL_INFO_202609109,LA,2026-09-10 00:00:00
KeyPers_LA_1230978,LA_MATERIEL_INFO_2026091010,LA,2026-09-10 00:00:00
KeyPers_LA_1232887,LA_MATERIEL_INFO_2026091011,LA,2026-09-10 00:00:00
KeyPers_NewYork_1231647,NewYork_MATERIEL_INFO_202609100,NewYork,2026-09-10 00:00:00
KeyPers_NewYork_1231844,NewYork_MATERIEL_INFO_202609101,NewYork,2026-09-10 00:00:00
KeyPers_NewYork_1230545,NewYork_MATERIEL_INFO_202609102,NewYork,2026-09-10 00:00:00
KeyPers_NewYork_1231732,NewYork_MATERIEL_INFO_202609103,NewYork,2026-09-10 00:00:00
KeyPers_NewYork_1231748,NewYork_MATERIEL_INFO_202609104,NewYork,2026-09-10 00:00:00
KeyPers_NewYork_1230633,NewYork_MATERIEL_INFO_202609105,NewYork,2026-09-10 00:00:00
KeyPers_NewYork_1230273,NewYork_MATERIEL_INFO_202609106,NewYork,2026-09-10 00:00:00
KeyPers_NewYork_1231014,NewYork_MATERIEL_INFO_202609107,NewYork,2026-09-10 00:00:00
KeyPers_NewYork_1232124,NewYork_MATERIEL_INFO_202609108,NewYork,2026-09-10 00:00:00
KeyPers_NewYork_1230812,NewYork_MATERIEL_INFO_202609109,NewYork,2026-09-10 00:00:00
KeyPers_NewYork_1232642,NewYork_MATERIEL_INFO_2026091010,NewYork,2026-09-10 00:00:00
KeyPers_NewYork_1230400,NewYork_MATERIEL_INFO_2026091011,NewYork,2026-09-10 00:00:00
KeyPers_NewYork_1232501,NewYork_MATERIEL_INFO_2026091012,NewYork,2026-09-10 00:00:00
KeyPers_Paris_1234876,Paris_MATERIEL_INFO_202609100,Paris,2026-09-10 00:00:00
KeyPers_Paris_1231536,Paris_MATERIEL_INFO_202609101,Paris,2026-09-10 00:00:00
KeyPers_Paris_1232050,Paris_MATERIEL_INFO_202609102,Paris,2026-09-10 00:00:00
KeyPers_Paris_1231916,Paris_MATERIEL_INFO_202609103,Paris,2026-09-10 00:00:00
KeyPers_Paris_1233030,Paris_MATERIEL_INFO_202609104,Paris,2026-09-10 00:00:00
KeyPers_Shanghai_1230482,Shanghai_MATERIEL_INFO_202609100,Shanghai,2026-09-10 00:00:00
KeyPers_Shanghai_1230443,Shanghai_MATERIEL_INFO_202609101,Shanghai,2026-09-10 00:00:00
KeyPers_Shanghai_1230271,Shanghai_MATERIEL_INFO_202609102,Shanghai,2026-09-10 00:00:00
KeyPers_Shanghai_1230898,Shanghai_MATERIEL_INFO_202609103,Shanghai,2026-09-10 00:00:00
KeyPers_Shanghai_1230261,Shanghai_MATERIEL_INFO_202609104,Shanghai,2026-09-10 00:00:00
KeyPers_Shanghai_1230278,Shanghai_MATERIEL_INFO_202609105,Shanghai,2026-09-10 00:00:00
KeyPers_Shanghai_1230384,Shanghai_MATERIEL_INFO_202609106,Shanghai,2026-09-10 00:00:00
KeyPers_Shanghai_1230984,Shanghai_MATERIEL_INFO_202609107,Shanghai,2026-09-10 00:00:00
KeyPers_Shanghai_1230425,Shanghai_MATERIEL_INFO_202609108,Shanghai,2026-09-10 00:00:00
KeyPers_Shanghai_1230254,Shanghai_MATERIEL_INFO_202609109,Shanghai,2026-09-10 00:00:00
KeyPers_Berlin_1232957,BERLIN_MATERIEL_INFO_202609110,Berlin,2026-09-11 00:00:00
KeyPers_Berlin_1231515,BERLIN_MATERIEL_INFO_202609111,Berlin,2026-09-11 00:00:00
KeyPers_Berlin_1230577,BERLIN_MATERIEL_INFO_202609112,Berlin,2026-09-11 00:00:00
KeyPers_London_1230218,LONDON_MATERIEL_INFO_202609110,London,2026-09-11 00:00:00
KeyPers_London_1230101,LONDON_MATERIEL_INFO_202609111,London,2026-09-11 00:00:00
KeyPers_London_1232280,LONDON_MATERIEL_INFO_202609112,London,2026-09-11 00:00:00
KeyPers_London_1233790,LONDON_MATERIEL_INFO_202609113,London,2026-09-11 00:00:00
KeyPers_London_1233365,LONDON_MATERIEL_INFO_202609114,London,2026-09-11 00:00:00
KeyPers_London_1231407,LONDON_MATERIEL_INFO_202609115,London,2026-09-11 00:00:00
KeyPers_London_1230382,LONDON_MATERIEL_INFO_202609116,London,2026-09-11 00:00:00
KeyPers_LA_1230784,LA_MATERIEL_INFO_202609110,LA,2026-09-11 00:00:00
KeyPers_LA_1230702,LA_MATERIEL_INFO_202609111,LA,2026-09-11 00:00:00
KeyPers_NewYork_1230181,NewYork_MATERIEL_INFO_202609110,NewYork,2026-09-11 00:00:00
KeyPers_NewYork_1232237,NewYork_MATERIEL_INFO_202609111,NewYork,2026-09-11 00:00:00
KeyPers_NewYork_1230771,NewYork_MATERIEL_INFO_202609112,NewYork,2026-09-11 00:00:00
KeyPers_NewYork_1232601,NewYork_MATERIEL_INFO_202609113,NewYork,2026-09-11 00:00:00
KeyPers_Paris_1232332,Paris_MATERIEL_INFO_202609110,Paris,2026-09-11 00:00:00
KeyPers_Paris_1231744,Paris_MATERIEL_INFO_202609111,Paris,2026-09-11 00:00:00
KeyPers_Paris_1232560,Paris_MATERIEL_INFO_202609112,Paris,2026-09-11 00:00:00
KeyPers_Paris_1230620,Paris_MATERIEL_INFO_202609113,Paris,2026-09-11 00:00:00
KeyPers_Paris_1231887,Paris_MATERIEL_INFO_202609114,Paris,2026-09-11 00:00:00
KeyPers_Shanghai_1230247,Shanghai_MATERIEL_INFO_202609110,Shanghai,2026-09-11 00:00:00
KeyPers_Shanghai_1230298,Shanghai_MATERIEL_INFO_202609111,Shanghai,2026-09-11 00:00:00
KeyPers_Shanghai_1230505,Shanghai_MATERIEL_INFO_202609112,Shanghai,2026-09-11 00:00:00
KeyPers_Shanghai_1230099,Shanghai_MATERIEL_INFO_202609113,Shanghai,2026-09-11 00:00:00
KeyPers_Berlin_1233960,BERLIN_MATERIEL_INFO_202609120,Berlin,2026-09-12 00:00:00
KeyPers_Berlin_1231858,BERLIN_MATERIEL_INFO_202609121,Berlin,2026-09-12 00:00:00
KeyPers_Berlin_1234229,BERLIN_MATERIEL_INFO_202609122,Berlin,2026-09-12 00:00:00
KeyPers_London_1233119,LONDON_MATERIEL_INFO_202609120,London,2026-09-12 00:00:00
KeyPers_London_1231838,LONDON_MATERIEL_INFO_202609121,London,2026-09-12 00:00:00
KeyPers_London_1233352,LONDON_MATERIEL_INFO_202609122,London,2026-09-12 00:00:00
KeyPers_London_1230331,LONDON_MATERIEL_INFO_202609123,London,2026-09-12 00:00:00
KeyPers_London_1230734,LONDON_MATERIEL_INFO_202609124,London,2026-09-12 00:00:00
KeyPers_London_1233497,LONDON_MATERIEL_INFO_202609125,London,2026-09-12 00:00:00
KeyPers_London_1232882,LONDON_MATERIEL_INFO_202609126,London,2026-09-12 00:00:00
KeyPers_London_1232936,LONDON_MATERIEL_INFO_202609127,London,2026-09-12 00:00:00
KeyPers_London_1231383,LONDON_MATERIEL_INFO_202609128,London,2026-09-12 00:00:00
KeyPers_LA_1232795,LA_MATERIEL_INFO_202609120,LA,2026-09-12 00:00:00
KeyPers_LA_1232074,LA_MATERIEL_INFO_202609121,LA,2026-09-12 00:00:00
KeyPers_LA_1230747,LA_MATERIEL_INFO_202609122,LA,2026-09-12 00:00:00
KeyPers_LA_1231550,LA_MATERIEL_INFO_202609123,LA,2026-09-12 00:00:00
KeyPers_LA_1232564,LA_MATERIEL_INFO_202609124,LA,2026-09-12 00:00:00
KeyPers_LA_1232894,LA_MATERIEL_INFO_202609125,LA,2026-09-12 00:00:00
KeyPers_LA_1232424,LA_MATERIEL_INFO_202609126,LA,2026-09-12 00:00:00
KeyPers_LA_1232132,LA_MATERIEL_INFO_202609127,LA,2026-09-12 00:00:00
KeyPers_LA_1231559,LA_MATERIEL_INFO_202609128,LA,2026-09-12 00:00:00
KeyPers_NewYork_1232252,NewYork_MATERIEL_INFO_202609120,NewYork,2026-09-12 00:00:00
KeyPers_Paris_1234580,Paris_MATERIEL_INFO_202609120,Paris,2026-09-12 00:00:00
KeyPers_Paris_1233958,Paris_MATERIEL_INFO_202609121,Paris,2026-09-12 00:00:00
KeyPers_Paris_1232896,Paris_MATERIEL_INFO_202609122,Paris,2026-09-12 00:00:00
KeyPers_Paris_1230404,Paris_MATERIEL_INFO_202609123,Paris,2026-09-12 00:00:00
KeyPers_Paris_1232540,Paris_MATERIEL_INFO_202609124,Paris,2026-09-12 00:00:00
KeyPers_Paris_1231080,Paris_MATERIEL_INFO_202609125,Paris,2026-09-12 00:00:00
KeyPers_Paris_1231201,Paris_MATERIEL_INFO_202609126,Paris,2026-09-12 00:00:00
KeyPers_Shanghai_1230777,Shanghai_MATERIEL_INFO_202609120,Shanghai,2026-09-12 00:00:00
KeyPers_Berlin_1230209,BERLIN_MATERIEL_INFO_202609130,Berlin,2026-09-13 00:00:00
KeyPers_London_1233285,LONDON_MATERIEL_INFO_202609130,London,2026-09-13 00:00:00
KeyPers_London_1230542,LONDON_MATERIEL_INFO_202609131,London,2026-09-13 00:00:00
KeyPers_London_1233473,LONDON_MATERIEL_INFO_202609132,London,2026-09-13 00:00:00
KeyPers_London_1231695,LONDON_MATERIEL_INFO_202609133,London,2026-09-13 00:00:00
KeyPers_London_1231816,LONDON_MATERIEL_INFO_202609134,London,2026-09-13 00:00:00
KeyPers_London_1233165,LONDON_MATERIEL_INFO_202609135,London,2026-09-13 00:00:00
KeyPers_London_1232934,LONDON_MATERIEL_INFO_202609136,London,2026-09-13 00:00:00
KeyPers_London_1230433,LONDON_MATERIEL_INFO_202609137,London,2026-09-13 00:00:00
KeyPers_LA_1231868,LA_MATERIEL_INFO_202609130,LA,2026-09-13 00:00:00
KeyPers_LA_1230265,LA_MATERIEL_INFO_202609131,LA,2026-09-13 00:00:00
KeyPers_LA_1231046,LA_MATERIEL_INFO_202609132,LA,2026-09-13 00:00:00
KeyPers_LA_1231896,LA_MATERIEL_INFO_202609133,LA,2026-09-13 00:00:00
KeyPers_LA_1232590,LA_MATERIEL_INFO_202609134,LA,2026-09-13 00:00:00
KeyPers_LA_1232968,LA_MATERIEL_INFO_202609135,LA,2026-09-13 00:00:00
KeyPers_LA_1230921,LA_MATERIEL_INFO_202609136,LA,2026-09-13 00:00:00
KeyPers_LA_1230101,LA_MATERIEL_INFO_202609137,LA,2026-09-13 00:00:00
KeyPers_LA_1232875,LA_MATERIEL_INFO_202609138,LA,2026-09-13 00:00:00
KeyPers_LA_1232168,LA_MATERIEL_INFO_202609139,LA,2026-09-13 00:00:00
KeyPers_LA_1230270,LA_MATERIEL_INFO_2026091310,LA,2026-09-13 00:00:00
KeyPers_LA_1232604,LA_MATERIEL_INFO_2026091311,LA,2026-09-13 00:00:00
KeyPers_NewYork_1230727,NewYork_MATERIEL_INFO_202609130,NewYork,2026-09-13 00:00:00
KeyPers_Paris_1232212,Paris_MATERIEL_INFO_202609130,Paris,2026-09-13 00:00:00
KeyPers_Paris_1231579,Paris_MATERIEL_INFO_202609131,Paris,2026-09-13 00:00:00
KeyPers_Paris_1230143,Paris_MATERIEL_INFO_202609132,Paris,2026-09-13 00:00:00
KeyPers_Paris_1233368,Paris_MATERIEL_INFO_202609133,Paris,2026-09-13 00:00:00
KeyPers_Paris_1233073,Paris_MATERIEL_INFO_202609134,Paris,2026-09-13 00:00:00
KeyPers_Paris_1234152,Paris_MATERIEL_INFO_202609135,Paris,2026-09-13 00:00:00
KeyPers_Paris_1231650,Paris_MATERIEL_INFO_202609136,Paris,2026-09-13 00:00:00
KeyPers_Paris_1231725,Paris_MATERIEL_INFO_202609137,Paris,2026-09-13 00:00:00
KeyPers_Paris_1232230,Paris_MATERIEL_INFO_202609138,Paris,2026-09-13 00:00:00
KeyPers_Shanghai_1230830,Shanghai_MATERIEL_INFO_202609130,Shanghai,2026-09-13 00:00:00
KeyPers_Shanghai_1230297,Shanghai_MATERIEL_INFO_202609131,Shanghai,2026-09-13 00:00:00
KeyPers_Shanghai_1230922,Shanghai_MATERIEL_INFO_202609132,Shanghai,2026-09-13 00:00:00
KeyPers_Berlin_1230922,BERLIN_MATERIEL_INFO_202609140,Berlin,2026-09-14 00:00:00
KeyPers_Berlin_1233983,BERLIN_MATERIEL_INFO_202609141,Berlin,2026-09-14 00:00:00
KeyPers_Berlin_1233944,BERLIN_MATERIEL_INFO_202609142,Berlin,2026-09-14 00:00:00
KeyPers_Berlin_1232694,BERLIN_MATERIEL_INFO_202609143,Berlin,2026-09-14 00:00:00
KeyPers_Berlin_1230281,BERLIN_MATERIEL_INFO_202609144,Berlin,2026-09-14 00:00:00
KeyPers_London_1230422,LONDON_MATERIEL_INFO_202609140,London,2026-09-14 00:00:00
KeyPers_London_1230644,LONDON_MATERIEL_INFO_202609141,London,2026-09-14 00:00:00
KeyPers_LA_1232851,LA_MATERIEL_INFO_202609140,LA,2026-09-14 00:00:00
KeyPers_LA_1232898,LA_MATERIEL_INFO_202609141,LA,2026-09-14 00:00:00
KeyPers_LA_1231242,LA_MATERIEL_INFO_202609142,LA,2026-09-14 00:00:00
KeyPers_LA_1230847,LA_MATERIEL_INFO_202609143,LA,2026-09-14 00:00:00
KeyPers_NewYork_1232058,NewYork_MATERIEL_INFO_202609140,NewYork,2026-09-14 00:00:00
KeyPers_NewYork_1233008,NewYork_MATERIEL_INFO_202609141,NewYork,2026-09-14 00:00:00
KeyPers_NewYork_1230784,NewYork_MATERIEL_INFO_202609142,NewYork,2026-09-14 00:00:00
KeyPers_NewYork_1231066,NewYork_MATERIEL_INFO_202609143,NewYork,2026-09-14 00:00:00
KeyPers_NewYork_1231447,NewYork_MATERIEL_INFO_202609144,NewYork,2026-09-14 00:00:00
KeyPers_NewYork_1230950,NewYork_MATERIEL_INFO_202609145,NewYork,2026-09-14 00:00:00
KeyPers_NewYork_1230112,NewYork_MATERIEL_INFO_202609146,NewYork,2026-09-14 00:00:00
KeyPers_NewYork_1232770,NewYork_MATERIEL_INFO_202609147,NewYork,2026-09-14 00:00:00
KeyPers_NewYork_1230716,NewYork_MATERIEL_INFO_202609148,NewYork,2026-09-14 00:00:00
KeyPers_NewYork_1232788,NewYork_MATERIEL_INFO_202609149,NewYork,2026-09-14 00:00:00
KeyPers_NewYork_1230467,NewYork_MATERIEL_INFO_2026091410,NewYork,2026-09-14 00:00:00
KeyPers_Paris_1233336,Paris_MATERIEL_INFO_202609140,Paris,2026-09-14 00:00:00
KeyPers_Paris_1234581,Paris_MATERIEL_INFO_202609141,Paris,2026-09-14 00:00:00
KeyPers_Paris_1230906,Paris_MATERIEL_INFO_202609142,Paris,2026-09-14 00:00:00
KeyPers_Paris_1231401,Paris_MATERIEL_INFO_202609143,Paris,2026-09-14 00:00:00
KeyPers_Paris_1230330,Paris_MATERIEL_INFO_202609144,Paris,2026-09-14 00:00:00
KeyPers_Paris_1232412,Paris_MATERIEL_INFO_202609145,Paris,2026-09-14 00:00:00
KeyPers_Paris_1234111,Paris_MATERIEL_INFO_202609146,Paris,2026-09-14 00:00:00
KeyPers_Paris_1231728,Paris_MATERIEL_INFO_202609147,Paris,2026-09-14 00:00:00
KeyPers_Paris_1230755,Paris_MATERIEL_INFO_202609148,Paris,2026-09-14 00:00:00
KeyPers_Paris_1230193,Paris_MATERIEL_INFO_202609149,Paris,2026-09-14 00:00:00
KeyPers_Paris_1232318,Paris_MATERIEL_INFO_2026091410,Paris,2026-09-14 00:00:00
KeyPers_Paris_1233879,Paris_MATERIEL_INFO_2026091411,Paris,2026-09-14 00:00:00
KeyPers_Paris_1232035,Paris_MATERIEL_INFO_2026091412,Paris,2026-09-14 00:00:00
KeyPers_Paris_1231855,Paris_MATERIEL_INFO_2026091413,Paris,2026-09-14 00:00:00
KeyPers_Shanghai_1230659,Shanghai_MATERIEL_INFO_202609140,Shanghai,2026-09-14 00:00:00
KeyPers_Shanghai_1230483,Shanghai_MATERIEL_INFO_202609141,Shanghai,2026-09-14 00:00:00
KeyPers_Shanghai_1230490,Shanghai_MATERIEL_INFO_202609142,Shanghai,2026-09-14 00:00:00
KeyPers_Shanghai_1230157,Shanghai_MATERIEL_INFO_202609143,Shanghai,2026-09-14 00:00:00
KeyPers_Shanghai_1230881,Shanghai_MATERIEL_INFO_202609144,Shanghai,2026-09-14 00:00:00
KeyPers_Shanghai_1230747,Shanghai_MATERIEL_INFO_202609145,Shanghai,2026-09-14 00:00:00
KeyPers_Shanghai_1230816,Shanghai_MATERIEL_INFO_202609146,Shanghai,2026-09-14 00:00:00
KeyPers_Shanghai_1230800,Shanghai_MATERIEL_INFO_202609147,Shanghai,2026-09-14 00:00:00
KeyPers_Shanghai_1230952,Shanghai_MATERIEL_INFO_202609148,Shanghai,2026-09-14 00:00:00
KeyPers_Shanghai_1230135,Shanghai_MATERIEL_INFO_202609149,Shanghai,2026-09-14 00:00:00
KeyPers_Shanghai_1230169,Shanghai_MATERIEL_INFO_2026091410,Shanghai,2026-09-14 00:00:00
KeyPers_Shanghai_1230597,Shanghai_MATERIEL_INFO_2026091411,Shanghai,2026-09-14 00:00:00
KeyPers_Shanghai_1230663,Shanghai_MATERIEL_INFO_2026091412,Shanghai,2026-09-14 00:00:00
KeyPers_Berlin_1233338,BERLIN_MATERIEL_INFO_202609150,Berlin,2026-09-15 00:00:00
KeyPers_Berlin_1233207,BERLIN_MATERIEL_INFO_202609151,Berlin,2026-09-15 00:00:00
KeyPers_Berlin_1233728,BERLIN_MATERIEL_INFO_202609152,Berlin,2026-09-15 00:00:00
KeyPers_Berlin_1230270,BERLIN_MATERIEL_INFO_202609153,Berlin,2026-09-15 00:00:00
KeyPers_Berlin_1233719,BERLIN_MATERIEL_INFO_202609154,Berlin,2026-09-15 00:00:00
KeyPers_London_1230375,LONDON_MATERIEL_INFO_202609150,London,2026-09-15 00:00:00
KeyPers_London_1231434,LONDON_MATERIEL_INFO_202609151,London,2026-09-15 00:00:00
KeyPers_London_1233095,LONDON_MATERIEL_INFO_202609152,London,2026-09-15 00:00:00
KeyPers_London_1233242,LONDON_MATERIEL_INFO_202609153,London,2026-09-15 00:00:00
KeyPers_London_1231047,LONDON_MATERIEL_INFO_202609154,London,2026-09-15 00:00:00
KeyPers_London_1230543,LONDON_MATERIEL_INFO_202609155,London,2026-09-15 00:00:00
KeyPers_London_1230578,LONDON_MATERIEL_INFO_202609156,London,2026-09-15 00:00:00
KeyPers_London_1230579,LONDON_MATERIEL_INFO_202609157,London,2026-09-15 00:00:00
KeyPers_London_1230306,LONDON_MATERIEL_INFO_202609158,London,2026-09-15 00:00:00
KeyPers_London_1230915,LONDON_MATERIEL_INFO_202609159,London,2026-09-15 00:00:00
KeyPers_London_1233844,LONDON_MATERIEL_INFO_2026091510,London,2026-09-15 00:00:00
KeyPers_London_1233190,LONDON_MATERIEL_INFO_2026091511,London,2026-09-15 00:00:00
KeyPers_London_1231127,LONDON_MATERIEL_INFO_2026091512,London,2026-09-15 00:00:00
KeyPers_LA_1232125,LA_MATERIEL_INFO_202609150,LA,2026-09-15 00:00:00
KeyPers_LA_1231083,LA_MATERIEL_INFO_202609151,LA,2026-09-15 00:00:00
KeyPers_LA_1232011,LA_MATERIEL_INFO_202609152,LA,2026-09-15 00:00:00
KeyPers_LA_1230240,LA_MATERIEL_INFO_202609153,LA,2026-09-15 00:00:00
KeyPers_LA_1230642,LA_MATERIEL_INFO_202609154,LA,2026-09-15 00:00:00
KeyPers_LA_1232195,LA_MATERIEL_INFO_202609155,LA,2026-09-15 00:00:00
KeyPers_LA_1232381,LA_MATERIEL_INFO_202609156,LA,2026-09-15 00:00:00
KeyPers_LA_1230425,LA_MATERIEL_INFO_202609157,LA,2026-09-15 00:00:00
KeyPers_LA_1231918,LA_MATERIEL_INFO_202609158,LA,2026-09-15 00:00:00
KeyPers_LA_1232092,LA_MATERIEL_INFO_202609159,LA,2026-09-15 00:00:00
KeyPers_LA_1231171,LA_MATERIEL_INFO_2026091510,LA,2026-09-15 00:00:00
KeyPers_NewYork_1231217,NewYork_MATERIEL_INFO_202609150,NewYork,2026-09-15 00:00:00
KeyPers_NewYork_1231707,NewYork_MATERIEL_INFO_202609151,NewYork,2026-09-15 00:00:00
KeyPers_NewYork_1230993,NewYork_MATERIEL_INFO_202609152,NewYork,2026-09-15 00:00:00
KeyPers_NewYork_1231509,NewYork_MATERIEL_INFO_202609153,NewYork,2026-09-15 00:00:00
KeyPers_NewYork_1232141,NewYork_MATERIEL_INFO_202609154,NewYork,2026-09-15 00:00:00
KeyPers_NewYork_1230513,NewYork_MATERIEL_INFO_202609155,NewYork,2026-09-15 00:00:00
KeyPers_NewYork_1231302,NewYork_MATERIEL_INFO_202609156,NewYork,2026-09-15 00:00:00
KeyPers_NewYork_1230326,NewYork_MATERIEL_INFO_202609157,NewYork,2026-09-15 00:00:00
KeyPers_NewYork_1232252,NewYork_MATERIEL_INFO_202609158,NewYork,2026-09-15 00:00:00
KeyPers_NewYork_1230685,NewYork_MATERIEL_INFO_202609159,NewYork,2026-09-15 00:00:00
KeyPers_NewYork_1231276,NewYork_MATERIEL_INFO_2026091510,NewYork,2026-09-15 00:00:00
KeyPers_NewYork_1230261,NewYork_MATERIEL_INFO_2026091511,NewYork,2026-09-15 00:00:00
KeyPers_Paris_1231110,Paris_MATERIEL_INFO_202609150,Paris,2026-09-15 00:00:00
KeyPers_Paris_1234098,Paris_MATERIEL_INFO_202609151,Paris,2026-09-15 00:00:00
KeyPers_Paris_1230156,Paris_MATERIEL_INFO_202609152,Paris,2026-09-15 00:00:00
KeyPers_Paris_1231524,Paris_MATERIEL_INFO_202609153,Paris,2026-09-15 00:00:00
KeyPers_Paris_1231674,Paris_MATERIEL_INFO_202609154,Paris,2026-09-15 00:00:00
KeyPers_Paris_1234335,Paris_MATERIEL_INFO_202609155,Paris,2026-09-15 00:00:00
KeyPers_Paris_1230679,Paris_MATERIEL_INFO_202609156,Paris,2026-09-15 00:00:00
KeyPers_Paris_1230581,Paris_MATERIEL_INFO_202609157,Paris,2026-09-15 00:00:00
KeyPers_Paris_1231163,Paris_MATERIEL_INFO_202609158,Paris,2026-09-15 00:00:00
KeyPers_Paris_1233025,Paris_MATERIEL_INFO_202609159,Paris,2026-09-15 00:00:00
KeyPers_Paris_1232932,Paris_MATERIEL_INFO_2026091510,Paris,2026-09-15 00:00:00
KeyPers_Paris_1233178,Paris_MATERIEL_INFO_2026091511,Paris,2026-09-15 00:00:00
KeyPers_Paris_1234306,Paris_MATERIEL_INFO_2026091512,Paris,2026-09-15 00:00:00
KeyPers_Paris_1232650,Paris_MATERIEL_INFO_2026091513,Paris,2026-09-15 00:00:00
KeyPers_Shanghai_1230554,Shanghai_MATERIEL_INFO_202609150,Shanghai,2026-09-15 00:00:00
KeyPers_Shanghai_1230591,Shanghai_MATERIEL_INFO_202609151,Shanghai,2026-09-15 00:00:00
KeyPers_Shanghai_1230488,Shanghai_MATERIEL_INFO_202609152,Shanghai,2026-09-15 00:00:00
KeyPers_Shanghai_1230037,Shanghai_MATERIEL_INFO_202609153,Shanghai,2026-09-15 00:00:00
KeyPers_Shanghai_1230385,Shanghai_MATERIEL_INFO_202609154,Shanghai,2026-09-15 00:00:00
KeyPers_Shanghai_1230163,Shanghai_MATERIEL_INFO_202609155,Shanghai,2026-09-15 00:00:00
KeyPers_Shanghai_1230313,Shanghai_MATERIEL_INFO_202609156,Shanghai,2026-09-15 00:00:00
KeyPers_Shanghai_1230881,Shanghai_MATERIEL_INFO_202609157,Shanghai,2026-09-15 00:00:00
KeyPers_Shanghai_1230724,Shanghai_MATERIEL_INFO_202609158,Shanghai,2026-09-15 00:00:00
KeyPers_Shanghai_1230439,Shanghai_MATERIEL_INFO_202609159,Shanghai,2026-09-15 00:00:00
KeyPers_Shanghai_1230577,Shanghai_MATERIEL_INFO_2026091510,Shanghai,2026-09-15 00:00:00
KeyPers_Shanghai_1230336,Shanghai_MATERIEL_INFO_2026091511,Shanghai,2026-09-15 00:00:00
KeyPers_Shanghai_1230523,Shanghai_MATERIEL_INFO_2026091512,Shanghai,2026-09-15 00:00:00
KeyPers_Berlin_1231930,BERLIN_MATERIEL_INFO_202609160,Berlin,2026-09-16 00:00:00
KeyPers_Berlin_1230758,BERLIN_MATERIEL_INFO_202609161,Berlin,2026-09-16 00:00:00
KeyPers_Berlin_1231652,BERLIN_MATERIEL_INFO_202609162,Berlin,2026-09-16 00:00:00
KeyPers_Berlin_1233772,BERLIN_MATERIEL_INFO_202609163,Berlin,2026-09-16 00:00:00
KeyPers_Berlin_1233043,BERLIN_MATERIEL_INFO_202609164,Berlin,2026-09-16 00:00:00
KeyPers_Berlin_1231043,BERLIN_MATERIEL_INFO_202609165,Berlin,2026-09-16 00:00:00
KeyPers_London_1233782,LONDON_MATERIEL_INFO_202609160,London,2026-09-16 00:00:00
KeyPers_London_1231637,LONDON_MATERIEL_INFO_202609161,London,2026-09-16 00:00:00
KeyPers_London_1231014,LONDON_MATERIEL_INFO_202609162,London,2026-09-16 00:00:00
KeyPers_London_1233431,LONDON_MATERIEL_INFO_202609163,London,2026-09-16 00:00:00
KeyPers_LA_1232405,LA_MATERIEL_INFO_202609160,LA,2026-09-16 00:00:00
KeyPers_LA_1230534,LA_MATERIEL_INFO_202609161,LA,2026-09-16 00:00:00
KeyPers_LA_1230403,LA_MATERIEL_INFO_202609162,LA,2026-09-16 00:00:00
KeyPers_LA_1231334,LA_MATERIEL_INFO_202609163,LA,2026-09-16 00:00:00
KeyPers_LA_1230664,LA_MATERIEL_INFO_202609164,LA,2026-09-16 00:00:00
KeyPers_LA_1230111,LA_MATERIEL_INFO_202609165,LA,2026-09-16 00:00:00
KeyPers_LA_1231014,LA_MATERIEL_INFO_202609166,LA,2026-09-16 00:00:00
KeyPers_LA_1233014,LA_MATERIEL_INFO_202609167,LA,2026-09-16 00:00:00
KeyPers_LA_1230923,LA_MATERIEL_INFO_202609168,LA,2026-09-16 00:00:00
KeyPers_LA_1231563,LA_MATERIEL_INFO_202609169,LA,2026-09-16 00:00:00
KeyPers_LA_1231523,LA_MATERIEL_INFO_2026091610,LA,2026-09-16 00:00:00
KeyPers_LA_1232685,LA_MATERIEL_INFO_2026091611,LA,2026-09-16 00:00:00
KeyPers_LA_1230322,LA_MATERIEL_INFO_2026091612,LA,2026-09-16 00:00:00
KeyPers_LA_1230879,LA_MATERIEL_INFO_2026091613,LA,2026-09-16 00:00:00
KeyPers_NewYork_1230991,NewYork_MATERIEL_INFO_202609160,NewYork,2026-09-16 00:00:00
KeyPers_NewYork_1232295,NewYork_MATERIEL_INFO_202609161,NewYork,2026-09-16 00:00:00
KeyPers_NewYork_1230409,NewYork_MATERIEL_INFO_202609162,NewYork,2026-09-16 00:00:00
KeyPers_Paris_1234000,Paris_MATERIEL_INFO_202609160,Paris,2026-09-16 00:00:00
KeyPers_Paris_1231086,Paris_MATERIEL_INFO_202609161,Paris,2026-09-16 00:00:00
KeyPers_Paris_1231934,Paris_MATERIEL_INFO_202609162,Paris,2026-09-16 00:00:00
KeyPers_Paris_1234192,Paris_MATERIEL_INFO_202609163,Paris,2026-09-16 00:00:00
KeyPers_Paris_1232468,Paris_MATERIEL_INFO_202609164,Paris,2026-09-16 00:00:00
KeyPers_Paris_1231457,Paris_MATERIEL_INFO_202609165,Paris,2026-09-16 00:00:00
KeyPers_Paris_1234876,Paris_MATERIEL_INFO_202609166,Paris,2026-09-16 00:00:00
KeyPers_Paris_1234351,Paris_MATERIEL_INFO_202609167,Paris,2026-09-16 00:00:00
KeyPers_Shanghai_1230964,Shanghai_MATERIEL_INFO_202609160,Shanghai,2026-09-16 00:00:00
KeyPers_Shanghai_1230893,Shanghai_MATERIEL_INFO_202609161,Shanghai,2026-09-16 00:00:00
KeyPers_Shanghai_1230764,Shanghai_MATERIEL_INFO_202609162,Shanghai,2026-09-16 00:00:00
KeyPers_Shanghai_1230397,Shanghai_MATERIEL_INFO_202609163,Shanghai,2026-09-16 00:00:00
KeyPers_Shanghai_1230365,Shanghai_MATERIEL_INFO_202609164,Shanghai,2026-09-16 00:00:00
KeyPers_Shanghai_1230640,Shanghai_MATERIEL_INFO_202609165,Shanghai,2026-09-16 00:00:00
KeyPers_Berlin_1233192,BERLIN_MATERIEL_INFO_202609170,Berlin,2026-09-17 00:00:00
KeyPers_London_1232385,LONDON_MATERIEL_INFO_202609170,London,2026-09-17 00:00:00
KeyPers_London_1232035,LONDON_MATERIEL_INFO_202609171,London,2026-09-17 00:00:00
KeyPers_London_1231880,LONDON_MATERIEL_INFO_202609172,London,2026-09-17 00:00:00
KeyPers_London_1233116,LONDON_MATERIEL_INFO_202609173,London,2026-09-17 00:00:00
KeyPers_London_1230967,LONDON_MATERIEL_INFO_202609174,London,2026-09-17 00:00:00
KeyPers_London_1230336,LONDON_MATERIEL_INFO_202609175,London,2026-09-17 00:00:00
KeyPers_London_1230775,LONDON_MATERIEL_INFO_202609176,London,2026-09-17 00:00:00
KeyPers_London_1232130,LONDON_MATERIEL_INFO_202609177,London,2026-09-17 00:00:00
KeyPers_LA_1230344,LA_MATERIEL_INFO_202609170,LA,2026-09-17 00:00:00
KeyPers_LA_1230363,LA_MATERIEL_INFO_202609171,LA,2026-09-17 00:00:00
KeyPers_LA_1230285,LA_MATERIEL_INFO_202609172,LA,2026-09-17 00:00:00
KeyPers_LA_1231023,LA_MATERIEL_INFO_202609173,LA,2026-09-17 00:00:00
KeyPers_LA_1231178,LA_MATERIEL_INFO_202609174,LA,2026-09-17 00:00:00
KeyPers_NewYork_1231454,NewYork_MATERIEL_INFO_202609170,NewYork,2026-09-17 00:00:00
KeyPers_NewYork_1230881,NewYork_MATERIEL_INFO_202609171,NewYork,2026-09-17 00:00:00
KeyPers_NewYork_1232458,NewYork_MATERIEL_INFO_202609172,NewYork,2026-09-17 00:00:00
KeyPers_NewYork_1231485,NewYork_MATERIEL_INFO_202609173,NewYork,2026-09-17 00:00:00
KeyPers_NewYork_1230606,NewYork_MATERIEL_INFO_202609174,NewYork,2026-09-17 00:00:00
KeyPers_NewYork_1230199,NewYork_MATERIEL_INFO_202609175,NewYork,2026-09-17 00:00:00
KeyPers_NewYork_1233024,NewYork_MATERIEL_INFO_202609176,NewYork,2026-09-17 00:00:00
KeyPers_NewYork_1230444,NewYork_MATERIEL_INFO_202609177,NewYork,2026-09-17 00:00:00
KeyPers_Paris_1231164,Paris_MATERIEL_INFO_202609170,Paris,2026-09-17 00:00:00
KeyPers_Paris_1230938,Paris_MATERIEL_INFO_202609171,Paris,2026-09-17 00:00:00
KeyPers_Paris_1233418,Paris_MATERIEL_INFO_202609172,Paris,2026-09-17 00:00:00
KeyPers_Paris_1233225,Paris_MATERIEL_INFO_202609173,Paris,2026-09-17 00:00:00
KeyPers_Paris_1234898,Paris_MATERIEL_INFO_202609174,Paris,2026-09-17 00:00:00
KeyPers_Paris_1234568,Paris_MATERIEL_INFO_202609175,Paris,2026-09-17 00:00:00
KeyPers_Paris_1234996,Paris_MATERIEL_INFO_202609176,Paris,2026-09-17 00:00:00
KeyPers_Paris_1233993,Paris_MATERIEL_INFO_202609177,Paris,2026-09-17 00:00:00
KeyPers_Paris_1230159,Paris_MATERIEL_INFO_202609178,Paris,2026-09-17 00:00:00
KeyPers_Paris_1231897,Paris_MATERIEL_INFO_202609179,Paris,2026-09-17 00:00:00
KeyPers_Paris_1232281,Paris_MATERIEL_INFO_2026091710,Paris,2026-09-17 00:00:00
KeyPers_Paris_1231531,Paris_MATERIEL_INFO_2026091711,Paris,2026-09-17 00:00:00
KeyPers_Paris_1234914,Paris_MATERIEL_INFO_2026091712,Paris,2026-09-17 00:00:00
KeyPers_Shanghai_1230949,Shanghai_MATERIEL_INFO_202609170,Shanghai,2026-09-17 00:00:00
KeyPers_Shanghai_1230419,Shanghai_MATERIEL_INFO_202609171,Shanghai,2026-09-17 00:00:00
KeyPers_Shanghai_1230976,Shanghai_MATERIEL_INFO_202609172,Shanghai,2026-09-17 00:00:00
KeyPers_Shanghai_1230832,Shanghai_MATERIEL_INFO_202609173,Shanghai,2026-09-17 00:00:00
KeyPers_Shanghai_1230538,Shanghai_MATERIEL_INFO_202609174,Shanghai,2026-09-17 00:00:00
KeyPers_Shanghai_1230188,Shanghai_MATERIEL_INFO_202609175,Shanghai,2026-09-17 00:00:00
KeyPers_Shanghai_1230958,Shanghai_MATERIEL_INFO_202609176,Shanghai,2026-09-17 00:00:00
KeyPers_Shanghai_1230185,Shanghai_MATERIEL_INFO_202609177,Shanghai,2026-09-17 00:00:00
KeyPers_Shanghai_1230592,Shanghai_MATERIEL_INFO_202609178,Shanghai,2026-09-17 00:00:00
KeyPers_Shanghai_1230693,Shanghai_MATERIEL_INFO_202609179,Shanghai,2026-09-17 00:00:00
KeyPers_Shanghai_1230402,Shanghai_MATERIEL_INFO_2026091710,Shanghai,2026-09-17 00:00:00
KeyPers_Berlin_1231337,BERLIN_MATERIEL_INFO_202609180,Berlin,2026-09-18 00:00:00
KeyPers_Berlin_1230178,BERLIN_MATERIEL_INFO_202609181,Berlin,2026-09-18 00:00:00
KeyPers_Berlin_1233246,BERLIN_MATERIEL_INFO_202609182,Berlin,2026-09-18 00:00:00
KeyPers_Berlin_1230655,BERLIN_MATERIEL_INFO_202609183,Berlin,2026-09-18 00:00:00
KeyPers_London_1231579,LONDON_MATERIEL_INFO_202609180,London,2026-09-18 00:00:00
KeyPers_London_1232645,LONDON_MATERIEL_INFO_202609181,London,2026-09-18 00:00:00
KeyPers_London_1230353,LONDON_MATERIEL_INFO_202609182,London,2026-09-18 00:00:00
KeyPers_London_1233087,LONDON_MATERIEL_INFO_202609183,London,2026-09-18 00:00:00
KeyPers_London_1234107,LONDON_MATERIEL_INFO_202609184,London,2026-09-18 00:00:00
KeyPers_London_1232032,LONDON_MATERIEL_INFO_202609185,London,2026-09-18 00:00:00
KeyPers_London_1234021,LONDON_MATERIEL_INFO_202609186,London,2026-09-18 00:00:00
KeyPers_London_1231238,LONDON_MATERIEL_INFO_202609187,London,2026-09-18 00:00:00
KeyPers_London_1231627,LONDON_MATERIEL_INFO_202609188,London,2026-09-18 00:00:00
KeyPers_London_1232348,LONDON_MATERIEL_INFO_202609189,London,2026-09-18 00:00:00
KeyPers_London_1231638,LONDON_MATERIEL_INFO_2026091810,London,2026-09-18 00:00:00
KeyPers_LA_1232203,LA_MATERIEL_INFO_202609180,LA,2026-09-18 00:00:00
KeyPers_LA_1232715,LA_MATERIEL_INFO_202609181,LA,2026-09-18 00:00:00
KeyPers_LA_1230584,LA_MATERIEL_INFO_202609182,LA,2026-09-18 00:00:00
KeyPers_LA_1231408,LA_MATERIEL_INFO_202609183,LA,2026-09-18 00:00:00
KeyPers_LA_1230750,LA_MATERIEL_INFO_202609184,LA,2026-09-18 00:00:00
KeyPers_LA_1231990,LA_MATERIEL_INFO_202609185,LA,2026-09-18 00:00:00
KeyPers_LA_1230096,LA_MATERIEL_INFO_202609186,LA,2026-09-18 00:00:00
KeyPers_LA_1231916,LA_MATERIEL_INFO_202609187,LA,2026-09-18 00:00:00
KeyPers_LA_1231440,LA_MATERIEL_INFO_202609188,LA,2026-09-18 00:00:00
KeyPers_LA_1230684,LA_MATERIEL_INFO_202609189,LA,2026-09-18 00:00:00
KeyPers_NewYork_1230156,NewYork_MATERIEL_INFO_202609180,NewYork,2026-09-18 00:00:00
KeyPers_NewYork_1230388,NewYork_MATERIEL_INFO_202609181,NewYork,2026-09-18 00:00:00
KeyPers_NewYork_1231186,NewYork_MATERIEL_INFO_202609182,NewYork,2026-09-18 00:00:00
KeyPers_NewYork_1232976,NewYork_MATERIEL_INFO_202609183,NewYork,2026-09-18 00:00:00
KeyPers_NewYork_1230261,NewYork_MATERIEL_INFO_202609184,NewYork,2026-09-18 00:00:00
KeyPers_Paris_1232025,Paris_MATERIEL_INFO_202609180,Paris,2026-09-18 00:00:00
KeyPers_Paris_1231825,Paris_MATERIEL_INFO_202609181,Paris,2026-09-18 00:00:00
KeyPers_Shanghai_1230571,Shanghai_MATERIEL_INFO_202609180,Shanghai,2026-09-18 00:00:00
KeyPers_Shanghai_1230561,Shanghai_MATERIEL_INFO_202609181,Shanghai,2026-09-18 00:00:00
KeyPers_Shanghai_1230347,Shanghai_MATERIEL_INFO_202609182,Shanghai,2026-09-18 00:00:00
KeyPers_Shanghai_1230756,Shanghai_MATERIEL_INFO_202609183,Shanghai,2026-09-18 00:00:00
KeyPers_Shanghai_1230423,Shanghai_MATERIEL_INFO_202609184,Shanghai,2026-09-18 00:00:00
KeyPers_Shanghai_1230884,Shanghai_MATERIEL_INFO_202609185,Shanghai,2026-09-18 00:00:00
KeyPers_Shanghai_1230173,Shanghai_MATERIEL_INFO_202609186,Shanghai,2026-09-18 00:00:00
KeyPers_Shanghai_1230737,Shanghai_MATERIEL_INFO_202609187,Shanghai,2026-09-18 00:00:00
KeyPers_Shanghai_1230886,Shanghai_MATERIEL_INFO_202609188,Shanghai,2026-09-18 00:00:00
KeyPers_Berlin_1231886,BERLIN_MATERIEL_INFO_202609190,Berlin,2026-09-19 00:00:00
KeyPers_Berlin_1233176,BERLIN_MATERIEL_INFO_202609191,Berlin,2026-09-19 00:00:00
KeyPers_London_1230698,LONDON_MATERIEL_INFO_202609190,London,2026-09-19 00:00:00
KeyPers_London_1233101,LONDON_MATERIEL_INFO_202609191,London,2026-09-19 00:00:00
KeyPers_London_1233680,LONDON_MATERIEL_INFO_202609192,London,2026-09-19 00:00:00
KeyPers_LA_1232355,LA_MATERIEL_INFO_202609190,LA,2026-09-19 00:00:00
KeyPers_LA_1230170,LA_MATERIEL_INFO_202609191,LA,2026-09-19 00:00:00
KeyPers_LA_1232751,LA_MATERIEL_INFO_202609192,LA,2026-09-19 00:00:00
KeyPers_LA_1232956,LA_MATERIEL_INFO_202609193,LA,2026-09-19 00:00:00
KeyPers_NewYork_1231492,NewYork_MATERIEL_INFO_202609190,NewYork,2026-09-19 00:00:00
KeyPers_NewYork_1231508,NewYork_MATERIEL_INFO_202609191,NewYork,2026-09-19 00:00:00
KeyPers_NewYork_1231093,NewYork_MATERIEL_INFO_202609192,NewYork,2026-09-19 00:00:00
KeyPers_NewYork_1230702,NewYork_MATERIEL_INFO_202609193,NewYork,2026-09-19 00:00:00
KeyPers_NewYork_1232573,NewYork_MATERIEL_INFO_202609194,NewYork,2026-09-19 00:00:00
KeyPers_NewYork_1230154,NewYork_MATERIEL_INFO_202609195,NewYork,2026-09-19 00:00:00
KeyPers_Paris_1234272,Paris_MATERIEL_INFO_202609190,Paris,2026-09-19 00:00:00
KeyPers_Paris_1233233,Paris_MATERIEL_INFO_202609191,Paris,2026-09-19 00:00:00
KeyPers_Paris_1232186,Paris_MATERIEL_INFO_202609192,Paris,2026-09-19 00:00:00
KeyPers_Paris_1234892,Paris_MATERIEL_INFO_202609193,Paris,2026-09-19 00:00:00
KeyPers_Shanghai_1230213,Shanghai_MATERIEL_INFO_202609190,Shanghai,2026-09-19 00:00:00
KeyPers_Shanghai_1230371,Shanghai_MATERIEL_INFO_202609191,Shanghai,2026-09-19 00:00:00
KeyPers_Shanghai_1230851,Shanghai_MATERIEL_INFO_202609192,Shanghai,2026-09-19 00:00:00
KeyPers_Shanghai_1230346,Shanghai_MATERIEL_INFO_202609193,Shanghai,2026-09-19 00:00:00
KeyPers_Shanghai_1230359,Shanghai_MATERIEL_INFO_202609194,Shanghai,2026-09-19 00:00:00
KeyPers_Shanghai_1230021,Shanghai_MATERIEL_INFO_202609195,Shanghai,2026-09-19 00:00:00
KeyPers_Shanghai_1230819,Shanghai_MATERIEL_INFO_202609196,Shanghai,2026-09-19 00:00:00
KeyPers_Shanghai_1230865,Shanghai_MATERIEL_INFO_202609197,Shanghai,2026-09-19 00:00:00
KeyPers_Shanghai_1230904,Shanghai_MATERIEL_INFO_202609198,Shanghai,2026-09-19 00:00:00
KeyPers_Shanghai_1230242,Shanghai_MATERIEL_INFO_202609199,Shanghai,2026-09-19 00:00:00
KeyPers_Shanghai_1230693,Shanghai_MATERIEL_INFO_2026091910,Shanghai,2026-09-19 00:00:00
KeyPers_Berlin_1233717,BERLIN_MATERIEL_INFO_202609200,Berlin,2026-09-20 00:00:00
KeyPers_Berlin_1230901,BERLIN_MATERIEL_INFO_202609201,Berlin,2026-09-20 00:00:00
KeyPers_Berlin_1230327,BERLIN_MATERIEL_INFO_202609202,Berlin,2026-09-20 00:00:00
KeyPers_Berlin_1231742,BERLIN_MATERIEL_INFO_202609203,Berlin,2026-09-20 00:00:00
KeyPers_London_1232297,LONDON_MATERIEL_INFO_202609200,London,2026-09-20 00:00:00
KeyPers_London_1234159,LONDON_MATERIEL_INFO_202609201,London,2026-09-20 00:00:00
KeyPers_London_1230749,LONDON_MATERIEL_INFO_202609202,London,2026-09-20 00:00:00
KeyPers_London_1231834,LONDON_MATERIEL_INFO_202609203,London,2026-09-20 00:00:00
KeyPers_London_1232760,LONDON_MATERIEL_INFO_202609204,London,2026-09-20 00:00:00
KeyPers_London_1233181,LONDON_MATERIEL_INFO_202609205,London,2026-09-20 00:00:00
KeyPers_London_1231068,LONDON_MATERIEL_INFO_202609206,London,2026-09-20 00:00:00
KeyPers_London_1233800,LONDON_MATERIEL_INFO_202609207,London,2026-09-20 00:00:00
KeyPers_LA_1232745,LA_MATERIEL_INFO_202609200,LA,2026-09-20 00:00:00
KeyPers_LA_1231729,LA_MATERIEL_INFO_202609201,LA,2026-09-20 00:00:00
KeyPers_LA_1230086,LA_MATERIEL_INFO_202609202,LA,2026-09-20 00:00:00
KeyPers_LA_1231144,LA_MATERIEL_INFO_202609203,LA,2026-09-20 00:00:00
KeyPers_LA_1231739,LA_MATERIEL_INFO_202609204,LA,2026-09-20 00:00:00
KeyPers_LA_1231169,LA_MATERIEL_INFO_202609205,LA,2026-09-20 00:00:00
KeyPers_LA_1231038,LA_MATERIEL_INFO_202609206,LA,2026-09-20 00:00:00
KeyPers_LA_1231629,LA_MATERIEL_INFO_202609207,LA,2026-09-20 00:00:00
KeyPers_LA_1232117,LA_MATERIEL_INFO_202609208,LA,2026-09-20 00:00:00
KeyPers_LA_1231261,LA_MATERIEL_INFO_202609209,LA,2026-09-20 00:00:00
KeyPers_LA_1230098,LA_MATERIEL_INFO_2026092010,LA,2026-09-20 00:00:00
KeyPers_LA_1230097,LA_MATERIEL_INFO_2026092011,LA,2026-09-20 00:00:00
KeyPers_LA_1232524,LA_MATERIEL_INFO_2026092012,LA,2026-09-20 00:00:00
KeyPers_NewYork_1230416,NewYork_MATERIEL_INFO_202609200,NewYork,2026-09-20 00:00:00
KeyPers_NewYork_1231070,NewYork_MATERIEL_INFO_202609201,NewYork,2026-09-20 00:00:00
KeyPers_NewYork_1232298,NewYork_MATERIEL_INFO_202609202,NewYork,2026-09-20 00:00:00
KeyPers_NewYork_1232508,NewYork_MATERIEL_INFO_202609203,NewYork,2026-09-20 00:00:00
KeyPers_NewYork_1231471,NewYork_MATERIEL_INFO_202609204,NewYork,2026-09-20 00:00:00
KeyPers_NewYork_1232679,NewYork_MATERIEL_INFO_202609205,NewYork,2026-09-20 00:00:00
KeyPers_NewYork_1232933,NewYork_MATERIEL_INFO_202609206,NewYork,2026-09-20 00:00:00
KeyPers_NewYork_1232967,NewYork_MATERIEL_INFO_202609207,NewYork,2026-09-20 00:00:00
KeyPers_NewYork_1231234,NewYork_MATERIEL_INFO_202609208,NewYork,2026-09-20 00:00:00
KeyPers_NewYork_1232479,NewYork_MATERIEL_INFO_202609209,NewYork,2026-09-20 00:00:00
KeyPers_NewYork_1232340,NewYork_MATERIEL_INFO_2026092010,NewYork,2026-09-20 00:00:00
KeyPers_NewYork_1230612,NewYork_MATERIEL_INFO_2026092011,NewYork,2026-09-20 00:00:00
KeyPers_NewYork_1230469,NewYork_MATERIEL_INFO_2026092012,NewYork,2026-09-20 00:00:00
KeyPers_Paris_1234489,Paris_MATERIEL_INFO_202609200,Paris,2026-09-20 00:00:00
KeyPers_Paris_1232070,Paris_MATERIEL_INFO_202609201,Paris,2026-09-20 00:00:00
KeyPers_Paris_1232442,Paris_MATERIEL_INFO_202609202,Paris,2026-09-20 00:00:00
KeyPers_Paris_1231509,Paris_MATERIEL_INFO_202609203,Paris,2026-09-20 00:00:00
KeyPers_Paris_1230558,Paris_MATERIEL_INFO_202609204,Paris,2026-09-20 00:00:00
KeyPers_Paris_1231047,Paris_MATERIEL_INFO_202609205,Paris,2026-09-20 00:00:00
KeyPers_Paris_1232290,Paris_MATERIEL_INFO_202609206,Paris,2026-09-20 00:00:00
KeyPers_Paris_1233660,Paris_MATERIEL_INFO_202609207,Paris,2026-09-20 00:00:00
KeyPers_Paris_1231342,Paris_MATERIEL_INFO_202609208,Paris,2026-09-20 00:00:00
KeyPers_Paris_1230648,Paris_MATERIEL_INFO_202609209,Paris,2026-09-20 00:00:00
KeyPers_Paris_1232594,Paris_MATERIEL_INFO_2026092010,Paris,2026-09-20 00:00:00
KeyPers_Paris_1231458,Paris_MATERIEL_INFO_2026092011,Paris,2026-09-20 00:00:00
KeyPers_Paris_1233791,Paris_MATERIEL_INFO_2026092012,Paris,2026-09-20 00:00:00
KeyPers_Shanghai_1230803,Shanghai_MATERIEL_INFO_202609200,Shanghai,2026-09-20 00:00:00
KeyPers_Shanghai_1230737,Shanghai_MATERIEL_INFO_202609201,Shanghai,2026-09-20 00:00:00
KeyPers_Shanghai_1230007,Shanghai_MATERIEL_INFO_202609202,Shanghai,2026-09-20 00:00:00
KeyPers_Shanghai_1230464,Shanghai_MATERIEL_INFO_202609203,Shanghai,2026-09-20 00:00:00
KeyPers_Shanghai_1230229,Shanghai_MATERIEL_INFO_202609204,Shanghai,2026-09-20 00:00:00
KeyPers_Shanghai_1230305,Shanghai_MATERIEL_INFO_202609205,Shanghai,2026-09-20 00:00:00
KeyPers_Shanghai_1230673,Shanghai_MATERIEL_INFO_202609206,Shanghai,2026-09-20 00:00:00
KeyPers_Shanghai_1230624,Shanghai_MATERIEL_INFO_202609207,Shanghai,2026-09-20 00:00:00
KeyPers_Shanghai_1230267,Shanghai_MATERIEL_INFO_202609208,Shanghai,2026-09-20 00:00:00
KeyPers_Berlin_1234036,BERLIN_MATERIEL_INFO_202609210,Berlin,2026-09-21 00:00:00
KeyPers_London_1230294,LONDON_MATERIEL_INFO_202609210,London,2026-09-21 00:00:00
KeyPers_London_1233062,LONDON_MATERIEL_INFO_202609211,London,2026-09-21 00:00:00
KeyPers_London_1232421,LONDON_MATERIEL_INFO_202609212,London,2026-09-21 00:00:00
KeyPers_London_1233143,LONDON_MATERIEL_INFO_202609213,London,2026-09-21 00:00:00
KeyPers_London_1231794,LONDON_MATERIEL_INFO_202609214,London,2026-09-21 00:00:00
KeyPers_London_1230429,LONDON_MATERIEL_INFO_202609215,London,2026-09-21 00:00:00
KeyPers_London_1231047,LONDON_MATERIEL_INFO_202609216,London,2026-09-21 00:00:00
KeyPers_London_1233533,LONDON_MATERIEL_INFO_202609217,London,2026-09-21 00:00:00
KeyPers_London_1232227,LONDON_MATERIEL_INFO_202609218,London,2026-09-21 00:00:00
KeyPers_London_1231864,LONDON_MATERIEL_INFO_202609219,London,2026-09-21 00:00:00
KeyPers_London_1232281,LONDON_MATERIEL_INFO_2026092110,London,2026-09-21 00:00:00
KeyPers_LA_1231671,LA_MATERIEL_INFO_202609210,LA,2026-09-21 00:00:00
KeyPers_LA_1231842,LA_MATERIEL_INFO_202609211,LA,2026-09-21 00:00:00
KeyPers_LA_1231440,LA_MATERIEL_INFO_202609212,LA,2026-09-21 00:00:00
KeyPers_LA_1230540,LA_MATERIEL_INFO_202609213,LA,2026-09-21 00:00:00
KeyPers_LA_1232622,LA_MATERIEL_INFO_202609214,LA,2026-09-21 00:00:00
KeyPers_LA_1232323,LA_MATERIEL_INFO_202609215,LA,2026-09-21 00:00:00
KeyPers_LA_1232791,LA_MATERIEL_INFO_202609216,LA,2026-09-21 00:00:00
KeyPers_LA_1232973,LA_MATERIEL_INFO_202609217,LA,2026-09-21 00:00:00
KeyPers_LA_1231001,LA_MATERIEL_INFO_202609218,LA,2026-09-21 00:00:00
KeyPers_NewYork_1230415,NewYork_MATERIEL_INFO_202609210,NewYork,2026-09-21 00:00:00
KeyPers_NewYork_1231581,NewYork_MATERIEL_INFO_202609211,NewYork,2026-09-21 00:00:00
KeyPers_NewYork_1230215,NewYork_MATERIEL_INFO_202609212,NewYork,2026-09-21 00:00:00
KeyPers_NewYork_1230946,NewYork_MATERIEL_INFO_202609213,NewYork,2026-09-21 00:00:00
KeyPers_NewYork_1231600,NewYork_MATERIEL_INFO_202609214,NewYork,2026-09-21 00:00:00
KeyPers_NewYork_1232435,NewYork_MATERIEL_INFO_202609215,NewYork,2026-09-21 00:00:00
KeyPers_NewYork_1231102,NewYork_MATERIEL_INFO_202609216,NewYork,2026-09-21 00:00:00
KeyPers_NewYork_1231036,NewYork_MATERIEL_INFO_202609217,NewYork,2026-09-21 00:00:00
KeyPers_NewYork_1232539,NewYork_MATERIEL_INFO_202609218,NewYork,2026-09-21 00:00:00
KeyPers_NewYork_1231619,NewYork_MATERIEL_INFO_202609219,NewYork,2026-09-21 00:00:00
KeyPers_NewYork_1232440,NewYork_MATERIEL_INFO_2026092110,NewYork,2026-09-21 00:00:00
KeyPers_Paris_1232417,Paris_MATERIEL_INFO_202609210,Paris,2026-09-21 00:00:00
KeyPers_Paris_1234018,Paris_MATERIEL_INFO_202609211,Paris,2026-09-21 00:00:00
KeyPers_Paris_1233366,Paris_MATERIEL_INFO_202609212,Paris,2026-09-21 00:00:00
KeyPers_Paris_1231790,Paris_MATERIEL_INFO_202609213,Paris,2026-09-21 00:00:00
KeyPers_Paris_1232186,Paris_MATERIEL_INFO_202609214,Paris,2026-09-21 00:00:00
KeyPers_Paris_1231535,Paris_MATERIEL_INFO_202609215,Paris,2026-09-21 00:00:00
KeyPers_Paris_1233254,Paris_MATERIEL_INFO_202609216,Paris,2026-09-21 00:00:00
KeyPers_Paris_1232548,Paris_MATERIEL_INFO_202609217,Paris,2026-09-21 00:00:00
KeyPers_Paris_1234266,Paris_MATERIEL_INFO_202609218,Paris,2026-09-21 00:00:00
KeyPers_Paris_1234764,Paris_MATERIEL_INFO_202609219,Paris,2026-09-21 00:00:00
KeyPers_Shanghai_1230647,Shanghai_MATERIEL_INFO_202609210,Shanghai,2026-09-21 00:00:00
KeyPers_Berlin_1230646,BERLIN_MATERIEL_INFO_202609220,Berlin,2026-09-22 00:00:00
KeyPers_Berlin_1232268,BERLIN_MATERIEL_INFO_202609221,Berlin,2026-09-22 00:00:00
KeyPers_Berlin_1233641,BERLIN_MATERIEL_INFO_202609222,Berlin,2026-09-22 00:00:00
KeyPers_Berlin_1230687,BERLIN_MATERIEL_INFO_202609223,Berlin,2026-09-22 00:00:00
KeyPers_London_1230347,LONDON_MATERIEL_INFO_202609220,London,2026-09-22 00:00:00
KeyPers_London_1231038,LONDON_MATERIEL_INFO_202609221,London,2026-09-22 00:00:00
KeyPers_London_1230606,LONDON_MATERIEL_INFO_202609222,London,2026-09-22 00:00:00
KeyPers_London_1230175,LONDON_MATERIEL_INFO_202609223,London,2026-09-22 00:00:00
KeyPers_London_1231900,LONDON_MATERIEL_INFO_202609224,London,2026-09-22 00:00:00
KeyPers_London_1232658,LONDON_MATERIEL_INFO_202609225,London,2026-09-22 00:00:00
KeyPers_LA_1232043,LA_MATERIEL_INFO_202609220,LA,2026-09-22 00:00:00
KeyPers_LA_1230142,LA_MATERIEL_INFO_202609221,LA,2026-09-22 00:00:00
KeyPers_LA_1231402,LA_MATERIEL_INFO_202609222,LA,2026-09-22 00:00:00
KeyPers_LA_1231504,LA_MATERIEL_INFO_202609223,LA,2026-09-22 00:00:00
KeyPers_NewYork_1232871,NewYork_MATERIEL_INFO_202609220,NewYork,2026-09-22 00:00:00
KeyPers_NewYork_1232320,NewYork_MATERIEL_INFO_202609221,NewYork,2026-09-22 00:00:00
KeyPers_NewYork_1232257,NewYork_MATERIEL_INFO_202609222,NewYork,2026-09-22 00:00:00
KeyPers_NewYork_1230388,NewYork_MATERIEL_INFO_202609223,NewYork,2026-09-22 00:00:00
KeyPers_NewYork_1231490,NewYork_MATERIEL_INFO_202609224,NewYork,2026-09-22 00:00:00
KeyPers_NewYork_1232450,NewYork_MATERIEL_INFO_202609225,NewYork,2026-09-22 00:00:00
KeyPers_NewYork_1230697,NewYork_MATERIEL_INFO_202609226,NewYork,2026-09-22 00:00:00
KeyPers_NewYork_1232225,NewYork_MATERIEL_INFO_202609227,NewYork,2026-09-22 00:00:00
KeyPers_NewYork_1230048,NewYork_MATERIEL_INFO_202609228,NewYork,2026-09-22 00:00:00
KeyPers_Paris_1234693,Paris_MATERIEL_INFO_202609220,Paris,2026-09-22 00:00:00
KeyPers_Paris_1230357,Paris_MATERIEL_INFO_202609221,Paris,2026-09-22 00:00:00
KeyPers_Paris_1234362,Paris_MATERIEL_INFO_202609222,Paris,2026-09-22 00:00:00
KeyPers_Paris_1233354,Paris_MATERIEL_INFO_202609223,Paris,2026-09-22 00:00:00
KeyPers_Paris_1231731,Paris_MATERIEL_INFO_202609224,Paris,2026-09-22 00:00:00
KeyPers_Paris_1232356,Paris_MATERIEL_INFO_202609225,Paris,2026-09-22 00:00:00
KeyPers_Shanghai_1230794,Shanghai_MATERIEL_INFO_202609220,Shanghai,2026-09-22 00:00:00
KeyPers_Shanghai_1230707,Shanghai_MATERIEL_INFO_202609221,Shanghai,2026-09-22 00:00:00
KeyPers_Shanghai_1230947,Shanghai_MATERIEL_INFO_202609222,Shanghai,2026-09-22 00:00:00
KeyPers_Shanghai_1230559,Shanghai_MATERIEL_INFO_202609223,Shanghai,2026-09-22 00:00:00
KeyPers_Shanghai_1230430,Shanghai_MATERIEL_INFO_202609224,Shanghai,2026-09-22 00:00:00
KeyPers_Shanghai_1230985,Shanghai_MATERIEL_INFO_202609225,Shanghai,2026-09-22 00:00:00
KeyPers_Shanghai_1230680,Shanghai_MATERIEL_INFO_202609226,Shanghai,2026-09-22 00:00:00
KeyPers_Shanghai_1230810,Shanghai_MATERIEL_INFO_202609227,Shanghai,2026-09-22 00:00:00
KeyPers_Shanghai_1230862,Shanghai_MATERIEL_INFO_202609228,Shanghai,2026-09-22 00:00:00
KeyPers_Shanghai_1230643,Shanghai_MATERIEL_INFO_202609229,Shanghai,2026-09-22 00:00:00
KeyPers_Shanghai_1230197,Shanghai_MATERIEL_INFO_2026092210,Shanghai,2026-09-22 00:00:00
KeyPers_Shanghai_1230014,Shanghai_MATERIEL_INFO_2026092211,Shanghai,2026-09-22 00:00:00
KeyPers_Berlin_1232835,BERLIN_MATERIEL_INFO_202609230,Berlin,2026-09-23 00:00:00
KeyPers_Berlin_1230087,BERLIN_MATERIEL_INFO_202609231,Berlin,2026-09-23 00:00:00
KeyPers_London_1230079,LONDON_MATERIEL_INFO_202609230,London,2026-09-23 00:00:00
KeyPers_London_1233767,LONDON_MATERIEL_INFO_202609231,London,2026-09-23 00:00:00
KeyPers_London_1231185,LONDON_MATERIEL_INFO_202609232,London,2026-09-23 00:00:00
KeyPers_London_1230054,LONDON_MATERIEL_INFO_202609233,London,2026-09-23 00:00:00
KeyPers_London_1232096,LONDON_MATERIEL_INFO_202609234,London,2026-09-23 00:00:00
KeyPers_London_1232601,LONDON_MATERIEL_INFO_202609235,London,2026-09-23 00:00:00
KeyPers_London_1233951,LONDON_MATERIEL_INFO_202609236,London,2026-09-23 00:00:00
KeyPers_London_1232752,LONDON_MATERIEL_INFO_202609237,London,2026-09-23 00:00:00
KeyPers_London_1230468,LONDON_MATERIEL_INFO_202609238,London,2026-09-23 00:00:00
KeyPers_London_1232066,LONDON_MATERIEL_INFO_202609239,London,2026-09-23 00:00:00
KeyPers_LA_1230238,LA_MATERIEL_INFO_202609230,LA,2026-09-23 00:00:00
KeyPers_LA_1231665,LA_MATERIEL_INFO_202609231,LA,2026-09-23 00:00:00
KeyPers_LA_1230380,LA_MATERIEL_INFO_202609232,LA,2026-09-23 00:00:00
KeyPers_LA_1232341,LA_MATERIEL_INFO_202609233,LA,2026-09-23 00:00:00
KeyPers_LA_1231751,LA_MATERIEL_INFO_202609234,LA,2026-09-23 00:00:00
KeyPers_LA_1232947,LA_MATERIEL_INFO_202609235,LA,2026-09-23 00:00:00
KeyPers_LA_1230941,LA_MATERIEL_INFO_202609236,LA,2026-09-23 00:00:00
KeyPers_LA_1231712,LA_MATERIEL_INFO_202609237,LA,2026-09-23 00:00:00
KeyPers_LA_1231563,LA_MATERIEL_INFO_202609238,LA,2026-09-23 00:00:00
KeyPers_LA_1232678,LA_MATERIEL_INFO_202609239,LA,2026-09-23 00:00:00
KeyPers_LA_1231493,LA_MATERIEL_INFO_2026092310,LA,2026-09-23 00:00:00
KeyPers_LA_1232229,LA_MATERIEL_INFO_2026092311,LA,2026-09-23 00:00:00
KeyPers_NewYork_1230989,NewYork_MATERIEL_INFO_202609230,NewYork,2026-09-23 00:00:00
KeyPers_NewYork_1232898,NewYork_MATERIEL_INFO_202609231,NewYork,2026-09-23 00:00:00
KeyPers_NewYork_1232517,NewYork_MATERIEL_INFO_202609232,NewYork,2026-09-23 00:00:00
KeyPers_NewYork_1230952,NewYork_MATERIEL_INFO_202609233,NewYork,2026-09-23 00:00:00
KeyPers_NewYork_1230874,NewYork_MATERIEL_INFO_202609234,NewYork,2026-09-23 00:00:00
KeyPers_NewYork_1230910,NewYork_MATERIEL_INFO_202609235,NewYork,2026-09-23 00:00:00
KeyPers_NewYork_1230117,NewYork_MATERIEL_INFO_202609236,NewYork,2026-09-23 00:00:00
KeyPers_NewYork_1232913,NewYork_MATERIEL_INFO_202609237,NewYork,2026-09-23 00:00:00
KeyPers_NewYork_1230206,NewYork_MATERIEL_INFO_202609238,NewYork,2026-09-23 00:00:00
KeyPers_Paris_1230373,Paris_MATERIEL_INFO_202609230,Paris,2026-09-23 00:00:00
KeyPers_Paris_1231110,Paris_MATERIEL_INFO_202609231,Paris,2026-09-23 00:00:00
KeyPers_Paris_1233099,Paris_MATERIEL_INFO_202609232,Paris,2026-09-23 00:00:00
KeyPers_Paris_1230290,Paris_MATERIEL_INFO_202609233,Paris,2026-09-23 00:00:00
KeyPers_Paris_1231009,Paris_MATERIEL_INFO_202609234,Paris,2026-09-23 00:00:00
KeyPers_Paris_1232934,Paris_MATERIEL_INFO_202609235,Paris,2026-09-23 00:00:00
KeyPers_Paris_1230948,Paris_MATERIEL_INFO_202609236,Paris,2026-09-23 00:00:00
KeyPers_Shanghai_1230100,Shanghai_MATERIEL_INFO_202609230,Shanghai,2026-09-23 00:00:00
KeyPers_Shanghai_1230502,Shanghai_MATERIEL_INFO_202609231,Shanghai,2026-09-23 00:00:00
KeyPers_Shanghai_1230581,Shanghai_MATERIEL_INFO_202609232,Shanghai,2026-09-23 00:00:00
KeyPers_Berlin_1234134,BERLIN_MATERIEL_INFO_202609240,Berlin,2026-09-24 00:00:00
KeyPers_Berlin_1231772,BERLIN_MATERIEL_INFO_202609241,Berlin,2026-09-24 00:00:00
KeyPers_Berlin_1231331,BERLIN_MATERIEL_INFO_202609242,Berlin,2026-09-24 00:00:00
KeyPers_Berlin_1230910,BERLIN_MATERIEL_INFO_202609243,Berlin,2026-09-24 00:00:00
KeyPers_Berlin_1232915,BERLIN_MATERIEL_INFO_202609244,Berlin,2026-09-24 00:00:00
KeyPers_Berlin_1234218,BERLIN_MATERIEL_INFO_202609245,Berlin,2026-09-24 00:00:00
KeyPers_London_1231978,LONDON_MATERIEL_INFO_202609240,London,2026-09-24 00:00:00
KeyPers_London_1230878,LONDON_MATERIEL_INFO_202609241,London,2026-09-24 00:00:00
KeyPers_London_1233879,LONDON_MATERIEL_INFO_202609242,London,2026-09-24 00:00:00
KeyPers_London_1230054,LONDON_MATERIEL_INFO_202609243,London,2026-09-24 00:00:00
KeyPers_London_1233235,LONDON_MATERIEL_INFO_202609244,London,2026-09-24 00:00:00
KeyPers_London_1233395,LONDON_MATERIEL_INFO_202609245,London,2026-09-24 00:00:00
KeyPers_London_1231754,LONDON_MATERIEL_INFO_202609246,London,2026-09-24 00:00:00
KeyPers_London_1232190,LONDON_MATERIEL_INFO_202609247,London,2026-09-24 00:00:00
KeyPers_London_1232160,LONDON_MATERIEL_INFO_202609248,London,2026-09-24 00:00:00
KeyPers_London_1232997,LONDON_MATERIEL_INFO_202609249,London,2026-09-24 00:00:00
KeyPers_London_1234056,LONDON_MATERIEL_INFO_2026092410,London,2026-09-24 00:00:00
KeyPers_London_1232152,LONDON_MATERIEL_INFO_2026092411,London,2026-09-24 00:00:00
KeyPers_London_1230363,LONDON_MATERIEL_INFO_2026092412,London,2026-09-24 00:00:00
KeyPers_LA_1232163,LA_MATERIEL_INFO_202609240,LA,2026-09-24 00:00:00
KeyPers_LA_1232249,LA_MATERIEL_INFO_202609241,LA,2026-09-24 00:00:00
KeyPers_LA_1230602,LA_MATERIEL_INFO_202609242,LA,2026-09-24 00:00:00
KeyPers_LA_1230732,LA_MATERIEL_INFO_202609243,LA,2026-09-24 00:00:00
KeyPers_LA_1231669,LA_MATERIEL_INFO_202609244,LA,2026-09-24 00:00:00
KeyPers_LA_1230777,LA_MATERIEL_INFO_202609245,LA,2026-09-24 00:00:00
KeyPers_LA_1231398,LA_MATERIEL_INFO_202609246,LA,2026-09-24 00:00:00
KeyPers_LA_1230623,LA_MATERIEL_INFO_202609247,LA,2026-09-24 00:00:00
KeyPers_LA_1232358,LA_MATERIEL_INFO_202609248,LA,2026-09-24 00:00:00
KeyPers_NewYork_1232932,NewYork_MATERIEL_INFO_202609240,NewYork,2026-09-24 00:00:00
KeyPers_NewYork_1230821,NewYork_MATERIEL_INFO_202609241,NewYork,2026-09-24 00:00:00
KeyPers_NewYork_1232086,NewYork_MATERIEL_INFO_202609242,NewYork,2026-09-24 00:00:00
KeyPers_NewYork_1231146,NewYork_MATERIEL_INFO_202609243,NewYork,2026-09-24 00:00:00
KeyPers_NewYork_1231350,NewYork_MATERIEL_INFO_202609244,NewYork,2026-09-24 00:00:00
KeyPers_NewYork_1231680,NewYork_MATERIEL_INFO_202609245,NewYork,2026-09-24 00:00:00
KeyPers_Paris_1232973,Paris_MATERIEL_INFO_202609240,Paris,2026-09-24 00:00:00
KeyPers_Paris_1231202,Paris_MATERIEL_INFO_202609241,Paris,2026-09-24 00:00:00
KeyPers_Shanghai_1230029,Shanghai_MATERIEL_INFO_202609240,Shanghai,2026-09-24 00:00:00
KeyPers_Shanghai_1230682,Shanghai_MATERIEL_INFO_202609241,Shanghai,2026-09-24 00:00:00
KeyPers_Berlin_1232363,BERLIN_MATERIEL_INFO_202609250,Berlin,2026-09-25 00:00:00
KeyPers_London_1233014,LONDON_MATERIEL_INFO_202609250,London,2026-09-25 00:00:00
KeyPers_London_1232280,LONDON_MATERIEL_INFO_202609251,London,2026-09-25 00:00:00
KeyPers_London_1232557,LONDON_MATERIEL_INFO_202609252,London,2026-09-25 00:00:00
KeyPers_London_1232854,LONDON_MATERIEL_INFO_202609253,London,2026-09-25 00:00:00
KeyPers_London_1233719,LONDON_MATERIEL_INFO_202609254,London,2026-09-25 00:00:00
KeyPers_London_1231185,LONDON_MATERIEL_INFO_202609255,London,2026-09-25 00:00:00
KeyPers_London_1233032,LONDON_MATERIEL_INFO_202609256,London,2026-09-25 00:00:00
KeyPers_London_1231915,LONDON_MATERIEL_INFO_202609257,London,2026-09-25 00:00:00
KeyPers_London_1231282,LONDON_MATERIEL_INFO_202609258,London,2026-09-25 00:00:00
KeyPers_London_1231940,LONDON_MATERIEL_INFO_202609259,London,2026-09-25 00:00:00
KeyPers_LA_1231121,LA_MATERIEL_INFO_202609250,LA,2026-09-25 00:00:00
KeyPers_NewYork_1230623,NewYork_MATERIEL_INFO_202609250,NewYork,2026-09-25 00:00:00
KeyPers_NewYork_1230708,NewYork_MATERIEL_INFO_202609251,NewYork,2026-09-25 00:00:00
KeyPers_NewYork_1231823,NewYork_MATERIEL_INFO_202609252,NewYork,2026-09-25 00:00:00
KeyPers_NewYork_1230111,NewYork_MATERIEL_INFO_202609253,NewYork,2026-09-25 00:00:00
KeyPers_NewYork_1232483,NewYork_MATERIEL_INFO_202609254,NewYork,2026-09-25 00:00:00
KeyPers_NewYork_1230513,NewYork_MATERIEL_INFO_202609255,NewYork,2026-09-25 00:00:00
KeyPers_NewYork_1231171,NewYork_MATERIEL_INFO_202609256,NewYork,2026-09-25 00:00:00
KeyPers_NewYork_1231135,NewYork_MATERIEL_INFO_202609257,NewYork,2026-09-25 00:00:00
KeyPers_Paris_1232059,Paris_MATERIEL_INFO_202609250,Paris,2026-09-25 00:00:00
KeyPers_Paris_1233435,Paris_MATERIEL_INFO_202609251,Paris,2026-09-25 00:00:00
KeyPers_Paris_1230030,Paris_MATERIEL_INFO_202609252,Paris,2026-09-25 00:00:00
KeyPers_Paris_1230836,Paris_MATERIEL_INFO_202609253,Paris,2026-09-25 00:00:00
KeyPers_Paris_1230249,Paris_MATERIEL_INFO_202609254,Paris,2026-09-25 00:00:00
KeyPers_Paris_1233268,Paris_MATERIEL_INFO_202609255,Paris,2026-09-25 00:00:00
KeyPers_Shanghai_1230418,Shanghai_MATERIEL_INFO_202609250,Shanghai,2026-09-25 00:00:00
KeyPers_Shanghai_1230227,Shanghai_MATERIEL_INFO_202609251,Shanghai,2026-09-25 00:00:00
KeyPers_Shanghai_1230773,Shanghai_MATERIEL_INFO_202609252,Shanghai,2026-09-25 00:00:00
KeyPers_Shanghai_1230674,Shanghai_MATERIEL_INFO_202609253,Shanghai,2026-09-25 00:00:00
KeyPers_Shanghai_1230110,Shanghai_MATERIEL_INFO_202609254,Shanghai,2026-09-25 00:00:00
KeyPers_Shanghai_1230921,Shanghai_MATERIEL_INFO_202609255,Shanghai,2026-09-25 00:00:00
KeyPers_Berlin_1230287,BERLIN_MATERIEL_INFO_202609260,Berlin,2026-09-26 00:00:00
KeyPers_Berlin_1232431,BERLIN_MATERIEL_INFO_202609261,Berlin,2026-09-26 00:00:00
KeyPers_Berlin_1230122,BERLIN_MATERIEL_INFO_202609262,Berlin,2026-09-26 00:00:00
KeyPers_Berlin_1233879,BERLIN_MATERIEL_INFO_202609263,Berlin,2026-09-26 00:00:00
KeyPers_London_1231665,LONDON_MATERIEL_INFO_202609260,London,2026-09-26 00:00:00
KeyPers_London_1232722,LONDON_MATERIEL_INFO_202609261,London,2026-09-26 00:00:00
KeyPers_London_1233228,LONDON_MATERIEL_INFO_202609262,London,2026-09-26 00:00:00
KeyPers_LA_1232110,LA_MATERIEL_INFO_202609260,LA,2026-09-26 00:00:00
KeyPers_LA_1232816,LA_MATERIEL_INFO_202609261,LA,2026-09-26 00:00:00
KeyPers_LA_1230805,LA_MATERIEL_INFO_202609262,LA,2026-09-26 00:00:00
KeyPers_LA_1230900,LA_MATERIEL_INFO_202609263,LA,2026-09-26 00:00:00
KeyPers_LA_1231635,LA_MATERIEL_INFO_202609264,LA,2026-09-26 00:00:00
KeyPers_LA_1231070,LA_MATERIEL_INFO_202609265,LA,2026-09-26 00:00:00
KeyPers_LA_1232164,LA_MATERIEL_INFO_202609266,LA,2026-09-26 00:00:00
KeyPers_NewYork_1231665,NewYork_MATERIEL_INFO_202609260,NewYork,2026-09-26 00:00:00
KeyPers_NewYork_1231364,NewYork_MATERIEL_INFO_202609261,NewYork,2026-09-26 00:00:00
KeyPers_Paris_1232074,Paris_MATERIEL_INFO_202609260,Paris,2026-09-26 00:00:00
KeyPers_Paris_1231571,Paris_MATERIEL_INFO_202609261,Paris,2026-09-26 00:00:00
KeyPers_Paris_1231615,Paris_MATERIEL_INFO_202609262,Paris,2026-09-26 00:00:00
KeyPers_Paris_1234086,Paris_MATERIEL_INFO_202609263,Paris,2026-09-26 00:00:00
KeyPers_Paris_1230995,Paris_MATERIEL_INFO_202609264,Paris,2026-09-26 00:00:00
KeyPers_Paris_1231478,Paris_MATERIEL_INFO_202609265,Paris,2026-09-26 00:00:00
KeyPers_Paris_1232957,Paris_MATERIEL_INFO_202609266,Paris,2026-09-26 00:00:00
KeyPers_Paris_1231254,Paris_MATERIEL_INFO_202609267,Paris,2026-09-26 00:00:00
KeyPers_Paris_1232267,Paris_MATERIEL_INFO_202609268,Paris,2026-09-26 00:00:00
KeyPers_Paris_1233003,Paris_MATERIEL_INFO_202609269,Paris,2026-09-26 00:00:00
KeyPers_Shanghai_1230030,Shanghai_MATERIEL_INFO_202609260,Shanghai,2026-09-26 00:00:00
KeyPers_Shanghai_1230143,Shanghai_MATERIEL_INFO_202609261,Shanghai,2026-09-26 00:00:00
KeyPers_Shanghai_1230920,Shanghai_MATERIEL_INFO_202609262,Shanghai,2026-09-26 00:00:00
KeyPers_Shanghai_1230678,Shanghai_MATERIEL_INFO_202609263,Shanghai,2026-09-26 00:00:00
KeyPers_Berlin_1232260,BERLIN_MATERIEL_INFO_202609270,Berlin,2026-09-27 00:00:00
KeyPers_Berlin_1233691,BERLIN_MATERIEL_INFO_202609271,Berlin,2026-09-27 00:00:00
KeyPers_Berlin_1230606,BERLIN_MATERIEL_INFO_202609272,Berlin,2026-09-27 00:00:00
KeyPers_Berlin_1232717,BERLIN_MATERIEL_INFO_202609273,Berlin,2026-09-27 00:00:00
KeyPers_London_1230806,LONDON_MATERIEL_INFO_202609270,London,2026-09-27 00:00:00
KeyPers_LA_1230610,LA_MATERIEL_INFO_202609270,LA,2026-09-27 00:00:00
KeyPers_LA_1231618,LA_MATERIEL_INFO_202609271,LA,2026-09-27 00:00:00
KeyPers_LA_1231467,LA_MATERIEL_INFO_202609272,LA,2026-09-27 00:00:00
KeyPers_LA_1231639,LA_MATERIEL_INFO_202609273,LA,2026-09-27 00:00:00
KeyPers_LA_1231020,LA_MATERIEL_INFO_202609274,LA,2026-09-27 00:00:00
KeyPers_LA_1230019,LA_MATERIEL_INFO_202609275,LA,2026-09-27 00:00:00
KeyPers_LA_1231445,LA_MATERIEL_INFO_202609276,LA,2026-09-27 00:00:00
KeyPers_LA_1231324,LA_MATERIEL_INFO_202609277,LA,2026-09-27 00:00:00
KeyPers_LA_1232168,LA_MATERIEL_INFO_202609278,LA,2026-09-27 00:00:00
KeyPers_LA_1230475,LA_MATERIEL_INFO_202609279,LA,2026-09-27 00:00:00
KeyPers_LA_1230413,LA_MATERIEL_INFO_2026092710,LA,2026-09-27 00:00:00
KeyPers_LA_1231782,LA_MATERIEL_INFO_2026092711,LA,2026-09-27 00:00:00
KeyPers_LA_1232405,LA_MATERIEL_INFO_2026092712,LA,2026-09-27 00:00:00
KeyPers_NewYork_1232697,NewYork_MATERIEL_INFO_202609270,NewYork,2026-09-27 00:00:00
KeyPers_NewYork_1232197,NewYork_MATERIEL_INFO_202609271,NewYork,2026-09-27 00:00:00
KeyPers_NewYork_1230309,NewYork_MATERIEL_INFO_202609272,NewYork,2026-09-27 00:00:00
KeyPers_NewYork_1230734,NewYork_MATERIEL_INFO_202609273,NewYork,2026-09-27 00:00:00
KeyPers_NewYork_1230029,NewYork_MATERIEL_INFO_202609274,NewYork,2026-09-27 00:00:00
KeyPers_NewYork_1232212,NewYork_MATERIEL_INFO_202609275,NewYork,2026-09-27 00:00:00
KeyPers_NewYork_1231054,NewYork_MATERIEL_INFO_202609276,NewYork,2026-09-27 00:00:00
KeyPers_NewYork_1232786,NewYork_MATERIEL_INFO_202609277,NewYork,2026-09-27 00:00:00
KeyPers_NewYork_1230835,NewYork_MATERIEL_INFO_202609278,NewYork,2026-09-27 00:00:00
KeyPers_NewYork_1231864,NewYork_MATERIEL_INFO_202609279,NewYork,2026-09-27 00:00:00
KeyPers_Paris_1232365,Paris_MATERIEL_INFO_202609270,Paris,2026-09-27 00:00:00
KeyPers_Paris_1231424,Paris_MATERIEL_INFO_202609271,Paris,2026-09-27 00:00:00
KeyPers_Paris_1230051,Paris_MATERIEL_INFO_202609272,Paris,2026-09-27 00:00:00
KeyPers_Paris_1234369,Paris_MATERIEL_INFO_202609273,Paris,2026-09-27 00:00:00
KeyPers_Paris_1234588,Paris_MATERIEL_INFO_202609274,Paris,2026-09-27 00:00:00
KeyPers_Paris_1233989,Paris_MATERIEL_INFO_202609275,Paris,2026-09-27 00:00:00
KeyPers_Paris_1232468,Paris_MATERIEL_INFO_202609276,Paris,2026-09-27 00:00:00
KeyPers_Paris_1233845,Paris_MATERIEL_INFO_202609277,Paris,2026-09-27 00:00:00
KeyPers_Paris_1233175,Paris_MATERIEL_INFO_202609278,Paris,2026-09-27 00:00:00
KeyPers_Paris_1232768,Paris_MATERIEL_INFO_202609279,Paris,2026-09-27 00:00:00
KeyPers_Paris_1232653,Paris_MATERIEL_INFO_2026092710,Paris,2026-09-27 00:00:00
KeyPers_Paris_1233613,Paris_MATERIEL_INFO_2026092711,Paris,2026-09-27 00:00:00
KeyPers_Paris_1231293,Paris_MATERIEL_INFO_2026092712,Paris,2026-09-27 00:00:00
KeyPers_Shanghai_1230965,Shanghai_MATERIEL_INFO_202609270,Shanghai,2026-09-27 00:00:00
KeyPers_Shanghai_1230462,Shanghai_MATERIEL_INFO_202609271,Shanghai,2026-09-27 00:00:00
KeyPers_Shanghai_1230057,Shanghai_MATERIEL_INFO_202609272,Shanghai,2026-09-27 00:00:00
KeyPers_Shanghai_1230545,Shanghai_MATERIEL_INFO_202609273,Shanghai,2026-09-27 00:00:00
KeyPers_Shanghai_1230881,Shanghai_MATERIEL_INFO_202609274,Shanghai,2026-09-27 00:00:00
KeyPers_Shanghai_1230996,Shanghai_MATERIEL_INFO_202609275,Shanghai,2026-09-27 00:00:00
KeyPers_Shanghai_1230082,Shanghai_MATERIEL_INFO_202609276,Shanghai,2026-09-27 00:00:00
KeyPers_Shanghai_1230809,Shanghai_MATERIEL_INFO_202609277,Shanghai,2026-09-27 00:00:00
KeyPers_Shanghai_1230550,Shanghai_MATERIEL_INFO_202609278,Shanghai,2026-09-27 00:00:00
KeyPers_Berlin_1234215,BERLIN_MATERIEL_INFO_202609280,Berlin,2026-09-28 00:00:00
KeyPers_Berlin_1233618,BERLIN_MATERIEL_INFO_202609281,Berlin,2026-09-28 00:00:00
KeyPers_Berlin_1231123,BERLIN_MATERIEL_INFO_202609282,Berlin,2026-09-28 00:00:00
KeyPers_Berlin_1231741,BERLIN_MATERIEL_INFO_202609283,Berlin,2026-09-28 00:00:00
KeyPers_London_1232386,LONDON_MATERIEL_INFO_202609280,London,2026-09-28 00:00:00
KeyPers_London_1233675,LONDON_MATERIEL_INFO_202609281,London,2026-09-28 00:00:00
KeyPers_London_1233402,LONDON_MATERIEL_INFO_202609282,London,2026-09-28 00:00:00
KeyPers_London_1233339,LONDON_MATERIEL_INFO_202609283,London,2026-09-28 00:00:00
KeyPers_London_1233791,LONDON_MATERIEL_INFO_202609284,London,2026-09-28 00:00:00
KeyPers_London_1233246,LONDON_MATERIEL_INFO_202609285,London,2026-09-28 00:00:00
KeyPers_LA_1231389,LA_MATERIEL_INFO_202609280,LA,2026-09-28 00:00:00
KeyPers_LA_1230624,LA_MATERIEL_INFO_202609281,LA,2026-09-28 00:00:00
KeyPers_NewYork_1232481,NewYork_MATERIEL_INFO_202609280,NewYork,2026-09-28 00:00:00
KeyPers_NewYork_1230144,NewYork_MATERIEL_INFO_202609281,NewYork,2026-09-28 00:00:00
KeyPers_NewYork_1232082,NewYork_MATERIEL_INFO_202609282,NewYork,2026-09-28 00:00:00
KeyPers_NewYork_1232841,NewYork_MATERIEL_INFO_202609283,NewYork,2026-09-28 00:00:00
KeyPers_NewYork_1232293,NewYork_MATERIEL_INFO_202609284,NewYork,2026-09-28 00:00:00
KeyPers_NewYork_1232939,NewYork_MATERIEL_INFO_202609285,NewYork,2026-09-28 00:00:00
KeyPers_NewYork_1232279,NewYork_MATERIEL_INFO_202609286,NewYork,2026-09-28 00:00:00
KeyPers_NewYork_1231027,NewYork_MATERIEL_INFO_202609287,NewYork,2026-09-28 00:00:00
KeyPers_NewYork_1230541,NewYork_MATERIEL_INFO_202609288,NewYork,2026-09-28 00:00:00
KeyPers_NewYork_1232733,NewYork_MATERIEL_INFO_202609289,NewYork,2026-09-28 00:00:00
KeyPers_NewYork_1230451,NewYork_MATERIEL_INFO_2026092810,NewYork,2026-09-28 00:00:00
KeyPers_NewYork_1230819,NewYork_MATERIEL_INFO_2026092811,NewYork,2026-09-28 00:00:00
KeyPers_NewYork_1232589,NewYork_MATERIEL_INFO_2026092812,NewYork,2026-09-28 00:00:00
KeyPers_NewYork_1230476,NewYork_MATERIEL_INFO_2026092813,NewYork,2026-09-28 00:00:00
KeyPers_Paris_1231765,Paris_MATERIEL_INFO_202609280,Paris,2026-09-28 00:00:00
KeyPers_Paris_1234436,Paris_MATERIEL_INFO_202609281,Paris,2026-09-28 00:00:00
KeyPers_Paris_1233149,Paris_MATERIEL_INFO_202609282,Paris,2026-09-28 00:00:00
KeyPers_Paris_1233513,Paris_MATERIEL_INFO_202609283,Paris,2026-09-28 00:00:00
KeyPers_Paris_1232659,Paris_MATERIEL_INFO_202609284,Paris,2026-09-28 00:00:00
KeyPers_Paris_1231625,Paris_MATERIEL_INFO_202609285,Paris,2026-09-28 00:00:00
KeyPers_Paris_1233530,Paris_MATERIEL_INFO_202609286,Paris,2026-09-28 00:00:00
KeyPers_Paris_1230660,Paris_MATERIEL_INFO_202609287,Paris,2026-09-28 00:00:00
KeyPers_Shanghai_1230202,Shanghai_MATERIEL_INFO_202609280,Shanghai,2026-09-28 00:00:00
KeyPers_Shanghai_1230111,Shanghai_MATERIEL_INFO_202609281,Shanghai,2026-09-28 00:00:00
KeyPers_Berlin_1233789,BERLIN_MATERIEL_INFO_202609290,Berlin,2026-09-29 00:00:00
KeyPers_Berlin_1232214,BERLIN_MATERIEL_INFO_202609291,Berlin,2026-09-29 00:00:00
KeyPers_Berlin_1233508,BERLIN_MATERIEL_INFO_202609292,Berlin,2026-09-29 00:00:00
KeyPers_Berlin_1231644,BERLIN_MATERIEL_INFO_202609293,Berlin,2026-09-29 00:00:00
KeyPers_Berlin_1231458,BERLIN_MATERIEL_INFO_202609294,Berlin,2026-09-29 00:00:00
KeyPers_Berlin_1233397,BERLIN_MATERIEL_INFO_202609295,Berlin,2026-09-29 00:00:00
KeyPers_London_1233786,LONDON_MATERIEL_INFO_202609290,London,2026-09-29 00:00:00
KeyPers_London_1234157,LONDON_MATERIEL_INFO_202609291,London,2026-09-29 00:00:00
KeyPers_London_1231763,LONDON_MATERIEL_INFO_202609292,London,2026-09-29 00:00:00
KeyPers_LA_1231332,LA_MATERIEL_INFO_202609290,LA,2026-09-29 00:00:00
KeyPers_LA_1230077,LA_MATERIEL_INFO_202609291,LA,2026-09-29 00:00:00
KeyPers_LA_1230897,LA_MATERIEL_INFO_202609292,LA,2026-09-29 00:00:00
KeyPers_LA_1232714,LA_MATERIEL_INFO_202609293,LA,2026-09-29 00:00:00
KeyPers_LA_1230049,LA_MATERIEL_INFO_202609294,LA,2026-09-29 00:00:00
KeyPers_LA_1231419,LA_MATERIEL_INFO_202609295,LA,2026-09-29 00:00:00
KeyPers_LA_1230925,LA_MATERIEL_INFO_202609296,LA,2026-09-29 00:00:00
KeyPers_LA_1231303,LA_MATERIEL_INFO_202609297,LA,2026-09-29 00:00:00
KeyPers_LA_1231442,LA_MATERIEL_INFO_202609298,LA,2026-09-29 00:00:00
KeyPers_LA_1230267,LA_MATERIEL_INFO_202609299,LA,2026-09-29 00:00:00
KeyPers_LA_1232000,LA_MATERIEL_INFO_2026092910,LA,2026-09-29 00:00:00
KeyPers_LA_1230347,LA_MATERIEL_INFO_2026092911,LA,2026-09-29 00:00:00
KeyPers_NewYork_1230239,NewYork_MATERIEL_INFO_202609290,NewYork,2026-09-29 00:00:00
KeyPers_NewYork_1233044,NewYork_MATERIEL_INFO_202609291,NewYork,2026-09-29 00:00:00
KeyPers_NewYork_1230158,NewYork_MATERIEL_INFO_202609292,NewYork,2026-09-29 00:00:00
KeyPers_NewYork_1232520,NewYork_MATERIEL_INFO_202609293,NewYork,2026-09-29 00:00:00
KeyPers_NewYork_1231456,NewYork_MATERIEL_INFO_202609294,NewYork,2026-09-29 00:00:00
KeyPers_NewYork_1230967,NewYork_MATERIEL_INFO_202609295,NewYork,2026-09-29 00:00:00
KeyPers_NewYork_1232283,NewYork_MATERIEL_INFO_202609296,NewYork,2026-09-29 00:00:00
KeyPers_NewYork_1230421,NewYork_MATERIEL_INFO_202609297,NewYork,2026-09-29 00:00:00
KeyPers_Paris_1233399,Paris_MATERIEL_INFO_202609290,Paris,2026-09-29 00:00:00
KeyPers_Paris_1234580,Paris_MATERIEL_INFO_202609291,Paris,2026-09-29 00:00:00
KeyPers_Paris_1234972,Paris_MATERIEL_INFO_202609292,Paris,2026-09-29 00:00:00
KeyPers_Paris_1231071,Paris_MATERIEL_INFO_202609293,Paris,2026-09-29 00:00:00
KeyPers_Paris_1230081,Paris_MATERIEL_INFO_202609294,Paris,2026-09-29 00:00:00
KeyPers_Paris_1231472,Paris_MATERIEL_INFO_202609295,Paris,2026-09-29 00:00:00
KeyPers_Paris_1231706,Paris_MATERIEL_INFO_202609296,Paris,2026-09-29 00:00:00
KeyPers_Shanghai_1230464,Shanghai_MATERIEL_INFO_202609290,Shanghai,2026-09-29 00:00:00
KeyPers_Shanghai_1230832,Shanghai_MATERIEL_INFO_202609291,Shanghai,2026-09-29 00:00:00
KeyPers_Shanghai_1230203,Shanghai_MATERIEL_INFO_202609292,Shanghai,2026-09-29 00:00:00
KeyPers_Shanghai_1230423,Shanghai_MATERIEL_INFO_202609293,Shanghai,2026-09-29 00:00:00
KeyPers_Shanghai_1230117,Shanghai_MATERIEL_INFO_202609294,Shanghai,2026-09-29 00:00:00
KeyPers_Shanghai_1230863,Shanghai_MATERIEL_INFO_202609295,Shanghai,2026-09-29 00:00:00
KeyPers_Shanghai_1230720,Shanghai_MATERIEL_INFO_202609296,Shanghai,2026-09-29 00:00:00
KeyPers_Berlin_1231102,BERLIN_MATERIEL_INFO_202609300,Berlin,2026-09-30 00:00:00
KeyPers_Berlin_1232784,BERLIN_MATERIEL_INFO_202609301,Berlin,2026-09-30 00:00:00
KeyPers_Berlin_1231773,BERLIN_MATERIEL_INFO_202609302,Berlin,2026-09-30 00:00:00
KeyPers_Berlin_1233883,BERLIN_MATERIEL_INFO_202609303,Berlin,2026-09-30 00:00:00
KeyPers_London_1233569,LONDON_MATERIEL_INFO_202609300,London,2026-09-30 00:00:00
KeyPers_London_1233786,LONDON_MATERIEL_INFO_202609301,London,2026-09-30 00:00:00
KeyPers_London_1231533,LONDON_MATERIEL_INFO_202609302,London,2026-09-30 00:00:00
KeyPers_London_1231200,LONDON_MATERIEL_INFO_202609303,London,2026-09-30 00:00:00
KeyPers_London_1233497,LONDON_MATERIEL_INFO_202609304,London,2026-09-30 00:00:00
KeyPers_London_1231896,LONDON_MATERIEL_INFO_202609305,London,2026-09-30 00:00:00
KeyPers_London_1230340,LONDON_MATERIEL_INFO_202609306,London,2026-09-30 00:00:00
KeyPers_London_1230613,LONDON_MATERIEL_INFO_202609307,London,2026-09-30 00:00:00
KeyPers_London_1234016,LONDON_MATERIEL_INFO_202609308,London,2026-09-30 00:00:00
KeyPers_LA_1232547,LA_MATERIEL_INFO_202609300,LA,2026-09-30 00:00:00
KeyPers_LA_1231708,LA_MATERIEL_INFO_202609301,LA,2026-09-30 00:00:00
KeyPers_LA_1230040,LA_MATERIEL_INFO_202609302,LA,2026-09-30 00:00:00
KeyPers_LA_1233013,LA_MATERIEL_INFO_202609303,LA,2026-09-30 00:00:00
KeyPers_LA_1232794,LA_MATERIEL_INFO_202609304,LA,2026-09-30 00:00:00
KeyPers_LA_1230653,LA_MATERIEL_INFO_202609305,LA,2026-09-30 00:00:00
KeyPers_LA_1231407,LA_MATERIEL_INFO_202609306,LA,2026-09-30 00:00:00
KeyPers_NewYork_1230488,NewYork_MATERIEL_INFO_202609300,NewYork,2026-09-30 00:00:00
KeyPers_NewYork_1230235,NewYork_MATERIEL_INFO_202609301,NewYork,2026-09-30 00:00:00
KeyPers_NewYork_1231666,NewYork_MATERIEL_INFO_202609302,NewYork,2026-09-30 00:00:00
KeyPers_Paris_1230460,Paris_MATERIEL_INFO_202609300,Paris,2026-09-30 00:00:00
KeyPers_Paris_1234099,Paris_MATERIEL_INFO_202609301,Paris,2026-09-30 00:00:00
KeyPers_Shanghai_1230524,Shanghai_MATERIEL_INFO_202609300,Shanghai,2026-09-30 00:00:00
KeyPers_Shanghai_1230538,Shanghai_MATERIEL_INFO_202609301,Shanghai,2026-09-30 00:00:00
KeyPers_Shanghai_1230721,Shanghai_MATERIEL_INFO_202609302,Shanghai,2026-09-30 00:00:00
KeyPers_Shanghai_1230058,Shanghai_MATERIEL_INFO_202609303,Shanghai,2026-09-30 00:00:00
KeyPers_Berlin_1232294,BERLIN_MATERIEL_INFO_202610010,Berlin,2026-10-01 00:00:00
KeyPers_Berlin_1230562,BERLIN_MATERIEL_INFO_202610011,Berlin,2026-10-01 00:00:00
KeyPers_Berlin_1233824,BERLIN_MATERIEL_INFO_202610012,Berlin,2026-10-01 00:00:00
KeyPers_Berlin_1231052,BERLIN_MATERIEL_INFO_202610013,Berlin,2026-10-01 00:00:00
KeyPers_London_1231189,LONDON_MATERIEL_INFO_202610010,London,2026-10-01 00:00:00
KeyPers_London_1230272,LONDON_MATERIEL_INFO_202610011,London,2026-10-01 00:00:00
KeyPers_London_1232335,LONDON_MATERIEL_INFO_202610012,London,2026-10-01 00:00:00
KeyPers_London_1230635,LONDON_MATERIEL_INFO_202610013,London,2026-10-01 00:00:00
KeyPers_London_1230963,LONDON_MATERIEL_INFO_202610014,London,2026-10-01 00:00:00
KeyPers_London_1233477,LONDON_MATERIEL_INFO_202610015,London,2026-10-01 00:00:00
KeyPers_LA_1230450,LA_MATERIEL_INFO_202610010,LA,2026-10-01 00:00:00
KeyPers_LA_1231949,LA_MATERIEL_INFO_202610011,LA,2026-10-01 00:00:00
KeyPers_LA_1232973,LA_MATERIEL_INFO_202610012,LA,2026-10-01 00:00:00
KeyPers_LA_1231649,LA_MATERIEL_INFO_202610013,LA,2026-10-01 00:00:00
KeyPers_LA_1231887,LA_MATERIEL_INFO_202610014,LA,2026-10-01 00:00:00
KeyPers_LA_1230412,LA_MATERIEL_INFO_202610015,LA,2026-10-01 00:00:00
KeyPers_LA_1232490,LA_MATERIEL_INFO_202610016,LA,2026-10-01 00:00:00
KeyPers_LA_1231285,LA_MATERIEL_INFO_202610017,LA,2026-10-01 00:00:00
KeyPers_LA_1232170,LA_MATERIEL_INFO_202610018,LA,2026-10-01 00:00:00
KeyPers_LA_1231768,LA_MATERIEL_INFO_202610019,LA,2026-10-01 00:00:00
KeyPers_NewYork_1230649,NewYork_MATERIEL_INFO_202610010,NewYork,2026-10-01 00:00:00
KeyPers_NewYork_1231254,NewYork_MATERIEL_INFO_202610011,NewYork,2026-10-01 00:00:00
KeyPers_NewYork_1232412,NewYork_MATERIEL_INFO_202610012,NewYork,2026-10-01 00:00:00
KeyPers_NewYork_1231797,NewYork_MATERIEL_INFO_202610013,NewYork,2026-10-01 00:00:00
KeyPers_NewYork_1232492,NewYork_MATERIEL_INFO_202610014,NewYork,2026-10-01 00:00:00
KeyPers_NewYork_1230886,NewYork_MATERIEL_INFO_202610015,NewYork,2026-10-01 00:00:00
KeyPers_NewYork_1231349,NewYork_MATERIEL_INFO_202610016,NewYork,2026-10-01 00:00:00
KeyPers_NewYork_1230717,NewYork_MATERIEL_INFO_202610017,NewYork,2026-10-01 00:00:00
KeyPers_NewYork_1230544,NewYork_MATERIEL_INFO_202610018,NewYork,2026-10-01 00:00:00
KeyPers_NewYork_1232306,NewYork_MATERIEL_INFO_202610019,NewYork,2026-10-01 00:00:00
KeyPers_NewYork_1232790,NewYork_MATERIEL_INFO_2026100110,NewYork,2026-10-01 00:00:00
KeyPers_NewYork_1231647,NewYork_MATERIEL_INFO_2026100111,NewYork,2026-10-01 00:00:00
KeyPers_NewYork_1232281,NewYork_MATERIEL_INFO_2026100112,NewYork,2026-10-01 00:00:00
KeyPers_NewYork_1230031,NewYork_MATERIEL_INFO_2026100113,NewYork,2026-10-01 00:00:00
KeyPers_Paris_1232472,Paris_MATERIEL_INFO_202610010,Paris,2026-10-01 00:00:00
KeyPers_Paris_1230077,Paris_MATERIEL_INFO_202610011,Paris,2026-10-01 00:00:00
KeyPers_Paris_1231318,Paris_MATERIEL_INFO_202610012,Paris,2026-10-01 00:00:00
KeyPers_Paris_1233315,Paris_MATERIEL_INFO_202610013,Paris,2026-10-01 00:00:00
KeyPers_Paris_1232706,Paris_MATERIEL_INFO_202610014,Paris,2026-10-01 00:00:00
KeyPers_Paris_1234606,Paris_MATERIEL_INFO_202610015,Paris,2026-10-01 00:00:00
KeyPers_Paris_1230952,Paris_MATERIEL_INFO_202610016,Paris,2026-10-01 00:00:00
KeyPers_Paris_1232781,Paris_MATERIEL_INFO_202610017,Paris,2026-10-01 00:00:00
KeyPers_Paris_1231537,Paris_MATERIEL_INFO_202610018,Paris,2026-10-01 00:00:00
KeyPers_Paris_1234177,Paris_MATERIEL_INFO_202610019,Paris,2026-10-01 00:00:00
KeyPers_Paris_1230710,Paris_MATERIEL_INFO_2026100110,Paris,2026-10-01 00:00:00
KeyPers_Paris_1234885,Paris_MATERIEL_INFO_2026100111,Paris,2026-10-01 00:00:00
KeyPers_Paris_1231933,Paris_MATERIEL_INFO_2026100112,Paris,2026-10-01 00:00:00
KeyPers_Shanghai_1230229,Shanghai_MATERIEL_INFO_202610010,Shanghai,2026-10-01 00:00:00
KeyPers_Shanghai_1230454,Shanghai_MATERIEL_INFO_202610011,Shanghai,2026-10-01 00:00:00
KeyPers_Shanghai_1230572,Shanghai_MATERIEL_INFO_202610012,Shanghai,2026-10-01 00:00:00
KeyPers_Shanghai_1230843,Shanghai_MATERIEL_INFO_202610013,Shanghai,2026-10-01 00:00:00
KeyPers_Shanghai_1230052,Shanghai_MATERIEL_INFO_202610014,Shanghai,2026-10-01 00:00:00
KeyPers_Shanghai_1230124,Shanghai_MATERIEL_INFO_202610015,Shanghai,2026-10-01 00:00:00
KeyPers_Shanghai_1230627,Shanghai_MATERIEL_INFO_202610016,Shanghai,2026-10-01 00:00:00
KeyPers_Shanghai_1230684,Shanghai_MATERIEL_INFO_202610017,Shanghai,2026-10-01 00:00:00
KeyPers_Shanghai_1230830,Shanghai_MATERIEL_INFO_202610018,Shanghai,2026-10-01 00:00:00
KeyPers_Berlin_1232246,BERLIN_MATERIEL_INFO_202610020,Berlin,2026-10-02 00:00:00
KeyPers_Berlin_1230037,BERLIN_MATERIEL_INFO_202610021,Berlin,2026-10-02 00:00:00
KeyPers_London_1233989,LONDON_MATERIEL_INFO_202610020,London,2026-10-02 00:00:00
KeyPers_London_1231550,LONDON_MATERIEL_INFO_202610021,London,2026-10-02 00:00:00
KeyPers_LA_1230204,LA_MATERIEL_INFO_202610020,LA,2026-10-02 00:00:00
KeyPers_LA_1230309,LA_MATERIEL_INFO_202610021,LA,2026-10-02 00:00:00
KeyPers_LA_1233012,LA_MATERIEL_INFO_202610022,LA,2026-10-02 00:00:00
KeyPers_LA_1231333,LA_MATERIEL_INFO_202610023,LA,2026-10-02 00:00:00
KeyPers_LA_1230647,LA_MATERIEL_INFO_202610024,LA,2026-10-02 00:00:00
KeyPers_LA_1231941,LA_MATERIEL_INFO_202610025,LA,2026-10-02 00:00:00
KeyPers_LA_1232503,LA_MATERIEL_INFO_202610026,LA,2026-10-02 00:00:00
KeyPers_LA_1230902,LA_MATERIEL_INFO_202610027,LA,2026-10-02 00:00:00
KeyPers_LA_1231579,LA_MATERIEL_INFO_202610028,LA,2026-10-02 00:00:00
KeyPers_LA_1230738,LA_MATERIEL_INFO_202610029,LA,2026-10-02 00:00:00
KeyPers_LA_1231331,LA_MATERIEL_INFO_2026100210,LA,2026-10-02 00:00:00
KeyPers_LA_1232867,LA_MATERIEL_INFO_2026100211,LA,2026-10-02 00:00:00
KeyPers_NewYork_1230164,NewYork_MATERIEL_INFO_202610020,NewYork,2026-10-02 00:00:00
KeyPers_NewYork_1232431,NewYork_MATERIEL_INFO_202610021,NewYork,2026-10-02 00:00:00
KeyPers_NewYork_1232791,NewYork_MATERIEL_INFO_202610022,NewYork,2026-10-02 00:00:00
KeyPers_NewYork_1231317,NewYork_MATERIEL_INFO_202610023,NewYork,2026-10-02 00:00:00
KeyPers_Paris_1233797,Paris_MATERIEL_INFO_202610020,Paris,2026-10-02 00:00:00
KeyPers_Paris_1230602,Paris_MATERIEL_INFO_202610021,Paris,2026-10-02 00:00:00
KeyPers_Paris_1234994,Paris_MATERIEL_INFO_202610022,Paris,2026-10-02 00:00:00
KeyPers_Paris_1233288,Paris_MATERIEL_INFO_202610023,Paris,2026-10-02 00:00:00
KeyPers_Paris_1234908,Paris_MATERIEL_INFO_202610024,Paris,2026-10-02 00:00:00
KeyPers_Paris_1234116,Paris_MATERIEL_INFO_202610025,Paris,2026-10-02 00:00:00
KeyPers_Paris_1234322,Paris_MATERIEL_INFO_202610026,Paris,2026-10-02 00:00:00
KeyPers_Paris_1232469,Paris_MATERIEL_INFO_202610027,Paris,2026-10-02 00:00:00
KeyPers_Paris_1233252,Paris_MATERIEL_INFO_202610028,Paris,2026-10-02 00:00:00
KeyPers_Paris_1234792,Paris_MATERIEL_INFO_202610029,Paris,2026-10-02 00:00:00
KeyPers_Paris_1230896,Paris_MATERIEL_INFO_2026100210,Paris,2026-10-02 00:00:00
KeyPers_Paris_1231277,Paris_MATERIEL_INFO_2026100211,Paris,2026-10-02 00:00:00
KeyPers_Paris_1234294,Paris_MATERIEL_INFO_2026100212,Paris,2026-10-02 00:00:00
KeyPers_Paris_1230039,Paris_MATERIEL_INFO_2026100213,Paris,2026-10-02 00:00:00
KeyPers_Shanghai_1230753,Shanghai_MATERIEL_INFO_202610020,Shanghai,2026-10-02 00:00:00
KeyPers_Shanghai_1230735,Shanghai_MATERIEL_INFO_202610021,Shanghai,2026-10-02 00:00:00
KeyPers_Shanghai_1230540,Shanghai_MATERIEL_INFO_202610022,Shanghai,2026-10-02 00:00:00
KeyPers_Shanghai_1230936,Shanghai_MATERIEL_INFO_202610023,Shanghai,2026-10-02 00:00:00
KeyPers_Shanghai_1230878,Shanghai_MATERIEL_INFO_202610024,Shanghai,2026-10-02 00:00:00
KeyPers_Shanghai_1230764,Shanghai_MATERIEL_INFO_202610025,Shanghai,2026-10-02 00:00:00
KeyPers_Shanghai_1230414,Shanghai_MATERIEL_INFO_202610026,Shanghai,2026-10-02 00:00:00
KeyPers_Berlin_1232778,BERLIN_MATERIEL_INFO_202610030,Berlin,2026-10-03 00:00:00
KeyPers_London_1234144,LONDON_MATERIEL_INFO_202610030,London,2026-10-03 00:00:00
KeyPers_London_1231941,LONDON_MATERIEL_INFO_202610031,London,2026-10-03 00:00:00
KeyPers_London_1230294,LONDON_MATERIEL_INFO_202610032,London,2026-10-03 00:00:00
KeyPers_LA_1232224,LA_MATERIEL_INFO_202610030,LA,2026-10-03 00:00:00
KeyPers_LA_1231892,LA_MATERIEL_INFO_202610031,LA,2026-10-03 00:00:00
KeyPers_LA_1231174,LA_MATERIEL_INFO_202610032,LA,2026-10-03 00:00:00
KeyPers_LA_1231725,LA_MATERIEL_INFO_202610033,LA,2026-10-03 00:00:00
KeyPers_LA_1232510,LA_MATERIEL_INFO_202610034,LA,2026-10-03 00:00:00
KeyPers_LA_1232036,LA_MATERIEL_INFO_202610035,LA,2026-10-03 00:00:00
KeyPers_LA_1230718,LA_MATERIEL_INFO_202610036,LA,2026-10-03 00:00:00
KeyPers_LA_1232149,LA_MATERIEL_INFO_202610037,LA,2026-10-03 00:00:00
KeyPers_LA_1231945,LA_MATERIEL_INFO_202610038,LA,2026-10-03 00:00:00
KeyPers_LA_1230742,LA_MATERIEL_INFO_202610039,LA,2026-10-03 00:00:00
KeyPers_LA_1231622,LA_MATERIEL_INFO_2026100310,LA,2026-10-03 00:00:00
KeyPers_LA_1231175,LA_MATERIEL_INFO_2026100311,LA,2026-10-03 00:00:00
KeyPers_LA_1230206,LA_MATERIEL_INFO_2026100312,LA,2026-10-03 00:00:00
KeyPers_NewYork_1230153,NewYork_MATERIEL_INFO_202610030,NewYork,2026-10-03 00:00:00
KeyPers_NewYork_1230761,NewYork_MATERIEL_INFO_202610031,NewYork,2026-10-03 00:00:00
KeyPers_NewYork_1230831,NewYork_MATERIEL_INFO_202610032,NewYork,2026-10-03 00:00:00
KeyPers_NewYork_1230336,NewYork_MATERIEL_INFO_202610033,NewYork,2026-10-03 00:00:00
KeyPers_NewYork_1231030,NewYork_MATERIEL_INFO_202610034,NewYork,2026-10-03 00:00:00
KeyPers_NewYork_1232815,NewYork_MATERIEL_INFO_202610035,NewYork,2026-10-03 00:00:00
KeyPers_NewYork_1232718,NewYork_MATERIEL_INFO_202610036,NewYork,2026-10-03 00:00:00
KeyPers_NewYork_1231189,NewYork_MATERIEL_INFO_202610037,NewYork,2026-10-03 00:00:00
KeyPers_NewYork_1231028,NewYork_MATERIEL_INFO_202610038,NewYork,2026-10-03 00:00:00
KeyPers_NewYork_1231123,NewYork_MATERIEL_INFO_202610039,NewYork,2026-10-03 00:00:00
KeyPers_NewYork_1231633,NewYork_MATERIEL_INFO_2026100310,NewYork,2026-10-03 00:00:00
KeyPers_Paris_1233595,Paris_MATERIEL_INFO_202610030,Paris,2026-10-03 00:00:00
KeyPers_Paris_1231605,Paris_MATERIEL_INFO_202610031,Paris,2026-10-03 00:00:00
KeyPers_Paris_1233791,Paris_MATERIEL_INFO_202610032,Paris,2026-10-03 00:00:00
KeyPers_Paris_1232832,Paris_MATERIEL_INFO_202610033,Paris,2026-10-03 00:00:00
KeyPers_Shanghai_1230419,Shanghai_MATERIEL_INFO_202610030,Shanghai,2026-10-03 00:00:00
KeyPers_Shanghai_1230374,Shanghai_MATERIEL_INFO_202610031,Shanghai,2026-10-03 00:00:00
KeyPers_Shanghai_1230051,Shanghai_MATERIEL_INFO_202610032,Shanghai,2026-10-03 00:00:00
KeyPers_Shanghai_1230960,Shanghai_MATERIEL_INFO_202610033,Shanghai,2026-10-03 00:00:00
KeyPers_Shanghai_1230723,Shanghai_MATERIEL_INFO_202610034,Shanghai,2026-10-03 00:00:00
KeyPers_Shanghai_1230232,Shanghai_MATERIEL_INFO_202610035,Shanghai,2026-10-03 00:00:00
KeyPers_Shanghai_1230794,Shanghai_MATERIEL_INFO_202610036,Shanghai,2026-10-03 00:00:00
KeyPers_Shanghai_1230018,Shanghai_MATERIEL_INFO_202610037,Shanghai,2026-10-03 00:00:00
KeyPers_Shanghai_1230062,Shanghai_MATERIEL_INFO_202610038,Shanghai,2026-10-03 00:00:00
KeyPers_Shanghai_1230965,Shanghai_MATERIEL_INFO_202610039,Shanghai,2026-10-03 00:00:00
KeyPers_Berlin_1231212,BERLIN_MATERIEL_INFO_202610040,Berlin,2026-10-04 00:00:00
KeyPers_Berlin_1234123,BERLIN_MATERIEL_INFO_202610041,Berlin,2026-10-04 00:00:00
KeyPers_Berlin_1230324,BERLIN_MATERIEL_INFO_202610042,Berlin,2026-10-04 00:00:00
KeyPers_Berlin_1231647,BERLIN_MATERIEL_INFO_202610043,Berlin,2026-10-04 00:00:00
KeyPers_London_1233349,LONDON_MATERIEL_INFO_202610040,London,2026-10-04 00:00:00
KeyPers_London_1232314,LONDON_MATERIEL_INFO_202610041,London,2026-10-04 00:00:00
KeyPers_London_1232536,LONDON_MATERIEL_INFO_202610042,London,2026-10-04 00:00:00
KeyPers_London_1233489,LONDON_MATERIEL_INFO_202610043,London,2026-10-04 00:00:00
KeyPers_London_1232828,LONDON_MATERIEL_INFO_202610044,London,2026-10-04 00:00:00
KeyPers_London_1230040,LONDON_MATERIEL_INFO_202610045,London,2026-10-04 00:00:00
KeyPers_London_1233510,LONDON_MATERIEL_INFO_202610046,London,2026-10-04 00:00:00
KeyPers_London_1232460,LONDON_MATERIEL_INFO_202610047,London,2026-10-04 00:00:00
KeyPers_London_1233127,LONDON_MATERIEL_INFO_202610048,London,2026-10-04 00:00:00
KeyPers_LA_1230684,LA_MATERIEL_INFO_202610040,LA,2026-10-04 00:00:00
KeyPers_LA_1231100,LA_MATERIEL_INFO_202610041,LA,2026-10-04 00:00:00
KeyPers_LA_1232349,LA_MATERIEL_INFO_202610042,LA,2026-10-04 00:00:00
KeyPers_LA_1231894,LA_MATERIEL_INFO_202610043,LA,2026-10-04 00:00:00
KeyPers_LA_1230767,LA_MATERIEL_INFO_202610044,LA,2026-10-04 00:00:00
KeyPers_LA_1231538,LA_MATERIEL_INFO_202610045,LA,2026-10-04 00:00:00
KeyPers_LA_1230657,LA_MATERIEL_INFO_202610046,LA,2026-10-04 00:00:00
KeyPers_LA_1230464,LA_MATERIEL_INFO_202610047,LA,2026-10-04 00:00:00
KeyPers_LA_1232297,LA_MATERIEL_INFO_202610048,LA,2026-10-04 00:00:00
KeyPers_LA_1232259,LA_MATERIEL_INFO_202610049,LA,2026-10-04 00:00:00
KeyPers_NewYork_1230390,NewYork_MATERIEL_INFO_202610040,NewYork,2026-10-04 00:00:00
KeyPers_NewYork_1231984,NewYork_MATERIEL_INFO_202610041,NewYork,2026-10-04 00:00:00
KeyPers_NewYork_1231033,NewYork_MATERIEL_INFO_202610042,NewYork,2026-10-04 00:00:00
KeyPers_Paris_1233629,Paris_MATERIEL_INFO_202610040,Paris,2026-10-04 00:00:00
KeyPers_Paris_1234408,Paris_MATERIEL_INFO_202610041,Paris,2026-10-04 00:00:00
KeyPers_Paris_1230198,Paris_MATERIEL_INFO_202610042,Paris,2026-10-04 00:00:00
KeyPers_Paris_1234585,Paris_MATERIEL_INFO_202610043,Paris,2026-10-04 00:00:00
KeyPers_Paris_1234583,Paris_MATERIEL_INFO_202610044,Paris,2026-10-04 00:00:00
KeyPers_Paris_1233435,Paris_MATERIEL_INFO_202610045,Paris,2026-10-04 00:00:00
KeyPers_Paris_1234196,Paris_MATERIEL_INFO_202610046,Paris,2026-10-04 00:00:00
KeyPers_Paris_1233964,Paris_MATERIEL_INFO_202610047,Paris,2026-10-04 00:00:00
KeyPers_Paris_1234539,Paris_MATERIEL_INFO_202610048,Paris,2026-10-04 00:00:00
KeyPers_Paris_1230149,Paris_MATERIEL_INFO_202610049,Paris,2026-10-04 00:00:00
KeyPers_Paris_1233402,Paris_MATERIEL_INFO_2026100410,Paris,2026-10-04 00:00:00
KeyPers_Paris_1230192,Paris_MATERIEL_INFO_2026100411,Paris,2026-10-04 00:00:00
KeyPers_Shanghai_1230248,Shanghai_MATERIEL_INFO_202610040,Shanghai,2026-10-04 00:00:00
KeyPers_Shanghai_1230148,Shanghai_MATERIEL_INFO_202610041,Shanghai,2026-10-04 00:00:00
KeyPers_Shanghai_1230164,Shanghai_MATERIEL_INFO_202610042,Shanghai,2026-10-04 00:00:00
KeyPers_Shanghai_1230842,Shanghai_MATERIEL_INFO_202610043,Shanghai,2026-10-04 00:00:00
KeyPers_Shanghai_1230864,Shanghai_MATERIEL_INFO_202610044,Shanghai,2026-10-04 00:00:00
KeyPers_Shanghai_1230700,Shanghai_MATERIEL_INFO_202610045,Shanghai,2026-10-04 00:00:00
KeyPers_Shanghai_1230936,Shanghai_MATERIEL_INFO_202610046,Shanghai,2026-10-04 00:00:00
KeyPers_Shanghai_1230033,Shanghai_MATERIEL_INFO_202610047,Shanghai,2026-10-04 00:00:00
KeyPers_Shanghai_1230896,Shanghai_MATERIEL_INFO_202610048,Shanghai,2026-10-04 00:00:00
KeyPers_Shanghai_1230906,Shanghai_MATERIEL_INFO_202610049,Shanghai,2026-10-04 00:00:00
KeyPers_Shanghai_1230583,Shanghai_MATERIEL_INFO_2026100410,Shanghai,2026-10-04 00:00:00
KeyPers_Shanghai_1230954,Shanghai_MATERIEL_INFO_2026100411,Shanghai,2026-10-04 00:00:00
KeyPers_Berlin_1230064,BERLIN_MATERIEL_INFO_202610050,Berlin,2026-10-05 00:00:00
KeyPers_Berlin_1233869,BERLIN_MATERIEL_INFO_202610051,Berlin,2026-10-05 00:00:00
KeyPers_London_1234117,LONDON_MATERIEL_INFO_202610050,London,2026-10-05 00:00:00
KeyPers_London_1233306,LONDON_MATERIEL_INFO_202610051,London,2026-10-05 00:00:00
KeyPers_London_1232400,LONDON_MATERIEL_INFO_202610052,London,2026-10-05 00:00:00
KeyPers_London_1233235,LONDON_MATERIEL_INFO_202610053,London,2026-10-05 00:00:00
KeyPers_London_1232158,LONDON_MATERIEL_INFO_202610054,London,2026-10-05 00:00:00
KeyPers_London_1231148,LONDON_MATERIEL_INFO_202610055,London,2026-10-05 00:00:00
KeyPers_London_1233063,LONDON_MATERIEL_INFO_202610056,London,2026-10-05 00:00:00
KeyPers_London_1233230,LONDON_MATERIEL_INFO_202610057,London,2026-10-05 00:00:00
KeyPers_London_1231185,LONDON_MATERIEL_INFO_202610058,London,2026-10-05 00:00:00
KeyPers_London_1232550,LONDON_MATERIEL_INFO_202610059,London,2026-10-05 00:00:00
KeyPers_London_1230207,LONDON_MATERIEL_INFO_2026100510,London,2026-10-05 00:00:00
KeyPers_London_1232480,LONDON_MATERIEL_INFO_2026100511,London,2026-10-05 00:00:00
KeyPers_London_1232421,LONDON_MATERIEL_INFO_2026100512,London,2026-10-05 00:00:00
KeyPers_London_1234208,LONDON_MATERIEL_INFO_2026100513,London,2026-10-05 00:00:00
KeyPers_LA_1230292,LA_MATERIEL_INFO_202610050,LA,2026-10-05 00:00:00
KeyPers_LA_1231343,LA_MATERIEL_INFO_202610051,LA,2026-10-05 00:00:00
KeyPers_LA_1230173,LA_MATERIEL_INFO_202610052,LA,2026-10-05 00:00:00
KeyPers_LA_1230003,LA_MATERIEL_INFO_202610053,LA,2026-10-05 00:00:00
KeyPers_LA_1230306,LA_MATERIEL_INFO_202610054,LA,2026-10-05 00:00:00
KeyPers_LA_1231492,LA_MATERIEL_INFO_202610055,LA,2026-10-05 00:00:00
KeyPers_NewYork_1231247,NewYork_MATERIEL_INFO_202610050,NewYork,2026-10-05 00:00:00
KeyPers_NewYork_1230490,NewYork_MATERIEL_INFO_202610051,NewYork,2026-10-05 00:00:00
KeyPers_NewYork_1232196,NewYork_MATERIEL_INFO_202610052,NewYork,2026-10-05 00:00:00
KeyPers_NewYork_1231370,NewYork_MATERIEL_INFO_202610053,NewYork,2026-10-05 00:00:00
KeyPers_NewYork_1233006,NewYork_MATERIEL_INFO_202610054,NewYork,2026-10-05 00:00:00
KeyPers_NewYork_1232355,NewYork_MATERIEL_INFO_202610055,NewYork,2026-10-05 00:00:00
KeyPers_NewYork_1232746,NewYork_MATERIEL_INFO_202610056,NewYork,2026-10-05 00:00:00
KeyPers_NewYork_1230925,NewYork_MATERIEL_INFO_202610057,NewYork,2026-10-05 00:00:00
KeyPers_NewYork_1232400,NewYork_MATERIEL_INFO_202610058,NewYork,2026-10-05 00:00:00
KeyPers_NewYork_1231968,NewYork_MATERIEL_INFO_202610059,NewYork,2026-10-05 00:00:00
KeyPers_NewYork_1231358,NewYork_MATERIEL_INFO_2026100510,NewYork,2026-10-05 00:00:00
KeyPers_Paris_1230407,Paris_MATERIEL_INFO_202610050,Paris,2026-10-05 00:00:00
KeyPers_Paris_1231834,Paris_MATERIEL_INFO_202610051,Paris,2026-10-05 00:00:00
KeyPers_Paris_1232596,Paris_MATERIEL_INFO_202610052,Paris,2026-10-05 00:00:00
KeyPers_Paris_1231001,Paris_MATERIEL_INFO_202610053,Paris,2026-10-05 00:00:00
KeyPers_Paris_1234342,Paris_MATERIEL_INFO_202610054,Paris,2026-10-05 00:00:00
KeyPers_Paris_1233479,Paris_MATERIEL_INFO_202610055,Paris,2026-10-05 00:00:00
KeyPers_Paris_1234185,Paris_MATERIEL_INFO_202610056,Paris,2026-10-05 00:00:00
KeyPers_Paris_1231675,Paris_MATERIEL_INFO_202610057,Paris,2026-10-05 00:00:00
KeyPers_Paris_1233275,Paris_MATERIEL_INFO_202610058,Paris,2026-10-05 00:00:00
KeyPers_Paris_1231136,Paris_MATERIEL_INFO_202610059,Paris,2026-10-05 00:00:00
KeyPers_Shanghai_1230225,Shanghai_MATERIEL_INFO_202610050,Shanghai,2026-10-05 00:00:00
KeyPers_Shanghai_1230597,Shanghai_MATERIEL_INFO_202610051,Shanghai,2026-10-05 00:00:00
KeyPers_Shanghai_1230137,Shanghai_MATERIEL_INFO_202610052,Shanghai,2026-10-05 00:00:00
KeyPers_Shanghai_1230565,Shanghai_MATERIEL_INFO_202610053,Shanghai,2026-10-05 00:00:00
KeyPers_Shanghai_1230828,Shanghai_MATERIEL_INFO_202610054,Shanghai,2026-10-05 00:00:00
KeyPers_Shanghai_1230404,Shanghai_MATERIEL_INFO_202610055,Shanghai,2026-10-05 00:00:00
KeyPers_Shanghai_1230990,Shanghai_MATERIEL_INFO_202610056,Shanghai,2026-10-05 00:00:00
KeyPers_Shanghai_1230204,Shanghai_MATERIEL_INFO_202610057,Shanghai,2026-10-05 00:00:00
KeyPers_Shanghai_1230516,Shanghai_MATERIEL_INFO_202610058,Shanghai,2026-10-05 00:00:00
KeyPers_Shanghai_1230041,Shanghai_MATERIEL_INFO_202610059,Shanghai,2026-10-05 00:00:00
KeyPers_Shanghai_1230116,Shanghai_MATERIEL_INFO_2026100510,Shanghai,2026-10-05 00:00:00
KeyPers_Shanghai_1230670,Shanghai_MATERIEL_INFO_2026100511,Shanghai,2026-10-05 00:00:00
KeyPers_Shanghai_1230057,Shanghai_MATERIEL_INFO_2026100512,Shanghai,2026-10-05 00:00:00
KeyPers_Berlin_1232646,BERLIN_MATERIEL_INFO_202610060,Berlin,2026-10-06 00:00:00
KeyPers_Berlin_1230546,BERLIN_MATERIEL_INFO_202610061,Berlin,2026-10-06 00:00:00
KeyPers_Berlin_1232807,BERLIN_MATERIEL_INFO_202610062,Berlin,2026-10-06 00:00:00
KeyPers_Berlin_1230517,BERLIN_MATERIEL_INFO_202610063,Berlin,2026-10-06 00:00:00
KeyPers_Berlin_1231474,BERLIN_MATERIEL_INFO_202610064,Berlin,2026-10-06 00:00:00
KeyPers_London_1230132,LONDON_MATERIEL_INFO_202610060,London,2026-10-06 00:00:00
KeyPers_London_1231931,LONDON_MATERIEL_INFO_202610061,London,2026-10-06 00:00:00
KeyPers_London_1231652,LONDON_MATERIEL_INFO_202610062,London,2026-10-06 00:00:00
KeyPers_London_1232022,LONDON_MATERIEL_INFO_202610063,London,2026-10-06 00:00:00
KeyPers_London_1230943,LONDON_MATERIEL_INFO_202610064,London,2026-10-06 00:00:00
KeyPers_London_1232766,LONDON_MATERIEL_INFO_202610065,London,2026-10-06 00:00:00
KeyPers_LA_1231764,LA_MATERIEL_INFO_202610060,LA,2026-10-06 00:00:00
KeyPers_NewYork_1231892,NewYork_MATERIEL_INFO_202610060,NewYork,2026-10-06 00:00:00
KeyPers_NewYork_1231563,NewYork_MATERIEL_INFO_202610061,NewYork,2026-10-06 00:00:00
KeyPers_NewYork_1231059,NewYork_MATERIEL_INFO_202610062,NewYork,2026-10-06 00:00:00
KeyPers_NewYork_1232105,NewYork_MATERIEL_INFO_202610063,NewYork,2026-10-06 00:00:00
KeyPers_Paris_1234214,Paris_MATERIEL_INFO_202610060,Paris,2026-10-06 00:00:00
KeyPers_Paris_1234504,Paris_MATERIEL_INFO_202610061,Paris,2026-10-06 00:00:00
KeyPers_Paris_1230348,Paris_MATERIEL_INFO_202610062,Paris,2026-10-06 00:00:00
KeyPers_Shanghai_1230453,Shanghai_MATERIEL_INFO_202610060,Shanghai,2026-10-06 00:00:00
KeyPers_Shanghai_1230565,Shanghai_MATERIEL_INFO_202610061,Shanghai,2026-10-06 00:00:00
KeyPers_Shanghai_1230436,Shanghai_MATERIEL_INFO_202610062,Shanghai,2026-10-06 00:00:00
KeyPers_Shanghai_1230375,Shanghai_MATERIEL_INFO_202610063,Shanghai,2026-10-06 00:00:00
KeyPers_Berlin_1232527,BERLIN_MATERIEL_INFO_202610070,Berlin,2026-10-07 00:00:00
KeyPers_London_1231461,LONDON_MATERIEL_INFO_202610070,London,2026-10-07 00:00:00
KeyPers_London_1231307,LONDON_MATERIEL_INFO_202610071,London,2026-10-07 00:00:00
KeyPers_London_1230439,LONDON_MATERIEL_INFO_202610072,London,2026-10-07 00:00:00
KeyPers_London_1231091,LONDON_MATERIEL_INFO_202610073,London,2026-10-07 00:00:00
KeyPers_London_1232687,LONDON_MATERIEL_INFO_202610074,London,2026-10-07 00:00:00
KeyPers_London_1231025,LONDON_MATERIEL_INFO_202610075,London,2026-10-07 00:00:00
KeyPers_London_1231865,LONDON_MATERIEL_INFO_202610076,London,2026-10-07 00:00:00
KeyPers_London_1231474,LONDON_MATERIEL_INFO_202610077,London,2026-10-07 00:00:00
KeyPers_London_1230445,LONDON_MATERIEL_INFO_202610078,London,2026-10-07 00:00:00
KeyPers_London_1233854,LONDON_MATERIEL_INFO_202610079,London,2026-10-07 00:00:00
KeyPers_London_1230177,LONDON_MATERIEL_INFO_2026100710,London,2026-10-07 00:00:00
KeyPers_LA_1232734,LA_MATERIEL_INFO_202610070,LA,2026-10-07 00:00:00
KeyPers_LA_1231984,LA_MATERIEL_INFO_202610071,LA,2026-10-07 00:00:00
KeyPers_LA_1230092,LA_MATERIEL_INFO_202610072,LA,2026-10-07 00:00:00
KeyPers_LA_1232658,LA_MATERIEL_INFO_202610073,LA,2026-10-07 00:00:00
KeyPers_LA_1231567,LA_MATERIEL_INFO_202610074,LA,2026-10-07 00:00:00
KeyPers_LA_1230527,LA_MATERIEL_INFO_202610075,LA,2026-10-07 00:00:00
KeyPers_LA_1232559,LA_MATERIEL_INFO_202610076,LA,2026-10-07 00:00:00
KeyPers_LA_1231419,LA_MATERIEL_INFO_202610077,LA,2026-10-07 00:00:00
KeyPers_NewYork_1232420,NewYork_MATERIEL_INFO_202610070,NewYork,2026-10-07 00:00:00
KeyPers_NewYork_1231249,NewYork_MATERIEL_INFO_202610071,NewYork,2026-10-07 00:00:00
KeyPers_NewYork_1232795,NewYork_MATERIEL_INFO_202610072,NewYork,2026-10-07 00:00:00
KeyPers_NewYork_1231814,NewYork_MATERIEL_INFO_202610073,NewYork,2026-10-07 00:00:00
KeyPers_NewYork_1232256,NewYork_MATERIEL_INFO_202610074,NewYork,2026-10-07 00:00:00
KeyPers_NewYork_1231999,NewYork_MATERIEL_INFO_202610075,NewYork,2026-10-07 00:00:00
KeyPers_NewYork_1231796,NewYork_MATERIEL_INFO_202610076,NewYork,2026-10-07 00:00:00
KeyPers_NewYork_1232623,NewYork_MATERIEL_INFO_202610077,NewYork,2026-10-07 00:00:00
KeyPers_NewYork_1230371,NewYork_MATERIEL_INFO_202610078,NewYork,2026-10-07 00:00:00
KeyPers_NewYork_1232908,NewYork_MATERIEL_INFO_202610079,NewYork,2026-10-07 00:00:00
KeyPers_Paris_1231269,Paris_MATERIEL_INFO_202610070,Paris,2026-10-07 00:00:00
KeyPers_Paris_1231081,Paris_MATERIEL_INFO_202610071,Paris,2026-10-07 00:00:00
KeyPers_Paris_1230588,Paris_MATERIEL_INFO_202610072,Paris,2026-10-07 00:00:00
KeyPers_Paris_1231004,Paris_MATERIEL_INFO_202610073,Paris,2026-10-07 00:00:00
KeyPers_Shanghai_1230778,Shanghai_MATERIEL_INFO_202610070,Shanghai,2026-10-07 00:00:00
KeyPers_Shanghai_1230861,Shanghai_MATERIEL_INFO_202610071,Shanghai,2026-10-07 00:00:00
KeyPers_Shanghai_1230876,Shanghai_MATERIEL_INFO_202610072,Shanghai,2026-10-07 00:00:00
KeyPers_Shanghai_1230964,Shanghai_MATERIEL_INFO_202610073,Shanghai,2026-10-07 00:00:00
KeyPers_Shanghai_1230391,Shanghai_MATERIEL_INFO_202610074,Shanghai,2026-10-07 00:00:00
KeyPers_Shanghai_1230637,Shanghai_MATERIEL_INFO_202610075,Shanghai,2026-10-07 00:00:00
KeyPers_Shanghai_1230518,Shanghai_MATERIEL_INFO_202610076,Shanghai,2026-10-07 00:00:00
KeyPers_Shanghai_1230071,Shanghai_MATERIEL_INFO_202610077,Shanghai,2026-10-07 00:00:00
KeyPers_Shanghai_1230996,Shanghai_MATERIEL_INFO_202610078,Shanghai,2026-10-07 00:00:00
KeyPers_Berlin_1230581,BERLIN_MATERIEL_INFO_202610080,Berlin,2026-10-08 00:00:00
KeyPers_Berlin_1230391,BERLIN_MATERIEL_INFO_202610081,Berlin,2026-10-08 00:00:00
KeyPers_Berlin_1233170,BERLIN_MATERIEL_INFO_202610082,Berlin,2026-10-08 00:00:00
KeyPers_Berlin_1230650,BERLIN_MATERIEL_INFO_202610083,Berlin,2026-10-08 00:00:00
KeyPers_Berlin_1230131,BERLIN_MATERIEL_INFO_202610084,Berlin,2026-10-08 00:00:00
KeyPers_London_1231709,LONDON_MATERIEL_INFO_202610080,London,2026-10-08 00:00:00
KeyPers_London_1234126,LONDON_MATERIEL_INFO_202610081,London,2026-10-08 00:00:00
KeyPers_London_1233846,LONDON_MATERIEL_INFO_202610082,London,2026-10-08 00:00:00
KeyPers_London_1230383,LONDON_MATERIEL_INFO_202610083,London,2026-10-08 00:00:00
KeyPers_London_1231823,LONDON_MATERIEL_INFO_202610084,London,2026-10-08 00:00:00
KeyPers_London_1232667,LONDON_MATERIEL_INFO_202610085,London,2026-10-08 00:00:00
KeyPers_London_1233322,LONDON_MATERIEL_INFO_202610086,London,2026-10-08 00:00:00
KeyPers_London_1230948,LONDON_MATERIEL_INFO_202610087,London,2026-10-08 00:00:00
KeyPers_London_1231989,LONDON_MATERIEL_INFO_202610088,London,2026-10-08 00:00:00
KeyPers_LA_1232865,LA_MATERIEL_INFO_202610080,LA,2026-10-08 00:00:00
KeyPers_LA_1231689,LA_MATERIEL_INFO_202610081,LA,2026-10-08 00:00:00
KeyPers_LA_1232930,LA_MATERIEL_INFO_202610082,LA,2026-10-08 00:00:00
KeyPers_LA_1232302,LA_MATERIEL_INFO_202610083,LA,2026-10-08 00:00:00
KeyPers_NewYork_1230106,NewYork_MATERIEL_INFO_202610080,NewYork,2026-10-08 00:00:00
KeyPers_NewYork_1231756,NewYork_MATERIEL_INFO_202610081,NewYork,2026-10-08 00:00:00
KeyPers_NewYork_1232472,NewYork_MATERIEL_INFO_202610082,NewYork,2026-10-08 00:00:00
KeyPers_Paris_1233869,Paris_MATERIEL_INFO_202610080,Paris,2026-10-08 00:00:00
KeyPers_Paris_1230651,Paris_MATERIEL_INFO_202610081,Paris,2026-10-08 00:00:00
KeyPers_Paris_1233917,Paris_MATERIEL_INFO_202610082,Paris,2026-10-08 00:00:00
KeyPers_Paris_1230910,Paris_MATERIEL_INFO_202610083,Paris,2026-10-08 00:00:00
KeyPers_Paris_1231489,Paris_MATERIEL_INFO_202610084,Paris,2026-10-08 00:00:00
KeyPers_Paris_1232678,Paris_MATERIEL_INFO_202610085,Paris,2026-10-08 00:00:00
KeyPers_Paris_1231939,Paris_MATERIEL_INFO_202610086,Paris,2026-10-08 00:00:00
KeyPers_Paris_1230761,Paris_MATERIEL_INFO_202610087,Paris,2026-10-08 00:00:00
KeyPers_Paris_1230975,Paris_MATERIEL_INFO_202610088,Paris,2026-10-08 00:00:00
KeyPers_Shanghai_1230683,Shanghai_MATERIEL_INFO_202610080,Shanghai,2026-10-08 00:00:00
KeyPers_Shanghai_1230452,Shanghai_MATERIEL_INFO_202610081,Shanghai,2026-10-08 00:00:00
KeyPers_Shanghai_1230298,Shanghai_MATERIEL_INFO_202610082,Shanghai,2026-10-08 00:00:00
KeyPers_Shanghai_1230992,Shanghai_MATERIEL_INFO_202610083,Shanghai,2026-10-08 00:00:00
KeyPers_Shanghai_1230925,Shanghai_MATERIEL_INFO_202610084,Shanghai,2026-10-08 00:00:00
KeyPers_Berlin_1233851,BERLIN_MATERIEL_INFO_202610090,Berlin,2026-10-09 00:00:00
KeyPers_Berlin_1230361,BERLIN_MATERIEL_INFO_202610091,Berlin,2026-10-09 00:00:00
KeyPers_London_1231352,LONDON_MATERIEL_INFO_202610090,London,2026-10-09 00:00:00
KeyPers_London_1232259,LONDON_MATERIEL_INFO_202610091,London,2026-10-09 00:00:00
KeyPers_London_1232105,LONDON_MATERIEL_INFO_202610092,London,2026-10-09 00:00:00
KeyPers_London_1233901,LONDON_MATERIEL_INFO_202610093,London,2026-10-09 00:00:00
KeyPers_London_1232330,LONDON_MATERIEL_INFO_202610094,London,2026-10-09 00:00:00
KeyPers_London_1231862,LONDON_MATERIEL_INFO_202610095,London,2026-10-09 00:00:00
KeyPers_LA_1232183,LA_MATERIEL_INFO_202610090,LA,2026-10-09 00:00:00
KeyPers_LA_1230061,LA_MATERIEL_INFO_202610091,LA,2026-10-09 00:00:00
KeyPers_LA_1230842,LA_MATERIEL_INFO_202610092,LA,2026-10-09 00:00:00
KeyPers_LA_1231599,LA_MATERIEL_INFO_202610093,LA,2026-10-09 00:00:00
KeyPers_LA_1230443,LA_MATERIEL_INFO_202610094,LA,2026-10-09 00:00:00
KeyPers_LA_1232745,LA_MATERIEL_INFO_202610095,LA,2026-10-09 00:00:00
KeyPers_LA_1231366,LA_MATERIEL_INFO_202610096,LA,2026-10-09 00:00:00
KeyPers_LA_1232512,LA_MATERIEL_INFO_202610097,LA,2026-10-09 00:00:00
KeyPers_LA_1231992,LA_MATERIEL_INFO_202610098,LA,2026-10-09 00:00:00
KeyPers_NewYork_1230029,NewYork_MATERIEL_INFO_202610090,NewYork,2026-10-09 00:00:00
KeyPers_NewYork_1232631,NewYork_MATERIEL_INFO_202610091,NewYork,2026-10-09 00:00:00
KeyPers_NewYork_1230706,NewYork_MATERIEL_INFO_202610092,NewYork,2026-10-09 00:00:00
KeyPers_NewYork_1230515,NewYork_MATERIEL_INFO_202610093,NewYork,2026-10-09 00:00:00
KeyPers_NewYork_1231135,NewYork_MATERIEL_INFO_202610094,NewYork,2026-10-09 00:00:00
KeyPers_NewYork_1231138,NewYork_MATERIEL_INFO_202610095,NewYork,2026-10-09 00:00:00
KeyPers_NewYork_1231917,NewYork_MATERIEL_INFO_202610096,NewYork,2026-10-09 00:00:00
KeyPers_NewYork_1230629,NewYork_MATERIEL_INFO_202610097,NewYork,2026-10-09 00:00:00
KeyPers_Paris_1232073,Paris_MATERIEL_INFO_202610090,Paris,2026-10-09 00:00:00
KeyPers_Paris_1231512,Paris_MATERIEL_INFO_202610091,Paris,2026-10-09 00:00:00
KeyPers_Paris_1232713,Paris_MATERIEL_INFO_202610092,Paris,2026-10-09 00:00:00
KeyPers_Paris_1233541,Paris_MATERIEL_INFO_202610093,Paris,2026-10-09 00:00:00
KeyPers_Paris_1233763,Paris_MATERIEL_INFO_202610094,Paris,2026-10-09 00:00:00
KeyPers_Paris_1230777,Paris_MATERIEL_INFO_202610095,Paris,2026-10-09 00:00:00
KeyPers_Paris_1234449,Paris_MATERIEL_INFO_202610096,Paris,2026-10-09 00:00:00
KeyPers_Paris_1230745,Paris_MATERIEL_INFO_202610097,Paris,2026-10-09 00:00:00
KeyPers_Paris_1231746,Paris_MATERIEL_INFO_202610098,Paris,2026-10-09 00:00:00
KeyPers_Paris_1232037,Paris_MATERIEL_INFO_202610099,Paris,2026-10-09 00:00:00
KeyPers_Paris_1230819,Paris_MATERIEL_INFO_2026100910,Paris,2026-10-09 00:00:00
KeyPers_Paris_1230852,Paris_MATERIEL_INFO_2026100911,Paris,2026-10-09 00:00:00
KeyPers_Paris_1230528,Paris_MATERIEL_INFO_2026100912,Paris,2026-10-09 00:00:00
KeyPers_Shanghai_1230811,Shanghai_MATERIEL_INFO_202610090,Shanghai,2026-10-09 00:00:00
KeyPers_Shanghai_1230037,Shanghai_MATERIEL_INFO_202610091,Shanghai,2026-10-09 00:00:00
KeyPers_Shanghai_1230856,Shanghai_MATERIEL_INFO_202610092,Shanghai,2026-10-09 00:00:00
KeyPers_Berlin_1230689,BERLIN_MATERIEL_INFO_202610100,Berlin,2026-10-10 00:00:00
KeyPers_Berlin_1231356,BERLIN_MATERIEL_INFO_202610101,Berlin,2026-10-10 00:00:00
KeyPers_Berlin_1231689,BERLIN_MATERIEL_INFO_202610102,Berlin,2026-10-10 00:00:00
KeyPers_Berlin_1233585,BERLIN_MATERIEL_INFO_202610103,Berlin,2026-10-10 00:00:00
KeyPers_Berlin_1234127,BERLIN_MATERIEL_INFO_202610104,Berlin,2026-10-10 00:00:00
KeyPers_Berlin_1230054,BERLIN_MATERIEL_INFO_202610105,Berlin,2026-10-10 00:00:00
KeyPers_London_1233341,LONDON_MATERIEL_INFO_202610100,London,2026-10-10 00:00:00
KeyPers_London_1230671,LONDON_MATERIEL_INFO_202610101,London,2026-10-10 00:00:00
KeyPers_London_1232075,LONDON_MATERIEL_INFO_202610102,London,2026-10-10 00:00:00
KeyPers_London_1233038,LONDON_MATERIEL_INFO_202610103,London,2026-10-10 00:00:00
KeyPers_London_1230302,LONDON_MATERIEL_INFO_202610104,London,2026-10-10 00:00:00
KeyPers_London_1231163,LONDON_MATERIEL_INFO_202610105,London,2026-10-10 00:00:00
KeyPers_London_1232453,LONDON_MATERIEL_INFO_202610106,London,2026-10-10 00:00:00
KeyPers_London_1233120,LONDON_MATERIEL_INFO_202610107,London,2026-10-10 00:00:00
KeyPers_London_1233097,LONDON_MATERIEL_INFO_202610108,London,2026-10-10 00:00:00
KeyPers_London_1233133,LONDON_MATERIEL_INFO_202610109,London,2026-10-10 00:00:00
KeyPers_London_1232526,LONDON_MATERIEL_INFO_2026101010,London,2026-10-10 00:00:00
KeyPers_LA_1230124,LA_MATERIEL_INFO_202610100,LA,2026-10-10 00:00:00
KeyPers_LA_1230329,LA_MATERIEL_INFO_202610101,LA,2026-10-10 00:00:00
KeyPers_LA_1232698,LA_MATERIEL_INFO_202610102,LA,2026-10-10 00:00:00
KeyPers_LA_1232389,LA_MATERIEL_INFO_202610103,LA,2026-10-10 00:00:00
KeyPers_LA_1232254,LA_MATERIEL_INFO_202610104,LA,2026-10-10 00:00:00
KeyPers_LA_1231184,LA_MATERIEL_INFO_202610105,LA,2026-10-10 00:00:00
KeyPers_LA_1232318,LA_MATERIEL_INFO_202610106,LA,2026-10-10 00:00:00
KeyPers_LA_1232103,LA_MATERIEL_INFO_202610107,LA,2026-10-10 00:00:00
KeyPers_LA_1230025,LA_MATERIEL_INFO_202610108,LA,2026-10-10 00:00:00
KeyPers_LA_1232724,LA_MATERIEL_INFO_202610109,LA,2026-10-10 00:00:00
KeyPers_NewYork_1230749,NewYork_MATERIEL_INFO_202610100,NewYork,2026-10-10 00:00:00
KeyPers_NewYork_1232947,NewYork_MATERIEL_INFO_202610101,NewYork,2026-10-10 00:00:00
KeyPers_NewYork_1230192,NewYork_MATERIEL_INFO_202610102,NewYork,2026-10-10 00:00:00
KeyPers_NewYork_1231765,NewYork_MATERIEL_INFO_202610103,NewYork,2026-10-10 00:00:00
KeyPers_NewYork_1231125,NewYork_MATERIEL_INFO_202610104,NewYork,2026-10-10 00:00:00
KeyPers_NewYork_1231202,NewYork_MATERIEL_INFO_202610105,NewYork,2026-10-10 00:00:00
KeyPers_NewYork_1231670,NewYork_MATERIEL_INFO_202610106,NewYork,2026-10-10 00:00:00
KeyPers_Paris_1230020,Paris_MATERIEL_INFO_202610100,Paris,2026-10-10 00:00:00
KeyPers_Paris_1230316,Paris_MATERIEL_INFO_202610101,Paris,2026-10-10 00:00:00
KeyPers_Shanghai_1230591,Shanghai_MATERIEL_INFO_202610100,Shanghai,2026-10-10 00:00:00
KeyPers_Shanghai_1230842,Shanghai_MATERIEL_INFO_202610101,Shanghai,2026-10-10 00:00:00
KeyPers_Shanghai_1230497,Shanghai_MATERIEL_INFO_202610102,Shanghai,2026-10-10 00:00:00
KeyPers_Shanghai_1230464,Shanghai_MATERIEL_INFO_202610103,Shanghai,2026-10-10 00:00:00
KeyPers_Shanghai_1230341,Shanghai_MATERIEL_INFO_202610104,Shanghai,2026-10-10 00:00:00
KeyPers_Shanghai_1230444,Shanghai_MATERIEL_INFO_202610105,Shanghai,2026-10-10 00:00:00
KeyPers_Shanghai_1230012,Shanghai_MATERIEL_INFO_202610106,Shanghai,2026-10-10 00:00:00
KeyPers_Shanghai_1230582,Shanghai_MATERIEL_INFO_202610107,Shanghai,2026-10-10 00:00:00
KeyPers_Shanghai_1230683,Shanghai_MATERIEL_INFO_202610108,Shanghai,2026-10-10 00:00:00
KeyPers_Shanghai_1230897,Shanghai_MATERIEL_INFO_202610109,Shanghai,2026-10-10 00:00:00
KeyPers_Shanghai_1230932,Shanghai_MATERIEL_INFO_2026101010,Shanghai,2026-10-10 00:00:00
KeyPers_Shanghai_1230953,Shanghai_MATERIEL_INFO_2026101011,Shanghai,2026-10-10 00:00:00
KeyPers_Shanghai_1230478,Shanghai_MATERIEL_INFO_2026101012,Shanghai,2026-10-10 00:00:00
KeyPers_Berlin_1231429,BERLIN_MATERIEL_INFO_202610110,Berlin,2026-10-11 00:00:00
KeyPers_London_1233505,LONDON_MATERIEL_INFO_202610110,London,2026-10-11 00:00:00
KeyPers_London_1232415,LONDON_MATERIEL_INFO_202610111,London,2026-10-11 00:00:00
KeyPers_LA_1232157,LA_MATERIEL_INFO_202610110,LA,2026-10-11 00:00:00
KeyPers_LA_1230287,LA_MATERIEL_INFO_202610111,LA,2026-10-11 00:00:00
KeyPers_LA_1232227,LA_MATERIEL_INFO_202610112,LA,2026-10-11 00:00:00
KeyPers_LA_1231406,LA_MATERIEL_INFO_202610113,LA,2026-10-11 00:00:00
KeyPers_LA_1231150,LA_MATERIEL_INFO_202610114,LA,2026-10-11 00:00:00
KeyPers_LA_1232455,LA_MATERIEL_INFO_202610115,LA,2026-10-11 00:00:00
KeyPers_NewYork_1231630,NewYork_MATERIEL_INFO_202610110,NewYork,2026-10-11 00:00:00
KeyPers_NewYork_1231680,NewYork_MATERIEL_INFO_202610111,NewYork,2026-10-11 00:00:00
KeyPers_NewYork_1231714,NewYork_MATERIEL_INFO_202610112,NewYork,2026-10-11 00:00:00
KeyPers_NewYork_1231826,NewYork_MATERIEL_INFO_202610113,NewYork,2026-10-11 00:00:00
KeyPers_NewYork_1231136,NewYork_MATERIEL_INFO_202610114,NewYork,2026-10-11 00:00:00
KeyPers_NewYork_1232805,NewYork_MATERIEL_INFO_202610115,NewYork,2026-10-11 00:00:00
KeyPers_NewYork_1230054,NewYork_MATERIEL_INFO_202610116,NewYork,2026-10-11 00:00:00
KeyPers_NewYork_1231487,NewYork_MATERIEL_INFO_202610117,NewYork,2026-10-11 00:00:00
KeyPers_NewYork_1230447,NewYork_MATERIEL_INFO_202610118,NewYork,2026-10-11 00:00:00
KeyPers_Paris_1231484,Paris_MATERIEL_INFO_202610110,Paris,2026-10-11 00:00:00
KeyPers_Paris_1230332,Paris_MATERIEL_INFO_202610111,Paris,2026-10-11 00:00:00
KeyPers_Paris_1231517,Paris_MATERIEL_INFO_202610112,Paris,2026-10-11 00:00:00
KeyPers_Paris_1234166,Paris_MATERIEL_INFO_202610113,Paris,2026-10-11 00:00:00
KeyPers_Paris_1230676,Paris_MATERIEL_INFO_202610114,Paris,2026-10-11 00:00:00
KeyPers_Shanghai_1230932,Shanghai_MATERIEL_INFO_202610110,Shanghai,2026-10-11 00:00:00
KeyPers_Shanghai_1230738,Shanghai_MATERIEL_INFO_202610111,Shanghai,2026-10-11 00:00:00
KeyPers_Shanghai_1230005,Shanghai_MATERIEL_INFO_202610112,Shanghai,2026-10-11 00:00:00
KeyPers_Berlin_1230788,BERLIN_MATERIEL_INFO_202610120,Berlin,2026-10-12 00:00:00
KeyPers_Berlin_1231433,BERLIN_MATERIEL_INFO_202610121,Berlin,2026-10-12 00:00:00
KeyPers_Berlin_1233729,BERLIN_MATERIEL_INFO_202610122,Berlin,2026-10-12 00:00:00
KeyPers_Berlin_1233028,BERLIN_MATERIEL_INFO_202610123,Berlin,2026-10-12 00:00:00
KeyPers_Berlin_1233020,BERLIN_MATERIEL_INFO_202610124,Berlin,2026-10-12 00:00:00
KeyPers_Berlin_1230468,BERLIN_MATERIEL_INFO_202610125,Berlin,2026-10-12 00:00:00
KeyPers_London_1233598,LONDON_MATERIEL_INFO_202610120,London,2026-10-12 00:00:00
KeyPers_London_1231479,LONDON_MATERIEL_INFO_202610121,London,2026-10-12 00:00:00
KeyPers_London_1233204,LONDON_MATERIEL_INFO_202610122,London,2026-10-12 00:00:00
KeyPers_London_1233262,LONDON_MATERIEL_INFO_202610123,London,2026-10-12 00:00:00
KeyPers_London_1234049,LONDON_MATERIEL_INFO_202610124,London,2026-10-12 00:00:00
KeyPers_London_1232502,LONDON_MATERIEL_INFO_202610125,London,2026-10-12 00:00:00
KeyPers_London_1231184,LONDON_MATERIEL_INFO_202610126,London,2026-10-12 00:00:00
KeyPers_London_1233736,LONDON_MATERIEL_INFO_202610127,London,2026-10-12 00:00:00
KeyPers_London_1232830,LONDON_MATERIEL_INFO_202610128,London,2026-10-12 00:00:00
KeyPers_LA_1232977,LA_MATERIEL_INFO_202610120,LA,2026-10-12 00:00:00
KeyPers_LA_1231438,LA_MATERIEL_INFO_202610121,LA,2026-10-12 00:00:00
KeyPers_LA_1230755,LA_MATERIEL_INFO_202610122,LA,2026-10-12 00:00:00
KeyPers_LA_1232148,LA_MATERIEL_INFO_202610123,LA,2026-10-12 00:00:00
KeyPers_LA_1231192,LA_MATERIEL_INFO_202610124,LA,2026-10-12 00:00:00
KeyPers_LA_1230273,LA_MATERIEL_INFO_202610125,LA,2026-10-12 00:00:00
KeyPers_NewYork_1232470,NewYork_MATERIEL_INFO_202610120,NewYork,2026-10-12 00:00:00
KeyPers_NewYork_1230195,NewYork_MATERIEL_INFO_202610121,NewYork,2026-10-12 00:00:00
KeyPers_NewYork_1231789,NewYork_MATERIEL_INFO_202610122,NewYork,2026-10-12 00:00:00
KeyPers_NewYork_1232702,NewYork_MATERIEL_INFO_202610123,NewYork,2026-10-12 00:00:00
KeyPers_NewYork_1231535,NewYork_MATERIEL_INFO_202610124,NewYork,2026-10-12 00:00:00
KeyPers_NewYork_1231986,NewYork_MATERIEL_INFO_202610125,NewYork,2026-10-12 00:00:00
KeyPers_NewYork_1230964,NewYork_MATERIEL_INFO_202610126,NewYork,2026-10-12 00:00:00
KeyPers_NewYork_1230061,NewYork_MATERIEL_INFO_202610127,NewYork,2026-10-12 00:00:00
KeyPers_NewYork_1233026,NewYork_MATERIEL_INFO_202610128,NewYork,2026-10-12 00:00:00
KeyPers_NewYork_1231540,NewYork_MATERIEL_INFO_202610129,NewYork,2026-10-12 00:00:00
KeyPers_NewYork_1232079,NewYork_MATERIEL_INFO_2026101210,NewYork,2026-10-12 00:00:00
KeyPers_NewYork_1230846,NewYork_MATERIEL_INFO_2026101211,NewYork,2026-10-12 00:00:00
KeyPers_Paris_1232169,Paris_MATERIEL_INFO_202610120,Paris,2026-10-12 00:00:00
KeyPers_Paris_1234886,Paris_MATERIEL_INFO_202610121,Paris,2026-10-12 00:00:00
KeyPers_Paris_1231445,Paris_MATERIEL_INFO_202610122,Paris,2026-10-12 00:00:00
KeyPers_Shanghai_1230227,Shanghai_MATERIEL_INFO_202610120,Shanghai,2026-10-12 00:00:00
KeyPers_Shanghai_1230795,Shanghai_MATERIEL_INFO_202610121,Shanghai,2026-10-12 00:00:00
KeyPers_Shanghai_1230499,Shanghai_MATERIEL_INFO_202610122,Shanghai,2026-10-12 00:00:00
KeyPers_Shanghai_1230462,Shanghai_MATERIEL_INFO_202610123,Shanghai,2026-10-12 00:00:00
KeyPers_Shanghai_1230433,Shanghai_MATERIEL_INFO_202610124,Shanghai,2026-10-12 00:00:00
KeyPers_Shanghai_1230213,Shanghai_MATERIEL_INFO_202610125,Shanghai,2026-10-12 00:00:00
KeyPers_Shanghai_1230440,Shanghai_MATERIEL_INFO_202610126,Shanghai,2026-10-12 00:00:00
KeyPers_Shanghai_1230704,Shanghai_MATERIEL_INFO_202610127,Shanghai,2026-10-12 00:00:00
KeyPers_Berlin_1233328,BERLIN_MATERIEL_INFO_202610130,Berlin,2026-10-13 00:00:00
KeyPers_Berlin_1231867,BERLIN_MATERIEL_INFO_202610131,Berlin,2026-10-13 00:00:00
KeyPers_Berlin_1233002,BERLIN_MATERIEL_INFO_202610132,Berlin,2026-10-13 00:00:00
KeyPers_Berlin_1234041,BERLIN_MATERIEL_INFO_202610133,Berlin,2026-10-13 00:00:00
KeyPers_London_1233704,LONDON_MATERIEL_INFO_202610130,London,2026-10-13 00:00:00
KeyPers_London_1230264,LONDON_MATERIEL_INFO_202610131,London,2026-10-13 00:00:00
KeyPers_London_1233524,LONDON_MATERIEL_INFO_202610132,London,2026-10-13 00:00:00
KeyPers_London_1233054,LONDON_MATERIEL_INFO_202610133,London,2026-10-13 00:00:00
KeyPers_London_1233557,LONDON_MATERIEL_INFO_202610134,London,2026-10-13 00:00:00
KeyPers_London_1232802,LONDON_MATERIEL_INFO_202610135,London,2026-10-13 00:00:00
KeyPers_London_1230732,LONDON_MATERIEL_INFO_202610136,London,2026-10-13 00:00:00
KeyPers_London_1231514,LONDON_MATERIEL_INFO_202610137,London,2026-10-13 00:00:00
KeyPers_London_1231272,LONDON_MATERIEL_INFO_202610138,London,2026-10-13 00:00:00
KeyPers_London_1230364,LONDON_MATERIEL_INFO_202610139,London,2026-10-13 00:00:00
KeyPers_London_1233357,LONDON_MATERIEL_INFO_2026101310,London,2026-10-13 00:00:00
KeyPers_London_1233115,LONDON_MATERIEL_INFO_2026101311,London,2026-10-13 00:00:00
KeyPers_London_1233444,LONDON_MATERIEL_INFO_2026101312,London,2026-10-13 00:00:00
KeyPers_LA_1230619,LA_MATERIEL_INFO_202610130,LA,2026-10-13 00:00:00
KeyPers_LA_1232625,LA_MATERIEL_INFO_202610131,LA,2026-10-13 00:00:00
KeyPers_LA_1232943,LA_MATERIEL_INFO_202610132,LA,2026-10-13 00:00:00
KeyPers_LA_1232266,LA_MATERIEL_INFO_202610133,LA,2026-10-13 00:00:00
KeyPers_LA_1231480,LA_MATERIEL_INFO_202610134,LA,2026-10-13 00:00:00
KeyPers_NewYork_1230908,NewYork_MATERIEL_INFO_202610130,NewYork,2026-10-13 00:00:00
KeyPers_NewYork_1230509,NewYork_MATERIEL_INFO_202610131,NewYork,2026-10-13 00:00:00
KeyPers_NewYork_1231956,NewYork_MATERIEL_INFO_202610132,NewYork,2026-10-13 00:00:00
KeyPers_NewYork_1231995,NewYork_MATERIEL_INFO_202610133,NewYork,2026-10-13 00:00:00
KeyPers_NewYork_1230118,NewYork_MATERIEL_INFO_202610134,NewYork,2026-10-13 00:00:00
KeyPers_NewYork_1231804,NewYork_MATERIEL_INFO_202610135,NewYork,2026-10-13 00:00:00
KeyPers_NewYork_1230496,NewYork_MATERIEL_INFO_202610136,NewYork,2026-10-13 00:00:00
KeyPers_Paris_1232360,Paris_MATERIEL_INFO_202610130,Paris,2026-10-13 00:00:00
KeyPers_Paris_1234677,Paris_MATERIEL_INFO_202610131,Paris,2026-10-13 00:00:00
KeyPers_Paris_1230851,Paris_MATERIEL_INFO_202610132,Paris,2026-10-13 00:00:00
KeyPers_Shanghai_1230403,Shanghai_MATERIEL_INFO_202610130,Shanghai,2026-10-13 00:00:00
KeyPers_Shanghai_1230316,Shanghai_MATERIEL_INFO_202610131,Shanghai,2026-10-13 00:00:00
KeyPers_Shanghai_1230389,Shanghai_MATERIEL_INFO_202610132,Shanghai,2026-10-13 00:00:00
KeyPers_Shanghai_1230097,Shanghai_MATERIEL_INFO_202610133,Shanghai,2026-10-13 00:00:00
KeyPers_Shanghai_1230143,Shanghai_MATERIEL_INFO_202610134,Shanghai,2026-10-13 00:00:00
KeyPers_Shanghai_1230902,Shanghai_MATERIEL_INFO_202610135,Shanghai,2026-10-13 00:00:00
KeyPers_Shanghai_1230587,Shanghai_MATERIEL_INFO_202610136,Shanghai,2026-10-13 00:00:00
KeyPers_Berlin_1231531,BERLIN_MATERIEL_INFO_202610140,Berlin,2026-10-14 00:00:00
KeyPers_Berlin_1230456,BERLIN_MATERIEL_INFO_202610141,Berlin,2026-10-14 00:00:00
KeyPers_Berlin_1232575,BERLIN_MATERIEL_INFO_202610142,Berlin,2026-10-14 00:00:00
KeyPers_Berlin_1230184,BERLIN_MATERIEL_INFO_202610143,Berlin,2026-10-14 00:00:00
KeyPers_Berlin_1232231,BERLIN_MATERIEL_INFO_202610144,Berlin,2026-10-14 00:00:00
KeyPers_London_1233421,LONDON_MATERIEL_INFO_202610140,London,2026-10-14 00:00:00
KeyPers_London_1231402,LONDON_MATERIEL_INFO_202610141,London,2026-10-14 00:00:00
KeyPers_London_1231274,LONDON_MATERIEL_INFO_202610142,London,2026-10-14 00:00:00
KeyPers_London_1232105,LONDON_MATERIEL_INFO_202610143,London,2026-10-14 00:00:00
KeyPers_London_1230896,LONDON_MATERIEL_INFO_202610144,London,2026-10-14 00:00:00
KeyPers_London_1231190,LONDON_MATERIEL_INFO_202610145,London,2026-10-14 00:00:00
KeyPers_London_1230920,LONDON_MATERIEL_INFO_202610146,London,2026-10-14 00:00:00
KeyPers_LA_1230148,LA_MATERIEL_INFO_202610140,LA,2026-10-14 00:00:00
KeyPers_LA_1232784,LA_MATERIEL_INFO_202610141,LA,2026-10-14 00:00:00
KeyPers_LA_1231377,LA_MATERIEL_INFO_202610142,LA,2026-10-14 00:00:00
KeyPers_LA_1231829,LA_MATERIEL_INFO_202610143,LA,2026-10-14 00:00:00
KeyPers_LA_1232197,LA_MATERIEL_INFO_202610144,LA,2026-10-14 00:00:00
KeyPers_LA_1230650,LA_MATERIEL_INFO_202610145,LA,2026-10-14 00:00:00
KeyPers_LA_1232173,LA_MATERIEL_INFO_202610146,LA,2026-10-14 00:00:00
KeyPers_NewYork_1232270,NewYork_MATERIEL_INFO_202610140,NewYork,2026-10-14 00:00:00
KeyPers_NewYork_1230529,NewYork_MATERIEL_INFO_202610141,NewYork,2026-10-14 00:00:00
KeyPers_NewYork_1230107,NewYork_MATERIEL_INFO_202610142,NewYork,2026-10-14 00:00:00
KeyPers_NewYork_1232932,NewYork_MATERIEL_INFO_202610143,NewYork,2026-10-14 00:00:00
KeyPers_NewYork_1232017,NewYork_MATERIEL_INFO_202610144,NewYork,2026-10-14 00:00:00
KeyPers_NewYork_1230648,NewYork_MATERIEL_INFO_202610145,NewYork,2026-10-14 00:00:00
KeyPers_NewYork_1230065,NewYork_MATERIEL_INFO_202610146,NewYork,2026-10-14 00:00:00
KeyPers_NewYork_1231606,NewYork_MATERIEL_INFO_202610147,NewYork,2026-10-14 00:00:00
KeyPers_NewYork_1232838,NewYork_MATERIEL_INFO_202610148,NewYork,2026-10-14 00:00:00
KeyPers_NewYork_1230008,NewYork_MATERIEL_INFO_202610149,NewYork,2026-10-14 00:00:00
KeyPers_NewYork_1230213,NewYork_MATERIEL_INFO_2026101410,NewYork,2026-10-14 00:00:00
KeyPers_NewYork_1232014,NewYork_MATERIEL_INFO_2026101411,NewYork,2026-10-14 00:00:00
KeyPers_NewYork_1230793,NewYork_MATERIEL_INFO_2026101412,NewYork,2026-10-14 00:00:00
KeyPers_Paris_1234143,Paris_MATERIEL_INFO_202610140,Paris,2026-10-14 00:00:00
KeyPers_Paris_1231707,Paris_MATERIEL_INFO_202610141,Paris,2026-10-14 00:00:00
KeyPers_Shanghai_1230829,Shanghai_MATERIEL_INFO_202610140,Shanghai,2026-10-14 00:00:00
KeyPers_Shanghai_1230701,Shanghai_MATERIEL_INFO_202610141,Shanghai,2026-10-14 00:00:00
KeyPers_Shanghai_1230406,Shanghai_MATERIEL_INFO_202610142,Shanghai,2026-10-14 00:00:00
KeyPers_Berlin_1231333,BERLIN_MATERIEL_INFO_202610150,Berlin,2026-10-15 00:00:00
KeyPers_Berlin_1230182,BERLIN_MATERIEL_INFO_202610151,Berlin,2026-10-15 00:00:00
KeyPers_Berlin_1230434,BERLIN_MATERIEL_INFO_202610152,Berlin,2026-10-15 00:00:00
KeyPers_Berlin_1231661,BERLIN_MATERIEL_INFO_202610153,Berlin,2026-10-15 00:00:00
KeyPers_Berlin_1233390,BERLIN_MATERIEL_INFO_202610154,Berlin,2026-10-15 00:00:00
KeyPers_Berlin_1233409,BERLIN_MATERIEL_INFO_202610155,Berlin,2026-10-15 00:00:00
KeyPers_London_1231617,LONDON_MATERIEL_INFO_202610150,London,2026-10-15 00:00:00
KeyPers_London_1232263,LONDON_MATERIEL_INFO_202610151,London,2026-10-15 00:00:00
KeyPers_London_1232303,LONDON_MATERIEL_INFO_202610152,London,2026-10-15 00:00:00
KeyPers_London_1233429,LONDON_MATERIEL_INFO_202610153,London,2026-10-15 00:00:00
KeyPers_London_1234030,LONDON_MATERIEL_INFO_202610154,London,2026-10-15 00:00:00
KeyPers_London_1233036,LONDON_MATERIEL_INFO_202610155,London,2026-10-15 00:00:00
KeyPers_London_1231277,LONDON_MATERIEL_INFO_202610156,London,2026-10-15 00:00:00
KeyPers_London_1231342,LONDON_MATERIEL_INFO_202610157,London,2026-10-15 00:00:00
KeyPers_London_1233970,LONDON_MATERIEL_INFO_202610158,London,2026-10-15 00:00:00
KeyPers_London_1233999,LONDON_MATERIEL_INFO_202610159,London,2026-10-15 00:00:00
KeyPers_London_1231220,LONDON_MATERIEL_INFO_2026101510,London,2026-10-15 00:00:00
KeyPers_London_1231330,LONDON_MATERIEL_INFO_2026101511,London,2026-10-15 00:00:00
KeyPers_London_1233240,LONDON_MATERIEL_INFO_2026101512,London,2026-10-15 00:00:00
KeyPers_London_1233112,LONDON_MATERIEL_INFO_2026101513,London,2026-10-15 00:00:00
KeyPers_LA_1231747,LA_MATERIEL_INFO_202610150,LA,2026-10-15 00:00:00
KeyPers_LA_1232758,LA_MATERIEL_INFO_202610151,LA,2026-10-15 00:00:00
KeyPers_LA_1231109,LA_MATERIEL_INFO_202610152,LA,2026-10-15 00:00:00
KeyPers_LA_1232763,LA_MATERIEL_INFO_202610153,LA,2026-10-15 00:00:00
KeyPers_LA_1230086,LA_MATERIEL_INFO_202610154,LA,2026-10-15 00:00:00
KeyPers_LA_1231971,LA_MATERIEL_INFO_202610155,LA,2026-10-15 00:00:00
KeyPers_LA_1230871,LA_MATERIEL_INFO_202610156,LA,2026-10-15 00:00:00
KeyPers_LA_1231885,LA_MATERIEL_INFO_202610157,LA,2026-10-15 00:00:00
KeyPers_LA_1230940,LA_MATERIEL_INFO_202610158,LA,2026-10-15 00:00:00
KeyPers_LA_1232807,LA_MATERIEL_INFO_202610159,LA,2026-10-15 00:00:00
KeyPers_NewYork_1230484,NewYork_MATERIEL_INFO_202610150,NewYork,2026-10-15 00:00:00
KeyPers_NewYork_1230678,NewYork_MATERIEL_INFO_202610151,NewYork,2026-10-15 00:00:00
KeyPers_NewYork_1230692,NewYork_MATERIEL_INFO_202610152,NewYork,2026-10-15 00:00:00
KeyPers_NewYork_1231782,NewYork_MATERIEL_INFO_202610153,NewYork,2026-10-15 00:00:00
KeyPers_NewYork_1230072,NewYork_MATERIEL_INFO_202610154,NewYork,2026-10-15 00:00:00
KeyPers_NewYork_1231827,NewYork_MATERIEL_INFO_202610155,NewYork,2026-10-15 00:00:00
KeyPers_NewYork_1230206,NewYork_MATERIEL_INFO_202610156,NewYork,2026-10-15 00:00:00
KeyPers_NewYork_1232620,NewYork_MATERIEL_INFO_202610157,NewYork,2026-10-15 00:00:00
KeyPers_NewYork_1230036,NewYork_MATERIEL_INFO_202610158,NewYork,2026-10-15 00:00:00
KeyPers_NewYork_1232664,NewYork_MATERIEL_INFO_202610159,NewYork,2026-10-15 00:00:00
KeyPers_NewYork_1231576,NewYork_MATERIEL_INFO_2026101510,NewYork,2026-10-15 00:00:00
KeyPers_NewYork_1232344,NewYork_MATERIEL_INFO_2026101511,NewYork,2026-10-15 00:00:00
KeyPers_Paris_1232024,Paris_MATERIEL_INFO_202610150,Paris,2026-10-15 00:00:00
KeyPers_Paris_1231689,Paris_MATERIEL_INFO_202610151,Paris,2026-10-15 00:00:00
KeyPers_Paris_1234165,Paris_MATERIEL_INFO_202610152,Paris,2026-10-15 00:00:00
KeyPers_Paris_1230087,Paris_MATERIEL_INFO_202610153,Paris,2026-10-15 00:00:00
KeyPers_Paris_1234390,Paris_MATERIEL_INFO_202610154,Paris,2026-10-15 00:00:00
KeyPers_Paris_1231614,Paris_MATERIEL_INFO_202610155,Paris,2026-10-15 00:00:00
KeyPers_Paris_1230496,Paris_MATERIEL_INFO_202610156,Paris,2026-10-15 00:00:00
KeyPers_Paris_1231170,Paris_MATERIEL_INFO_202610157,Paris,2026-10-15 00:00:00
KeyPers_Shanghai_1230877,Shanghai_MATERIEL_INFO_202610150,Shanghai,2026-10-15 00:00:00
KeyPers_Shanghai_1230382,Shanghai_MATERIEL_INFO_202610151,Shanghai,2026-10-15 00:00:00
KeyPers_Shanghai_1230795,Shanghai_MATERIEL_INFO_202610152,Shanghai,2026-10-15 00:00:00
KeyPers_Shanghai_1230881,Shanghai_MATERIEL_INFO_202610153,Shanghai,2026-10-15 00:00:00
KeyPers_Shanghai_1230314,Shanghai_MATERIEL_INFO_202610154,Shanghai,2026-10-15 00:00:00
KeyPers_Shanghai_1230834,Shanghai_MATERIEL_INFO_202610155,Shanghai,2026-10-15 00:00:00
KeyPers_Shanghai_1230185,Shanghai_MATERIEL_INFO_202610156,Shanghai,2026-10-15 00:00:00
KeyPers_Shanghai_1230116,Shanghai_MATERIEL_INFO_202610157,Shanghai,2026-10-15 00:00:00
KeyPers_Shanghai_1230549,Shanghai_MATERIEL_INFO_202610158,Shanghai,2026-10-15 00:00:00
KeyPers_Shanghai_1230734,Shanghai_MATERIEL_INFO_202610159,Shanghai,2026-10-15 00:00:00
KeyPers_Shanghai_1230072,Shanghai_MATERIEL_INFO_2026101510,Shanghai,2026-10-15 00:00:00
KeyPers_Berlin_1232111,BERLIN_MATERIEL_INFO_202610160,Berlin,2026-10-16 00:00:00
KeyPers_Berlin_1232245,BERLIN_MATERIEL_INFO_202610161,Berlin,2026-10-16 00:00:00
KeyPers_London_1231667,LONDON_MATERIEL_INFO_202610160,London,2026-10-16 00:00:00
KeyPers_London_1231695,LONDON_MATERIEL_INFO_202610161,London,2026-10-16 00:00:00
KeyPers_London_1232242,LONDON_MATERIEL_INFO_202610162,London,2026-10-16 00:00:00
KeyPers_London_1232843,LONDON_MATERIEL_INFO_202610163,London,2026-10-16 00:00:00
KeyPers_London_1231202,LONDON_MATERIEL_INFO_202610164,London,2026-10-16 00:00:00
KeyPers_London_1232314,LONDON_MATERIEL_INFO_202610165,London,2026-10-16 00:00:00
KeyPers_London_1231602,LONDON_MATERIEL_INFO_202610166,London,2026-10-16 00:00:00
KeyPers_LA_1232011,LA_MATERIEL_INFO_202610160,LA,2026-10-16 00:00:00
KeyPers_LA_1230905,LA_MATERIEL_INFO_202610161,LA,2026-10-16 00:00:00
KeyPers_LA_1231772,LA_MATERIEL_INFO_202610162,LA,2026-10-16 00:00:00
KeyPers_NewYork_1231194,NewYork_MATERIEL_INFO_202610160,NewYork,2026-10-16 00:00:00
KeyPers_NewYork_1233065,NewYork_MATERIEL_INFO_202610161,NewYork,2026-10-16 00:00:00
KeyPers_NewYork_1232899,NewYork_MATERIEL_INFO_202610162,NewYork,2026-10-16 00:00:00
KeyPers_NewYork_1230904,NewYork_MATERIEL_INFO_202610163,NewYork,2026-10-16 00:00:00
KeyPers_NewYork_1233067,NewYork_MATERIEL_INFO_202610164,NewYork,2026-10-16 00:00:00
KeyPers_Paris_1231174,Paris_MATERIEL_INFO_202610160,Paris,2026-10-16 00:00:00
KeyPers_Paris_1234676,Paris_MATERIEL_INFO_202610161,Paris,2026-10-16 00:00:00
KeyPers_Shanghai_1230020,Shanghai_MATERIEL_INFO_202610160,Shanghai,2026-10-16 00:00:00
KeyPers_Shanghai_1230477,Shanghai_MATERIEL_INFO_202610161,Shanghai,2026-10-16 00:00:00
KeyPers_Berlin_1233349,BERLIN_MATERIEL_INFO_202610170,Berlin,2026-10-17 00:00:00
KeyPers_Berlin_1231574,BERLIN_MATERIEL_INFO_202610171,Berlin,2026-10-17 00:00:00
KeyPers_Berlin_1231254,BERLIN_MATERIEL_INFO_202610172,Berlin,2026-10-17 00:00:00
KeyPers_Berlin_1233911,BERLIN_MATERIEL_INFO_202610173,Berlin,2026-10-17 00:00:00
KeyPers_Berlin_1232275,BERLIN_MATERIEL_INFO_202610174,Berlin,2026-10-17 00:00:00
KeyPers_Berlin_1231018,BERLIN_MATERIEL_INFO_202610175,Berlin,2026-10-17 00:00:00
KeyPers_London_1231919,LONDON_MATERIEL_INFO_202610170,London,2026-10-17 00:00:00
KeyPers_London_1230645,LONDON_MATERIEL_INFO_202610171,London,2026-10-17 00:00:00
KeyPers_London_1232872,LONDON_MATERIEL_INFO_202610172,London,2026-10-17 00:00:00
KeyPers_London_1232257,LONDON_MATERIEL_INFO_202610173,London,2026-10-17 00:00:00
KeyPers_London_1233558,LONDON_MATERIEL_INFO_202610174,London,2026-10-17 00:00:00
KeyPers_London_1232635,LONDON_MATERIEL_INFO_202610175,London,2026-10-17 00:00:00
KeyPers_London_1234013,LONDON_MATERIEL_INFO_202610176,London,2026-10-17 00:00:00
KeyPers_London_1230167,LONDON_MATERIEL_INFO_202610177,London,2026-10-17 00:00:00
KeyPers_London_1231511,LONDON_MATERIEL_INFO_202610178,London,2026-10-17 00:00:00
KeyPers_London_1231110,LONDON_MATERIEL_INFO_202610179,London,2026-10-17 00:00:00
KeyPers_London_1230144,LONDON_MATERIEL_INFO_2026101710,London,2026-10-17 00:00:00
KeyPers_LA_1232322,LA_MATERIEL_INFO_202610170,LA,2026-10-17 00:00:00
KeyPers_LA_1231264,LA_MATERIEL_INFO_202610171,LA,2026-10-17 00:00:00
KeyPers_LA_1232380,LA_MATERIEL_INFO_202610172,LA,2026-10-17 00:00:00
KeyPers_LA_1231300,LA_MATERIEL_INFO_202610173,LA,2026-10-17 00:00:00
KeyPers_LA_1232877,LA_MATERIEL_INFO_202610174,LA,2026-10-17 00:00:00
KeyPers_LA_1232432,LA_MATERIEL_INFO_202610175,LA,2026-10-17 00:00:00
KeyPers_LA_1231262,LA_MATERIEL_INFO_202610176,LA,2026-10-17 00:00:00
KeyPers_LA_1230758,LA_MATERIEL_INFO_202610177,LA,2026-10-17 00:00:00
KeyPers_LA_1232385,LA_MATERIEL_INFO_202610178,LA,2026-10-17 00:00:00
KeyPers_LA_1231252,LA_MATERIEL_INFO_202610179,LA,2026-10-17 00:00:00
KeyPers_LA_1231367,LA_MATERIEL_INFO_2026101710,LA,2026-10-17 00:00:00
KeyPers_LA_1231814,LA_MATERIEL_INFO_2026101711,LA,2026-10-17 00:00:00
KeyPers_NewYork_1230840,NewYork_MATERIEL_INFO_202610170,NewYork,2026-10-17 00:00:00
KeyPers_NewYork_1232285,NewYork_MATERIEL_INFO_202610171,NewYork,2026-10-17 00:00:00
KeyPers_NewYork_1231071,NewYork_MATERIEL_INFO_202610172,NewYork,2026-10-17 00:00:00
KeyPers_NewYork_1232948,NewYork_MATERIEL_INFO_202610173,NewYork,2026-10-17 00:00:00
KeyPers_NewYork_1232618,NewYork_MATERIEL_INFO_202610174,NewYork,2026-10-17 00:00:00
KeyPers_NewYork_1232790,NewYork_MATERIEL_INFO_202610175,NewYork,2026-10-17 00:00:00
KeyPers_NewYork_1232018,NewYork_MATERIEL_INFO_202610176,NewYork,2026-10-17 00:00:00
KeyPers_NewYork_1232287,NewYork_MATERIEL_INFO_202610177,NewYork,2026-10-17 00:00:00
KeyPers_NewYork_1232907,NewYork_MATERIEL_INFO_202610178,NewYork,2026-10-17 00:00:00
KeyPers_NewYork_1233023,NewYork_MATERIEL_INFO_202610179,NewYork,2026-10-17 00:00:00
KeyPers_NewYork_1230646,NewYork_MATERIEL_INFO_2026101710,NewYork,2026-10-17 00:00:00
KeyPers_NewYork_1230432,NewYork_MATERIEL_INFO_2026101711,NewYork,2026-10-17 00:00:00
KeyPers_NewYork_1231858,NewYork_MATERIEL_INFO_2026101712,NewYork,2026-10-17 00:00:00
KeyPers_Paris_1231031,Paris_MATERIEL_INFO_202610170,Paris,2026-10-17 00:00:00
KeyPers_Paris_1231737,Paris_MATERIEL_INFO_202610171,Paris,2026-10-17 00:00:00
KeyPers_Paris_1234090,Paris_MATERIEL_INFO_202610172,Paris,2026-10-17 00:00:00
KeyPers_Paris_1230443,Paris_MATERIEL_INFO_202610173,Paris,2026-10-17 00:00:00
KeyPers_Paris_1230948,Paris_MATERIEL_INFO_202610174,Paris,2026-10-17 00:00:00
KeyPers_Paris_1233657,Paris_MATERIEL_INFO_202610175,Paris,2026-10-17 00:00:00
KeyPers_Paris_1230607,Paris_MATERIEL_INFO_202610176,Paris,2026-10-17 00:00:00
KeyPers_Shanghai_1230768,Shanghai_MATERIEL_INFO_202610170,Shanghai,2026-10-17 00:00:00
KeyPers_Shanghai_1230005,Shanghai_MATERIEL_INFO_202610171,Shanghai,2026-10-17 00:00:00
KeyPers_Shanghai_1230450,Shanghai_MATERIEL_INFO_202610172,Shanghai,2026-10-17 00:00:00
KeyPers_Shanghai_1230309,Shanghai_MATERIEL_INFO_202610173,Shanghai,2026-10-17 00:00:00
KeyPers_Shanghai_1230636,Shanghai_MATERIEL_INFO_202610174,Shanghai,2026-10-17 00:00:00
KeyPers_Shanghai_1230715,Shanghai_MATERIEL_INFO_202610175,Shanghai,2026-10-17 00:00:00
KeyPers_Shanghai_1230117,Shanghai_MATERIEL_INFO_202610176,Shanghai,2026-10-17 00:00:00
KeyPers_Shanghai_1230223,Shanghai_MATERIEL_INFO_202610177,Shanghai,2026-10-17 00:00:00
KeyPers_Shanghai_1230335,Shanghai_MATERIEL_INFO_202610178,Shanghai,2026-10-17 00:00:00
KeyPers_Shanghai_1230854,Shanghai_MATERIEL_INFO_202610179,Shanghai,2026-10-17 00:00:00
KeyPers_Shanghai_1230769,Shanghai_MATERIEL_INFO_2026101710,Shanghai,2026-10-17 00:00:00
KeyPers_Shanghai_1230472,Shanghai_MATERIEL_INFO_2026101711,Shanghai,2026-10-17 00:00:00
KeyPers_Berlin_1231137,BERLIN_MATERIEL_INFO_202610180,Berlin,2026-10-18 00:00:00
KeyPers_Berlin_1231275,BERLIN_MATERIEL_INFO_202610181,Berlin,2026-10-18 00:00:00
KeyPers_Berlin_1231432,BERLIN_MATERIEL_INFO_202610182,Berlin,2026-10-18 00:00:00
KeyPers_Berlin_1232919,BERLIN_MATERIEL_INFO_202610183,Berlin,2026-10-18 00:00:00
KeyPers_Berlin_1230319,BERLIN_MATERIEL_INFO_202610184,Berlin,2026-10-18 00:00:00
KeyPers_Berlin_1230411,BERLIN_MATERIEL_INFO_202610185,Berlin,2026-10-18 00:00:00
KeyPers_London_1233865,LONDON_MATERIEL_INFO_202610180,London,2026-10-18 00:00:00
KeyPers_London_1233244,LONDON_MATERIEL_INFO_202610181,London,2026-10-18 00:00:00
KeyPers_London_1230411,LONDON_MATERIEL_INFO_202610182,London,2026-10-18 00:00:00
KeyPers_London_1233880,LONDON_MATERIEL_INFO_202610183,London,2026-10-18 00:00:00
KeyPers_London_1232501,LONDON_MATERIEL_INFO_202610184,London,2026-10-18 00:00:00
KeyPers_London_1232120,LONDON_MATERIEL_INFO_202610185,London,2026-10-18 00:00:00
KeyPers_LA_1231968,LA_MATERIEL_INFO_202610180,LA,2026-10-18 00:00:00
KeyPers_LA_1230131,LA_MATERIEL_INFO_202610181,LA,2026-10-18 00:00:00
KeyPers_LA_1232510,LA_MATERIEL_INFO_202610182,LA,2026-10-18 00:00:00
KeyPers_LA_1230834,LA_MATERIEL_INFO_202610183,LA,2026-10-18 00:00:00
KeyPers_LA_1230330,LA_MATERIEL_INFO_202610184,LA,2026-10-18 00:00:00
KeyPers_LA_1232682,LA_MATERIEL_INFO_202610185,LA,2026-10-18 00:00:00
KeyPers_LA_1230022,LA_MATERIEL_INFO_202610186,LA,2026-10-18 00:00:00
KeyPers_NewYork_1232119,NewYork_MATERIEL_INFO_202610180,NewYork,2026-10-18 00:00:00
KeyPers_NewYork_1231081,NewYork_MATERIEL_INFO_202610181,NewYork,2026-10-18 00:00:00
KeyPers_NewYork_1230495,NewYork_MATERIEL_INFO_202610182,NewYork,2026-10-18 00:00:00
KeyPers_NewYork_1230514,NewYork_MATERIEL_INFO_202610183,NewYork,2026-10-18 00:00:00
KeyPers_NewYork_1232955,NewYork_MATERIEL_INFO_202610184,NewYork,2026-10-18 00:00:00
KeyPers_NewYork_1233047,NewYork_MATERIEL_INFO_202610185,NewYork,2026-10-18 00:00:00
KeyPers_NewYork_1230881,NewYork_MATERIEL_INFO_202610186,NewYork,2026-10-18 00:00:00
KeyPers_NewYork_1233021,NewYork_MATERIEL_INFO_202610187,NewYork,2026-10-18 00:00:00
KeyPers_NewYork_1230962,NewYork_MATERIEL_INFO_202610188,NewYork,2026-10-18 00:00:00
KeyPers_NewYork_1230050,NewYork_MATERIEL_INFO_202610189,NewYork,2026-10-18 00:00:00
KeyPers_NewYork_1231482,NewYork_MATERIEL_INFO_2026101810,NewYork,2026-10-18 00:00:00
KeyPers_Paris_1230410,Paris_MATERIEL_INFO_202610180,Paris,2026-10-18 00:00:00
KeyPers_Paris_1232056,Paris_MATERIEL_INFO_202610181,Paris,2026-10-18 00:00:00
KeyPers_Paris_1230608,Paris_MATERIEL_INFO_202610182,Paris,2026-10-18 00:00:00
KeyPers_Shanghai_1230337,Shanghai_MATERIEL_INFO_202610180,Shanghai,2026-10-18 00:00:00
KeyPers_Berlin_1230643,BERLIN_MATERIEL_INFO_202610190,Berlin,2026-10-19 00:00:00
KeyPers_Berlin_1234102,BERLIN_MATERIEL_INFO_202610191,Berlin,2026-10-19 00:00:00
KeyPers_Berlin_1233665,BERLIN_MATERIEL_INFO_202610192,Berlin,2026-10-19 00:00:00
KeyPers_Berlin_1232449,BERLIN_MATERIEL_INFO_202610193,Berlin,2026-10-19 00:00:00
KeyPers_Berlin_1232964,BERLIN_MATERIEL_INFO_202610194,Berlin,2026-10-19 00:00:00
KeyPers_London_1230898,LONDON_MATERIEL_INFO_202610190,London,2026-10-19 00:00:00
KeyPers_London_1232443,LONDON_MATERIEL_INFO_202610191,London,2026-10-19 00:00:00
KeyPers_London_1232150,LONDON_MATERIEL_INFO_202610192,London,2026-10-19 00:00:00
KeyPers_London_1230237,LONDON_MATERIEL_INFO_202610193,London,2026-10-19 00:00:00
KeyPers_London_1232242,LONDON_MATERIEL_INFO_202610194,London,2026-10-19 00:00:00
KeyPers_London_1231757,LONDON_MATERIEL_INFO_202610195,London,2026-10-19 00:00:00
KeyPers_London_1232818,LONDON_MATERIEL_INFO_202610196,London,2026-10-19 00:00:00
KeyPers_London_1232053,LONDON_MATERIEL_INFO_202610197,London,2026-10-19 00:00:00
KeyPers_London_1232314,LONDON_MATERIEL_INFO_202610198,London,2026-10-19 00:00:00
KeyPers_LA_1231889,LA_MATERIEL_INFO_202610190,LA,2026-10-19 00:00:00
KeyPers_LA_1230193,LA_MATERIEL_INFO_202610191,LA,2026-10-19 00:00:00
KeyPers_LA_1231915,LA_MATERIEL_INFO_202610192,LA,2026-10-19 00:00:00
KeyPers_LA_1231417,LA_MATERIEL_INFO_202610193,LA,2026-10-19 00:00:00
KeyPers_LA_1231078,LA_MATERIEL_INFO_202610194,LA,2026-10-19 00:00:00
KeyPers_LA_1231698,LA_MATERIEL_INFO_202610195,LA,2026-10-19 00:00:00
KeyPers_LA_1230210,LA_MATERIEL_INFO_202610196,LA,2026-10-19 00:00:00
KeyPers_LA_1230131,LA_MATERIEL_INFO_202610197,LA,2026-10-19 00:00:00
KeyPers_NewYork_1230618,NewYork_MATERIEL_INFO_202610190,NewYork,2026-10-19 00:00:00
KeyPers_NewYork_1232294,NewYork_MATERIEL_INFO_202610191,NewYork,2026-10-19 00:00:00
KeyPers_NewYork_1231820,NewYork_MATERIEL_INFO_202610192,NewYork,2026-10-19 00:00:00
KeyPers_NewYork_1230598,NewYork_MATERIEL_INFO_202610193,NewYork,2026-10-19 00:00:00
KeyPers_NewYork_1230651,NewYork_MATERIEL_INFO_202610194,NewYork,2026-10-19 00:00:00
KeyPers_NewYork_1232678,NewYork_MATERIEL_INFO_202610195,NewYork,2026-10-19 00:00:00
KeyPers_NewYork_1231147,NewYork_MATERIEL_INFO_202610196,NewYork,2026-10-19 00:00:00
KeyPers_NewYork_1232348,NewYork_MATERIEL_INFO_202610197,NewYork,2026-10-19 00:00:00
KeyPers_NewYork_1232465,NewYork_MATERIEL_INFO_202610198,NewYork,2026-10-19 00:00:00
KeyPers_NewYork_1231620,NewYork_MATERIEL_INFO_202610199,NewYork,2026-10-19 00:00:00
KeyPers_NewYork_1231295,NewYork_MATERIEL_INFO_2026101910,NewYork,2026-10-19 00:00:00
KeyPers_Paris_1232540,Paris_MATERIEL_INFO_202610190,Paris,2026-10-19 00:00:00
KeyPers_Paris_1233199,Paris_MATERIEL_INFO_202610191,Paris,2026-10-19 00:00:00
KeyPers_Paris_1232242,Paris_MATERIEL_INFO_202610192,Paris,2026-10-19 00:00:00
KeyPers_Paris_1230612,Paris_MATERIEL_INFO_202610193,Paris,2026-10-19 00:00:00
KeyPers_Paris_1233186,Paris_MATERIEL_INFO_202610194,Paris,2026-10-19 00:00:00
KeyPers_Paris_1233148,Paris_MATERIEL_INFO_202610195,Paris,2026-10-19 00:00:00
KeyPers_Paris_1230534,Paris_MATERIEL_INFO_202610196,Paris,2026-10-19 00:00:00
KeyPers_Paris_1233280,Paris_MATERIEL_INFO_202610197,Paris,2026-10-19 00:00:00
KeyPers_Paris_1234813,Paris_MATERIEL_INFO_202610198,Paris,2026-10-19 00:00:00
KeyPers_Paris_1233147,Paris_MATERIEL_INFO_202610199,Paris,2026-10-19 00:00:00
KeyPers_Paris_1234735,Paris_MATERIEL_INFO_2026101910,Paris,2026-10-19 00:00:00
KeyPers_Paris_1234206,Paris_MATERIEL_INFO_2026101911,Paris,2026-10-19 00:00:00
KeyPers_Paris_1234286,Paris_MATERIEL_INFO_2026101912,Paris,2026-10-19 00:00:00
KeyPers_Shanghai_1230485,Shanghai_MATERIEL_INFO_202610190,Shanghai,2026-10-19 00:00:00
KeyPers_Shanghai_1230205,Shanghai_MATERIEL_INFO_202610191,Shanghai,2026-10-19 00:00:00
KeyPers_Shanghai_1230971,Shanghai_MATERIEL_INFO_202610192,Shanghai,2026-10-19 00:00:00
KeyPers_Shanghai_1230563,Shanghai_MATERIEL_INFO_202610193,Shanghai,2026-10-19 00:00:00
KeyPers_Shanghai_1230760,Shanghai_MATERIEL_INFO_202610194,Shanghai,2026-10-19 00:00:00
KeyPers_Shanghai_1230958,Shanghai_MATERIEL_INFO_202610195,Shanghai,2026-10-19 00:00:00
KeyPers_Shanghai_1230890,Shanghai_MATERIEL_INFO_202610196,Shanghai,2026-10-19 00:00:00
KeyPers_Shanghai_1230245,Shanghai_MATERIEL_INFO_202610197,Shanghai,2026-10-19 00:00:00
KeyPers_Shanghai_1230416,Shanghai_MATERIEL_INFO_202610198,Shanghai,2026-10-19 00:00:00
KeyPers_Shanghai_1230995,Shanghai_MATERIEL_INFO_202610199,Shanghai,2026-10-19 00:00:00
KeyPers_Shanghai_1230346,Shanghai_MATERIEL_INFO_2026101910,Shanghai,2026-10-19 00:00:00
KeyPers_Shanghai_1230465,Shanghai_MATERIEL_INFO_2026101911,Shanghai,2026-10-19 00:00:00
KeyPers_Berlin_1233877,BERLIN_MATERIEL_INFO_202610200,Berlin,2026-10-20 00:00:00
KeyPers_London_1233256,LONDON_MATERIEL_INFO_202610200,London,2026-10-20 00:00:00
KeyPers_London_1232408,LONDON_MATERIEL_INFO_202610201,London,2026-10-20 00:00:00
KeyPers_London_1231502,LONDON_MATERIEL_INFO_202610202,London,2026-10-20 00:00:00
KeyPers_London_1233308,LONDON_MATERIEL_INFO_202610203,London,2026-10-20 00:00:00
KeyPers_LA_1232714,LA_MATERIEL_INFO_202610200,LA,2026-10-20 00:00:00
KeyPers_LA_1232694,LA_MATERIEL_INFO_202610201,LA,2026-10-20 00:00:00
KeyPers_LA_1230511,LA_MATERIEL_INFO_202610202,LA,2026-10-20 00:00:00
KeyPers_LA_1230975,LA_MATERIEL_INFO_202610203,LA,2026-10-20 00:00:00
KeyPers_LA_1231640,LA_MATERIEL_INFO_202610204,LA,2026-10-20 00:00:00
KeyPers_NewYork_1230313,NewYork_MATERIEL_INFO_202610200,NewYork,2026-10-20 00:00:00
KeyPers_NewYork_1230719,NewYork_MATERIEL_INFO_202610201,NewYork,2026-10-20 00:00:00
KeyPers_NewYork_1230770,NewYork_MATERIEL_INFO_202610202,NewYork,2026-10-20 00:00:00
KeyPers_NewYork_1231002,NewYork_MATERIEL_INFO_202610203,NewYork,2026-10-20 00:00:00
KeyPers_NewYork_1231524,NewYork_MATERIEL_INFO_202610204,NewYork,2026-10-20 00:00:00
KeyPers_NewYork_1232053,NewYork_MATERIEL_INFO_202610205,NewYork,2026-10-20 00:00:00
KeyPers_NewYork_1230596,NewYork_MATERIEL_INFO_202610206,NewYork,2026-10-20 00:00:00
KeyPers_NewYork_1231226,NewYork_MATERIEL_INFO_202610207,NewYork,2026-10-20 00:00:00
KeyPers_Paris_1232274,Paris_MATERIEL_INFO_202610200,Paris,2026-10-20 00:00:00
KeyPers_Paris_1232900,Paris_MATERIEL_INFO_202610201,Paris,2026-10-20 00:00:00
KeyPers_Paris_1234288,Paris_MATERIEL_INFO_202610202,Paris,2026-10-20 00:00:00
KeyPers_Shanghai_1230146,Shanghai_MATERIEL_INFO_202610200,Shanghai,2026-10-20 00:00:00
KeyPers_Shanghai_1230367,Shanghai_MATERIEL_INFO_202610201,Shanghai,2026-10-20 00:00:00
KeyPers_Shanghai_1230386,Shanghai_MATERIEL_INFO_202610202,Shanghai,2026-10-20 00:00:00
KeyPers_Shanghai_1230463,Shanghai_MATERIEL_INFO_202610203,Shanghai,2026-10-20 00:00:00
KeyPers_Shanghai_1230408,Shanghai_MATERIEL_INFO_202610204,Shanghai,2026-10-20 00:00:00
KeyPers_Shanghai_1230531,Shanghai_MATERIEL_INFO_202610205,Shanghai,2026-10-20 00:00:00
KeyPers_Shanghai_1230364,Shanghai_MATERIEL_INFO_202610206,Shanghai,2026-10-20 00:00:00
KeyPers_Shanghai_1230487,Shanghai_MATERIEL_INFO_202610207,Shanghai,2026-10-20 00:00:00
KeyPers_Shanghai_1230410,Shanghai_MATERIEL_INFO_202610208,Shanghai,2026-10-20 00:00:00
KeyPers_Shanghai_1230385,Shanghai_MATERIEL_INFO_202610209,Shanghai,2026-10-20 00:00:00
KeyPers_Shanghai_1230392,Shanghai_MATERIEL_INFO_2026102010,Shanghai,2026-10-20 00:00:00
KeyPers_Berlin_1230991,BERLIN_MATERIEL_INFO_202610210,Berlin,2026-10-21 00:00:00
KeyPers_Berlin_1232882,BERLIN_MATERIEL_INFO_202610211,Berlin,2026-10-21 00:00:00
KeyPers_Berlin_1230360,BERLIN_MATERIEL_INFO_202610212,Berlin,2026-10-21 00:00:00
KeyPers_Berlin_1231610,BERLIN_MATERIEL_INFO_202610213,Berlin,2026-10-21 00:00:00
KeyPers_London_1233324,LONDON_MATERIEL_INFO_202610210,London,2026-10-21 00:00:00
KeyPers_London_1230886,LONDON_MATERIEL_INFO_202610211,London,2026-10-21 00:00:00
KeyPers_London_1233492,LONDON_MATERIEL_INFO_202610212,London,2026-10-21 00:00:00
KeyPers_London_1233732,LONDON_MATERIEL_INFO_202610213,London,2026-10-21 00:00:00
KeyPers_London_1234102,LONDON_MATERIEL_INFO_202610214,London,2026-10-21 00:00:00
KeyPers_London_1233744,LONDON_MATERIEL_INFO_202610215,London,2026-10-21 00:00:00
KeyPers_London_1230573,LONDON_MATERIEL_INFO_202610216,London,2026-10-21 00:00:00
KeyPers_London_1233185,LONDON_MATERIEL_INFO_202610217,London,2026-10-21 00:00:00
KeyPers_London_1233298,LONDON_MATERIEL_INFO_202610218,London,2026-10-21 00:00:00
KeyPers_London_1230299,LONDON_MATERIEL_INFO_202610219,London,2026-10-21 00:00:00
KeyPers_London_1232952,LONDON_MATERIEL_INFO_2026102110,London,2026-10-21 00:00:00
KeyPers_London_1230310,LONDON_MATERIEL_INFO_2026102111,London,2026-10-21 00:00:00
KeyPers_London_1231165,LONDON_MATERIEL_INFO_2026102112,London,2026-10-21 00:00:00
KeyPers_London_1230776,LONDON_MATERIEL_INFO_2026102113,London,2026-10-21 00:00:00
KeyPers_LA_1231688,LA_MATERIEL_INFO_202610210,LA,2026-10-21 00:00:00
KeyPers_LA_1232649,LA_MATERIEL_INFO_202610211,LA,2026-10-21 00:00:00
KeyPers_LA_1230758,LA_MATERIEL_INFO_202610212,LA,2026-10-21 00:00:00
KeyPers_LA_1232322,LA_MATERIEL_INFO_202610213,LA,2026-10-21 00:00:00
KeyPers_LA_1231955,LA_MATERIEL_INFO_202610214,LA,2026-10-21 00:00:00
KeyPers_LA_1231762,LA_MATERIEL_INFO_202610215,LA,2026-10-21 00:00:00
KeyPers_LA_1230585,LA_MATERIEL_INFO_202610216,LA,2026-10-21 00:00:00
KeyPers_LA_1232896,LA_MATERIEL_INFO_202610217,LA,2026-10-21 00:00:00
KeyPers_LA_1231429,LA_MATERIEL_INFO_202610218,LA,2026-10-21 00:00:00
KeyPers_NewYork_1232436,NewYork_MATERIEL_INFO_202610210,NewYork,2026-10-21 00:00:00
KeyPers_NewYork_1230846,NewYork_MATERIEL_INFO_202610211,NewYork,2026-10-21 00:00:00
KeyPers_NewYork_1232198,NewYork_MATERIEL_INFO_202610212,NewYork,2026-10-21 00:00:00
KeyPers_NewYork_1232681,NewYork_MATERIEL_INFO_202610213,NewYork,2026-10-21 00:00:00
KeyPers_NewYork_1230563,NewYork_MATERIEL_INFO_202610214,NewYork,2026-10-21 00:00:00
KeyPers_NewYork_1232270,NewYork_MATERIEL_INFO_202610215,NewYork,2026-10-21 00:00:00
KeyPers_NewYork_1232899,NewYork_MATERIEL_INFO_202610216,NewYork,2026-10-21 00:00:00
KeyPers_NewYork_1231617,NewYork_MATERIEL_INFO_202610217,NewYork,2026-10-21 00:00:00
KeyPers_NewYork_1230102,NewYork_MATERIEL_INFO_202610218,NewYork,2026-10-21 00:00:00
KeyPers_NewYork_1232412,NewYork_MATERIEL_INFO_202610219,NewYork,2026-10-21 00:00:00
KeyPers_NewYork_1230482,NewYork_MATERIEL_INFO_2026102110,NewYork,2026-10-21 00:00:00
KeyPers_Paris_1234848,Paris_MATERIEL_INFO_202610210,Paris,2026-10-21 00:00:00
KeyPers_Paris_1230285,Paris_MATERIEL_INFO_202610211,Paris,2026-10-21 00:00:00
KeyPers_Paris_1232530,Paris_MATERIEL_INFO_202610212,Paris,2026-10-21 00:00:00
KeyPers_Paris_1231347,Paris_MATERIEL_INFO_202610213,Paris,2026-10-21 00:00:00
KeyPers_Paris_1232958,Paris_MATERIEL_INFO_202610214,Paris,2026-10-21 00:00:00
KeyPers_Paris_1234057,Paris_MATERIEL_INFO_202610215,Paris,2026-10-21 00:00:00
KeyPers_Paris_1231950,Paris_MATERIEL_INFO_202610216,Paris,2026-10-21 00:00:00
KeyPers_Paris_1230934,Paris_MATERIEL_INFO_202610217,Paris,2026-10-21 00:00:00
KeyPers_Paris_1234743,Paris_MATERIEL_INFO_202610218,Paris,2026-10-21 00:00:00
KeyPers_Paris_1231655,Paris_MATERIEL_INFO_202610219,Paris,2026-10-21 00:00:00
KeyPers_Paris_1234783,Paris_MATERIEL_INFO_2026102110,Paris,2026-10-21 00:00:00
KeyPers_Paris_1231133,Paris_MATERIEL_INFO_2026102111,Paris,2026-10-21 00:00:00
KeyPers_Paris_1233146,Paris_MATERIEL_INFO_2026102112,Paris,2026-10-21 00:00:00
KeyPers_Paris_1230275,Paris_MATERIEL_INFO_2026102113,Paris,2026-10-21 00:00:00
KeyPers_Shanghai_1230834,Shanghai_MATERIEL_INFO_202610210,Shanghai,2026-10-21 00:00:00
KeyPers_Shanghai_1230381,Shanghai_MATERIEL_INFO_202610211,Shanghai,2026-10-21 00:00:00
KeyPers_Shanghai_1230116,Shanghai_MATERIEL_INFO_202610212,Shanghai,2026-10-21 00:00:00
KeyPers_Berlin_1230888,BERLIN_MATERIEL_INFO_202610220,Berlin,2026-10-22 00:00:00
KeyPers_Berlin_1230641,BERLIN_MATERIEL_INFO_202610221,Berlin,2026-10-22 00:00:00
KeyPers_Berlin_1230151,BERLIN_MATERIEL_INFO_202610222,Berlin,2026-10-22 00:00:00
KeyPers_Berlin_1234166,BERLIN_MATERIEL_INFO_202610223,Berlin,2026-10-22 00:00:00
KeyPers_Berlin_1232797,BERLIN_MATERIEL_INFO_202610224,Berlin,2026-10-22 00:00:00
KeyPers_London_1232953,LONDON_MATERIEL_INFO_202610220,London,2026-10-22 00:00:00
KeyPers_London_1231625,LONDON_MATERIEL_INFO_202610221,London,2026-10-22 00:00:00
KeyPers_London_1232909,LONDON_MATERIEL_INFO_202610222,London,2026-10-22 00:00:00
KeyPers_LA_1230071,LA_MATERIEL_INFO_202610220,LA,2026-10-22 00:00:00
KeyPers_LA_1231737,LA_MATERIEL_INFO_202610221,LA,2026-10-22 00:00:00
KeyPers_LA_1231997,LA_MATERIEL_INFO_202610222,LA,2026-10-22 00:00:00
KeyPers_LA_1231858,LA_MATERIEL_INFO_202610223,LA,2026-10-22 00:00:00
KeyPers_LA_1232506,LA_MATERIEL_INFO_202610224,LA,2026-10-22 00:00:00
KeyPers_LA_1232091,LA_MATERIEL_INFO_202610225,LA,2026-10-22 00:00:00
KeyPers_LA_1231179,LA_MATERIEL_INFO_202610226,LA,2026-10-22 00:00:00
KeyPers_LA_1230581,LA_MATERIEL_INFO_202610227,LA,2026-10-22 00:00:00
KeyPers_LA_1232268,LA_MATERIEL_INFO_202610228,LA,2026-10-22 00:00:00
KeyPers_LA_1231340,LA_MATERIEL_INFO_202610229,LA,2026-10-22 00:00:00
KeyPers_NewYork_1231324,NewYork_MATERIEL_INFO_202610220,NewYork,2026-10-22 00:00:00
KeyPers_NewYork_1232564,NewYork_MATERIEL_INFO_202610221,NewYork,2026-10-22 00:00:00
KeyPers_NewYork_1231076,NewYork_MATERIEL_INFO_202610222,NewYork,2026-10-22 00:00:00
KeyPers_NewYork_1230396,NewYork_MATERIEL_INFO_202610223,NewYork,2026-10-22 00:00:00
KeyPers_NewYork_1230647,NewYork_MATERIEL_INFO_202610224,NewYork,2026-10-22 00:00:00
KeyPers_NewYork_1231798,NewYork_MATERIEL_INFO_202610225,NewYork,2026-10-22 00:00:00
KeyPers_Paris_1232659,Paris_MATERIEL_INFO_202610220,Paris,2026-10-22 00:00:00
KeyPers_Paris_1234779,Paris_MATERIEL_INFO_202610221,Paris,2026-10-22 00:00:00
KeyPers_Paris_1232723,Paris_MATERIEL_INFO_202610222,Paris,2026-10-22 00:00:00
KeyPers_Paris_1233215,Paris_MATERIEL_INFO_202610223,Paris,2026-10-22 00:00:00
KeyPers_Paris_1233603,Paris_MATERIEL_INFO_202610224,Paris,2026-10-22 00:00:00
KeyPers_Paris_1230042,Paris_MATERIEL_INFO_202610225,Paris,2026-10-22 00:00:00
KeyPers_Paris_1231704,Paris_MATERIEL_INFO_202610226,Paris,2026-10-22 00:00:00
KeyPers_Paris_1231375,Paris_MATERIEL_INFO_202610227,Paris,2026-10-22 00:00:00
KeyPers_Paris_1232564,Paris_MATERIEL_INFO_202610228,Paris,2026-10-22 00:00:00
KeyPers_Paris_1234521,Paris_MATERIEL_INFO_202610229,Paris,2026-10-22 00:00:00
KeyPers_Paris_1230746,Paris_MATERIEL_INFO_2026102210,Paris,2026-10-22 00:00:00
KeyPers_Shanghai_1230369,Shanghai_MATERIEL_INFO_202610220,Shanghai,2026-10-22 00:00:00
KeyPers_Shanghai_1230559,Shanghai_MATERIEL_INFO_202610221,Shanghai,2026-10-22 00:00:00
KeyPers_Shanghai_1230515,Shanghai_MATERIEL_INFO_202610222,Shanghai,2026-10-22 00:00:00
KeyPers_Shanghai_1230185,Shanghai_MATERIEL_INFO_202610223,Shanghai,2026-10-22 00:00:00
KeyPers_Shanghai_1230605,Shanghai_MATERIEL_INFO_202610224,Shanghai,2026-10-22 00:00:00
KeyPers_Shanghai_1230371,Shanghai_MATERIEL_INFO_202610225,Shanghai,2026-10-22 00:00:00
KeyPers_Shanghai_1230557,Shanghai_MATERIEL_INFO_202610226,Shanghai,2026-10-22 00:00:00
KeyPers_Shanghai_1230191,Shanghai_MATERIEL_INFO_202610227,Shanghai,2026-10-22 00:00:00
KeyPers_Shanghai_1230718,Shanghai_MATERIEL_INFO_202610228,Shanghai,2026-10-22 00:00:00
KeyPers_Berlin_1231147,BERLIN_MATERIEL_INFO_202610230,Berlin,2026-10-23 00:00:00
KeyPers_Berlin_1231882,BERLIN_MATERIEL_INFO_202610231,Berlin,2026-10-23 00:00:00
KeyPers_Berlin_1231246,BERLIN_MATERIEL_INFO_202610232,Berlin,2026-10-23 00:00:00
KeyPers_Berlin_1230641,BERLIN_MATERIEL_INFO_202610233,Berlin,2026-10-23 00:00:00
KeyPers_Berlin_1232638,BERLIN_MATERIEL_INFO_202610234,Berlin,2026-10-23 00:00:00
KeyPers_London_1233702,LONDON_MATERIEL_INFO_202610230,London,2026-10-23 00:00:00
KeyPers_London_1230357,LONDON_MATERIEL_INFO_202610231,London,2026-10-23 00:00:00
KeyPers_London_1232235,LONDON_MATERIEL_INFO_202610232,London,2026-10-23 00:00:00
KeyPers_London_1233570,LONDON_MATERIEL_INFO_202610233,London,2026-10-23 00:00:00
KeyPers_London_1233851,LONDON_MATERIEL_INFO_202610234,London,2026-10-23 00:00:00
KeyPers_London_1232414,LONDON_MATERIEL_INFO_202610235,London,2026-10-23 00:00:00
KeyPers_London_1230252,LONDON_MATERIEL_INFO_202610236,London,2026-10-23 00:00:00
KeyPers_LA_1230021,LA_MATERIEL_INFO_202610230,LA,2026-10-23 00:00:00
KeyPers_LA_1231291,LA_MATERIEL_INFO_202610231,LA,2026-10-23 00:00:00
KeyPers_LA_1230538,LA_MATERIEL_INFO_202610232,LA,2026-10-23 00:00:00
KeyPers_LA_1231553,LA_MATERIEL_INFO_202610233,LA,2026-10-23 00:00:00
KeyPers_LA_1230692,LA_MATERIEL_INFO_202610234,LA,2026-10-23 00:00:00
KeyPers_LA_1230170,LA_MATERIEL_INFO_202610235,LA,2026-10-23 00:00:00
KeyPers_LA_1231911,LA_MATERIEL_INFO_202610236,LA,2026-10-23 00:00:00
KeyPers_LA_1232860,LA_MATERIEL_INFO_202610237,LA,2026-10-23 00:00:00
KeyPers_NewYork_1232575,NewYork_MATERIEL_INFO_202610230,NewYork,2026-10-23 00:00:00
KeyPers_NewYork_1231216,NewYork_MATERIEL_INFO_202610231,NewYork,2026-10-23 00:00:00
KeyPers_NewYork_1232921,NewYork_MATERIEL_INFO_202610232,NewYork,2026-10-23 00:00:00
KeyPers_NewYork_1232609,NewYork_MATERIEL_INFO_202610233,NewYork,2026-10-23 00:00:00
KeyPers_NewYork_1230377,NewYork_MATERIEL_INFO_202610234,NewYork,2026-10-23 00:00:00
KeyPers_Paris_1234824,Paris_MATERIEL_INFO_202610230,Paris,2026-10-23 00:00:00
KeyPers_Paris_1232017,Paris_MATERIEL_INFO_202610231,Paris,2026-10-23 00:00:00
KeyPers_Paris_1234295,Paris_MATERIEL_INFO_202610232,Paris,2026-10-23 00:00:00
KeyPers_Paris_1234807,Paris_MATERIEL_INFO_202610233,Paris,2026-10-23 00:00:00
KeyPers_Paris_1232140,Paris_MATERIEL_INFO_202610234,Paris,2026-10-23 00:00:00
KeyPers_Paris_1231696,Paris_MATERIEL_INFO_202610235,Paris,2026-10-23 00:00:00
KeyPers_Paris_1234891,Paris_MATERIEL_INFO_202610236,Paris,2026-10-23 00:00:00
KeyPers_Paris_1233816,Paris_MATERIEL_INFO_202610237,Paris,2026-10-23 00:00:00
KeyPers_Paris_1234911,Paris_MATERIEL_INFO_202610238,Paris,2026-10-23 00:00:00
KeyPers_Paris_1232786,Paris_MATERIEL_INFO_202610239,Paris,2026-10-23 00:00:00
KeyPers_Paris_1233386,Paris_MATERIEL_INFO_2026102310,Paris,2026-10-23 00:00:00
KeyPers_Shanghai_1230093,Shanghai_MATERIEL_INFO_202610230,Shanghai,2026-10-23 00:00:00
KeyPers_Shanghai_1230459,Shanghai_MATERIEL_INFO_202610231,Shanghai,2026-10-23 00:00:00
KeyPers_Shanghai_1230930,Shanghai_MATERIEL_INFO_202610232,Shanghai,2026-10-23 00:00:00
KeyPers_Shanghai_1230088,Shanghai_MATERIEL_INFO_202610233,Shanghai,2026-10-23 00:00:00
KeyPers_Shanghai_1230052,Shanghai_MATERIEL_INFO_202610234,Shanghai,2026-10-23 00:00:00
KeyPers_Shanghai_1230796,Shanghai_MATERIEL_INFO_202610235,Shanghai,2026-10-23 00:00:00
KeyPers_Shanghai_1230062,Shanghai_MATERIEL_INFO_202610236,Shanghai,2026-10-23 00:00:00
KeyPers_Shanghai_1230361,Shanghai_MATERIEL_INFO_202610237,Shanghai,2026-10-23 00:00:00
KeyPers_Shanghai_1230197,Shanghai_MATERIEL_INFO_202610238,Shanghai,2026-10-23 00:00:00
KeyPers_Shanghai_1230699,Shanghai_MATERIEL_INFO_202610239,Shanghai,2026-10-23 00:00:00
KeyPers_Berlin_1231158,BERLIN_MATERIEL_INFO_202610240,Berlin,2026-10-24 00:00:00
KeyPers_Berlin_1233969,BERLIN_MATERIEL_INFO_202610241,Berlin,2026-10-24 00:00:00
KeyPers_Berlin_1233418,BERLIN_MATERIEL_INFO_202610242,Berlin,2026-10-24 00:00:00
KeyPers_London_1233446,LONDON_MATERIEL_INFO_202610240,London,2026-10-24 00:00:00
KeyPers_London_1230035,LONDON_MATERIEL_INFO_202610241,London,2026-10-24 00:00:00
KeyPers_London_1233488,LONDON_MATERIEL_INFO_202610242,London,2026-10-24 00:00:00
KeyPers_London_1233624,LONDON_MATERIEL_INFO_202610243,London,2026-10-24 00:00:00
KeyPers_London_1231113,LONDON_MATERIEL_INFO_202610244,London,2026-10-24 00:00:00
KeyPers_London_1233435,LONDON_MATERIEL_INFO_202610245,London,2026-10-24 00:00:00
KeyPers_London_1230279,LONDON_MATERIEL_INFO_202610246,London,2026-10-24 00:00:00
KeyPers_LA_1231068,LA_MATERIEL_INFO_202610240,LA,2026-10-24 00:00:00
KeyPers_LA_1232139,LA_MATERIEL_INFO_202610241,LA,2026-10-24 00:00:00
KeyPers_LA_1232693,LA_MATERIEL_INFO_202610242,LA,2026-10-24 00:00:00
KeyPers_LA_1230119,LA_MATERIEL_INFO_202610243,LA,2026-10-24 00:00:00
KeyPers_NewYork_1230313,NewYork_MATERIEL_INFO_202610240,NewYork,2026-10-24 00:00:00
KeyPers_NewYork_1232060,NewYork_MATERIEL_INFO_202610241,NewYork,2026-10-24 00:00:00
KeyPers_NewYork_1231599,NewYork_MATERIEL_INFO_202610242,NewYork,2026-10-24 00:00:00
KeyPers_NewYork_1230787,NewYork_MATERIEL_INFO_202610243,NewYork,2026-10-24 00:00:00
KeyPers_NewYork_1232999,NewYork_MATERIEL_INFO_202610244,NewYork,2026-10-24 00:00:00
KeyPers_NewYork_1230284,NewYork_MATERIEL_INFO_202610245,NewYork,2026-10-24 00:00:00
KeyPers_NewYork_1230686,NewYork_MATERIEL_INFO_202610246,NewYork,2026-10-24 00:00:00
KeyPers_NewYork_1232471,NewYork_MATERIEL_INFO_202610247,NewYork,2026-10-24 00:00:00
KeyPers_Paris_1234330,Paris_MATERIEL_INFO_202610240,Paris,2026-10-24 00:00:00
KeyPers_Paris_1231603,Paris_MATERIEL_INFO_202610241,Paris,2026-10-24 00:00:00
KeyPers_Paris_1231605,Paris_MATERIEL_INFO_202610242,Paris,2026-10-24 00:00:00
KeyPers_Paris_1234223,Paris_MATERIEL_INFO_202610243,Paris,2026-10-24 00:00:00
KeyPers_Paris_1234934,Paris_MATERIEL_INFO_202610244,Paris,2026-10-24 00:00:00
KeyPers_Paris_1234890,Paris_MATERIEL_INFO_202610245,Paris,2026-10-24 00:00:00
KeyPers_Paris_1234668,Paris_MATERIEL_INFO_202610246,Paris,2026-10-24 00:00:00
KeyPers_Shanghai_1230338,Shanghai_MATERIEL_INFO_202610240,Shanghai,2026-10-24 00:00:00
KeyPers_Shanghai_1230678,Shanghai_MATERIEL_INFO_202610241,Shanghai,2026-10-24 00:00:00
KeyPers_Shanghai_1230725,Shanghai_MATERIEL_INFO_202610242,Shanghai,2026-10-24 00:00:00
KeyPers_Shanghai_1230111,Shanghai_MATERIEL_INFO_202610243,Shanghai,2026-10-24 00:00:00
KeyPers_Shanghai_1230751,Shanghai_MATERIEL_INFO_202610244,Shanghai,2026-10-24 00:00:00
KeyPers_Shanghai_1230947,Shanghai_MATERIEL_INFO_202610245,Shanghai,2026-10-24 00:00:00
KeyPers_Shanghai_1230225,Shanghai_MATERIEL_INFO_202610246,Shanghai,2026-10-24 00:00:00
KeyPers_Shanghai_1230684,Shanghai_MATERIEL_INFO_202610247,Shanghai,2026-10-24 00:00:00
KeyPers_Shanghai_1230879,Shanghai_MATERIEL_INFO_202610248,Shanghai,2026-10-24 00:00:00
KeyPers_Shanghai_1230941,Shanghai_MATERIEL_INFO_202610249,Shanghai,2026-10-24 00:00:00
KeyPers_Shanghai_1230178,Shanghai_MATERIEL_INFO_2026102410,Shanghai,2026-10-24 00:00:00
KeyPers_Shanghai_1230413,Shanghai_MATERIEL_INFO_2026102411,Shanghai,2026-10-24 00:00:00
KeyPers_Shanghai_1230880,Shanghai_MATERIEL_INFO_2026102412,Shanghai,2026-10-24 00:00:00
KeyPers_Berlin_1233429,BERLIN_MATERIEL_INFO_202610250,Berlin,2026-10-25 01:00:00
KeyPers_London_1233332,LONDON_MATERIEL_INFO_202610250,London,2026-10-25 01:00:00
KeyPers_London_1233792,LONDON_MATERIEL_INFO_202610251,London,2026-10-25 01:00:00
KeyPers_London_1232074,LONDON_MATERIEL_INFO_202610252,London,2026-10-25 01:00:00
KeyPers_London_1232200,LONDON_MATERIEL_INFO_202610253,London,2026-10-25 01:00:00
KeyPers_London_1230913,LONDON_MATERIEL_INFO_202610254,London,2026-10-25 01:00:00
KeyPers_London_1231537,LONDON_MATERIEL_INFO_202610255,London,2026-10-25 01:00:00
KeyPers_London_1232894,LONDON_MATERIEL_INFO_202610256,London,2026-10-25 01:00:00
KeyPers_LA_1231462,LA_MATERIEL_INFO_202610250,LA,2026-10-25 01:00:00
KeyPers_LA_1231006,LA_MATERIEL_INFO_202610251,LA,2026-10-25 01:00:00
KeyPers_LA_1232312,LA_MATERIEL_INFO_202610252,LA,2026-10-25 01:00:00
KeyPers_NewYork_1230420,NewYork_MATERIEL_INFO_202610250,NewYork,2026-10-25 01:00:00
KeyPers_NewYork_1232946,NewYork_MATERIEL_INFO_202610251,NewYork,2026-10-25 01:00:00
KeyPers_NewYork_1231285,NewYork_MATERIEL_INFO_202610252,NewYork,2026-10-25 01:00:00
KeyPers_Paris_1233844,Paris_MATERIEL_INFO_202610250,Paris,2026-10-25 01:00:00
KeyPers_Paris_1231841,Paris_MATERIEL_INFO_202610251,Paris,2026-10-25 01:00:00
KeyPers_Paris_1230259,Paris_MATERIEL_INFO_202610252,Paris,2026-10-25 01:00:00
KeyPers_Paris_1232561,Paris_MATERIEL_INFO_202610253,Paris,2026-10-25 01:00:00
KeyPers_Paris_1230766,Paris_MATERIEL_INFO_202610254,Paris,2026-10-25 01:00:00
KeyPers_Paris_1231856,Paris_MATERIEL_INFO_202610255,Paris,2026-10-25 01:00:00
KeyPers_Paris_1232058,Paris_MATERIEL_INFO_202610256,Paris,2026-10-25 01:00:00
KeyPers_Shanghai_1230541,Shanghai_MATERIEL_INFO_202610250,Shanghai,2026-10-25 01:00:00
KeyPers_Shanghai_1230590,Shanghai_MATERIEL_INFO_202610251,Shanghai,2026-10-25 01:00:00
KeyPers_Shanghai_1230911,Shanghai_MATERIEL_INFO_202610252,Shanghai,2026-10-25 01:00:00
KeyPers_Shanghai_1230459,Shanghai_MATERIEL_INFO_202610253,Shanghai,2026-10-25 01:00:00
KeyPers_Shanghai_1230905,Shanghai_MATERIEL_INFO_202610254,Shanghai,2026-10-25 01:00:00
KeyPers_Shanghai_1230283,Shanghai_MATERIEL_INFO_202610255,Shanghai,2026-10-25 01:00:00
KeyPers_Shanghai_1230726,Shanghai_MATERIEL_INFO_202610256,Shanghai,2026-10-25 01:00:00
KeyPers_Shanghai_1230311,Shanghai_MATERIEL_INFO_202610257,Shanghai,2026-10-25 01:00:00
KeyPers_Shanghai_1230936,Shanghai_MATERIEL_INFO_202610258,Shanghai,2026-10-25 01:00:00
KeyPers_Shanghai_1230367,Shanghai_MATERIEL_INFO_202610259,Shanghai,2026-10-25 01:00:00
KeyPers_Shanghai_1230890,Shanghai_MATERIEL_INFO_2026102510,Shanghai,2026-10-25 01:00:00
KeyPers_Shanghai_1230565,Shanghai_MATERIEL_INFO_2026102511,Shanghai,2026-10-25 01:00:00
KeyPers_Berlin_1233255,BERLIN_MATERIEL_INFO_202610260,Berlin,2026-10-26 00:00:00
KeyPers_Berlin_1232006,BERLIN_MATERIEL_INFO_202610261,Berlin,2026-10-26 00:00:00
KeyPers_Berlin_1232853,BERLIN_MATERIEL_INFO_202610262,Berlin,2026-10-26 00:00:00
KeyPers_Berlin_1234044,BERLIN_MATERIEL_INFO_202610263,Berlin,2026-10-26 00:00:00
KeyPers_Berlin_1232487,BERLIN_MATERIEL_INFO_202610264,Berlin,2026-10-26 00:00:00
KeyPers_Berlin_1232499,BERLIN_MATERIEL_INFO_202610265,Berlin,2026-10-26 00:00:00
KeyPers_London_1230145,LONDON_MATERIEL_INFO_202610260,London,2026-10-26 00:00:00
KeyPers_London_1233066,LONDON_MATERIEL_INFO_202610261,London,2026-10-26 00:00:00
KeyPers_London_1230038,LONDON_MATERIEL_INFO_202610262,London,2026-10-26 00:00:00
KeyPers_London_1232225,LONDON_MATERIEL_INFO_202610263,London,2026-10-26 00:00:00
KeyPers_LA_1230181,LA_MATERIEL_INFO_202610260,LA,2026-10-26 00:00:00
KeyPers_LA_1232607,LA_MATERIEL_INFO_202610261,LA,2026-10-26 00:00:00
KeyPers_LA_1232595,LA_MATERIEL_INFO_202610262,LA,2026-10-26 00:00:00
KeyPers_LA_1231391,LA_MATERIEL_INFO_202610263,LA,2026-10-26 00:00:00
KeyPers_LA_1232639,LA_MATERIEL_INFO_202610264,LA,2026-10-26 00:00:00
KeyPers_LA_1232643,LA_MATERIEL_INFO_202610265,LA,2026-10-26 00:00:00
KeyPers_LA_1231131,LA_MATERIEL_INFO_202610266,LA,2026-10-26 00:00:00
KeyPers_LA_1231628,LA_MATERIEL_INFO_202610267,LA,2026-10-26 00:00:00
KeyPers_LA_1231236,LA_MATERIEL_INFO_202610268,LA,2026-10-26 00:00:00
KeyPers_LA_1232916,LA_MATERIEL_INFO_202610269,LA,2026-10-26 00:00:00
KeyPers_LA_1232892,LA_MATERIEL_INFO_2026102610,LA,2026-10-26 00:00:00
KeyPers_LA_1231734,LA_MATERIEL_INFO_2026102611,LA,2026-10-26 00:00:00
KeyPers_LA_1232675,LA_MATERIEL_INFO_2026102612,LA,2026-10-26 00:00:00
KeyPers_LA_1230549,LA_MATERIEL_INFO_2026102613,LA,2026-10-26 00:00:00
KeyPers_NewYork_1231552,NewYork_MATERIEL_INFO_202610260,NewYork,2026-10-26 00:00:00
KeyPers_NewYork_1230314,NewYork_MATERIEL_INFO_202610261,NewYork,2026-10-26 00:00:00
KeyPers_NewYork_1231238,NewYork_MATERIEL_INFO_202610262,NewYork,2026-10-26 00:00:00
KeyPers_NewYork_1233055,NewYork_MATERIEL_INFO_202610263,NewYork,2026-10-26 00:00:00
KeyPers_NewYork_1232514,NewYork_MATERIEL_INFO_202610264,NewYork,2026-10-26 00:00:00
KeyPers_NewYork_1233045,NewYork_MATERIEL_INFO_202610265,NewYork,2026-10-26 00:00:00
KeyPers_NewYork_1230642,NewYork_MATERIEL_INFO_202610266,NewYork,2026-10-26 00:00:00
KeyPers_NewYork_1230584,NewYork_MATERIEL_INFO_202610267,NewYork,2026-10-26 00:00:00
KeyPers_Paris_1232614,Paris_MATERIEL_INFO_202610260,Paris,2026-10-26 00:00:00
KeyPers_Paris_1231488,Paris_MATERIEL_INFO_202610261,Paris,2026-10-26 00:00:00
KeyPers_Paris_1233727,Paris_MATERIEL_INFO_202610262,Paris,2026-10-26 00:00:00
KeyPers_Paris_1231293,Paris_MATERIEL_INFO_202610263,Paris,2026-10-26 00:00:00
KeyPers_Paris_1230954,Paris_MATERIEL_INFO_202610264,Paris,2026-10-26 00:00:00
KeyPers_Paris_1230194,Paris_MATERIEL_INFO_202610265,Paris,2026-10-26 00:00:00
KeyPers_Shanghai_1230867,Shanghai_MATERIEL_INFO_202610260,Shanghai,2026-10-26 00:00:00
KeyPers_Shanghai_1230246,Shanghai_MATERIEL_INFO_202610261,Shanghai,2026-10-26 00:00:00
KeyPers_Berlin_1230492,BERLIN_MATERIEL_INFO_202610270,Berlin,2026-10-27 00:00:00
KeyPers_Berlin_1230020,BERLIN_MATERIEL_INFO_202610271,Berlin,2026-10-27 00:00:00
KeyPers_Berlin_1231083,BERLIN_MATERIEL_INFO_202610272,Berlin,2026-10-27 00:00:00
KeyPers_Berlin_1230866,BERLIN_MATERIEL_INFO_202610273,Berlin,2026-10-27 00:00:00
KeyPers_Berlin_1231501,BERLIN_MATERIEL_INFO_202610274,Berlin,2026-10-27 00:00:00
KeyPers_London_1231072,LONDON_MATERIEL_INFO_202610270,London,2026-10-27 00:00:00
KeyPers_London_1231426,LONDON_MATERIEL_INFO_202610271,London,2026-10-27 00:00:00
KeyPers_London_1230151,LONDON_MATERIEL_INFO_202610272,London,2026-10-27 00:00:00
KeyPers_London_1233264,LONDON_MATERIEL_INFO_202610273,London,2026-10-27 00:00:00
KeyPers_London_1233980,LONDON_MATERIEL_INFO_202610274,London,2026-10-27 00:00:00
KeyPers_London_1231236,LONDON_MATERIEL_INFO_202610275,London,2026-10-27 00:00:00
KeyPers_London_1234195,LONDON_MATERIEL_INFO_202610276,London,2026-10-27 00:00:00
KeyPers_London_1233444,LONDON_MATERIEL_INFO_202610277,London,2026-10-27 00:00:00
KeyPers_London_1232665,LONDON_MATERIEL_INFO_202610278,London,2026-10-27 00:00:00
KeyPers_London_1230190,LONDON_MATERIEL_INFO_202610279,London,2026-10-27 00:00:00
KeyPers_London_1230731,LONDON_MATERIEL_INFO_2026102710,London,2026-10-27 00:00:00
KeyPers_LA_1232120,LA_MATERIEL_INFO_202610270,LA,2026-10-27 00:00:00
KeyPers_LA_1232842,LA_MATERIEL_INFO_202610271,LA,2026-10-27 00:00:00
KeyPers_LA_1230463,LA_MATERIEL_INFO_202610272,LA,2026-10-27 00:00:00
KeyPers_LA_1230781,LA_MATERIEL_INFO_202610273,LA,2026-10-27 00:00:00
KeyPers_LA_1231794,LA_MATERIEL_INFO_202610274,LA,2026-10-27 00:00:00
KeyPers_LA_1230201,LA_MATERIEL_INFO_202610275,LA,2026-10-27 00:00:00
KeyPers_LA_1230034,LA_MATERIEL_INFO_202610276,LA,2026-10-27 00:00:00
KeyPers_LA_1230856,LA_MATERIEL_INFO_202610277,LA,2026-10-27 00:00:00
KeyPers_NewYork_1230851,NewYork_MATERIEL_INFO_202610270,NewYork,2026-10-27 00:00:00
KeyPers_NewYork_1230085,NewYork_MATERIEL_INFO_202610271,NewYork,2026-10-27 00:00:00
KeyPers_NewYork_1231806,NewYork_MATERIEL_INFO_202610272,NewYork,2026-10-27 00:00:00
KeyPers_NewYork_1231704,NewYork_MATERIEL_INFO_202610273,NewYork,2026-10-27 00:00:00
KeyPers_NewYork_1231663,NewYork_MATERIEL_INFO_202610274,NewYork,2026-10-27 00:00:00
KeyPers_NewYork_1230707,NewYork_MATERIEL_INFO_202610275,NewYork,2026-10-27 00:00:00
KeyPers_NewYork_1230184,NewYork_MATERIEL_INFO_202610276,NewYork,2026-10-27 00:00:00
KeyPers_NewYork_1231024,NewYork_MATERIEL_INFO_202610277,NewYork,2026-10-27 00:00:00
KeyPers_NewYork_1232637,NewYork_MATERIEL_INFO_202610278,NewYork,2026-10-27 00:00:00
KeyPers_NewYork_1232319,NewYork_MATERIEL_INFO_202610279,NewYork,2026-10-27 00:00:00
KeyPers_NewYork_1231617,NewYork_MATERIEL_INFO_2026102710,NewYork,2026-10-27 00:00:00
KeyPers_NewYork_1232631,NewYork_MATERIEL_INFO_2026102711,NewYork,2026-10-27 00:00:00
KeyPers_NewYork_1231783,NewYork_MATERIEL_INFO_2026102712,NewYork,2026-10-27 00:00:00
KeyPers_NewYork_1231173,NewYork_MATERIEL_INFO_2026102713,NewYork,2026-10-27 00:00:00
KeyPers_Paris_1232090,Paris_MATERIEL_INFO_202610270,Paris,2026-10-27 00:00:00
KeyPers_Paris_1230524,Paris_MATERIEL_INFO_202610271,Paris,2026-10-27 00:00:00
KeyPers_Paris_1233633,Paris_MATERIEL_INFO_202610272,Paris,2026-10-27 00:00:00
KeyPers_Paris_1233841,Paris_MATERIEL_INFO_202610273,Paris,2026-10-27 00:00:00
KeyPers_Paris_1233220,Paris_MATERIEL_INFO_202610274,Paris,2026-10-27 00:00:00
KeyPers_Shanghai_1230515,Shanghai_MATERIEL_INFO_202610270,Shanghai,2026-10-27 00:00:00
KeyPers_Berlin_1232906,BERLIN_MATERIEL_INFO_202610280,Berlin,2026-10-28 00:00:00
KeyPers_Berlin_1230947,BERLIN_MATERIEL_INFO_202610281,Berlin,2026-10-28 00:00:00
KeyPers_Berlin_1231976,BERLIN_MATERIEL_INFO_202610282,Berlin,2026-10-28 00:00:00
KeyPers_Berlin_1232994,BERLIN_MATERIEL_INFO_202610283,Berlin,2026-10-28 00:00:00
KeyPers_Berlin_1233022,BERLIN_MATERIEL_INFO_202610284,Berlin,2026-10-28 00:00:00
KeyPers_Berlin_1232118,BERLIN_MATERIEL_INFO_202610285,Berlin,2026-10-28 00:00:00
KeyPers_London_1232533,LONDON_MATERIEL_INFO_202610280,London,2026-10-28 00:00:00
KeyPers_London_1232771,LONDON_MATERIEL_INFO_202610281,London,2026-10-28 00:00:00
KeyPers_London_1230488,LONDON_MATERIEL_INFO_202610282,London,2026-10-28 00:00:00
KeyPers_London_1230877,LONDON_MATERIEL_INFO_202610283,London,2026-10-28 00:00:00
KeyPers_London_1233852,LONDON_MATERIEL_INFO_202610284,London,2026-10-28 00:00:00
KeyPers_LA_1232714,LA_MATERIEL_INFO_202610280,LA,2026-10-28 00:00:00
KeyPers_LA_1231931,LA_MATERIEL_INFO_202610281,LA,2026-10-28 00:00:00
KeyPers_LA_1231204,LA_MATERIEL_INFO_202610282,LA,2026-10-28 00:00:00
KeyPers_NewYork_1232989,NewYork_MATERIEL_INFO_202610280,NewYork,2026-10-28 00:00:00
KeyPers_NewYork_1230816,NewYork_MATERIEL_INFO_202610281,NewYork,2026-10-28 00:00:00
KeyPers_NewYork_1231164,NewYork_MATERIEL_INFO_202610282,NewYork,2026-10-28 00:00:00
KeyPers_NewYork_1230994,NewYork_MATERIEL_INFO_202610283,NewYork,2026-10-28 00:00:00
KeyPers_NewYork_1232479,NewYork_MATERIEL_INFO_202610284,NewYork,2026-10-28 00:00:00
KeyPers_NewYork_1231802,NewYork_MATERIEL_INFO_202610285,NewYork,2026-10-28 00:00:00
KeyPers_Paris_1231748,Paris_MATERIEL_INFO_202610280,Paris,2026-10-28 00:00:00
KeyPers_Paris_1232043,Paris_MATERIEL_INFO_202610281,Paris,2026-10-28 00:00:00
KeyPers_Paris_1233316,Paris_MATERIEL_INFO_202610282,Paris,2026-10-28 00:00:00
KeyPers_Paris_1234384,Paris_MATERIEL_INFO_202610283,Paris,2026-10-28 00:00:00
KeyPers_Paris_1232913,Paris_MATERIEL_INFO_202610284,Paris,2026-10-28 00:00:00
KeyPers_Paris_1230736,Paris_MATERIEL_INFO_202610285,Paris,2026-10-28 00:00:00
KeyPers_Paris_1230807,Paris_MATERIEL_INFO_202610286,Paris,2026-10-28 00:00:00
KeyPers_Paris_1234686,Paris_MATERIEL_INFO_202610287,Paris,2026-10-28 00:00:00
KeyPers_Paris_1233574,Paris_MATERIEL_INFO_202610288,Paris,2026-10-28 00:00:00
KeyPers_Shanghai_1230475,Shanghai_MATERIEL_INFO_202610280,Shanghai,2026-10-28 00:00:00
KeyPers_Shanghai_1230514,Shanghai_MATERIEL_INFO_202610281,Shanghai,2026-10-28 00:00:00
KeyPers_Shanghai_1230112,Shanghai_MATERIEL_INFO_202610282,Shanghai,2026-10-28 00:00:00
KeyPers_Shanghai_1230391,Shanghai_MATERIEL_INFO_202610283,Shanghai,2026-10-28 00:00:00
KeyPers_Shanghai_1230917,Shanghai_MATERIEL_INFO_202610284,Shanghai,2026-10-28 00:00:00
KeyPers_Shanghai_1230503,Shanghai_MATERIEL_INFO_202610285,Shanghai,2026-10-28 00:00:00
KeyPers_Shanghai_1230580,Shanghai_MATERIEL_INFO_202610286,Shanghai,2026-10-28 00:00:00
KeyPers_Shanghai_1230082,Shanghai_MATERIEL_INFO_202610287,Shanghai,2026-10-28 00:00:00
KeyPers_Shanghai_1230795,Shanghai_MATERIEL_INFO_202610288,Shanghai,2026-10-28 00:00:00
KeyPers_Shanghai_1230663,Shanghai_MATERIEL_INFO_202610289,Shanghai,2026-10-28 00:00:00
KeyPers_Shanghai_1230735,Shanghai_MATERIEL_INFO_2026102810,Shanghai,2026-10-28 00:00:00
KeyPers_Shanghai_1230855,Shanghai_MATERIEL_INFO_2026102811,Shanghai,2026-10-28 00:00:00
KeyPers_Shanghai_1230683,Shanghai_MATERIEL_INFO_2026102812,Shanghai,2026-10-28 00:00:00
KeyPers_Berlin_1233494,BERLIN_MATERIEL_INFO_202610290,Berlin,2026-10-29 00:00:00
KeyPers_London_1233992,LONDON_MATERIEL_INFO_202610290,London,2026-10-29 00:00:00
KeyPers_London_1233845,LONDON_MATERIEL_INFO_202610291,London,2026-10-29 00:00:00
KeyPers_London_1233106,LONDON_MATERIEL_INFO_202610292,London,2026-10-29 00:00:00
KeyPers_London_1230951,LONDON_MATERIEL_INFO_202610293,London,2026-10-29 00:00:00
KeyPers_London_1230393,LONDON_MATERIEL_INFO_202610294,London,2026-10-29 00:00:00
KeyPers_London_1232090,LONDON_MATERIEL_INFO_202610295,London,2026-10-29 00:00:00
KeyPers_London_1230704,LONDON_MATERIEL_INFO_202610296,London,2026-10-29 00:00:00
KeyPers_London_1233471,LONDON_MATERIEL_INFO_202610297,London,2026-10-29 00:00:00
KeyPers_London_1232639,LONDON_MATERIEL_INFO_202610298,London,2026-10-29 00:00:00
KeyPers_LA_1230715,LA_MATERIEL_INFO_202610290,LA,2026-10-29 00:00:00
KeyPers_LA_1230027,LA_MATERIEL_INFO_202610291,LA,2026-10-29 00:00:00
KeyPers_LA_1230120,LA_MATERIEL_INFO_202610292,LA,2026-10-29 00:00:00
KeyPers_LA_1232414,LA_MATERIEL_INFO_202610293,LA,2026-10-29 00:00:00
KeyPers_LA_1230618,LA_MATERIEL_INFO_202610294,LA,2026-10-29 00:00:00
KeyPers_LA_1231564,LA_MATERIEL_INFO_202610295,LA,2026-10-29 00:00:00
KeyPers_NewYork_1230678,NewYork_MATERIEL_INFO_202610290,NewYork,2026-10-29 00:00:00
KeyPers_NewYork_1233039,NewYork_MATERIEL_INFO_202610291,NewYork,2026-10-29 00:00:00
KeyPers_NewYork_1231698,NewYork_MATERIEL_INFO_202610292,NewYork,2026-10-29 00:00:00
KeyPers_NewYork_1232630,NewYork_MATERIEL_INFO_202610293,NewYork,2026-10-29 00:00:00
KeyPers_NewYork_1230871,NewYork_MATERIEL_INFO_202610294,NewYork,2026-10-29 00:00:00
KeyPers_NewYork_1232693,NewYork_MATERIEL_INFO_202610295,NewYork,2026-10-29 00:00:00
KeyPers_Paris_1230533,Paris_MATERIEL_INFO_202610290,Paris,2026-10-29 00:00:00
KeyPers_Paris_1234802,Paris_MATERIEL_INFO_202610291,Paris,2026-10-29 00:00:00
KeyPers_Paris_1234995,Paris_MATERIEL_INFO_202610292,Paris,2026-10-29 00:00:00
KeyPers_Paris_1232687,Paris_MATERIEL_INFO_202610293,Paris,2026-10-29 00:00:00
KeyPers_Paris_1231799,Paris_MATERIEL_INFO_202610294,Paris,2026-10-29 00:00:00
KeyPers_Paris_1233898,Paris_MATERIEL_INFO_202610295,Paris,2026-10-29 00:00:00
KeyPers_Paris_1234682,Paris_MATERIEL_INFO_202610296,Paris,2026-10-29 00:00:00
KeyPers_Paris_1232444,Paris_MATERIEL_INFO_202610297,Paris,2026-10-29 00:00:00
KeyPers_Paris_1230407,Paris_MATERIEL_INFO_202610298,Paris,2026-10-29 00:00:00
KeyPers_Paris_1234500,Paris_MATERIEL_INFO_202610299,Paris,2026-10-29 00:00:00
KeyPers_Shanghai_1230037,Shanghai_MATERIEL_INFO_202610290,Shanghai,2026-10-29 00:00:00
KeyPers_Berlin_1231026,BERLIN_MATERIEL_INFO_202610300,Berlin,2026-10-30 00:00:00
KeyPers_Berlin_1232178,BERLIN_MATERIEL_INFO_202610301,Berlin,2026-10-30 00:00:00
KeyPers_Berlin_1230555,BERLIN_MATERIEL_INFO_202610302,Berlin,2026-10-30 00:00:00
KeyPers_London_1231492,LONDON_MATERIEL_INFO_202610300,London,2026-10-30 00:00:00
KeyPers_London_1233373,LONDON_MATERIEL_INFO_202610301,London,2026-10-30 00:00:00
KeyPers_London_1230270,LONDON_MATERIEL_INFO_202610302,London,2026-10-30 00:00:00
KeyPers_London_1232444,LONDON_MATERIEL_INFO_202610303,London,2026-10-30 00:00:00
KeyPers_London_1233315,LONDON_MATERIEL_INFO_202610304,London,2026-10-30 00:00:00
KeyPers_London_1234097,LONDON_MATERIEL_INFO_202610305,London,2026-10-30 00:00:00
KeyPers_London_1231411,LONDON_MATERIEL_INFO_202610306,London,2026-10-30 00:00:00
KeyPers_London_1230795,LONDON_MATERIEL_INFO_202610307,London,2026-10-30 00:00:00
KeyPers_London_1230610,LONDON_MATERIEL_INFO_202610308,London,2026-10-30 00:00:00
KeyPers_London_1233147,LONDON_MATERIEL_INFO_202610309,London,2026-10-30 00:00:00
KeyPers_London_1230414,LONDON_MATERIEL_INFO_2026103010,London,2026-10-30 00:00:00
KeyPers_London_1230898,LONDON_MATERIEL_INFO_2026103011,London,2026-10-30 00:00:00
KeyPers_London_1232873,LONDON_MATERIEL_INFO_2026103012,London,2026-10-30 00:00:00
KeyPers_LA_1231432,LA_MATERIEL_INFO_202610300,LA,2026-10-30 00:00:00
KeyPers_LA_1230780,LA_MATERIEL_INFO_202610301,LA,2026-10-30 00:00:00
KeyPers_LA_1232991,LA_MATERIEL_INFO_202610302,LA,2026-10-30 00:00:00
KeyPers_LA_1230592,LA_MATERIEL_INFO_202610303,LA,2026-10-30 00:00:00
KeyPers_LA_1232046,LA_MATERIEL_INFO_202610304,LA,2026-10-30 00:00:00
KeyPers_LA_1230115,LA_MATERIEL_INFO_202610305,LA,2026-10-30 00:00:00
KeyPers_LA_1232537,LA_MATERIEL_INFO_202610306,LA,2026-10-30 00:00:00
KeyPers_LA_1230389,LA_MATERIEL_INFO_202610307,LA,2026-10-30 00:00:00
KeyPers_LA_1231450,LA_MATERIEL_INFO_202610308,LA,2026-10-30 00:00:00
KeyPers_LA_1230901,LA_MATERIEL_INFO_202610309,LA,2026-10-30 00:00:00
KeyPers_LA_1230363,LA_MATERIEL_INFO_2026103010,LA,2026-10-30 00:00:00
KeyPers_LA_1230184,LA_MATERIEL_INFO_2026103011,LA,2026-10-30 00:00:00
KeyPers_LA_1232344,LA_MATERIEL_INFO_2026103012,LA,2026-10-30 00:00:00
KeyPers_LA_1231323,LA_MATERIEL_INFO_2026103013,LA,2026-10-30 00:00:00
KeyPers_NewYork_1231159,NewYork_MATERIEL_INFO_202610300,NewYork,2026-10-30 00:00:00
KeyPers_NewYork_1232181,NewYork_MATERIEL_INFO_202610301,NewYork,2026-10-30 00:00:00
KeyPers_NewYork_1230126,NewYork_MATERIEL_INFO_202610302,NewYork,2026-10-30 00:00:00
KeyPers_NewYork_1231360,NewYork_MATERIEL_INFO_202610303,NewYork,2026-10-30 00:00:00
KeyPers_NewYork_1230553,NewYork_MATERIEL_INFO_202610304,NewYork,2026-10-30 00:00:00
KeyPers_NewYork_1232163,NewYork_MATERIEL_INFO_202610305,NewYork,2026-10-30 00:00:00
KeyPers_NewYork_1230341,NewYork_MATERIEL_INFO_202610306,NewYork,2026-10-30 00:00:00
KeyPers_NewYork_1231174,NewYork_MATERIEL_INFO_202610307,NewYork,2026-10-30 00:00:00
KeyPers_NewYork_1232028,NewYork_MATERIEL_INFO_202610308,NewYork,2026-10-30 00:00:00
KeyPers_NewYork_1232141,NewYork_MATERIEL_INFO_202610309,NewYork,2026-10-30 00:00:00
KeyPers_NewYork_1230681,NewYork_MATERIEL_INFO_2026103010,NewYork,2026-10-30 00:00:00
KeyPers_NewYork_1230401,NewYork_MATERIEL_INFO_2026103011,NewYork,2026-10-30 00:00:00
KeyPers_NewYork_1232070,NewYork_MATERIEL_INFO_2026103012,NewYork,2026-10-30 00:00:00
KeyPers_Paris_1233345,Paris_MATERIEL_INFO_202610300,Paris,2026-10-30 00:00:00
KeyPers_Paris_1234527,Paris_MATERIEL_INFO_202610301,Paris,2026-10-30 00:00:00
KeyPers_Paris_1233129,Paris_MATERIEL_INFO_202610302,Paris,2026-10-30 00:00:00
KeyPers_Paris_1232596,Paris_MATERIEL_INFO_202610303,Paris,2026-10-30 00:00:00
KeyPers_Paris_1232116,Paris_MATERIEL_INFO_202610304,Paris,2026-10-30 00:00:00
KeyPers_Paris_1232341,Paris_MATERIEL_INFO_202610305,Paris,2026-10-30 00:00:00
KeyPers_Paris_1230076,Paris_MATERIEL_INFO_202610306,Paris,2026-10-30 00:00:00
KeyPers_Paris_1232440,Paris_MATERIEL_INFO_202610307,Paris,2026-10-30 00:00:00
KeyPers_Paris_1233379,Paris_MATERIEL_INFO_202610308,Paris,2026-10-30 00:00:00
KeyPers_Shanghai_1230052,Shanghai_MATERIEL_INFO_202610300,Shanghai,2026-10-30 00:00:00
KeyPers_Shanghai_1230202,Shanghai_MATERIEL_INFO_202610301,Shanghai,2026-10-30 00:00:00
KeyPers_Shanghai_1230778,Shanghai_MATERIEL_INFO_202610302,Shanghai,2026-10-30 00:00:00
KeyPers_Shanghai_1230500,Shanghai_MATERIEL_INFO_202610303,Shanghai,2026-10-30 00:00:00
KeyPers_Shanghai_1230099,Shanghai_MATERIEL_INFO_202610304,Shanghai,2026-10-30 00:00:00
KeyPers_Shanghai_1230498,Shanghai_MATERIEL_INFO_202610305,Shanghai,2026-10-30 00:00:00
KeyPers_Shanghai_1230982,Shanghai_MATERIEL_INFO_202610306,Shanghai,2026-10-30 00:00:00
KeyPers_Shanghai_1230248,Shanghai_MATERIEL_INFO_202610307,Shanghai,2026-10-30 00:00:00
KeyPers_Shanghai_1230611,Shanghai_MATERIEL_INFO_202610308,Shanghai,2026-10-30 00:00:00
KeyPers_Shanghai_1230725,Shanghai_MATERIEL_INFO_202610309,Shanghai,2026-10-30 00:00:00
KeyPers_Shanghai_1230474,Shanghai_MATERIEL_INFO_2026103010,Shanghai,2026-10-30 00:00:00
KeyPers_Shanghai_1230368,Shanghai_MATERIEL_INFO_2026103011,Shanghai,2026-10-30 00:00:00
KeyPers_Shanghai_1230550,Shanghai_MATERIEL_INFO_2026103012,Shanghai,2026-10-30 00:00:00
KeyPers_Berlin_1230061,BERLIN_MATERIEL_INFO_202610310,Berlin,2026-10-31 00:00:00
KeyPers_Berlin_1232361,BERLIN_MATERIEL_INFO_202610311,Berlin,2026-10-31 00:00:00
KeyPers_Berlin_1232267,BERLIN_MATERIEL_INFO_202610312,Berlin,2026-10-31 00:00:00
KeyPers_Berlin_1232257,BERLIN_MATERIEL_INFO_202610313,Berlin,2026-10-31 00:00:00
KeyPers_London_1230767,LONDON_MATERIEL_INFO_202610310,London,2026-10-31 00:00:00
KeyPers_London_1230790,LONDON_MATERIEL_INFO_202610311,London,2026-10-31 00:00:00
KeyPers_London_1231347,LONDON_MATERIEL_INFO_202610312,London,2026-10-31 00:00:00
KeyPers_London_1230586,LONDON_MATERIEL_INFO_202610313,London,2026-10-31 00:00:00
KeyPers_London_1231597,LONDON_MATERIEL_INFO_202610314,London,2026-10-31 00:00:00
KeyPers_London_1231403,LONDON_MATERIEL_INFO_202610315,London,2026-10-31 00:00:00
KeyPers_London_1234054,LONDON_MATERIEL_INFO_202610316,London,2026-10-31 00:00:00
KeyPers_LA_1232723,LA_MATERIEL_INFO_202610310,LA,2026-10-31 00:00:00
KeyPers_LA_1232640,LA_MATERIEL_INFO_202610311,LA,2026-10-31 00:00:00
KeyPers_LA_1232727,LA_MATERIEL_INFO_202610312,LA,2026-10-31 00:00:00
KeyPers_NewYork_1230658,NewYork_MATERIEL_INFO_202610310,NewYork,2026-10-31 00:00:00
KeyPers_NewYork_1233021,NewYork_MATERIEL_INFO_202610311,NewYork,2026-10-31 00:00:00
KeyPers_NewYork_1231320,NewYork_MATERIEL_INFO_202610312,NewYork,2026-10-31 00:00:00
KeyPers_NewYork_1230425,NewYork_MATERIEL_INFO_202610313,NewYork,2026-10-31 00:00:00
KeyPers_NewYork_1232507,NewYork_MATERIEL_INFO_202610314,NewYork,2026-10-31 00:00:00
KeyPers_Paris_1232449,Paris_MATERIEL_INFO_202610310,Paris,2026-10-31 00:00:00
KeyPers_Paris_1230876,Paris_MATERIEL_INFO_202610311,Paris,2026-10-31 00:00:00
KeyPers_Paris_1230010,Paris_MATERIEL_INFO_202610312,Paris,2026-10-31 00:00:00
KeyPers_Paris_1232317,Paris_MATERIEL_INFO_202610313,Paris,2026-10-31 00:00:00
KeyPers_Paris_1234842,Paris_MATERIEL_INFO_202610314,Paris,2026-10-31 00:00:00
KeyPers_Paris_1234476,Paris_MATERIEL_INFO_202610315,Paris,2026-10-31 00:00:00
KeyPers_Paris_1234565,Paris_MATERIEL_INFO_202610316,Paris,2026-10-31 00:00:00
KeyPers_Paris_1231635,Paris_MATERIEL_INFO_202610317,Paris,2026-10-31 00:00:00
KeyPers_Paris_1231691,Paris_MATERIEL_INFO_202610318,Paris,2026-10-31 00:00:00
KeyPers_Paris_1234673,Paris_MATERIEL_INFO_202610319,Paris,2026-10-31 00:00:00
KeyPers_Paris_1234924,Paris_MATERIEL_INFO_2026103110,Paris,2026-10-31 00:00:00
KeyPers_Paris_1230328,Paris_MATERIEL_INFO_2026103111,Paris,2026-10-31 00:00:00
KeyPers_Shanghai_1230826,Shanghai_MATERIEL_INFO_202610310,Shanghai,2026-10-31 00:00:00
KeyPers_Berlin_1230681,BERLIN_MATERIEL_INFO_202611010,Berlin,2026-11-01 00:00:00
KeyPers_Berlin_1231610,BERLIN_MATERIEL_INFO_202611011,Berlin,2026-11-01 00:00:00
KeyPers_Berlin_1234181,BERLIN_MATERIEL_INFO_202611012,Berlin,2026-11-01 00:00:00
KeyPers_London_1231163,LONDON_MATERIEL_INFO_202611010,London,2026-11-01 00:00:00
KeyPers_London_1230799,LONDON_MATERIEL_INFO_202611011,London,2026-11-01 00:00:00
KeyPers_London_1232979,LONDON_MATERIEL_INFO_202611012,London,2026-11-01 00:00:00
KeyPers_London_1232682,LONDON_MATERIEL_INFO_202611013,London,2026-11-01 00:00:00
KeyPers_London_1232376,LONDON_MATERIEL_INFO_202611014,London,2026-11-01 00:00:00
KeyPers_London_1233766,LONDON_MATERIEL_INFO_202611015,London,2026-11-01 00:00:00
KeyPers_London_1231189,LONDON_MATERIEL_INFO_202611016,London,2026-11-01 00:00:00
KeyPers_London_1231424,LONDON_MATERIEL_INFO_202611017,London,2026-11-01 00:00:00
KeyPers_LA_1230469,LA_MATERIEL_INFO_202611010,LA,2026-11-01 00:00:00
KeyPers_LA_1232209,LA_MATERIEL_INFO_202611011,LA,2026-11-01 00:00:00
KeyPers_LA_1231293,LA_MATERIEL_INFO_202611012,LA,2026-11-01 00:00:00
KeyPers_LA_1230422,LA_MATERIEL_INFO_202611013,LA,2026-11-01 00:00:00
KeyPers_LA_1232840,LA_MATERIEL_INFO_202611014,LA,2026-11-01 00:00:00
KeyPers_LA_1230800,LA_MATERIEL_INFO_202611015,LA,2026-11-01 00:00:00
KeyPers_NewYork_1230456,NewYork_MATERIEL_INFO_202611010,NewYork,2026-11-01 00:00:00
KeyPers_Paris_1232585,Paris_MATERIEL_INFO_202611010,Paris,2026-11-01 00:00:00
KeyPers_Paris_1233222,Paris_MATERIEL_INFO_202611011,Paris,2026-11-01 00:00:00
KeyPers_Paris_1233243,Paris_MATERIEL_INFO_202611012,Paris,2026-11-01 00:00:00
KeyPers_Paris_1233183,Paris_MATERIEL_INFO_202611013,Paris,2026-11-01 00:00:00
KeyPers_Paris_1234283,Paris_MATERIEL_INFO_202611014,Paris,2026-11-01 00:00:00
KeyPers_Paris_1234599,Paris_MATERIEL_INFO_202611015,Paris,2026-11-01 00:00:00
KeyPers_Paris_1232426,Paris_MATERIEL_INFO_202611016,Paris,2026-11-01 00:00:00
KeyPers_Paris_1230602,Paris_MATERIEL_INFO_202611017,Paris,2026-11-01 00:00:00
KeyPers_Shanghai_1230671,Shanghai_MATERIEL_INFO_202611010,Shanghai,2026-11-01 00:00:00
KeyPers_Berlin_1234189,BERLIN_MATERIEL_INFO_202611020,Berlin,2026-11-02 00:00:00
KeyPers_Berlin_1232824,BERLIN_MATERIEL_INFO_202611021,Berlin,2026-11-02 00:00:00
KeyPers_Berlin_1233467,BERLIN_MATERIEL_INFO_202611022,Berlin,2026-11-02 00:00:00
KeyPers_Berlin_1233420,BERLIN_MATERIEL_INFO_202611023,Berlin,2026-11-02 00:00:00
KeyPers_Berlin_1231810,BERLIN_MATERIEL_INFO_202611024,Berlin,2026-11-02 00:00:00
KeyPers_London_1233054,LONDON_MATERIEL_INFO_202611020,London,2026-11-02 00:00:00
KeyPers_London_1233899,LONDON_MATERIEL_INFO_202611021,London,2026-11-02 00:00:00
KeyPers_London_1230154,LONDON_MATERIEL_INFO_202611022,London,2026-11-02 00:00:00
KeyPers_London_1230471,LONDON_MATERIEL_INFO_202611023,London,2026-11-02 00:00:00
KeyPers_London_1233019,LONDON_MATERIEL_INFO_202611024,London,2026-11-02 00:00:00
KeyPers_London_1231236,LONDON_MATERIEL_INFO_202611025,London,2026-11-02 00:00:00
KeyPers_London_1230139,LONDON_MATERIEL_INFO_202611026,London,2026-11-02 00:00:00
KeyPers_London_1231233,LONDON_MATERIEL_INFO_202611027,London,2026-11-02 00:00:00
KeyPers_London_1232986,LONDON_MATERIEL_INFO_202611028,London,2026-11-02 00:00:00
KeyPers_London_1231872,LONDON_MATERIEL_INFO_202611029,London,2026-11-02 00:00:00
KeyPers_LA_1232753,LA_MATERIEL_INFO_202611020,LA,2026-11-02 00:00:00
KeyPers_LA_1232345,LA_MATERIEL_INFO_202611021,LA,2026-11-02 00:00:00
KeyPers_LA_1231862,LA_MATERIEL_INFO_202611022,LA,2026-11-02 00:00:00
KeyPers_LA_1231378,LA_MATERIEL_INFO_202611023,LA,2026-11-02 00:00:00
KeyPers_LA_1230923,LA_MATERIEL_INFO_202611024,LA,2026-11-02 00:00:00
KeyPers_LA_1232390,LA_MATERIEL_INFO_202611025,LA,2026-11-02 00:00:00
KeyPers_NewYork_1231138,NewYork_MATERIEL_INFO_202611020,NewYork,2026-11-02 00:00:00
KeyPers_Paris_1231029,Paris_MATERIEL_INFO_202611020,Paris,2026-11-02 00:00:00
KeyPers_Paris_1233734,Paris_MATERIEL_INFO_202611021,Paris,2026-11-02 00:00:00
KeyPers_Paris_1232777,Paris_MATERIEL_INFO_202611022,Paris,2026-11-02 00:00:00
KeyPers_Paris_1234562,Paris_MATERIEL_INFO_202611023,Paris,2026-11-02 00:00:00
KeyPers_Paris_1231731,Paris_MATERIEL_INFO_202611024,Paris,2026-11-02 00:00:00
KeyPers_Shanghai_1230068,Shanghai_MATERIEL_INFO_202611020,Shanghai,2026-11-02 00:00:00
KeyPers_Berlin_1231067,BERLIN_MATERIEL_INFO_202611030,Berlin,2026-11-03 00:00:00
KeyPers_Berlin_1233971,BERLIN_MATERIEL_INFO_202611031,Berlin,2026-11-03 00:00:00
KeyPers_London_1230897,LONDON_MATERIEL_INFO_202611030,London,2026-11-03 00:00:00
KeyPers_London_1233313,LONDON_MATERIEL_INFO_202611031,London,2026-11-03 00:00:00
KeyPers_LA_1231443,LA_MATERIEL_INFO_202611030,LA,2026-11-03 00:00:00
KeyPers_LA_1232231,LA_MATERIEL_INFO_202611031,LA,2026-11-03 00:00:00
KeyPers_LA_1232208,LA_MATERIEL_INFO_202611032,LA,2026-11-03 00:00:00
KeyPers_LA_1232229,LA_MATERIEL_INFO_202611033,LA,2026-11-03 00:00:00
KeyPers_LA_1231134,LA_MATERIEL_INFO_202611034,LA,2026-11-03 00:00:00
KeyPers_LA_1231795,LA_MATERIEL_INFO_202611035,LA,2026-11-03 00:00:00
KeyPers_LA_1231626,LA_MATERIEL_INFO_202611036,LA,2026-11-03 00:00:00
KeyPers_LA_1232356,LA_MATERIEL_INFO_202611037,LA,2026-11-03 00:00:00
KeyPers_NewYork_1230365,NewYork_MATERIEL_INFO_202611030,NewYork,2026-11-03 00:00:00
KeyPers_NewYork_1230847,NewYork_MATERIEL_INFO_202611031,NewYork,2026-11-03 00:00:00
KeyPers_NewYork_1231583,NewYork_MATERIEL_INFO_202611032,NewYork,2026-11-03 00:00:00
KeyPers_NewYork_1232936,NewYork_MATERIEL_INFO_202611033,NewYork,2026-11-03 00:00:00
KeyPers_NewYork_1230206,NewYork_MATERIEL_INFO_202611034,NewYork,2026-11-03 00:00:00
KeyPers_NewYork_1230310,NewYork_MATERIEL_INFO_202611035,NewYork,2026-11-03 00:00:00
KeyPers_NewYork_1232887,NewYork_MATERIEL_INFO_202611036,NewYork,2026-11-03 00:00:00
KeyPers_NewYork_1233028,NewYork_MATERIEL_INFO_202611037,NewYork,2026-11-03 00:00:00
KeyPers_NewYork_1231281,NewYork_MATERIEL_INFO_202611038,NewYork,2026-11-03 00:00:00
KeyPers_NewYork_1230537,NewYork_MATERIEL_INFO_202611039,NewYork,2026-11-03 00:00:00
KeyPers_NewYork_1232808,NewYork_MATERIEL_INFO_2026110310,NewYork,2026-11-03 00:00:00
KeyPers_NewYork_1230778,NewYork_MATERIEL_INFO_2026110311,NewYork,2026-11-03 00:00:00
KeyPers_Paris_1233148,Paris_MATERIEL_INFO_202611030,Paris,2026-11-03 00:00:00
KeyPers_Paris_1230105,Paris_MATERIEL_INFO_202611031,Paris,2026-11-03 00:00:00
KeyPers_Paris_1231526,Paris_MATERIEL_INFO_202611032,Paris,2026-11-03 00:00:00
KeyPers_Paris_1233104,Paris_MATERIEL_INFO_202611033,Paris,2026-11-03 00:00:00
KeyPers_Paris_1233731,Paris_MATERIEL_INFO_202611034,Paris,2026-11-03 00:00:00
KeyPers_Paris_1234566,Paris_MATERIEL_INFO_202611035,Paris,2026-11-03 00:00:00
KeyPers_Paris_1231288,Paris_MATERIEL_INFO_202611036,Paris,2026-11-03 00:00:00
KeyPers_Shanghai_1230179,Shanghai_MATERIEL_INFO_202611030,Shanghai,2026-11-03 00:00:00
KeyPers_Shanghai_1230007,Shanghai_MATERIEL_INFO_202611031,Shanghai,2026-11-03 00:00:00
KeyPers_Berlin_1231308,BERLIN_MATERIEL_INFO_202611040,Berlin,2026-11-04 00:00:00
KeyPers_Berlin_1231460,BERLIN_MATERIEL_INFO_202611041,Berlin,2026-11-04 00:00:00
KeyPers_Berlin_1232731,BERLIN_MATERIEL_INFO_202611042,Berlin,2026-11-04 00:00:00
KeyPers_Berlin_1231051,BERLIN_MATERIEL_INFO_202611043,Berlin,2026-11-04 00:00:00
KeyPers_Berlin_1234196,BERLIN_MATERIEL_INFO_202611044,Berlin,2026-11-04 00:00:00
KeyPers_Berlin_1232057,BERLIN_MATERIEL_INFO_202611045,Berlin,2026-11-04 00:00:00
KeyPers_London_1231626,LONDON_MATERIEL_INFO_202611040,London,2026-11-04 00:00:00
KeyPers_London_1233997,LONDON_MATERIEL_INFO_202611041,London,2026-11-04 00:00:00
KeyPers_London_1232737,LONDON_MATERIEL_INFO_202611042,London,2026-11-04 00:00:00
KeyPers_London_1232216,LONDON_MATERIEL_INFO_202611043,London,2026-11-04 00:00:00
KeyPers_LA_1230942,LA_MATERIEL_INFO_202611040,LA,2026-11-04 00:00:00
KeyPers_LA_1232813,LA_MATERIEL_INFO_202611041,LA,2026-11-04 00:00:00
KeyPers_LA_1232551,LA_MATERIEL_INFO_202611042,LA,2026-11-04 00:00:00
KeyPers_LA_1232956,LA_MATERIEL_INFO_202611043,LA,2026-11-04 00:00:00
KeyPers_LA_1232142,LA_MATERIEL_INFO_202611044,LA,2026-11-04 00:00:00
KeyPers_LA_1230315,LA_MATERIEL_INFO_202611045,LA,2026-11-04 00:00:00
KeyPers_LA_1232734,LA_MATERIEL_INFO_202611046,LA,2026-11-04 00:00:00
KeyPers_LA_1231823,LA_MATERIEL_INFO_202611047,LA,2026-11-04 00:00:00
KeyPers_LA_1230879,LA_MATERIEL_INFO_202611048,LA,2026-11-04 00:00:00
KeyPers_LA_1230569,LA_MATERIEL_INFO_202611049,LA,2026-11-04 00:00:00
KeyPers_LA_1231208,LA_MATERIEL_INFO_2026110410,LA,2026-11-04 00:00:00
KeyPers_LA_1231037,LA_MATERIEL_INFO_2026110411,LA,2026-11-04 00:00:00
KeyPers_NewYork_1232901,NewYork_MATERIEL_INFO_202611040,NewYork,2026-11-04 00:00:00
KeyPers_NewYork_1233022,NewYork_MATERIEL_INFO_202611041,NewYork,2026-11-04 00:00:00
KeyPers_NewYork_1230419,NewYork_MATERIEL_INFO_202611042,NewYork,2026-11-04 00:00:00
KeyPers_NewYork_1230852,NewYork_MATERIEL_INFO_202611043,NewYork,2026-11-04 00:00:00
KeyPers_NewYork_1231689,NewYork_MATERIEL_INFO_202611044,NewYork,2026-11-04 00:00:00
KeyPers_NewYork_1230697,NewYork_MATERIEL_INFO_202611045,NewYork,2026-11-04 00:00:00
KeyPers_NewYork_1233061,NewYork_MATERIEL_INFO_202611046,NewYork,2026-11-04 00:00:00
KeyPers_NewYork_1230271,NewYork_MATERIEL_INFO_202611047,NewYork,2026-11-04 00:00:00
KeyPers_NewYork_1230277,NewYork_MATERIEL_INFO_202611048,NewYork,2026-11-04 00:00:00
KeyPers_NewYork_1231574,NewYork_MATERIEL_INFO_202611049,NewYork,2026-11-04 00:00:00
KeyPers_NewYork_1230890,NewYork_MATERIEL_INFO_2026110410,NewYork,2026-11-04 00:00:00
KeyPers_NewYork_1231305,NewYork_MATERIEL_INFO_2026110411,NewYork,2026-11-04 00:00:00
KeyPers_NewYork_1232355,NewYork_MATERIEL_INFO_2026110412,NewYork,2026-11-04 00:00:00
KeyPers_NewYork_1231607,NewYork_MATERIEL_INFO_2026110413,NewYork,2026-11-04 00:00:00
KeyPers_Paris_1233917,Paris_MATERIEL_INFO_202611040,Paris,2026-11-04 00:00:00
KeyPers_Paris_1230364,Paris_MATERIEL_INFO_202611041,Paris,2026-11-04 00:00:00
KeyPers_Paris_1234403,Paris_MATERIEL_INFO_202611042,Paris,2026-11-04 00:00:00
KeyPers_Paris_1233972,Paris_MATERIEL_INFO_202611043,Paris,2026-11-04 00:00:00
KeyPers_Paris_1231746,Paris_MATERIEL_INFO_202611044,Paris,2026-11-04 00:00:00
KeyPers_Paris_1232524,Paris_MATERIEL_INFO_202611045,Paris,2026-11-04 00:00:00
KeyPers_Paris_1234524,Paris_MATERIEL_INFO_202611046,Paris,2026-11-04 00:00:00
KeyPers_Shanghai_1230090,Shanghai_MATERIEL_INFO_202611040,Shanghai,2026-11-04 00:00:00
KeyPers_Shanghai_1230018,Shanghai_MATERIEL_INFO_202611041,Shanghai,2026-11-04 00:00:00
KeyPers_Shanghai_1230588,Shanghai_MATERIEL_INFO_202611042,Shanghai,2026-11-04 00:00:00
KeyPers_Shanghai_1230739,Shanghai_MATERIEL_INFO_202611043,Shanghai,2026-11-04 00:00:00
KeyPers_Shanghai_1230773,Shanghai_MATERIEL_INFO_202611044,Shanghai,2026-11-04 00:00:00
KeyPers_Shanghai_1230033,Shanghai_MATERIEL_INFO_202611045,Shanghai,2026-11-04 00:00:00
KeyPers_Shanghai_1230783,Shanghai_MATERIEL_INFO_202611046,Shanghai,2026-11-04 00:00:00
KeyPers_Shanghai_1230693,Shanghai_MATERIEL_INFO_202611047,Shanghai,2026-11-04 00:00:00
KeyPers_Shanghai_1230021,Shanghai_MATERIEL_INFO_202611048,Shanghai,2026-11-04 00:00:00
KeyPers_Shanghai_1230565,Shanghai_MATERIEL_INFO_202611049,Shanghai,2026-11-04 00:00:00
KeyPers_Shanghai_1230746,Shanghai_MATERIEL_INFO_2026110410,Shanghai,2026-11-04 00:00:00
KeyPers_Berlin_1233575,BERLIN_MATERIEL_INFO_202611050,Berlin,2026-11-05 00:00:00
KeyPers_Berlin_1231758,BERLIN_MATERIEL_INFO_202611051,Berlin,2026-11-05 00:00:00
KeyPers_Berlin_1230499,BERLIN_MATERIEL_INFO_202611052,Berlin,2026-11-05 00:00:00
KeyPers_Berlin_1233007,BERLIN_MATERIEL_INFO_202611053,Berlin,2026-11-05 00:00:00
KeyPers_Berlin_1233768,BERLIN_MATERIEL_INFO_202611054,Berlin,2026-11-05 00:00:00
KeyPers_London_1231969,LONDON_MATERIEL_INFO_202611050,London,2026-11-05 00:00:00
KeyPers_London_1230037,LONDON_MATERIEL_INFO_202611051,London,2026-11-05 00:00:00
KeyPers_London_1231121,LONDON_MATERIEL_INFO_202611052,London,2026-11-05 00:00:00
KeyPers_London_1234025,LONDON_MATERIEL_INFO_202611053,London,2026-11-05 00:00:00
KeyPers_London_1233797,LONDON_MATERIEL_INFO_202611054,London,2026-11-05 00:00:00
KeyPers_London_1233870,LONDON_MATERIEL_INFO_202611055,London,2026-11-05 00:00:00
KeyPers_London_1233174,LONDON_MATERIEL_INFO_202611056,London,2026-11-05 00:00:00
KeyPers_London_1232020,LONDON_MATERIEL_INFO_202611057,London,2026-11-05 00:00:00
KeyPers_London_1232406,LONDON_MATERIEL_INFO_202611058,London,2026-11-05 00:00:00
KeyPers_LA_1232219,LA_MATERIEL_INFO_202611050,LA,2026-11-05 00:00:00
KeyPers_LA_1231902,LA_MATERIEL_INFO_202611051,LA,2026-11-05 00:00:00
KeyPers_LA_1230570,LA_MATERIEL_INFO_202611052,LA,2026-11-05 00:00:00
KeyPers_LA_1231371,LA_MATERIEL_INFO_202611053,LA,2026-11-05 00:00:00
KeyPers_LA_1230601,LA_MATERIEL_INFO_202611054,LA,2026-11-05 00:00:00
KeyPers_LA_1230663,LA_MATERIEL_INFO_202611055,LA,2026-11-05 00:00:00
KeyPers_LA_1233017,LA_MATERIEL_INFO_202611056,LA,2026-11-05 00:00:00
KeyPers_LA_1232304,LA_MATERIEL_INFO_202611057,LA,2026-11-05 00:00:00
KeyPers_LA_1231102,LA_MATERIEL_INFO_202611058,LA,2026-11-05 00:00:00
KeyPers_LA_1231222,LA_MATERIEL_INFO_202611059,LA,2026-11-05 00:00:00
KeyPers_LA_1232282,LA_MATERIEL_INFO_2026110510,LA,2026-11-05 00:00:00
KeyPers_LA_1232230,LA_MATERIEL_INFO_2026110511,LA,2026-11-05 00:00:00
KeyPers_LA_1231188,LA_MATERIEL_INFO_2026110512,LA,2026-11-05 00:00:00
KeyPers_NewYork_1231094,NewYork_MATERIEL_INFO_202611050,NewYork,2026-11-05 00:00:00
KeyPers_NewYork_1231631,NewYork_MATERIEL_INFO_202611051,NewYork,2026-11-05 00:00:00
KeyPers_NewYork_1230069,NewYork_MATERIEL_INFO_202611052,NewYork,2026-11-05 00:00:00
KeyPers_Paris_1232467,Paris_MATERIEL_INFO_202611050,Paris,2026-11-05 00:00:00
KeyPers_Paris_1234960,Paris_MATERIEL_INFO_202611051,Paris,2026-11-05 00:00:00
KeyPers_Paris_1230624,Paris_MATERIEL_INFO_202611052,Paris,2026-11-05 00:00:00
KeyPers_Paris_1232447,Paris_MATERIEL_INFO_202611053,Paris,2026-11-05 00:00:00
KeyPers_Paris_1230333,Paris_MATERIEL_INFO_202611054,Paris,2026-11-05 00:00:00
KeyPers_Paris_1231229,Paris_MATERIEL_INFO_202611055,Paris,2026-11-05 00:00:00
KeyPers_Paris_1232582,Paris_MATERIEL_INFO_202611056,Paris,2026-11-05 00:00:00
KeyPers_Paris_1234232,Paris_MATERIEL_INFO_202611057,Paris,2026-11-05 00:00:00
KeyPers_Paris_1231038,Paris_MATERIEL_INFO_202611058,Paris,2026-11-05 00:00:00
KeyPers_Paris_1234963,Paris_MATERIEL_INFO_202611059,Paris,2026-11-05 00:00:00
KeyPers_Paris_1232018,Paris_MATERIEL_INFO_2026110510,Paris,2026-11-05 00:00:00
KeyPers_Paris_1231316,Paris_MATERIEL_INFO_2026110511,Paris,2026-11-05 00:00:00
KeyPers_Paris_1234579,Paris_MATERIEL_INFO_2026110512,Paris,2026-11-05 00:00:00
KeyPers_Paris_1230113,Paris_MATERIEL_INFO_2026110513,Paris,2026-11-05 00:00:00
KeyPers_Shanghai_1230250,Shanghai_MATERIEL_INFO_202611050,Shanghai,2026-11-05 00:00:00
KeyPers_Shanghai_1230611,Shanghai_MATERIEL_INFO_202611051,Shanghai,2026-11-05 00:00:00
KeyPers_Shanghai_1230879,Shanghai_MATERIEL_INFO_202611052,Shanghai,2026-11-05 00:00:00
KeyPers_Shanghai_1230937,Shanghai_MATERIEL_INFO_202611053,Shanghai,2026-11-05 00:00:00
KeyPers_Shanghai_1230318,Shanghai_MATERIEL_INFO_202611054,Shanghai,2026-11-05 00:00:00
KeyPers_Shanghai_1230327,Shanghai_MATERIEL_INFO_202611055,Shanghai,2026-11-05 00:00:00
KeyPers_Shanghai_1230371,Shanghai_MATERIEL_INFO_202611056,Shanghai,2026-11-05 00:00:00
KeyPers_Shanghai_1230374,Shanghai_MATERIEL_INFO_202611057,Shanghai,2026-11-05 00:00:00
KeyPers_Shanghai_1230110,Shanghai_MATERIEL_INFO_202611058,Shanghai,2026-11-05 00:00:00
KeyPers_Berlin_1230251,BERLIN_MATERIEL_INFO_202611060,Berlin,2026-11-06 00:00:00
KeyPers_Berlin_1233395,BERLIN_MATERIEL_INFO_202611061,Berlin,2026-11-06 00:00:00
KeyPers_Berlin_1232597,BERLIN_MATERIEL_INFO_202611062,Berlin,2026-11-06 00:00:00
KeyPers_Berlin_1234083,BERLIN_MATERIEL_INFO_202611063,Berlin,2026-11-06 00:00:00
KeyPers_Berlin_1230689,BERLIN_MATERIEL_INFO_202611064,Berlin,2026-11-06 00:00:00
KeyPers_Berlin_1233194,BERLIN_MATERIEL_INFO_202611065,Berlin,2026-11-06 00:00:00
KeyPers_London_1232283,LONDON_MATERIEL_INFO_202611060,London,2026-11-06 00:00:00
KeyPers_London_1231227,LONDON_MATERIEL_INFO_202611061,London,2026-11-06 00:00:00
KeyPers_London_1233968,LONDON_MATERIEL_INFO_202611062,London,2026-11-06 00:00:00
KeyPers_London_1231890,LONDON_MATERIEL_INFO_202611063,London,2026-11-06 00:00:00
KeyPers_London_1230957,LONDON_MATERIEL_INFO_202611064,London,2026-11-06 00:00:00
KeyPers_London_1233660,LONDON_MATERIEL_INFO_202611065,London,2026-11-06 00:00:00
KeyPers_London_1231410,LONDON_MATERIEL_INFO_202611066,London,2026-11-06 00:00:00
KeyPers_LA_1231789,LA_MATERIEL_INFO_202611060,LA,2026-11-06 00:00:00
KeyPers_LA_1230869,LA_MATERIEL_INFO_202611061,LA,2026-11-06 00:00:00
KeyPers_LA_1230299,LA_MATERIEL_INFO_202611062,LA,2026-11-06 00:00:00
KeyPers_LA_1230885,LA_MATERIEL_INFO_202611063,LA,2026-11-06 00:00:00
KeyPers_LA_1230481,LA_MATERIEL_INFO_202611064,LA,2026-11-06 00:00:00
KeyPers_LA_1231571,LA_MATERIEL_INFO_202611065,LA,2026-11-06 00:00:00
KeyPers_LA_1231788,LA_MATERIEL_INFO_202611066,LA,2026-11-06 00:00:00
KeyPers_NewYork_1231445,NewYork_MATERIEL_INFO_202611060,NewYork,2026-11-06 00:00:00
KeyPers_NewYork_1231650,NewYork_MATERIEL_INFO_202611061,NewYork,2026-11-06 00:00:00
KeyPers_NewYork_1232634,NewYork_MATERIEL_INFO_202611062,NewYork,2026-11-06 00:00:00
KeyPers_NewYork_1232567,NewYork_MATERIEL_INFO_202611063,NewYork,2026-11-06 00:00:00
KeyPers_NewYork_1231678,NewYork_MATERIEL_INFO_202611064,NewYork,2026-11-06 00:00:00
KeyPers_NewYork_1230757,NewYork_MATERIEL_INFO_202611065,NewYork,2026-11-06 00:00:00
KeyPers_NewYork_1231873,NewYork_MATERIEL_INFO_202611066,NewYork,2026-11-06 00:00:00
KeyPers_NewYork_1231391,NewYork_MATERIEL_INFO_202611067,NewYork,2026-11-06 00:00:00
KeyPers_NewYork_1230492,NewYork_MATERIEL_INFO_202611068,NewYork,2026-11-06 00:00:00
KeyPers_Paris_1233752,Paris_MATERIEL_INFO_202611060,Paris,2026-11-06 00:00:00
KeyPers_Paris_1231277,Paris_MATERIEL_INFO_202611061,Paris,2026-11-06 00:00:00
KeyPers_Shanghai_1230741,Shanghai_MATERIEL_INFO_202611060,Shanghai,2026-11-06 00:00:00
KeyPers_Shanghai_1230209,Shanghai_MATERIEL_INFO_202611061,Shanghai,2026-11-06 00:00:00
KeyPers_Shanghai_1230255,Shanghai_MATERIEL_INFO_202611062,Shanghai,2026-11-06 00:00:00
KeyPers_Shanghai_1230002,Shanghai_MATERIEL_INFO_202611063,Shanghai,2026-11-06 00:00:00
KeyPers_Shanghai_1230310,Shanghai_MATERIEL_INFO_202611064,Shanghai,2026-11-06 00:00:00
KeyPers_Shanghai_1230077,Shanghai_MATERIEL_INFO_202611065,Shanghai,2026-11-06 00:00:00
KeyPers_Shanghai_1230948,Shanghai_MATERIEL_INFO_202611066,Shanghai,2026-11-06 00:00:00
KeyPers_Shanghai_1230772,Shanghai_MATERIEL_INFO_202611067,Shanghai,2026-11-06 00:00:00
KeyPers_Shanghai_1230258,Shanghai_MATERIEL_INFO_202611068,Shanghai,2026-11-06 00:00:00
KeyPers_Shanghai_1230264,Shanghai_MATERIEL_INFO_202611069,Shanghai,2026-11-06 00:00:00
KeyPers_Shanghai_1230102,Shanghai_MATERIEL_INFO_2026110610,Shanghai,2026-11-06 00:00:00
KeyPers_Shanghai_1230215,Shanghai_MATERIEL_INFO_2026110611,Shanghai,2026-11-06 00:00:00
KeyPers_Shanghai_1230636,Shanghai_MATERIEL_INFO_2026110612,Shanghai,2026-11-06 00:00:00
KeyPers_Berlin_1230534,BERLIN_MATERIEL_INFO_202611070,Berlin,2026-11-07 00:00:00
KeyPers_Berlin_1232487,BERLIN_MATERIEL_INFO_202611071,Berlin,2026-11-07 00:00:00
KeyPers_Berlin_1233714,BERLIN_MATERIEL_INFO_202611072,Berlin,2026-11-07 00:00:00
KeyPers_London_1230649,LONDON_MATERIEL_INFO_202611070,London,2026-11-07 00:00:00
KeyPers_London_1233568,LONDON_MATERIEL_INFO_202611071,London,2026-11-07 00:00:00
KeyPers_London_1230665,LONDON_MATERIEL_INFO_202611072,London,2026-11-07 00:00:00
KeyPers_London_1230019,LONDON_MATERIEL_INFO_202611073,London,2026-11-07 00:00:00
KeyPers_London_1231641,LONDON_MATERIEL_INFO_202611074,London,2026-11-07 00:00:00
KeyPers_London_1232766,LONDON_MATERIEL_INFO_202611075,London,2026-11-07 00:00:00
KeyPers_London_1231670,LONDON_MATERIEL_INFO_202611076,London,2026-11-07 00:00:00
KeyPers_London_1233650,LONDON_MATERIEL_INFO_202611077,London,2026-11-07 00:00:00
KeyPers_London_1232842,LONDON_MATERIEL_INFO_202611078,London,2026-11-07 00:00:00
KeyPers_London_1230116,LONDON_MATERIEL_INFO_202611079,London,2026-11-07 00:00:00
KeyPers_London_1230818,LONDON_MATERIEL_INFO_2026110710,London,2026-11-07 00:00:00
KeyPers_London_1233890,LONDON_MATERIEL_INFO_2026110711,London,2026-11-07 00:00:00
KeyPers_LA_1232492,LA_MATERIEL_INFO_202611070,LA,2026-11-07 00:00:00
KeyPers_LA_1230941,LA_MATERIEL_INFO_202611071,LA,2026-11-07 00:00:00
KeyPers_LA_1230023,LA_MATERIEL_INFO_202611072,LA,2026-11-07 00:00:00
KeyPers_LA_1230471,LA_MATERIEL_INFO_202611073,LA,2026-11-07 00:00:00
KeyPers_LA_1232591,LA_MATERIEL_INFO_202611074,LA,2026-11-07 00:00:00
KeyPers_LA_1230647,LA_MATERIEL_INFO_202611075,LA,2026-11-07 00:00:00
KeyPers_LA_1233016,LA_MATERIEL_INFO_202611076,LA,2026-11-07 00:00:00
KeyPers_LA_1230163,LA_MATERIEL_INFO_202611077,LA,2026-11-07 00:00:00
KeyPers_LA_1231335,LA_MATERIEL_INFO_202611078,LA,2026-11-07 00:00:00
KeyPers_NewYork_1230443,NewYork_MATERIEL_INFO_202611070,NewYork,2026-11-07 00:00:00
KeyPers_NewYork_1233082,NewYork_MATERIEL_INFO_202611071,NewYork,2026-11-07 00:00:00
KeyPers_NewYork_1231082,NewYork_MATERIEL_INFO_202611072,NewYork,2026-11-07 00:00:00
KeyPers_NewYork_1232780,NewYork_MATERIEL_INFO_202611073,NewYork,2026-11-07 00:00:00
KeyPers_NewYork_1231606,NewYork_MATERIEL_INFO_202611074,NewYork,2026-11-07 00:00:00
KeyPers_NewYork_1231907,NewYork_MATERIEL_INFO_202611075,NewYork,2026-11-07 00:00:00
KeyPers_NewYork_1231783,NewYork_MATERIEL_INFO_202611076,NewYork,2026-11-07 00:00:00
KeyPers_NewYork_1231137,NewYork_MATERIEL_INFO_202611077,NewYork,2026-11-07 00:00:00
KeyPers_Paris_1231882,Paris_MATERIEL_INFO_202611070,Paris,2026-11-07 00:00:00
KeyPers_Paris_1233109,Paris_MATERIEL_INFO_202611071,Paris,2026-11-07 00:00:00
KeyPers_Paris_1234646,Paris_MATERIEL_INFO_202611072,Paris,2026-11-07 00:00:00
KeyPers_Paris_1231597,Paris_MATERIEL_INFO_202611073,Paris,2026-11-07 00:00:00
KeyPers_Paris_1232295,Paris_MATERIEL_INFO_202611074,Paris,2026-11-07 00:00:00
KeyPers_Paris_1234406,Paris_MATERIEL_INFO_202611075,Paris,2026-11-07 00:00:00
KeyPers_Paris_1230963,Paris_MATERIEL_INFO_202611076,Paris,2026-11-07 00:00:00
KeyPers_Paris_1230570,Paris_MATERIEL_INFO_202611077,Paris,2026-11-07 00:00:00
KeyPers_Shanghai_1230210,Shanghai_MATERIEL_INFO_202611070,Shanghai,2026-11-07 00:00:00
KeyPers_Shanghai_1230752,Shanghai_MATERIEL_INFO_202611071,Shanghai,2026-11-07 00:00:00
KeyPers_Shanghai_1230764,Shanghai_MATERIEL_INFO_202611072,Shanghai,2026-11-07 00:00:00
KeyPers_Shanghai_1230469,Shanghai_MATERIEL_INFO_202611073,Shanghai,2026-11-07 00:00:00
KeyPers_Shanghai_1230539,Shanghai_MATERIEL_INFO_202611074,Shanghai,2026-11-07 00:00:00
KeyPers_Shanghai_1230631,Shanghai_MATERIEL_INFO_202611075,Shanghai,2026-11-07 00:00:00
KeyPers_Berlin_1231275,BERLIN_MATERIEL_INFO_202611080,Berlin,2026-11-08 00:00:00
KeyPers_Berlin_1233952,BERLIN_MATERIEL_INFO_202611081,Berlin,2026-11-08 00:00:00
KeyPers_Berlin_1233244,BERLIN_MATERIEL_INFO_202611082,Berlin,2026-11-08 00:00:00
KeyPers_Berlin_1230169,BERLIN_MATERIEL_INFO_202611083,Berlin,2026-11-08 00:00:00
KeyPers_Berlin_1233592,BERLIN_MATERIEL_INFO_202611084,Berlin,2026-11-08 00:00:00
KeyPers_London_1234082,LONDON_MATERIEL_INFO_202611080,London,2026-11-08 00:00:00
KeyPers_LA_1230607,LA_MATERIEL_INFO_202611080,LA,2026-11-08 00:00:00
KeyPers_NewYork_1233023,NewYork_MATERIEL_INFO_202611080,NewYork,2026-11-08 00:00:00
KeyPers_NewYork_1232631,NewYork_MATERIEL_INFO_202611081,NewYork,2026-11-08 00:00:00
KeyPers_NewYork_1231660,NewYork_MATERIEL_INFO_202611082,NewYork,2026-11-08 00:00:00
KeyPers_NewYork_1230805,NewYork_MATERIEL_INFO_202611083,NewYork,2026-11-08 00:00:00
KeyPers_NewYork_1231198,NewYork_MATERIEL_INFO_202611084,NewYork,2026-11-08 00:00:00
KeyPers_NewYork_1230572,NewYork_MATERIEL_INFO_202611085,NewYork,2026-11-08 00:00:00
KeyPers_NewYork_1232382,NewYork_MATERIEL_INFO_202611086,NewYork,2026-11-08 00:00:00
KeyPers_NewYork_1230967,NewYork_MATERIEL_INFO_202611087,NewYork,2026-11-08 00:00:00
KeyPers_NewYork_1231693,NewYork_MATERIEL_INFO_202611088,NewYork,2026-11-08 00:00:00
KeyPers_NewYork_1230748,NewYork_MATERIEL_INFO_202611089,NewYork,2026-11-08 00:00:00
KeyPers_NewYork_1231264,NewYork_MATERIEL_INFO_2026110810,NewYork,2026-11-08 00:00:00
KeyPers_NewYork_1230133,NewYork_MATERIEL_INFO_2026110811,NewYork,2026-11-08 00:00:00
KeyPers_NewYork_1232269,NewYork_MATERIEL_INFO_2026110812,NewYork,2026-11-08 00:00:00
KeyPers_NewYork_1230130,NewYork_MATERIEL_INFO_2026110813,NewYork,2026-11-08 00:00:00
KeyPers_Paris_1233035,Paris_MATERIEL_INFO_202611080,Paris,2026-11-08 00:00:00
KeyPers_Paris_1234420,Paris_MATERIEL_INFO_202611081,Paris,2026-11-08 00:00:00
KeyPers_Paris_1230955,Paris_MATERIEL_INFO_202611082,Paris,2026-11-08 00:00:00
KeyPers_Paris_1230141,Paris_MATERIEL_INFO_202611083,Paris,2026-11-08 00:00:00
KeyPers_Paris_1232280,Paris_MATERIEL_INFO_202611084,Paris,2026-11-08 00:00:00
KeyPers_Paris_1232777,Paris_MATERIEL_INFO_202611085,Paris,2026-11-08 00:00:00
KeyPers_Paris_1231695,Paris_MATERIEL_INFO_202611086,Paris,2026-11-08 00:00:00
KeyPers_Shanghai_1230913,Shanghai_MATERIEL_INFO_202611080,Shanghai,2026-11-08 00:00:00
KeyPers_Shanghai_1230999,Shanghai_MATERIEL_INFO_202611081,Shanghai,2026-11-08 00:00:00
KeyPers_Shanghai_1230836,Shanghai_MATERIEL_INFO_202611082,Shanghai,2026-11-08 00:00:00
KeyPers_Shanghai_1230512,Shanghai_MATERIEL_INFO_202611083,Shanghai,2026-11-08 00:00:00
KeyPers_Shanghai_1230874,Shanghai_MATERIEL_INFO_202611084,Shanghai,2026-11-08 00:00:00
KeyPers_Shanghai_1230424,Shanghai_MATERIEL_INFO_202611085,Shanghai,2026-11-08 00:00:00
KeyPers_Shanghai_1230833,Shanghai_MATERIEL_INFO_202611086,Shanghai,2026-11-08 00:00:00
KeyPers_Shanghai_1230552,Shanghai_MATERIEL_INFO_202611087,Shanghai,2026-11-08 00:00:00
KeyPers_Berlin_1232090,BERLIN_MATERIEL_INFO_202611090,Berlin,2026-11-09 00:00:00
KeyPers_Berlin_1233882,BERLIN_MATERIEL_INFO_202611091,Berlin,2026-11-09 00:00:00
KeyPers_Berlin_1232047,BERLIN_MATERIEL_INFO_202611092,Berlin,2026-11-09 00:00:00
KeyPers_London_1234096,LONDON_MATERIEL_INFO_202611090,London,2026-11-09 00:00:00
KeyPers_London_1231663,LONDON_MATERIEL_INFO_202611091,London,2026-11-09 00:00:00
KeyPers_London_1230424,LONDON_MATERIEL_INFO_202611092,London,2026-11-09 00:00:00
KeyPers_London_1230278,LONDON_MATERIEL_INFO_202611093,London,2026-11-09 00:00:00
KeyPers_London_1231795,LONDON_MATERIEL_INFO_202611094,London,2026-11-09 00:00:00
KeyPers_London_1232571,LONDON_MATERIEL_INFO_202611095,London,2026-11-09 00:00:00
KeyPers_London_1230617,LONDON_MATERIEL_INFO_202611096,London,2026-11-09 00:00:00
KeyPers_LA_1232743,LA_MATERIEL_INFO_202611090,LA,2026-11-09 00:00:00
KeyPers_LA_1232762,LA_MATERIEL_INFO_202611091,LA,2026-11-09 00:00:00
KeyPers_LA_1231834,LA_MATERIEL_INFO_202611092,LA,2026-11-09 00:00:00
KeyPers_LA_1231060,LA_MATERIEL_INFO_202611093,LA,2026-11-09 00:00:00
KeyPers_LA_1230039,LA_MATERIEL_INFO_202611094,LA,2026-11-09 00:00:00
KeyPers_LA_1230894,LA_MATERIEL_INFO_202611095,LA,2026-11-09 00:00:00
KeyPers_LA_1232858,LA_MATERIEL_INFO_202611096,LA,2026-11-09 00:00:00
KeyPers_LA_1230428,LA_MATERIEL_INFO_202611097,LA,2026-11-09 00:00:00
KeyPers_NewYork_1231889,NewYork_MATERIEL_INFO_202611090,NewYork,2026-11-09 00:00:00
KeyPers_NewYork_1232293,NewYork_MATERIEL_INFO_202611091,NewYork,2026-11-09 00:00:00
KeyPers_NewYork_1232061,NewYork_MATERIEL_INFO_202611092,NewYork,2026-11-09 00:00:00
KeyPers_NewYork_1230105,NewYork_MATERIEL_INFO_202611093,NewYork,2026-11-09 00:00:00
KeyPers_NewYork_1232636,NewYork_MATERIEL_INFO_202611094,NewYork,2026-11-09 00:00:00
KeyPers_NewYork_1230647,NewYork_MATERIEL_INFO_202611095,NewYork,2026-11-09 00:00:00
KeyPers_Paris_1230925,Paris_MATERIEL_INFO_202611090,Paris,2026-11-09 00:00:00
KeyPers_Paris_1231488,Paris_MATERIEL_INFO_202611091,Paris,2026-11-09 00:00:00
KeyPers_Paris_1233471,Paris_MATERIEL_INFO_202611092,Paris,2026-11-09 00:00:00
KeyPers_Paris_1230083,Paris_MATERIEL_INFO_202611093,Paris,2026-11-09 00:00:00
KeyPers_Paris_1233215,Paris_MATERIEL_INFO_202611094,Paris,2026-11-09 00:00:00
KeyPers_Paris_1233857,Paris_MATERIEL_INFO_202611095,Paris,2026-11-09 00:00:00
KeyPers_Paris_1233238,Paris_MATERIEL_INFO_202611096,Paris,2026-11-09 00:00:00
KeyPers_Paris_1232848,Paris_MATERIEL_INFO_202611097,Paris,2026-11-09 00:00:00
KeyPers_Paris_1230650,Paris_MATERIEL_INFO_202611098,Paris,2026-11-09 00:00:00
KeyPers_Paris_1230208,Paris_MATERIEL_INFO_202611099,Paris,2026-11-09 00:00:00
KeyPers_Paris_1234803,Paris_MATERIEL_INFO_2026110910,Paris,2026-11-09 00:00:00
KeyPers_Paris_1233199,Paris_MATERIEL_INFO_2026110911,Paris,2026-11-09 00:00:00
KeyPers_Paris_1230248,Paris_MATERIEL_INFO_2026110912,Paris,2026-11-09 00:00:00
KeyPers_Shanghai_1230034,Shanghai_MATERIEL_INFO_202611090,Shanghai,2026-11-09 00:00:00
KeyPers_Shanghai_1230130,Shanghai_MATERIEL_INFO_202611091,Shanghai,2026-11-09 00:00:00
KeyPers_Shanghai_1230272,Shanghai_MATERIEL_INFO_202611092,Shanghai,2026-11-09 00:00:00
KeyPers_Shanghai_1230080,Shanghai_MATERIEL_INFO_202611093,Shanghai,2026-11-09 00:00:00
KeyPers_Shanghai_1230082,Shanghai_MATERIEL_INFO_202611094,Shanghai,2026-11-09 00:00:00
KeyPers_Shanghai_1230492,Shanghai_MATERIEL_INFO_202611095,Shanghai,2026-11-09 00:00:00
KeyPers_Shanghai_1230165,Shanghai_MATERIEL_INFO_202611096,Shanghai,2026-11-09 00:00:00
KeyPers_Berlin_1231532,BERLIN_MATERIEL_INFO_202611100,Berlin,2026-11-10 00:00:00
KeyPers_Berlin_1232967,BERLIN_MATERIEL_INFO_202611101,Berlin,2026-11-10 00:00:00
KeyPers_Berlin_1230313,BERLIN_MATERIEL_INFO_202611102,Berlin,2026-11-10 00:00:00
KeyPers_London_1231008,LONDON_MATERIEL_INFO_202611100,London,2026-11-10 00:00:00
KeyPers_London_1233525,LONDON_MATERIEL_INFO_202611101,London,2026-11-10 00:00:00
KeyPers_London_1231892,LONDON_MATERIEL_INFO_202611102,London,2026-11-10 00:00:00
KeyPers_London_1233706,LONDON_MATERIEL_INFO_202611103,London,2026-11-10 00:00:00
KeyPers_London_1233339,LONDON_MATERIEL_INFO_202611104,London,2026-11-10 00:00:00
KeyPers_London_1233557,LONDON_MATERIEL_INFO_202611105,London,2026-11-10 00:00:00
KeyPers_London_1230829,LONDON_MATERIEL_INFO_202611106,London,2026-11-10 00:00:00
KeyPers_London_1234105,LONDON_MATERIEL_INFO_202611107,London,2026-11-10 00:00:00
KeyPers_London_1232661,LONDON_MATERIEL_INFO_202611108,London,2026-11-10 00:00:00
KeyPers_London_1233375,LONDON_MATERIEL_INFO_202611109,London,2026-11-10 00:00:00
KeyPers_London_1231252,LONDON_MATERIEL_INFO_2026111010,London,2026-11-10 00:00:00
KeyPers_London_1231804,LONDON_MATERIEL_INFO_2026111011,London,2026-11-10 00:00:00
KeyPers_London_1230509,LONDON_MATERIEL_INFO_2026111012,London,2026-11-10 00:00:00
KeyPers_London_1233223,LONDON_MATERIEL_INFO_2026111013,London,2026-11-10 00:00:00
KeyPers_LA_1232891,LA_MATERIEL_INFO_202611100,LA,2026-11-10 00:00:00
KeyPers_NewYork_1231761,NewYork_MATERIEL_INFO_202611100,NewYork,2026-11-10 00:00:00
KeyPers_NewYork_1230586,NewYork_MATERIEL_INFO_202611101,NewYork,2026-11-10 00:00:00
KeyPers_NewYork_1230869,NewYork_MATERIEL_INFO_202611102,NewYork,2026-11-10 00:00:00
KeyPers_NewYork_1230329,NewYork_MATERIEL_INFO_202611103,NewYork,2026-11-10 00:00:00
KeyPers_NewYork_1231485,NewYork_MATERIEL_INFO_202611104,NewYork,2026-11-10 00:00:00
KeyPers_NewYork_1232246,NewYork_MATERIEL_INFO_202611105,NewYork,2026-11-10 00:00:00
KeyPers_NewYork_1231767,NewYork_MATERIEL_INFO_202611106,NewYork,2026-11-10 00:00:00
KeyPers_NewYork_1232154,NewYork_MATERIEL_INFO_202611107,NewYork,2026-11-10 00:00:00
KeyPers_NewYork_1231636,NewYork_MATERIEL_INFO_202611108,NewYork,2026-11-10 00:00:00
KeyPers_NewYork_1230431,NewYork_MATERIEL_INFO_202611109,NewYork,2026-11-10 00:00:00
KeyPers_NewYork_1232545,NewYork_MATERIEL_INFO_2026111010,NewYork,2026-11-10 00:00:00
KeyPers_NewYork_1232966,NewYork_MATERIEL_INFO_2026111011,NewYork,2026-11-10 00:00:00
KeyPers_Paris_1234127,Paris_MATERIEL_INFO_202611100,Paris,2026-11-10 00:00:00
KeyPers_Paris_1231222,Paris_MATERIEL_INFO_202611101,Paris,2026-11-10 00:00:00
KeyPers_Paris_1231363,Paris_MATERIEL_INFO_202611102,Paris,2026-11-10 00:00:00
KeyPers_Paris_1233133,Paris_MATERIEL_INFO_202611103,Paris,2026-11-10 00:00:00
KeyPers_Paris_1230662,Paris_MATERIEL_INFO_202611104,Paris,2026-11-10 00:00:00
KeyPers_Paris_1234100,Paris_MATERIEL_INFO_202611105,Paris,2026-11-10 00:00:00
KeyPers_Paris_1234451,Paris_MATERIEL_INFO_202611106,Paris,2026-11-10 00:00:00
KeyPers_Paris_1231080,Paris_MATERIEL_INFO_202611107,Paris,2026-11-10 00:00:00
KeyPers_Paris_1230826,Paris_MATERIEL_INFO_202611108,Paris,2026-11-10 00:00:00
KeyPers_Paris_1234434,Paris_MATERIEL_INFO_202611109,Paris,2026-11-10 00:00:00
KeyPers_Paris_1231411,Paris_MATERIEL_INFO_2026111010,Paris,2026-11-10 00:00:00
KeyPers_Shanghai_1230128,Shanghai_MATERIEL_INFO_202611100,Shanghai,2026-11-10 00:00:00
KeyPers_Shanghai_1230947,Shanghai_MATERIEL_INFO_202611101,Shanghai,2026-11-10 00:00:00
KeyPers_Shanghai_1230789,Shanghai_MATERIEL_INFO_202611102,Shanghai,2026-11-10 00:00:00
KeyPers_Shanghai_1230011,Shanghai_MATERIEL_INFO_202611103,Shanghai,2026-11-10 00:00:00
KeyPers_Shanghai_1230077,Shanghai_MATERIEL_INFO_202611104,Shanghai,2026-11-10 00:00:00
KeyPers_Shanghai_1230542,Shanghai_MATERIEL_INFO_202611105,Shanghai,2026-11-10 00:00:00
KeyPers_Shanghai_1230127,Shanghai_MATERIEL_INFO_202611106,Shanghai,2026-11-10 00:00:00
KeyPers_Shanghai_1230263,Shanghai_MATERIEL_INFO_202611107,Shanghai,2026-11-10 00:00:00
KeyPers_Shanghai_1230392,Shanghai_MATERIEL_INFO_202611108,Shanghai,2026-11-10 00:00:00
KeyPers_Shanghai_1230925,Shanghai_MATERIEL_INFO_202611109,Shanghai,2026-11-10 00:00:00
KeyPers_Berlin_1231565,BERLIN_MATERIEL_INFO_202611110,Berlin,2026-11-11 00:00:00
KeyPers_Berlin_1230714,BERLIN_MATERIEL_INFO_202611111,Berlin,2026-11-11 00:00:00
KeyPers_Berlin_1233233,BERLIN_MATERIEL_INFO_202611112,Berlin,2026-11-11 00:00:00
KeyPers_Berlin_1230134,BERLIN_MATERIEL_INFO_202611113,Berlin,2026-11-11 00:00:00
KeyPers_London_1230354,LONDON_MATERIEL_INFO_202611110,London,2026-11-11 00:00:00
KeyPers_London_1231804,LONDON_MATERIEL_INFO_202611111,London,2026-11-11 00:00:00
KeyPers_London_1233408,LONDON_MATERIEL_INFO_202611112,London,2026-11-11 00:00:00
KeyPers_London_1230845,LONDON_MATERIEL_INFO_202611113,London,2026-11-11 00:00:00
KeyPers_London_1231713,LONDON_MATERIEL_INFO_202611114,London,2026-11-11 00:00:00
KeyPers_London_1231009,LONDON_MATERIEL_INFO_202611115,London,2026-11-11 00:00:00
KeyPers_London_1233201,LONDON_MATERIEL_INFO_202611116,London,2026-11-11 00:00:00
KeyPers_London_1230206,LONDON_MATERIEL_INFO_202611117,London,2026-11-11 00:00:00
KeyPers_London_1233992,LONDON_MATERIEL_INFO_202611118,London,2026-11-11 00:00:00
KeyPers_London_1233131,LONDON_MATERIEL_INFO_202611119,London,2026-11-11 00:00:00
KeyPers_London_1232131,LONDON_MATERIEL_INFO_2026111110,London,2026-11-11 00:00:00
KeyPers_London_1231733,LONDON_MATERIEL_INFO_2026111111,London,2026-11-11 00:00:00
KeyPers_London_1230442,LONDON_MATERIEL_INFO_2026111112,London,2026-11-11 00:00:00
KeyPers_London_1231743,LONDON_MATERIEL_INFO_2026111113,London,2026-11-11 00:00:00
KeyPers_LA_1231512,LA_MATERIEL_INFO_202611110,LA,2026-11-11 00:00:00
KeyPers_LA_1230487,LA_MATERIEL_INFO_202611111,LA,2026-11-11 00:00:00
KeyPers_LA_1232557,LA_MATERIEL_INFO_202611112,LA,2026-11-11 00:00:00
KeyPers_LA_1231845,LA_MATERIEL_INFO_202611113,LA,2026-11-11 00:00:00
KeyPers_LA_1232310,LA_MATERIEL_INFO_202611114,LA,2026-11-11 00:00:00
KeyPers_LA_1230250,LA_MATERIEL_INFO_202611115,LA,2026-11-11 00:00:00
KeyPers_LA_1231588,LA_MATERIEL_INFO_202611116,LA,2026-11-11 00:00:00
KeyPers_LA_1231961,LA_MATERIEL_INFO_202611117,LA,2026-11-11 00:00:00
KeyPers_LA_1230313,LA_MATERIEL_INFO_202611118,LA,2026-11-11 00:00:00
KeyPers_LA_1231191,LA_MATERIEL_INFO_202611119,LA,2026-11-11 00:00:00
KeyPers_LA_1232875,LA_MATERIEL_INFO_2026111110,LA,2026-11-11 00:00:00
KeyPers_NewYork_1231934,NewYork_MATERIEL_INFO_202611110,NewYork,2026-11-11 00:00:00
KeyPers_NewYork_1232725,NewYork_MATERIEL_INFO_202611111,NewYork,2026-11-11 00:00:00
KeyPers_NewYork_1233040,NewYork_MATERIEL_INFO_202611112,NewYork,2026-11-11 00:00:00
KeyPers_Paris_1231985,Paris_MATERIEL_INFO_202611110,Paris,2026-11-11 00:00:00
KeyPers_Paris_1234645,Paris_MATERIEL_INFO_202611111,Paris,2026-11-11 00:00:00
KeyPers_Paris_1233536,Paris_MATERIEL_INFO_202611112,Paris,2026-11-11 00:00:00
KeyPers_Paris_1233733,Paris_MATERIEL_INFO_202611113,Paris,2026-11-11 00:00:00
KeyPers_Paris_1232176,Paris_MATERIEL_INFO_202611114,Paris,2026-11-11 00:00:00
KeyPers_Paris_1231273,Paris_MATERIEL_INFO_202611115,Paris,2026-11-11 00:00:00
KeyPers_Paris_1230415,Paris_MATERIEL_INFO_202611116,Paris,2026-11-11 00:00:00
KeyPers_Paris_1232787,Paris_MATERIEL_INFO_202611117,Paris,2026-11-11 00:00:00
KeyPers_Shanghai_1230558,Shanghai_MATERIEL_INFO_202611110,Shanghai,2026-11-11 00:00:00
KeyPers_Shanghai_1230766,Shanghai_MATERIEL_INFO_202611111,Shanghai,2026-11-11 00:00:00
KeyPers_Shanghai_1230384,Shanghai_MATERIEL_INFO_202611112,Shanghai,2026-11-11 00:00:00
KeyPers_Shanghai_1230889,Shanghai_MATERIEL_INFO_202611113,Shanghai,2026-11-11 00:00:00
KeyPers_Shanghai_1230383,Shanghai_MATERIEL_INFO_202611114,Shanghai,2026-11-11 00:00:00
KeyPers_Shanghai_1230478,Shanghai_MATERIEL_INFO_202611115,Shanghai,2026-11-11 00:00:00
KeyPers_Berlin_1231760,BERLIN_MATERIEL_INFO_202611120,Berlin,2026-11-12 00:00:00
KeyPers_Berlin_1234070,BERLIN_MATERIEL_INFO_202611121,Berlin,2026-11-12 00:00:00
KeyPers_Berlin_1233514,BERLIN_MATERIEL_INFO_202611122,Berlin,2026-11-12 00:00:00
KeyPers_London_1233929,LONDON_MATERIEL_INFO_202611120,London,2026-11-12 00:00:00
KeyPers_London_1233838,LONDON_MATERIEL_INFO_202611121,London,2026-11-12 00:00:00
KeyPers_London_1232699,LONDON_MATERIEL_INFO_202611122,London,2026-11-12 00:00:00
KeyPers_London_1233472,LONDON_MATERIEL_INFO_202611123,London,2026-11-12 00:00:00
KeyPers_London_1230816,LONDON_MATERIEL_INFO_202611124,London,2026-11-12 00:00:00
KeyPers_London_1233523,LONDON_MATERIEL_INFO_202611125,London,2026-11-12 00:00:00
KeyPers_London_1231069,LONDON_MATERIEL_INFO_202611126,London,2026-11-12 00:00:00
KeyPers_LA_1231806,LA_MATERIEL_INFO_202611120,LA,2026-11-12 00:00:00
KeyPers_LA_1231799,LA_MATERIEL_INFO_202611121,LA,2026-11-12 00:00:00
KeyPers_LA_1231005,LA_MATERIEL_INFO_202611122,LA,2026-11-12 00:00:00
KeyPers_LA_1231370,LA_MATERIEL_INFO_202611123,LA,2026-11-12 00:00:00
KeyPers_LA_1231902,LA_MATERIEL_INFO_202611124,LA,2026-11-12 00:00:00
KeyPers_LA_1231673,LA_MATERIEL_INFO_202611125,LA,2026-11-12 00:00:00
KeyPers_LA_1232255,LA_MATERIEL_INFO_202611126,LA,2026-11-12 00:00:00
KeyPers_LA_1232323,LA_MATERIEL_INFO_202611127,LA,2026-11-12 00:00:00
KeyPers_LA_1230617,LA_MATERIEL_INFO_202611128,LA,2026-11-12 00:00:00
KeyPers_LA_1231334,LA_MATERIEL_INFO_202611129,LA,2026-11-12 00:00:00
KeyPers_LA_1232914,LA_MATERIEL_INFO_2026111210,LA,2026-11-12 00:00:00
KeyPers_LA_1231579,LA_MATERIEL_INFO_2026111211,LA,2026-11-12 00:00:00
KeyPers_NewYork_1232418,NewYork_MATERIEL_INFO_202611120,NewYork,2026-11-12 00:00:00
KeyPers_NewYork_1232515,NewYork_MATERIEL_INFO_202611121,NewYork,2026-11-12 00:00:00
KeyPers_NewYork_1232721,NewYork_MATERIEL_INFO_202611122,NewYork,2026-11-12 00:00:00
KeyPers_NewYork_1230428,NewYork_MATERIEL_INFO_202611123,NewYork,2026-11-12 00:00:00
KeyPers_NewYork_1232392,NewYork_MATERIEL_INFO_202611124,NewYork,2026-11-12 00:00:00
KeyPers_NewYork_1230259,NewYork_MATERIEL_INFO_202611125,NewYork,2026-11-12 00:00:00
KeyPers_NewYork_1231751,NewYork_MATERIEL_INFO_202611126,NewYork,2026-11-12 00:00:00
KeyPers_NewYork_1233042,NewYork_MATERIEL_INFO_202611127,NewYork,2026-11-12 00:00:00
KeyPers_NewYork_1230370,NewYork_MATERIEL_INFO_202611128,NewYork,2026-11-12 00:00:00
KeyPers_NewYork_1232018,NewYork_MATERIEL_INFO_202611129,NewYork,2026-11-12 00:00:00
KeyPers_NewYork_1232896,NewYork_MATERIEL_INFO_2026111210,NewYork,2026-11-12 00:00:00
KeyPers_NewYork_1231885,NewYork_MATERIEL_INFO_2026111211,NewYork,2026-11-12 00:00:00
KeyPers_NewYork_1230926,NewYork_MATERIEL_INFO_2026111212,NewYork,2026-11-12 00:00:00
KeyPers_Paris_1230423,Paris_MATERIEL_INFO_202611120,Paris,2026-11-12 00:00:00
KeyPers_Paris_1234385,Paris_MATERIEL_INFO_202611121,Paris,2026-11-12 00:00:00
KeyPers_Paris_1233991,Paris_MATERIEL_INFO_202611122,Paris,2026-11-12 00:00:00
KeyPers_Paris_1231974,Paris_MATERIEL_INFO_202611123,Paris,2026-11-12 00:00:00
KeyPers_Paris_1234576,Paris_MATERIEL_INFO_202611124,Paris,2026-11-12 00:00:00
KeyPers_Paris_1230259,Paris_MATERIEL_INFO_202611125,Paris,2026-11-12 00:00:00
KeyPers_Paris_1234163,Paris_MATERIEL_INFO_202611126,Paris,2026-11-12 00:00:00
KeyPers_Paris_1232641,Paris_MATERIEL_INFO_202611127,Paris,2026-11-12 00:00:00
KeyPers_Shanghai_1230612,Shanghai_MATERIEL_INFO_202611120,Shanghai,2026-11-12 00:00:00
KeyPers_Shanghai_1230700,Shanghai_MATERIEL_INFO_202611121,Shanghai,2026-11-12 00:00:00
KeyPers_Shanghai_1230144,Shanghai_MATERIEL_INFO_202611122,Shanghai,2026-11-12 00:00:00
KeyPers_Shanghai_1230432,Shanghai_MATERIEL_INFO_202611123,Shanghai,2026-11-12 00:00:00
KeyPers_Berlin_1233244,BERLIN_MATERIEL_INFO_202611130,Berlin,2026-11-13 00:00:00
KeyPers_Berlin_1233971,BERLIN_MATERIEL_INFO_202611131,Berlin,2026-11-13 00:00:00
KeyPers_London_1232864,LONDON_MATERIEL_INFO_202611130,London,2026-11-13 00:00:00
KeyPers_LA_1231071,LA_MATERIEL_INFO_202611130,LA,2026-11-13 00:00:00
KeyPers_LA_1230960,LA_MATERIEL_INFO_202611131,LA,2026-11-13 00:00:00
KeyPers_LA_1231304,LA_MATERIEL_INFO_202611132,LA,2026-11-13 00:00:00
KeyPers_LA_1230722,LA_MATERIEL_INFO_202611133,LA,2026-11-13 00:00:00
KeyPers_LA_1232206,LA_MATERIEL_INFO_202611134,LA,2026-11-13 00:00:00
KeyPers_LA_1232365,LA_MATERIEL_INFO_202611135,LA,2026-11-13 00:00:00
KeyPers_LA_1231613,LA_MATERIEL_INFO_202611136,LA,2026-11-13 00:00:00
KeyPers_LA_1230752,LA_MATERIEL_INFO_202611137,LA,2026-11-13 00:00:00
KeyPers_LA_1232237,LA_MATERIEL_INFO_202611138,LA,2026-11-13 00:00:00
KeyPers_NewYork_1231031,NewYork_MATERIEL_INFO_202611130,NewYork,2026-11-13 00:00:00
KeyPers_NewYork_1230683,NewYork_MATERIEL_INFO_202611131,NewYork,2026-11-13 00:00:00
KeyPers_NewYork_1230686,NewYork_MATERIEL_INFO_202611132,NewYork,2026-11-13 00:00:00
KeyPers_NewYork_1232981,NewYork_MATERIEL_INFO_202611133,NewYork,2026-11-13 00:00:00
KeyPers_NewYork_1232867,NewYork_MATERIEL_INFO_202611134,NewYork,2026-11-13 00:00:00
KeyPers_NewYork_1231716,NewYork_MATERIEL_INFO_202611135,NewYork,2026-11-13 00:00:00
KeyPers_NewYork_1232330,NewYork_MATERIEL_INFO_202611136,NewYork,2026-11-13 00:00:00
KeyPers_NewYork_1232309,NewYork_MATERIEL_INFO_202611137,NewYork,2026-11-13 00:00:00
KeyPers_NewYork_1232146,NewYork_MATERIEL_INFO_202611138,NewYork,2026-11-13 00:00:00
KeyPers_NewYork_1230192,NewYork_MATERIEL_INFO_202611139,NewYork,2026-11-13 00:00:00
KeyPers_Paris_1230271,Paris_MATERIEL_INFO_202611130,Paris,2026-11-13 00:00:00
KeyPers_Paris_1230827,Paris_MATERIEL_INFO_202611131,Paris,2026-11-13 00:00:00
KeyPers_Paris_1234305,Paris_MATERIEL_INFO_202611132,Paris,2026-11-13 00:00:00
KeyPers_Paris_1230878,Paris_MATERIEL_INFO_202611133,Paris,2026-11-13 00:00:00
KeyPers_Paris_1233515,Paris_MATERIEL_INFO_202611134,Paris,2026-11-13 00:00:00
KeyPers_Paris_1232500,Paris_MATERIEL_INFO_202611135,Paris,2026-11-13 00:00:00
KeyPers_Paris_1233098,Paris_MATERIEL_INFO_202611136,Paris,2026-11-13 00:00:00
KeyPers_Paris_1231337,Paris_MATERIEL_INFO_202611137,Paris,2026-11-13 00:00:00
KeyPers_Paris_1233204,Paris_MATERIEL_INFO_202611138,Paris,2026-11-13 00:00:00
KeyPers_Paris_1231451,Paris_MATERIEL_INFO_202611139,Paris,2026-11-13 00:00:00
KeyPers_Paris_1233833,Paris_MATERIEL_INFO_2026111310,Paris,2026-11-13 00:00:00
KeyPers_Shanghai_1230710,Shanghai_MATERIEL_INFO_202611130,Shanghai,2026-11-13 00:00:00
KeyPers_Shanghai_1230327,Shanghai_MATERIEL_INFO_202611131,Shanghai,2026-11-13 00:00:00
KeyPers_Shanghai_1230390,Shanghai_MATERIEL_INFO_202611132,Shanghai,2026-11-13 00:00:00
KeyPers_Shanghai_1230716,Shanghai_MATERIEL_INFO_202611133,Shanghai,2026-11-13 00:00:00
KeyPers_Shanghai_1230024,Shanghai_MATERIEL_INFO_202611134,Shanghai,2026-11-13 00:00:00
KeyPers_Shanghai_1230466,Shanghai_MATERIEL_INFO_202611135,Shanghai,2026-11-13 00:00:00
KeyPers_Shanghai_1230827,Shanghai_MATERIEL_INFO_202611136,Shanghai,2026-11-13 00:00:00
KeyPers_Shanghai_1230847,Shanghai_MATERIEL_INFO_202611137,Shanghai,2026-11-13 00:00:00
KeyPers_Shanghai_1230481,Shanghai_MATERIEL_INFO_202611138,Shanghai,2026-11-13 00:00:00
KeyPers_Shanghai_1230127,Shanghai_MATERIEL_INFO_202611139,Shanghai,2026-11-13 00:00:00
KeyPers_Shanghai_1230224,Shanghai_MATERIEL_INFO_2026111310,Shanghai,2026-11-13 00:00:00
KeyPers_Shanghai_1230968,Shanghai_MATERIEL_INFO_2026111311,Shanghai,2026-11-13 00:00:00
KeyPers_Shanghai_1230190,Shanghai_MATERIEL_INFO_2026111312,Shanghai,2026-11-13 00:00:00
KeyPers_Shanghai_1230030,Shanghai_MATERIEL_INFO_2026111313,Shanghai,2026-11-13 00:00:00
KeyPers_Berlin_1233983,BERLIN_MATERIEL_INFO_202611140,Berlin,2026-11-14 00:00:00
KeyPers_Berlin_1233533,BERLIN_MATERIEL_INFO_202611141,Berlin,2026-11-14 00:00:00
KeyPers_Berlin_1230608,BERLIN_MATERIEL_INFO_202611142,Berlin,2026-11-14 00:00:00
KeyPers_London_1234139,LONDON_MATERIEL_INFO_202611140,London,2026-11-14 00:00:00
KeyPers_London_1232315,LONDON_MATERIEL_INFO_202611141,London,2026-11-14 00:00:00
KeyPers_London_1230978,LONDON_MATERIEL_INFO_202611142,London,2026-11-14 00:00:00
KeyPers_London_1232967,LONDON_MATERIEL_INFO_202611143,London,2026-11-14 00:00:00
KeyPers_London_1233189,LONDON_MATERIEL_INFO_202611144,London,2026-11-14 00:00:00
KeyPers_London_1230241,LONDON_MATERIEL_INFO_202611145,London,2026-11-14 00:00:00
KeyPers_London_1231519,LONDON_MATERIEL_INFO_202611146,London,2026-11-14 00:00:00
KeyPers_London_1233577,LONDON_MATERIEL_INFO_202611147,London,2026-11-14 00:00:00
KeyPers_London_1233054,LONDON_MATERIEL_INFO_202611148,London,2026-11-14 00:00:00
KeyPers_LA_1231331,LA_MATERIEL_INFO_202611140,LA,2026-11-14 00:00:00
KeyPers_LA_1232988,LA_MATERIEL_INFO_202611141,LA,2026-11-14 00:00:00
KeyPers_LA_1231134,LA_MATERIEL_INFO_202611142,LA,2026-11-14 00:00:00
KeyPers_LA_1232038,LA_MATERIEL_INFO_202611143,LA,2026-11-14 00:00:00
KeyPers_LA_1232937,LA_MATERIEL_INFO_202611144,LA,2026-11-14 00:00:00
KeyPers_LA_1232948,LA_MATERIEL_INFO_202611145,LA,2026-11-14 00:00:00
KeyPers_LA_1232532,LA_MATERIEL_INFO_202611146,LA,2026-11-14 00:00:00
KeyPers_LA_1230942,LA_MATERIEL_INFO_202611147,LA,2026-11-14 00:00:00
KeyPers_LA_1231684,LA_MATERIEL_INFO_202611148,LA,2026-11-14 00:00:00
KeyPers_LA_1232505,LA_MATERIEL_INFO_202611149,LA,2026-11-14 00:00:00
KeyPers_LA_1232444,LA_MATERIEL_INFO_2026111410,LA,2026-11-14 00:00:00
KeyPers_NewYork_1231666,NewYork_MATERIEL_INFO_202611140,NewYork,2026-11-14 00:00:00
KeyPers_NewYork_1232125,NewYork_MATERIEL_INFO_202611141,NewYork,2026-11-14 00:00:00
KeyPers_Paris_1230191,Paris_MATERIEL_INFO_202611140,Paris,2026-11-14 00:00:00
KeyPers_Paris_1232145,Paris_MATERIEL_INFO_202611141,Paris,2026-11-14 00:00:00
KeyPers_Shanghai_1230640,Shanghai_MATERIEL_INFO_202611140,Shanghai,2026-11-14 00:00:00
KeyPers_Shanghai_1230707,Shanghai_MATERIEL_INFO_202611141,Shanghai,2026-11-14 00:00:00
KeyPers_Shanghai_1230420,Shanghai_MATERIEL_INFO_202611142,Shanghai,2026-11-14 00:00:00
KeyPers_Shanghai_1230605,Shanghai_MATERIEL_INFO_202611143,Shanghai,2026-11-14 00:00:00
KeyPers_Shanghai_1230627,Shanghai_MATERIEL_INFO_202611144,Shanghai,2026-11-14 00:00:00
KeyPers_Shanghai_1230171,Shanghai_MATERIEL_INFO_202611145,Shanghai,2026-11-14 00:00:00
KeyPers_Shanghai_1230270,Shanghai_MATERIEL_INFO_202611146,Shanghai,2026-11-14 00:00:00
KeyPers_Shanghai_1230865,Shanghai_MATERIEL_INFO_202611147,Shanghai,2026-11-14 00:00:00
KeyPers_Shanghai_1230074,Shanghai_MATERIEL_INFO_202611148,Shanghai,2026-11-14 00:00:00
KeyPers_Shanghai_1230296,Shanghai_MATERIEL_INFO_202611149,Shanghai,2026-11-14 00:00:00
KeyPers_Shanghai_1230162,Shanghai_MATERIEL_INFO_2026111410,Shanghai,2026-11-14 00:00:00
KeyPers_Shanghai_1230281,Shanghai_MATERIEL_INFO_2026111411,Shanghai,2026-11-14 00:00:00
KeyPers_Shanghai_1230440,Shanghai_MATERIEL_INFO_2026111412,Shanghai,2026-11-14 00:00:00
