ID_MATERIEL,TYPE,MODELE,IMPACT
BERLIN_MATERIEL_INFO_202604290,PC fixe sans ecran,Precision tower 7xxx,555
BERLIN_MATERIEL_INFO_202604291,PC portable,,260
BERLIN_MATERIEL_INFO_202604292,PC fixe sans ecran,,350
BERLIN_MATERIEL_INFO_202604293,PC portable,EliteBook 6xx,175
BERLIN_MATERIEL_INFO_202604294,Vidéo projecteur,modèle par défaut,94
BERLIN_MATERIEL_INFO_202604295,,modèle par défaut,350
LONDON_MATERIEL_INFO_202604290,PC fixe sans ecran,,350
LONDON_MATERIEL_INFO_202604291,Tablette,modèle par défaut,150
LONDON_MATERIEL_INFO_202604292,souris,modèle par défaut,5
LONDON_MATERIEL_INFO_202604293,PC fixe tout-en-un,iMac 27pouces retina,450
LONDON_MATERIEL_INFO_202604294,PC portable,Moyenne 13pouces,250
LONDON_MATERIEL_INFO_202604295,,"Prodesk (Tower, SFF)",322
LONDON_MATERIEL_INFO_202604296,PC portable,ProBook,226
LONDON_MATERIEL_INFO_202604297,,Serveur de stockage,2500
LA_MATERIEL_INFO_202604290,PC portable,Precision 3xxx,266
LA_MATERIEL_INFO_202604291,PC fixe sans ecran,Rasberry pi 4,15
LA_MATERIEL_INFO_202604292,,32pouces et plus,590
LA_MATERIEL_INFO_202604293,souris,modèle par défaut,5
LA_MATERIEL_INFO_202604294,PC fixe sans ecran,,350
LA_MATERIEL_INFO_202604295,PC fixe tout-en-un,modèle par défaut,352
LA_MATERIEL_INFO_202604296,,ZBook Studio,379
NewYork_MATERIEL_INFO_202604290,PC fixe sans ecran,ZHAN,264
NewYork_MATERIEL_INFO_202604291,,Mac mini,270
NewYork_MATERIEL_INFO_202604292,PC fixe sans ecran,Precision tower 5xxx,440
NewYork_MATERIEL_INFO_202604293,imprimante,modèle par défaut,500
NewYork_MATERIEL_INFO_202604294,,EliteBook 8xx,290
NewYork_MATERIEL_INFO_202604295,PC portable,Precision 7xxx,304
NewYork_MATERIEL_INFO_202604296,PC portable,EliteBook 6xx,175
NewYork_MATERIEL_INFO_202604297,PC fixe sans ecran,ZHAN,264
NewYork_MATERIEL_INFO_202604298,,Mac pro,900
Paris_MATERIEL_INFO_202604290,PC fixe sans ecran,Z,409
Paris_MATERIEL_INFO_202604291,imprimante,Laser A3 (>100kg),1800
Paris_MATERIEL_INFO_202604292,PC fixe sans ecran,Precision tower 3xxx,285
Paris_MATERIEL_INFO_202604293,Telephone IP,,17
Paris_MATERIEL_INFO_202604294,,modèle par défaut,350
Paris_MATERIEL_INFO_202604295,,Chromebook 11-13pouces,175
Paris_MATERIEL_INFO_202604296,,modèle par défaut,350
Paris_MATERIEL_INFO_202604297,PC portable,Chromebook 11-13pouces,175
Paris_MATERIEL_INFO_202604298,Smartphone,modèle par défaut,63
Paris_MATERIEL_INFO_202604299,PC portable,,260
Paris_MATERIEL_INFO_2026042910,PC fixe sans ecran,Mac pro,900
Paris_MATERIEL_INFO_2026042911,,Elite mini,137
Shanghai_MATERIEL_INFO_202604290,,MacBook air,250
Shanghai_MATERIEL_INFO_202604291,PC fixe sans ecran,"Elite (Tower, SFF, One)",393
Shanghai_MATERIEL_INFO_202604292,PC fixe sans ecran,Elite mini,137
Shanghai_MATERIEL_INFO_202604293,Ecran,jusqu'à 23pouces,350
Shanghai_MATERIEL_INFO_202604294,PC fixe tout-en-un,iMac 21pouces retina,300
Shanghai_MATERIEL_INFO_202604295,Ecran,24pouces-31pouces,430
BERLIN_MATERIEL_INFO_202604300,PC portable,MacBook air,250
BERLIN_MATERIEL_INFO_202604301,PC portable,EliteBook 10xx,223
BERLIN_MATERIEL_INFO_202604302,,modèle par défaut,350
BERLIN_MATERIEL_INFO_202604303,PC fixe sans ecran,"EliteDesk (Tower, SFF, One)",393
LONDON_MATERIEL_INFO_202604300,PC portable,MacBook air,250
LONDON_MATERIEL_INFO_202604301,PC portable,ProBook,226
LONDON_MATERIEL_INFO_202604302,PC portable,MacBook air,250
LONDON_MATERIEL_INFO_202604303,PC portable,,260
LONDON_MATERIEL_INFO_202604304,PC fixe sans ecran,,350
LA_MATERIEL_INFO_202604300,PC fixe sans ecran,Station de travail (moy),600
NewYork_MATERIEL_INFO_202604300,PC fixe tout-en-un,,352
NewYork_MATERIEL_INFO_202604301,PC fixe sans ecran,Precision tower 7xxx,555
NewYork_MATERIEL_INFO_202604302,,ProDesk mini/DM,100
NewYork_MATERIEL_INFO_202604303,Serveur,Noeud de calcul,1300
NewYork_MATERIEL_INFO_202604304,PC fixe sans ecran,Station de travail (moy),600
Paris_MATERIEL_INFO_202604300,PC portable,Precision 7xxx,304
Paris_MATERIEL_INFO_202604301,PC fixe sans ecran,PC Fixe (moy),300
Paris_MATERIEL_INFO_202604302,Serveur,Serveur de stockage,2500
Paris_MATERIEL_INFO_202604303,PC fixe sans ecran,Optiplex micro,174
Shanghai_MATERIEL_INFO_202604300,PC fixe tout-en-un,Mac pro,900
Shanghai_MATERIEL_INFO_202604301,,ProBook,226
Shanghai_MATERIEL_INFO_202604302,PC fixe sans ecran,Elite mini,137
BERLIN_MATERIEL_INFO_202605010,Ecran,32pouces et plus,590
BERLIN_MATERIEL_INFO_202605011,,Chromebook 14-15pouces,170
BERLIN_MATERIEL_INFO_202605012,PC portable,,260
BERLIN_MATERIEL_INFO_202605013,,modèle par défaut,350
LONDON_MATERIEL_INFO_202605010,PC portable,Latitude 3xxx,220
LONDON_MATERIEL_INFO_202605011,PC portable,,260
LONDON_MATERIEL_INFO_202605012,PC fixe sans ecran,Mac mini,270
LONDON_MATERIEL_INFO_202605013,Ecran,jusqu'à 23pouces,350
LONDON_MATERIEL_INFO_202605014,souris,,5
LONDON_MATERIEL_INFO_202605015,PC fixe sans ecran,Optiplex small,240
LONDON_MATERIEL_INFO_202605016,PC portable,OMEN,290
LONDON_MATERIEL_INFO_202605017,PC portable,MacBook air,250
LONDON_MATERIEL_INFO_202605018,PC fixe sans ecran,"Elite (Tower, SFF, One)",393
LONDON_MATERIEL_INFO_202605019,imprimante,Laser A3 (40-99kg),960
LA_MATERIEL_INFO_202605010,PC portable,ZBook Studio,379
LA_MATERIEL_INFO_202605011,imprimante,Laser à poser (<40kg),430
LA_MATERIEL_INFO_202605012,Vidéo projecteur,Transportable,94
LA_MATERIEL_INFO_202605013,,ProBook,226
LA_MATERIEL_INFO_202605014,PC fixe tout-en-un,Optiplex All-in-One 5xxx,318
LA_MATERIEL_INFO_202605015,,Laser à poser (<40kg),430
LA_MATERIEL_INFO_202605016,Vidéo projecteur,modèle par défaut,94
LA_MATERIEL_INFO_202605017,,32pouces et plus,590
LA_MATERIEL_INFO_202605018,PC fixe sans ecran,OMEN,290
LA_MATERIEL_INFO_202605019,PC portable,MacBook pro 13pouces,256
LA_MATERIEL_INFO_2026050110,PC fixe sans ecran,OMEN,290
LA_MATERIEL_INFO_2026050111,PC fixe sans ecran,Precision tower 7xxx,555
LA_MATERIEL_INFO_2026050112,PC fixe sans ecran,Wyse thin client,69
LA_MATERIEL_INFO_2026050113,,Station de travail (moy),600
NewYork_MATERIEL_INFO_202605010,Serveur,Noeud de calcul,1300
NewYork_MATERIEL_INFO_202605011,Serveur,Noeud de calcul,1300
Paris_MATERIEL_INFO_202605010,clavier,modèle par défaut,24
Paris_MATERIEL_INFO_202605011,PC portable,EliteBook 10xx,223
Paris_MATERIEL_INFO_202605012,PC portable,EliteBook 8xx,290
Paris_MATERIEL_INFO_202605013,PC portable,,260
Shanghai_MATERIEL_INFO_202605010,PC fixe tout-en-un,Optiplex All-in-One 7xxx,382
Shanghai_MATERIEL_INFO_202605011,Ecran,24pouces-31pouces,430
Shanghai_MATERIEL_INFO_202605012,PC portable,Latitude 3xxx,220
Shanghai_MATERIEL_INFO_202605013,PC fixe sans ecran,Mac mini,270
Shanghai_MATERIEL_INFO_202605014,Vidéo projecteur,Transportable,94
Shanghai_MATERIEL_INFO_202605015,PC portable,ProBook,226
Shanghai_MATERIEL_INFO_202605016,,Latitude 7xxx,264
Shanghai_MATERIEL_INFO_202605017,imprimante,Laser A3 (40-99kg),960
Shanghai_MATERIEL_INFO_202605018,PC portable,MacBook pro 15/16pouces,330
Shanghai_MATERIEL_INFO_202605019,PC fixe sans ecran,"EliteDesk (Tower, SFF, One)",393
BERLIN_MATERIEL_INFO_202605020,imprimante,modèle par défaut,500
BERLIN_MATERIEL_INFO_202605021,PC fixe sans ecran,Precision tower 3xxx,285
BERLIN_MATERIEL_INFO_202605022,PC portable,Latitude 5xxx,300
BERLIN_MATERIEL_INFO_202605023,Ecran,24pouces-31pouces,430
BERLIN_MATERIEL_INFO_202605024,,iMac 21pouces,290
BERLIN_MATERIEL_INFO_202605025,PC fixe tout-en-un,Optiplex All-in-One 5xxx,318
LONDON_MATERIEL_INFO_202605020,imprimante,Laser A3 (40-99kg),960
LONDON_MATERIEL_INFO_202605021,,ProDesk mini/DM,100
LONDON_MATERIEL_INFO_202605022,,32pouces et plus,590
LONDON_MATERIEL_INFO_202605023,PC portable,,260
LONDON_MATERIEL_INFO_202605024,PC portable,Moyenne 14/15pouces,294
LONDON_MATERIEL_INFO_202605025,Telephone IP,modèle par défaut,17
LONDON_MATERIEL_INFO_202605026,,Transportable,94
LONDON_MATERIEL_INFO_202605027,PC fixe tout-en-un,iMac 21pouces retina,300
LA_MATERIEL_INFO_202605020,,Precision tower 5xxx,440
LA_MATERIEL_INFO_202605021,PC fixe sans ecran,Precision tower 7xxx,555
NewYork_MATERIEL_INFO_202605020,Borne wifi,modèle par défaut,10
NewYork_MATERIEL_INFO_202605021,Ecran,modèle par défaut,430
NewYork_MATERIEL_INFO_202605022,PC fixe sans ecran,Precision tower 3xxx,285
NewYork_MATERIEL_INFO_202605023,,Latitude 3xxx,220
NewYork_MATERIEL_INFO_202605024,Telephone IP,modèle par défaut,17
NewYork_MATERIEL_INFO_202605025,PC portable,Precision 7xxx,304
NewYork_MATERIEL_INFO_202605026,PC fixe sans ecran,Z,409
NewYork_MATERIEL_INFO_202605027,Serveur,Serveur de stockage,2500
NewYork_MATERIEL_INFO_202605028,PC fixe sans ecran,Optiplex micro,174
NewYork_MATERIEL_INFO_202605029,PC portable,ZBook Studio,379
NewYork_MATERIEL_INFO_2026050210,PC fixe sans ecran,Rasberry pi 4,15
Paris_MATERIEL_INFO_202605020,PC portable,Latitude 3xxx,220
Paris_MATERIEL_INFO_202605021,PC fixe sans ecran,"Prodesk (Tower, SFF)",322
Paris_MATERIEL_INFO_202605022,imprimante,Laser A3 (40-99kg),960
Paris_MATERIEL_INFO_202605023,,Laser A3 (>100kg),1800
Paris_MATERIEL_INFO_202605024,PC portable,Chromebook 14-15pouces,170
Paris_MATERIEL_INFO_202605025,,ProDesk mini/DM,100
Paris_MATERIEL_INFO_202605026,PC portable,,260
Shanghai_MATERIEL_INFO_202605020,Ecran,24pouces-31pouces,430
Shanghai_MATERIEL_INFO_202605021,PC fixe sans ecran,EliteDesk DM,230
Shanghai_MATERIEL_INFO_202605022,PC fixe sans ecran,Precision tower 5xxx,440
Shanghai_MATERIEL_INFO_202605023,PC portable,Moyenne 17pouces,365
Shanghai_MATERIEL_INFO_202605024,Tablette,,150
Shanghai_MATERIEL_INFO_202605025,PC fixe tout-en-un,iMac 21pouces retina,300
Shanghai_MATERIEL_INFO_202605026,,ProDesk mini/DM,100
Shanghai_MATERIEL_INFO_202605027,,Optiplex All-in-One 5xxx,318
Shanghai_MATERIEL_INFO_202605028,imprimante,Laser à poser (<40kg),430
Shanghai_MATERIEL_INFO_202605029,PC portable,ProBook,226
Shanghai_MATERIEL_INFO_2026050210,PC portable,,260
Shanghai_MATERIEL_INFO_2026050211,clavier,modèle par défaut,24
Shanghai_MATERIEL_INFO_2026050212,PC fixe sans ecran,,350
Shanghai_MATERIEL_INFO_2026050213,Ecran,24pouces-31pouces,430
BERLIN_MATERIEL_INFO_202605030,PC portable,Moyenne 14/15pouces,294
LONDON_MATERIEL_INFO_202605030,PC fixe sans ecran,,350
LONDON_MATERIEL_INFO_202605031,Station d'accueil,modèle par défaut,26
LONDON_MATERIEL_INFO_202605032,Ecran,modèle par défaut,430
LONDON_MATERIEL_INFO_202605033,PC portable,MacBook air pre-retina,310
LONDON_MATERIEL_INFO_202605034,Disque dur,modèle par défaut,10
LONDON_MATERIEL_INFO_202605035,PC portable,MacBook air,250
LONDON_MATERIEL_INFO_202605036,PC fixe tout-en-un,modèle par défaut,352
LONDON_MATERIEL_INFO_202605037,PC fixe sans ecran,EliteDesk DM,230
LONDON_MATERIEL_INFO_202605038,PC fixe sans ecran,"EliteDesk (Tower, SFF, One)",393
LONDON_MATERIEL_INFO_202605039,PC fixe sans ecran,Optiplex micro,174
LA_MATERIEL_INFO_202605030,PC portable,Moyenne 14/15pouces,294
LA_MATERIEL_INFO_202605031,PC fixe sans ecran,Precision tower 7xxx,555
LA_MATERIEL_INFO_202605032,Serveur,Noeud de calcul,1300
LA_MATERIEL_INFO_202605033,imprimante,Laser à poser (<40kg),430
LA_MATERIEL_INFO_202605034,PC fixe sans ecran,Elite mini,137
LA_MATERIEL_INFO_202605035,PC fixe sans ecran,Precision tower 7xxx,555
LA_MATERIEL_INFO_202605036,PC fixe sans ecran,Optiplex micro,174
LA_MATERIEL_INFO_202605037,PC fixe sans ecran,Precision tower 7xxx,555
LA_MATERIEL_INFO_202605038,PC fixe tout-en-un,iMac pro,700
LA_MATERIEL_INFO_202605039,PC portable,EliteBook 6xx,175
LA_MATERIEL_INFO_2026050310,PC fixe sans ecran,,350
LA_MATERIEL_INFO_2026050311,,Moyenne 13pouces,250
NewYork_MATERIEL_INFO_202605030,PC portable,,260
NewYork_MATERIEL_INFO_202605031,Vidéo projecteur,Transportable,94
NewYork_MATERIEL_INFO_202605032,PC fixe sans ecran,Rasberry pi 4,15
NewYork_MATERIEL_INFO_202605033,PC fixe sans ecran,,350
NewYork_MATERIEL_INFO_202605034,PC fixe sans ecran,PC Fixe (moy),300
Paris_MATERIEL_INFO_202605030,PC portable,OMEN,290
Paris_MATERIEL_INFO_202605031,PC portable,Moyenne 14/15pouces,294
Paris_MATERIEL_INFO_202605032,Disque dur,modèle par défaut,10
Paris_MATERIEL_INFO_202605033,PC portable,Latitude 5xxx,300
Paris_MATERIEL_INFO_202605034,,EliteBook 10xx,223
Paris_MATERIEL_INFO_202605035,Ecran,24pouces-31pouces,430
Paris_MATERIEL_INFO_202605036,PC portable,EliteBook 10xx,223
Paris_MATERIEL_INFO_202605037,PC fixe sans ecran,Z,409
Paris_MATERIEL_INFO_202605038,,Chromebook 14-15pouces,170
Paris_MATERIEL_INFO_202605039,PC portable,Latitude 3xxx,220
Paris_MATERIEL_INFO_2026050310,,Z,409
Paris_MATERIEL_INFO_2026050311,,Pour amphi,200
Shanghai_MATERIEL_INFO_202605030,imprimante,Laser A3 (>100kg),1800
Shanghai_MATERIEL_INFO_202605031,PC fixe tout-en-un,iMac 27pouces retina,450
Shanghai_MATERIEL_INFO_202605032,clavier,modèle par défaut,24
Shanghai_MATERIEL_INFO_202605033,PC portable,Victus,267
BERLIN_MATERIEL_INFO_202605040,PC portable,,260
BERLIN_MATERIEL_INFO_202605041,Vidéo projecteur,Pour amphi,200
BERLIN_MATERIEL_INFO_202605042,PC fixe sans ecran,Mac mini,270
BERLIN_MATERIEL_INFO_202605043,PC portable,Precision 7xxx,304
BERLIN_MATERIEL_INFO_202605044,PC portable,Moyenne 17pouces,365
BERLIN_MATERIEL_INFO_202605045,PC fixe tout-en-un,iMac pro,700
LONDON_MATERIEL_INFO_202605040,PC fixe sans ecran,Precision tower 5xxx,440
LONDON_MATERIEL_INFO_202605041,PC fixe sans ecran,Station de travail (moy),600
LONDON_MATERIEL_INFO_202605042,PC fixe tout-en-un,Optiplex All-in-One 3xxx,241
LONDON_MATERIEL_INFO_202605043,PC portable,Precision 3xxx,266
LONDON_MATERIEL_INFO_202605044,Ecran,jusqu'à 23pouces,350
LONDON_MATERIEL_INFO_202605045,,Chromebook 11-13pouces,175
LONDON_MATERIEL_INFO_202605046,PC fixe sans ecran,Optiplex tower,260
LONDON_MATERIEL_INFO_202605047,imprimante,Laser A3 (>100kg),1800
LA_MATERIEL_INFO_202605040,PC fixe tout-en-un,iMac pro,700
LA_MATERIEL_INFO_202605041,PC portable,MacBook air pre-retina,310
LA_MATERIEL_INFO_202605042,PC fixe sans ecran,"Elite (Tower, SFF, One)",393
LA_MATERIEL_INFO_202605043,PC fixe tout-en-un,modèle par défaut,352
LA_MATERIEL_INFO_202605044,PC fixe sans ecran,Wyse thin client,69
LA_MATERIEL_INFO_202605045,,MacBook air,250
LA_MATERIEL_INFO_202605046,,EliteBook 6xx,175
LA_MATERIEL_INFO_202605047,PC fixe sans ecran,Mac mini,270
LA_MATERIEL_INFO_202605048,PC portable,,260
LA_MATERIEL_INFO_202605049,PC portable,Moyenne 14/15pouces,294
LA_MATERIEL_INFO_2026050410,PC portable,,260
LA_MATERIEL_INFO_2026050411,PC fixe tout-en-un,iMac 27pouces retina,450
NewYork_MATERIEL_INFO_202605040,PC fixe sans ecran,,350
NewYork_MATERIEL_INFO_202605041,PC portable,EliteBook 10xx,223
NewYork_MATERIEL_INFO_202605042,,Precision 7xxx,304
Paris_MATERIEL_INFO_202605040,PC fixe sans ecran,Mac mini,270
Paris_MATERIEL_INFO_202605041,PC fixe sans ecran,Precision tower 3xxx,285
Paris_MATERIEL_INFO_202605042,,Moyenne 14/15pouces,294
Paris_MATERIEL_INFO_202605043,Vidéo projecteur,Pour salle,150
Paris_MATERIEL_INFO_202605044,imprimante,Laser A3 (40-99kg),960
Paris_MATERIEL_INFO_202605045,PC fixe tout-en-un,Optiplex All-in-One 7xxx,382
Paris_MATERIEL_INFO_202605046,PC fixe tout-en-un,iMac 21pouces,290
Paris_MATERIEL_INFO_202605047,PC portable,ZBook,303
Paris_MATERIEL_INFO_202605048,,modèle par défaut,350
Shanghai_MATERIEL_INFO_202605040,,iMac 21pouces retina,300
Shanghai_MATERIEL_INFO_202605041,,modèle par défaut,350
Shanghai_MATERIEL_INFO_202605042,PC fixe sans ecran,"Elite (Tower, SFF, One)",393
Shanghai_MATERIEL_INFO_202605043,PC portable,Chromebook 11-13pouces,175
Shanghai_MATERIEL_INFO_202605044,PC portable,Chromebook 11-13pouces,175
Shanghai_MATERIEL_INFO_202605045,PC portable,EliteBook 8xx,290
Shanghai_MATERIEL_INFO_202605046,PC portable,EliteBook 6xx,175
Shanghai_MATERIEL_INFO_202605047,PC fixe sans ecran,PC Fixe (moy),300
Shanghai_MATERIEL_INFO_202605048,PC fixe sans ecran,Precision tower 5xxx,440
Shanghai_MATERIEL_INFO_202605049,PC portable,Precision 5xxx,280
Shanghai_MATERIEL_INFO_2026050410,PC portable,ZBook,303
Shanghai_MATERIEL_INFO_2026050411,,Z,409
BERLIN_MATERIEL_INFO_202605050,Disque dur,modèle par défaut,10
LONDON_MATERIEL_INFO_202605050,PC fixe tout-en-un,Optiplex All-in-One 7xxx,382
LA_MATERIEL_INFO_202605050,,Pour salle,150
LA_MATERIEL_INFO_202605051,,"Elite (Tower, SFF, One)",393
LA_MATERIEL_INFO_202605052,,modèle par défaut,350
LA_MATERIEL_INFO_202605053,,Mac pro,900
LA_MATERIEL_INFO_202605054,PC fixe tout-en-un,Optiplex All-in-One 3xxx,241
LA_MATERIEL_INFO_202605055,PC fixe tout-en-un,,352
LA_MATERIEL_INFO_202605056,Serveur,Serveur de stockage,2500
LA_MATERIEL_INFO_202605057,,"EliteDesk (Tower, SFF, One)",393
LA_MATERIEL_INFO_202605058,,Latitude 7xxx,264
LA_MATERIEL_INFO_202605059,PC fixe sans ecran,ZHAN,264
LA_MATERIEL_INFO_2026050510,PC fixe sans ecran,PC Fixe (moy),300
LA_MATERIEL_INFO_2026050511,PC fixe sans ecran,Wyse thin client,69
NewYork_MATERIEL_INFO_202605050,Tablette,,150
NewYork_MATERIEL_INFO_202605051,PC fixe tout-en-un,Mac pro,900
NewYork_MATERIEL_INFO_202605052,Tablette,modèle par défaut,150
NewYork_MATERIEL_INFO_202605053,PC portable,Precision 5xxx,280
NewYork_MATERIEL_INFO_202605054,PC fixe tout-en-un,iMac 21pouces retina,300
NewYork_MATERIEL_INFO_202605055,PC fixe tout-en-un,modèle par défaut,352
NewYork_MATERIEL_INFO_202605056,Serveur,Modèle par défaut,1300
NewYork_MATERIEL_INFO_202605057,PC fixe sans ecran,ZHAN,264
NewYork_MATERIEL_INFO_202605058,imprimante,Laser à poser (<40kg),430
NewYork_MATERIEL_INFO_202605059,PC portable,Chromebook 11-13pouces,175
Paris_MATERIEL_INFO_202605050,PC fixe sans ecran,Precision tower 3xxx,285
Paris_MATERIEL_INFO_202605051,PC portable,ZBook,303
Paris_MATERIEL_INFO_202605052,Ecran,,430
Paris_MATERIEL_INFO_202605053,PC portable,MacBook air pre-retina,310
Paris_MATERIEL_INFO_202605054,PC fixe tout-en-un,iMac 21pouces,290
Paris_MATERIEL_INFO_202605055,PC portable,MacBook air retina,176
Paris_MATERIEL_INFO_202605056,PC fixe sans ecran,Optiplex micro,174
Paris_MATERIEL_INFO_202605057,PC fixe tout-en-un,Mac pro,900
Paris_MATERIEL_INFO_202605058,Vidéo projecteur,Pour amphi,200
Paris_MATERIEL_INFO_202605059,PC fixe sans ecran,"EliteDesk (Tower, SFF, One)",393
Paris_MATERIEL_INFO_2026050510,,ZBook,303
Paris_MATERIEL_INFO_2026050511,,iMac 27pouces retina,450
Paris_MATERIEL_INFO_2026050512,PC fixe tout-en-un,Optiplex All-in-One 3xxx,241
Paris_MATERIEL_INFO_2026050513,PC portable,Chromebook 14-15pouces,170
Shanghai_MATERIEL_INFO_202605050,,Station de travail (moy),600
Shanghai_MATERIEL_INFO_202605051,PC fixe sans ecran,"Prodesk (Tower, SFF)",322
Shanghai_MATERIEL_INFO_202605052,,OMEN,290
Shanghai_MATERIEL_INFO_202605053,PC fixe sans ecran,"Prodesk (Tower, SFF)",322
Shanghai_MATERIEL_INFO_202605054,,EliteBook 10xx,223
Shanghai_MATERIEL_INFO_202605055,,Moyenne 14/15pouces,294
Shanghai_MATERIEL_INFO_202605056,imprimante,Laser A3 (40-99kg),960
Shanghai_MATERIEL_INFO_202605057,PC portable,ProBook,226
Shanghai_MATERIEL_INFO_202605058,,OMEN,290
BERLIN_MATERIEL_INFO_202605060,,modèle par défaut,350
BERLIN_MATERIEL_INFO_202605061,PC portable,Moyenne 17pouces,365
BERLIN_MATERIEL_INFO_202605062,,Pour salle,150
LONDON_MATERIEL_INFO_202605060,,Precision 3xxx,266
LONDON_MATERIEL_INFO_202605061,Borne wifi,modèle par défaut,10
LONDON_MATERIEL_INFO_202605062,Borne wifi,modèle par défaut,10
LONDON_MATERIEL_INFO_202605063,PC fixe sans ecran,"Prodesk (Tower, SFF)",322
LONDON_MATERIEL_INFO_202605064,PC portable,MacBook pro 15/16pouces,330
LA_MATERIEL_INFO_202605060,PC portable,,260
LA_MATERIEL_INFO_202605061,PC portable,Latitude 7xxx,264
LA_MATERIEL_INFO_202605062,,Precision 7xxx,304
LA_MATERIEL_INFO_202605063,Ecran,24pouces-31pouces,430
LA_MATERIEL_INFO_202605064,PC portable,Precision 7xxx,304
LA_MATERIEL_INFO_202605065,,Moyenne 17pouces,365
LA_MATERIEL_INFO_202605066,souris,modèle par défaut,5
LA_MATERIEL_INFO_202605067,Borne wifi,modèle par défaut,10
NewYork_MATERIEL_INFO_202605060,PC portable,,260
NewYork_MATERIEL_INFO_202605061,PC portable,OMEN,290
NewYork_MATERIEL_INFO_202605062,PC fixe sans ecran,,350
NewYork_MATERIEL_INFO_202605063,PC portable,ProBook,226
Paris_MATERIEL_INFO_202605060,PC portable,MacBook air,250
Paris_MATERIEL_INFO_202605061,PC fixe sans ecran,Wyse thin client,69
Paris_MATERIEL_INFO_202605062,PC portable,Moyenne 17pouces,365
Paris_MATERIEL_INFO_202605063,PC portable,Moyenne 17pouces,365
Paris_MATERIEL_INFO_202605064,Borne wifi,modèle par défaut,10
Paris_MATERIEL_INFO_202605065,Borne wifi,modèle par défaut,10
Paris_MATERIEL_INFO_202605066,PC portable,Latitude 7xxx,264
Paris_MATERIEL_INFO_202605067,PC fixe sans ecran,Mac pro,900
Paris_MATERIEL_INFO_202605068,PC portable,OMEN,290
Shanghai_MATERIEL_INFO_202605060,PC fixe sans ecran,OMEN,290
Shanghai_MATERIEL_INFO_202605061,PC fixe tout-en-un,,352
Shanghai_MATERIEL_INFO_202605062,,Precision tower 5xxx,440
Shanghai_MATERIEL_INFO_202605063,PC fixe sans ecran,Precision tower 5xxx,440
Shanghai_MATERIEL_INFO_202605064,Ecran,32pouces et plus,590
Shanghai_MATERIEL_INFO_202605065,,iMac 21pouces,290
Shanghai_MATERIEL_INFO_202605066,Telephone IP,modèle par défaut,17
Shanghai_MATERIEL_INFO_202605067,PC fixe sans ecran,"EliteDesk (Tower, SFF, One)",393
Shanghai_MATERIEL_INFO_202605068,,Precision tower 7xxx,555
Shanghai_MATERIEL_INFO_202605069,,Transportable,94
BERLIN_MATERIEL_INFO_202605070,PC fixe sans ecran,Rasberry pi 4,15
LONDON_MATERIEL_INFO_202605070,PC portable,MacBook air,250
LONDON_MATERIEL_INFO_202605071,,"EliteDesk (Tower, SFF, One)",393
LONDON_MATERIEL_INFO_202605072,PC fixe sans ecran,Optiplex tower,260
LONDON_MATERIEL_INFO_202605073,imprimante,Laser A3 (40-99kg),960
LONDON_MATERIEL_INFO_202605074,,Laser A3 (40-99kg),960
LA_MATERIEL_INFO_202605070,PC portable,OMEN,290
LA_MATERIEL_INFO_202605071,PC fixe tout-en-un,,352
LA_MATERIEL_INFO_202605072,Ecran,jusqu'à 23pouces,350
LA_MATERIEL_INFO_202605073,PC fixe tout-en-un,iMac 27pouces retina,450
LA_MATERIEL_INFO_202605074,PC portable,Moyenne 14/15pouces,294
LA_MATERIEL_INFO_202605075,Smartphone,modèle par défaut,63
LA_MATERIEL_INFO_202605076,Serveur,Serveur de stockage,2500
LA_MATERIEL_INFO_202605077,,Precision 7xxx,304
LA_MATERIEL_INFO_202605078,Serveur,Serveur de stockage,2500
LA_MATERIEL_INFO_202605079,PC fixe sans ecran,PC Fixe (moy),300
NewYork_MATERIEL_INFO_202605070,,Transportable,94
NewYork_MATERIEL_INFO_202605071,imprimante,Laser à poser (<40kg),430
NewYork_MATERIEL_INFO_202605072,PC fixe sans ecran,Station de travail (moy),600
NewYork_MATERIEL_INFO_202605073,,iMac 21pouces,290
NewYork_MATERIEL_INFO_202605074,PC fixe sans ecran,Precision tower 5xxx,440
NewYork_MATERIEL_INFO_202605075,PC portable,Precision 3xxx,266
Paris_MATERIEL_INFO_202605070,Ecran,32pouces et plus,590
Paris_MATERIEL_INFO_202605071,,OMEN,290
Paris_MATERIEL_INFO_202605072,,32pouces et plus,590
Paris_MATERIEL_INFO_202605073,Vidéo projecteur,Pour salle,150
Shanghai_MATERIEL_INFO_202605070,souris,modèle par défaut,5
Shanghai_MATERIEL_INFO_202605071,,Rasberry pi 4,15
Shanghai_MATERIEL_INFO_202605072,,Optiplex All-in-One 3xxx,241
Shanghai_MATERIEL_INFO_202605073,,Mac pro,900
Shanghai_MATERIEL_INFO_202605074,PC fixe tout-en-un,iMac 21pouces retina,300
Shanghai_MATERIEL_INFO_202605075,PC fixe sans ecran,Precision tower 3xxx,285
Shanghai_MATERIEL_INFO_202605076,PC fixe sans ecran,Optiplex micro,174
Shanghai_MATERIEL_INFO_202605077,PC fixe tout-en-un,Optiplex All-in-One 3xxx,241
Shanghai_MATERIEL_INFO_202605078,Serveur,Serveur de stockage,2500
BERLIN_MATERIEL_INFO_202605080,PC portable,EliteBook 8xx,290
BERLIN_MATERIEL_INFO_202605081,,Latitude 3xxx,220
BERLIN_MATERIEL_INFO_202605082,Borne wifi,modèle par défaut,10
BERLIN_MATERIEL_INFO_202605083,,Optiplex All-in-One 3xxx,241
LONDON_MATERIEL_INFO_202605080,Borne wifi,modèle par défaut,10
LONDON_MATERIEL_INFO_202605081,PC portable,Precision 7xxx,304
LA_MATERIEL_INFO_202605080,PC fixe tout-en-un,iMac 27pouces retina,450
LA_MATERIEL_INFO_202605081,Vidéo projecteur,modèle par défaut,94
LA_MATERIEL_INFO_202605082,PC fixe sans ecran,Rasberry pi 4,15
LA_MATERIEL_INFO_202605083,,Chromebook 14-15pouces,170
LA_MATERIEL_INFO_202605084,PC fixe sans ecran,Rasberry pi 4,15
LA_MATERIEL_INFO_202605085,PC portable,MacBook air,250
LA_MATERIEL_INFO_202605086,imprimante,modèle par défaut,500
LA_MATERIEL_INFO_202605087,PC fixe tout-en-un,modèle par défaut,352
LA_MATERIEL_INFO_202605088,PC portable,MacBook pro 13pouces,256
LA_MATERIEL_INFO_202605089,PC fixe sans ecran,Wyse thin client,69
LA_MATERIEL_INFO_2026050810,,MacBook pro 15/16pouces,330
NewYork_MATERIEL_INFO_202605080,PC portable,MacBook air retina,176
NewYork_MATERIEL_INFO_202605081,PC fixe tout-en-un,iMac 27pouces retina,450
NewYork_MATERIEL_INFO_202605082,PC portable,Precision 5xxx,280
NewYork_MATERIEL_INFO_202605083,,PC Fixe (moy),300
NewYork_MATERIEL_INFO_202605084,PC fixe sans ecran,Optiplex micro,174
NewYork_MATERIEL_INFO_202605085,PC fixe sans ecran,OMEN,290
NewYork_MATERIEL_INFO_202605086,PC fixe sans ecran,"Prodesk (Tower, SFF)",322
NewYork_MATERIEL_INFO_202605087,,Z,409
NewYork_MATERIEL_INFO_202605088,,EliteBook 10xx,223
NewYork_MATERIEL_INFO_202605089,,"Elite (Tower, SFF, One)",393
NewYork_MATERIEL_INFO_2026050810,PC portable,,260
NewYork_MATERIEL_INFO_2026050811,PC fixe tout-en-un,iMac pro,700
NewYork_MATERIEL_INFO_2026050812,PC portable,ZBook,303
NewYork_MATERIEL_INFO_2026050813,PC fixe sans ecran,Mac pro,900
Paris_MATERIEL_INFO_202605080,,modèle par défaut,350
Paris_MATERIEL_INFO_202605081,imprimante,Laser A3 (>100kg),1800
Paris_MATERIEL_INFO_202605082,PC fixe tout-en-un,Mac pro,900
Paris_MATERIEL_INFO_202605083,Disque dur,modèle par défaut,10
Paris_MATERIEL_INFO_202605084,PC fixe sans ecran,Mac pro,900
Paris_MATERIEL_INFO_202605085,PC fixe tout-en-un,iMac 27pouces retina,450
Paris_MATERIEL_INFO_202605086,PC portable,ProBook,226
Shanghai_MATERIEL_INFO_202605080,PC fixe sans ecran,Precision tower 7xxx,555
Shanghai_MATERIEL_INFO_202605081,,MacBook air,250
Shanghai_MATERIEL_INFO_202605082,PC fixe tout-en-un,Optiplex All-in-One 5xxx,318
Shanghai_MATERIEL_INFO_202605083,clavier,modèle par défaut,24
BERLIN_MATERIEL_INFO_202605090,souris,,5
BERLIN_MATERIEL_INFO_202605091,PC fixe sans ecran,PC Fixe (moy),300
BERLIN_MATERIEL_INFO_202605092,PC fixe sans ecran,OMEN,290
BERLIN_MATERIEL_INFO_202605093,Station d'accueil,modèle par défaut,26
BERLIN_MATERIEL_INFO_202605094,PC portable,Victus,267
LONDON_MATERIEL_INFO_202605090,PC portable,EliteBook 6xx,175
LONDON_MATERIEL_INFO_202605091,PC portable,Chromebook 14-15pouces,170
LA_MATERIEL_INFO_202605090,PC portable,Chromebook 14-15pouces,170
LA_MATERIEL_INFO_202605091,Disque dur,modèle par défaut,10
LA_MATERIEL_INFO_202605092,PC fixe sans ecran,,350
LA_MATERIEL_INFO_202605093,PC fixe sans ecran,"EliteDesk (Tower, SFF, One)",393
NewYork_MATERIEL_INFO_202605090,PC portable,MacBook air pre-retina,310
NewYork_MATERIEL_INFO_202605091,PC fixe sans ecran,Optiplex micro,174
NewYork_MATERIEL_INFO_202605092,Telephone IP,modèle par défaut,17
NewYork_MATERIEL_INFO_202605093,Ecran,,430
NewYork_MATERIEL_INFO_202605094,PC fixe sans ecran,ZHAN,264
NewYork_MATERIEL_INFO_202605095,PC fixe sans ecran,"Prodesk (Tower, SFF)",322
NewYork_MATERIEL_INFO_202605096,Ecran,jusqu'à 23pouces,350
NewYork_MATERIEL_INFO_202605097,PC fixe sans ecran,Precision tower 7xxx,555
NewYork_MATERIEL_INFO_202605098,PC fixe tout-en-un,Mac pro,900
NewYork_MATERIEL_INFO_202605099,Vidéo projecteur,Transportable,94
Paris_MATERIEL_INFO_202605090,PC fixe tout-en-un,iMac 21pouces retina,300
Paris_MATERIEL_INFO_202605091,PC fixe sans ecran,Station de travail (moy),600
Shanghai_MATERIEL_INFO_202605090,,EliteBook 8xx,290
Shanghai_MATERIEL_INFO_202605091,Ecran,jusqu'à 23pouces,350
Shanghai_MATERIEL_INFO_202605092,,iMac 27pouces retina,450
Shanghai_MATERIEL_INFO_202605093,Serveur,Noeud de calcul,1300
BERLIN_MATERIEL_INFO_202605100,PC fixe sans ecran,Optiplex micro,174
BERLIN_MATERIEL_INFO_202605101,imprimante,Laser A3 (>100kg),1800
BERLIN_MATERIEL_INFO_202605102,Disque dur,modèle par défaut,10
BERLIN_MATERIEL_INFO_202605103,PC portable,Moyenne 13pouces,250
LONDON_MATERIEL_INFO_202605100,PC fixe tout-en-un,iMac pro,700
LONDON_MATERIEL_INFO_202605101,PC fixe tout-en-un,Optiplex All-in-One 7xxx,382
LONDON_MATERIEL_INFO_202605102,Vidéo projecteur,Pour amphi,200
LONDON_MATERIEL_INFO_202605103,,Mac mini,270
LONDON_MATERIEL_INFO_202605104,imprimante,Laser A3 (40-99kg),960
LA_MATERIEL_INFO_202605100,,modèle par défaut,350
LA_MATERIEL_INFO_202605101,PC portable,Chromebook 14-15pouces,170
LA_MATERIEL_INFO_202605102,PC fixe sans ecran,"Elite (Tower, SFF, One)",393
LA_MATERIEL_INFO_202605103,imprimante,modèle par défaut,500
NewYork_MATERIEL_INFO_202605100,PC portable,MacBook air pre-retina,310
NewYork_MATERIEL_INFO_202605101,PC portable,MacBook air pre-retina,310
NewYork_MATERIEL_INFO_202605102,PC portable,,260
NewYork_MATERIEL_INFO_202605103,PC portable,MacBook pro 13pouces,256
Paris_MATERIEL_INFO_202605100,imprimante,modèle par défaut,500
Paris_MATERIEL_INFO_202605101,Station d'accueil,modèle par défaut,26
Paris_MATERIEL_INFO_202605102,,modèle par défaut,350
Paris_MATERIEL_INFO_202605103,imprimante,Laser A3 (>100kg),1800
Paris_MATERIEL_INFO_202605104,Telephone IP,modèle par défaut,17
Paris_MATERIEL_INFO_202605105,imprimante,Laser à poser (<40kg),430
Paris_MATERIEL_INFO_202605106,PC fixe sans ecran,Precision tower 7xxx,555
Paris_MATERIEL_INFO_202605107,PC portable,Moyenne 17pouces,365
Shanghai_MATERIEL_INFO_202605100,PC portable,OMEN,290
Shanghai_MATERIEL_INFO_202605101,PC portable,Moyenne 13pouces,250
Shanghai_MATERIEL_INFO_202605102,,modèle par défaut,350
Shanghai_MATERIEL_INFO_202605103,PC fixe tout-en-un,Optiplex All-in-One 7xxx,382
Shanghai_MATERIEL_INFO_202605104,PC portable,Precision 3xxx,266
Shanghai_MATERIEL_INFO_202605105,PC portable,EliteBook 8xx,290
Shanghai_MATERIEL_INFO_202605106,Station d'accueil,modèle par défaut,26
Shanghai_MATERIEL_INFO_202605107,Disque dur,modèle par défaut,10
Shanghai_MATERIEL_INFO_202605108,PC portable,,260
Shanghai_MATERIEL_INFO_202605109,PC fixe tout-en-un,iMac 27pouces retina,450
Shanghai_MATERIEL_INFO_2026051010,PC fixe tout-en-un,Optiplex All-in-One 5xxx,318
Shanghai_MATERIEL_INFO_2026051011,PC fixe sans ecran,,350
Shanghai_MATERIEL_INFO_2026051012,PC fixe sans ecran,Wyse thin client,69
Shanghai_MATERIEL_INFO_2026051013,PC fixe sans ecran,Mac mini,270
BERLIN_MATERIEL_INFO_202605110,,modèle par défaut,350
BERLIN_MATERIEL_INFO_202605111,PC fixe sans ecran,,350
BERLIN_MATERIEL_INFO_202605112,PC fixe sans ecran,"Prodesk (Tower, SFF)",322
BERLIN_MATERIEL_INFO_202605113,PC fixe sans ecran,Wyse thin client,69
LONDON_MATERIEL_INFO_202605110,PC fixe tout-en-un,Optiplex All-in-One 3xxx,241
LONDON_MATERIEL_INFO_202605111,PC portable,ZBook,303
LONDON_MATERIEL_INFO_202605112,Tablette,modèle par défaut,150
LONDON_MATERIEL_INFO_202605113,PC fixe tout-en-un,Mac pro,900
LONDON_MATERIEL_INFO_202605114,PC fixe sans ecran,Precision tower 5xxx,440
LONDON_MATERIEL_INFO_202605115,PC portable,MacBook air pre-retina,310
LONDON_MATERIEL_INFO_202605116,,Z,409
LONDON_MATERIEL_INFO_202605117,PC portable,Latitude 3xxx,220
LONDON_MATERIEL_INFO_202605118,Smartphone,modèle par défaut,63
LONDON_MATERIEL_INFO_202605119,Disque dur,modèle par défaut,10
LONDON_MATERIEL_INFO_2026051110,,EliteBook 10xx,223
LA_MATERIEL_INFO_202605110,clavier,modèle par défaut,24
LA_MATERIEL_INFO_202605111,PC portable,Moyenne 13pouces,250
LA_MATERIEL_INFO_202605112,Vidéo projecteur,modèle par défaut,94
LA_MATERIEL_INFO_202605113,,modèle par défaut,350
LA_MATERIEL_INFO_202605114,PC fixe sans ecran,modèle par défaut,350
LA_MATERIEL_INFO_202605115,,ProBook,226
LA_MATERIEL_INFO_202605116,,EliteBook 8xx,290
LA_MATERIEL_INFO_202605117,PC fixe sans ecran,Mac pro,900
LA_MATERIEL_INFO_202605118,imprimante,Laser A3 (40-99kg),960
LA_MATERIEL_INFO_202605119,,Precision tower 7xxx,555
LA_MATERIEL_INFO_2026051110,PC fixe sans ecran,PC Fixe (moy),300
LA_MATERIEL_INFO_2026051111,Serveur,Serveur de stockage,2500
LA_MATERIEL_INFO_2026051112,PC portable,MacBook air,250
LA_MATERIEL_INFO_2026051113,PC portable,Latitude 5xxx,300
NewYork_MATERIEL_INFO_202605110,PC fixe sans ecran,Optiplex micro,174
NewYork_MATERIEL_INFO_202605111,PC fixe sans ecran,Precision tower 5xxx,440
NewYork_MATERIEL_INFO_202605112,Ecran,jusqu'à 23pouces,350
NewYork_MATERIEL_INFO_202605113,PC portable,Moyenne 13pouces,250
NewYork_MATERIEL_INFO_202605114,Tablette,modèle par défaut,150
NewYork_MATERIEL_INFO_202605115,PC fixe tout-en-un,iMac pro,700
NewYork_MATERIEL_INFO_202605116,Smartphone,,63
NewYork_MATERIEL_INFO_202605117,PC portable,MacBook air pre-retina,310
NewYork_MATERIEL_INFO_202605118,,modèle par défaut,350
Paris_MATERIEL_INFO_202605110,,EliteBook 8xx,290
Paris_MATERIEL_INFO_202605111,PC fixe sans ecran,PC Fixe (moy),300
Paris_MATERIEL_INFO_202605112,Serveur,Modèle par défaut,1300
Paris_MATERIEL_INFO_202605113,,modèle par défaut,350
Paris_MATERIEL_INFO_202605114,,iMac pro,700
Paris_MATERIEL_INFO_202605115,PC fixe tout-en-un,Optiplex All-in-One 3xxx,241
Paris_MATERIEL_INFO_202605116,Serveur,Serveur de stockage,2500
Paris_MATERIEL_INFO_202605117,,iMac 21pouces retina,300
Paris_MATERIEL_INFO_202605118,PC fixe tout-en-un,Optiplex All-in-One 3xxx,241
Paris_MATERIEL_INFO_202605119,PC portable,Precision 7xxx,304
Paris_MATERIEL_INFO_2026051110,PC portable,MacBook pro 15/16pouces,330
Shanghai_MATERIEL_INFO_202605110,PC portable,ProBook,226
Shanghai_MATERIEL_INFO_202605111,Ecran,24pouces-31pouces,430
Shanghai_MATERIEL_INFO_202605112,Ecran,modèle par défaut,430
Shanghai_MATERIEL_INFO_202605113,,Noeud de calcul,1300
BERLIN_MATERIEL_INFO_202605120,PC fixe sans ecran,PC Fixe (moy),300
BERLIN_MATERIEL_INFO_202605121,PC fixe tout-en-un,Optiplex All-in-One 5xxx,318
BERLIN_MATERIEL_INFO_202605122,PC portable,MacBook pro 13pouces,256
LONDON_MATERIEL_INFO_202605120,PC portable,Chromebook 11-13pouces,175
LONDON_MATERIEL_INFO_202605121,PC portable,MacBook pro 13pouces,256
LONDON_MATERIEL_INFO_202605122,PC fixe tout-en-un,iMac 27pouces retina,450
LONDON_MATERIEL_INFO_202605123,PC fixe sans ecran,Precision tower 7xxx,555
LONDON_MATERIEL_INFO_202605124,,"EliteDesk (Tower, SFF, One)",393
LONDON_MATERIEL_INFO_202605125,PC fixe sans ecran,modèle par défaut,350
LONDON_MATERIEL_INFO_202605126,imprimante,modèle par défaut,500
LA_MATERIEL_INFO_202605120,PC fixe sans ecran,Elite mini,137
LA_MATERIEL_INFO_202605121,Disque dur,modèle par défaut,10
LA_MATERIEL_INFO_202605122,Ecran,32pouces et plus,590
LA_MATERIEL_INFO_202605123,PC portable,Precision 5xxx,280
LA_MATERIEL_INFO_202605124,PC fixe tout-en-un,iMac 27pouces retina,450
NewYork_MATERIEL_INFO_202605120,PC portable,EliteBook 10xx,223
NewYork_MATERIEL_INFO_202605121,PC portable,ProBook,226
NewYork_MATERIEL_INFO_202605122,PC fixe sans ecran,Z,409
NewYork_MATERIEL_INFO_202605123,Ecran,jusqu'à 23pouces,350
NewYork_MATERIEL_INFO_202605124,,PC Fixe (moy),300
NewYork_MATERIEL_INFO_202605125,,OMEN,290
NewYork_MATERIEL_INFO_202605126,Vidéo projecteur,Transportable,94
NewYork_MATERIEL_INFO_202605127,PC fixe sans ecran,Elite mini,137
NewYork_MATERIEL_INFO_202605128,,iMac pro,700
NewYork_MATERIEL_INFO_202605129,,Optiplex All-in-One 7xxx,382
Paris_MATERIEL_INFO_202605120,PC fixe sans ecran,Mac mini,270
Paris_MATERIEL_INFO_202605121,PC fixe tout-en-un,Optiplex All-in-One 3xxx,241
Paris_MATERIEL_INFO_202605122,PC fixe tout-en-un,iMac pro,700
Shanghai_MATERIEL_INFO_202605120,,Transportable,94
Shanghai_MATERIEL_INFO_202605121,PC portable,Moyenne 14/15pouces,294
Shanghai_MATERIEL_INFO_202605122,Vidéo projecteur,Pour amphi,200
Shanghai_MATERIEL_INFO_202605123,PC fixe sans ecran,Elite mini,137
Shanghai_MATERIEL_INFO_202605124,,Noeud de calcul,1300
Shanghai_MATERIEL_INFO_202605125,PC fixe sans ecran,Precision tower 5xxx,440
Shanghai_MATERIEL_INFO_202605126,,modèle par défaut,350
Shanghai_MATERIEL_INFO_202605127,PC fixe sans ecran,Optiplex micro,174
Shanghai_MATERIEL_INFO_202605128,,Mac mini,270
Shanghai_MATERIEL_INFO_202605129,PC portable,Latitude 7xxx,264
Shanghai_MATERIEL_INFO_2026051210,PC fixe sans ecran,Precision tower 3xxx,285
BERLIN_MATERIEL_INFO_202605130,PC fixe sans ecran,Precision tower 7xxx,555
BERLIN_MATERIEL_INFO_202605131,PC portable,,260
BERLIN_MATERIEL_INFO_202605132,Disque dur,modèle par défaut,10
BERLIN_MATERIEL_INFO_202605133,PC fixe sans ecran,,350
LONDON_MATERIEL_INFO_202605130,,Serveur de stockage,2500
LONDON_MATERIEL_INFO_202605131,PC fixe sans ecran,Precision tower 7xxx,555
LONDON_MATERIEL_INFO_202605132,PC portable,MacBook air retina,176
LONDON_MATERIEL_INFO_202605133,,"Elite (Tower, SFF, One)",393
LONDON_MATERIEL_INFO_202605134,PC portable,Moyenne 13pouces,250
LONDON_MATERIEL_INFO_202605135,PC fixe sans ecran,Precision tower 5xxx,440
LONDON_MATERIEL_INFO_202605136,Station d'accueil,modèle par défaut,26
LONDON_MATERIEL_INFO_202605137,PC fixe sans ecran,Station de travail (moy),600
LONDON_MATERIEL_INFO_202605138,,Precision tower 7xxx,555
LONDON_MATERIEL_INFO_202605139,PC fixe sans ecran,Optiplex tower,260
LONDON_MATERIEL_INFO_2026051310,PC portable,Precision 7xxx,304
LONDON_MATERIEL_INFO_2026051311,PC portable,ProBook,226
LA_MATERIEL_INFO_202605130,PC fixe sans ecran,Precision tower 3xxx,285
LA_MATERIEL_INFO_202605131,PC fixe tout-en-un,Optiplex All-in-One 3xxx,241
LA_MATERIEL_INFO_202605132,PC fixe sans ecran,EliteDesk DM,230
LA_MATERIEL_INFO_202605133,PC portable,,260
NewYork_MATERIEL_INFO_202605130,Borne wifi,modèle par défaut,10
NewYork_MATERIEL_INFO_202605131,PC fixe sans ecran,Wyse thin client,69
NewYork_MATERIEL_INFO_202605132,PC portable,ProBook,226
Paris_MATERIEL_INFO_202605130,PC portable,EliteBook 6xx,175
Paris_MATERIEL_INFO_202605131,PC portable,MacBook air pre-retina,310
Paris_MATERIEL_INFO_202605132,,MacBook air retina,176
Paris_MATERIEL_INFO_202605133,souris,modèle par défaut,5
Paris_MATERIEL_INFO_202605134,PC portable,MacBook air pre-retina,310
Paris_MATERIEL_INFO_202605135,PC portable,,260
Paris_MATERIEL_INFO_202605136,PC fixe sans ecran,Precision tower 5xxx,440
Paris_MATERIEL_INFO_202605137,Serveur,Serveur de stockage,2500
Paris_MATERIEL_INFO_202605138,,iMac 27pouces retina,450
Paris_MATERIEL_INFO_202605139,PC portable,,260
Paris_MATERIEL_INFO_2026051310,,Latitude 3xxx,220
Paris_MATERIEL_INFO_2026051311,PC portable,,260
Paris_MATERIEL_INFO_2026051312,,Optiplex micro,174
Paris_MATERIEL_INFO_2026051313,Vidéo projecteur,Transportable,94
Shanghai_MATERIEL_INFO_202605130,Serveur,Modèle par défaut,1300
Shanghai_MATERIEL_INFO_202605131,PC portable,OMEN,290
Shanghai_MATERIEL_INFO_202605132,,modèle par défaut,350
Shanghai_MATERIEL_INFO_202605133,PC fixe sans ecran,"Prodesk (Tower, SFF)",322
Shanghai_MATERIEL_INFO_202605134,PC fixe tout-en-un,iMac 27pouces retina,450
Shanghai_MATERIEL_INFO_202605135,Tablette,modèle par défaut,150
Shanghai_MATERIEL_INFO_202605136,,Optiplex All-in-One 7xxx,382
Shanghai_MATERIEL_INFO_202605137,imprimante,Laser à poser (<40kg),430
Shanghai_MATERIEL_INFO_202605138,PC portable,OMEN,290
BERLIN_MATERIEL_INFO_202605140,PC portable,ZBook,303
BERLIN_MATERIEL_INFO_202605141,PC fixe tout-en-un,iMac pro,700
BERLIN_MATERIEL_INFO_202605142,,MacBook pro 15/16pouces,330
BERLIN_MATERIEL_INFO_202605143,PC portable,,260
BERLIN_MATERIEL_INFO_202605144,PC fixe tout-en-un,modèle par défaut,352
LONDON_MATERIEL_INFO_202605140,PC fixe sans ecran,Station de travail (moy),600
LONDON_MATERIEL_INFO_202605141,,PC Fixe (moy),300
LONDON_MATERIEL_INFO_202605142,Telephone IP,modèle par défaut,17
LONDON_MATERIEL_INFO_202605143,PC portable,MacBook air pre-retina,310
LONDON_MATERIEL_INFO_202605144,PC fixe sans ecran,Optiplex tower,260
LONDON_MATERIEL_INFO_202605145,imprimante,Laser A3 (>100kg),1800
LA_MATERIEL_INFO_202605140,PC fixe sans ecran,Elite mini,137
LA_MATERIEL_INFO_202605141,PC fixe sans ecran,,350
LA_MATERIEL_INFO_202605142,,Precision tower 7xxx,555
LA_MATERIEL_INFO_202605143,,Mac mini,270
LA_MATERIEL_INFO_202605144,,"Prodesk (Tower, SFF)",322
NewYork_MATERIEL_INFO_202605140,Serveur,Noeud de calcul,1300
NewYork_MATERIEL_INFO_202605141,PC fixe tout-en-un,iMac 21pouces,290
NewYork_MATERIEL_INFO_202605142,PC fixe sans ecran,Station de travail (moy),600
NewYork_MATERIEL_INFO_202605143,PC fixe tout-en-un,Mac pro,900
NewYork_MATERIEL_INFO_202605144,PC fixe sans ecran,ProDesk mini/DM,100
NewYork_MATERIEL_INFO_202605145,PC fixe sans ecran,OMEN,290
NewYork_MATERIEL_INFO_202605146,Telephone IP,modèle par défaut,17
Paris_MATERIEL_INFO_202605140,PC portable,EliteBook 10xx,223
Paris_MATERIEL_INFO_202605141,Vidéo projecteur,Transportable,94
Paris_MATERIEL_INFO_202605142,,modèle par défaut,350
Paris_MATERIEL_INFO_202605143,PC fixe sans ecran,ZHAN,264
Paris_MATERIEL_INFO_202605144,PC fixe sans ecran,Z,409
Shanghai_MATERIEL_INFO_202605140,,Precision tower 7xxx,555
Shanghai_MATERIEL_INFO_202605141,,iMac 21pouces,290
Shanghai_MATERIEL_INFO_202605142,PC fixe sans ecran,modèle par défaut,350
Shanghai_MATERIEL_INFO_202605143,PC portable,,260
Shanghai_MATERIEL_INFO_202605144,PC fixe sans ecran,Station de travail (moy),600
Shanghai_MATERIEL_INFO_202605145,PC portable,Precision 7xxx,304
Shanghai_MATERIEL_INFO_202605146,PC portable,Moyenne 14/15pouces,294
Shanghai_MATERIEL_INFO_202605147,PC fixe tout-en-un,Optiplex All-in-One 3xxx,241
Shanghai_MATERIEL_INFO_202605148,Vidéo projecteur,modèle par défaut,94
Shanghai_MATERIEL_INFO_202605149,Vidéo projecteur,modèle par défaut,94
BERLIN_MATERIEL_INFO_202605150,,Chromebook 11-13pouces,175
BERLIN_MATERIEL_INFO_202605151,Ecran,modèle par défaut,430
LONDON_MATERIEL_INFO_202605150,PC portable,MacBook air,250
LONDON_MATERIEL_INFO_202605151,,ZBook Studio,379
LONDON_MATERIEL_INFO_202605152,PC portable,MacBook air,250
LONDON_MATERIEL_INFO_202605153,PC fixe sans ecran,modèle par défaut,350
LONDON_MATERIEL_INFO_202605154,imprimante,,500
LONDON_MATERIEL_INFO_202605155,PC fixe sans ecran,Optiplex tower,260
LA_MATERIEL_INFO_202605150,imprimante,,500
LA_MATERIEL_INFO_202605151,Vidéo projecteur,Pour amphi,200
LA_MATERIEL_INFO_202605152,,ProBook,226
LA_MATERIEL_INFO_202605153,PC fixe sans ecran,OMEN,290
LA_MATERIEL_INFO_202605154,PC portable,Precision 3xxx,266
LA_MATERIEL_INFO_202605155,Vidéo projecteur,Transportable,94
LA_MATERIEL_INFO_202605156,PC fixe sans ecran,,350
LA_MATERIEL_INFO_202605157,Tablette,modèle par défaut,150
LA_MATERIEL_INFO_202605158,PC portable,,260
LA_MATERIEL_INFO_202605159,Borne wifi,modèle par défaut,10
NewYork_MATERIEL_INFO_202605150,,modèle par défaut,350
NewYork_MATERIEL_INFO_202605151,,Victus,267
NewYork_MATERIEL_INFO_202605152,,MacBook air pre-retina,310
NewYork_MATERIEL_INFO_202605153,PC portable,Chromebook 11-13pouces,175
NewYork_MATERIEL_INFO_202605154,PC fixe sans ecran,,350
NewYork_MATERIEL_INFO_202605155,Ecran,32pouces et plus,590
NewYork_MATERIEL_INFO_202605156,Serveur,Noeud de calcul,1300
NewYork_MATERIEL_INFO_202605157,PC portable,OMEN,290
NewYork_MATERIEL_INFO_202605158,Ecran,32pouces et plus,590
Paris_MATERIEL_INFO_202605150,Station d'accueil,modèle par défaut,26
Paris_MATERIEL_INFO_202605151,PC fixe sans ecran,EliteDesk DM,230
Paris_MATERIEL_INFO_202605152,Disque dur,modèle par défaut,10
Paris_MATERIEL_INFO_202605153,PC portable,Latitude 3xxx,220
Paris_MATERIEL_INFO_202605154,PC fixe sans ecran,ProDesk mini/DM,100
Paris_MATERIEL_INFO_202605155,,Precision tower 7xxx,555
Paris_MATERIEL_INFO_202605156,PC fixe sans ecran,Optiplex micro,174
Shanghai_MATERIEL_INFO_202605150,,modèle par défaut,350
Shanghai_MATERIEL_INFO_202605151,Serveur,Serveur de stockage,2500
Shanghai_MATERIEL_INFO_202605152,PC portable,ProBook,226
Shanghai_MATERIEL_INFO_202605153,PC fixe sans ecran,Mac pro,900
BERLIN_MATERIEL_INFO_202605160,,Chromebook 11-13pouces,175
BERLIN_MATERIEL_INFO_202605161,PC portable,Precision 3xxx,266
BERLIN_MATERIEL_INFO_202605162,,modèle par défaut,350
BERLIN_MATERIEL_INFO_202605163,PC portable,Latitude 5xxx,300
BERLIN_MATERIEL_INFO_202605164,PC portable,Latitude 3xxx,220
BERLIN_MATERIEL_INFO_202605165,,iMac 27pouces retina,450
LONDON_MATERIEL_INFO_202605160,PC fixe tout-en-un,iMac pro,700
LONDON_MATERIEL_INFO_202605161,PC portable,Moyenne 13pouces,250
LONDON_MATERIEL_INFO_202605162,PC portable,Moyenne 14/15pouces,294
LONDON_MATERIEL_INFO_202605163,Borne wifi,,10
LONDON_MATERIEL_INFO_202605164,,modèle par défaut,350
LA_MATERIEL_INFO_202605160,PC fixe tout-en-un,Optiplex All-in-One 7xxx,382
LA_MATERIEL_INFO_202605161,PC fixe tout-en-un,Mac pro,900
LA_MATERIEL_INFO_202605162,PC fixe sans ecran,Station de travail (moy),600
LA_MATERIEL_INFO_202605163,PC portable,,260
LA_MATERIEL_INFO_202605164,Smartphone,modèle par défaut,63
LA_MATERIEL_INFO_202605165,PC fixe tout-en-un,,352
LA_MATERIEL_INFO_202605166,Vidéo projecteur,Pour salle,150
LA_MATERIEL_INFO_202605167,PC portable,MacBook pro 13pouces,256
LA_MATERIEL_INFO_202605168,,ZBook,303
LA_MATERIEL_INFO_202605169,Serveur,Serveur de stockage,2500
LA_MATERIEL_INFO_2026051610,imprimante,Laser A3 (>100kg),1800
LA_MATERIEL_INFO_2026051611,PC fixe sans ecran,ProDesk mini/DM,100
LA_MATERIEL_INFO_2026051612,souris,modèle par défaut,5
NewYork_MATERIEL_INFO_202605160,,Latitude 7xxx,264
NewYork_MATERIEL_INFO_202605161,,modèle par défaut,350
NewYork_MATERIEL_INFO_202605162,PC fixe sans ecran,Precision tower 5xxx,440
NewYork_MATERIEL_INFO_202605163,Borne wifi,modèle par défaut,10
Paris_MATERIEL_INFO_202605160,PC fixe tout-en-un,iMac 21pouces retina,300
Paris_MATERIEL_INFO_202605161,Ecran,modèle par défaut,430
Paris_MATERIEL_INFO_202605162,PC portable,Latitude 7xxx,264
Paris_MATERIEL_INFO_202605163,,PC Fixe (moy),300
Paris_MATERIEL_INFO_202605164,Ecran,modèle par défaut,430
Paris_MATERIEL_INFO_202605165,PC portable,Latitude 7xxx,264
Paris_MATERIEL_INFO_202605166,PC fixe sans ecran,OMEN,290
Paris_MATERIEL_INFO_202605167,Serveur,Modèle par défaut,1300
Paris_MATERIEL_INFO_202605168,PC fixe sans ecran,Rasberry pi 4,15
Shanghai_MATERIEL_INFO_202605160,,Laser A3 (40-99kg),960
Shanghai_MATERIEL_INFO_202605161,PC fixe sans ecran,ProDesk mini/DM,100
Shanghai_MATERIEL_INFO_202605162,PC portable,Moyenne 17pouces,365
Shanghai_MATERIEL_INFO_202605163,PC portable,Victus,267
Shanghai_MATERIEL_INFO_202605164,PC portable,,260
BERLIN_MATERIEL_INFO_202605170,PC portable,MacBook air retina,176
BERLIN_MATERIEL_INFO_202605171,Serveur,Noeud de calcul,1300
LONDON_MATERIEL_INFO_202605170,PC fixe sans ecran,Precision tower 7xxx,555
LONDON_MATERIEL_INFO_202605171,PC fixe sans ecran,OMEN,290
LONDON_MATERIEL_INFO_202605172,PC fixe sans ecran,Precision tower 7xxx,555
LONDON_MATERIEL_INFO_202605173,,EliteDesk DM,230
LONDON_MATERIEL_INFO_202605174,,EliteBook 10xx,223
LONDON_MATERIEL_INFO_202605175,PC fixe sans ecran,Mac pro,900
LONDON_MATERIEL_INFO_202605176,Ecran,,430
LONDON_MATERIEL_INFO_202605177,PC fixe tout-en-un,Optiplex All-in-One 5xxx,318
LA_MATERIEL_INFO_202605170,,Optiplex All-in-One 3xxx,241
LA_MATERIEL_INFO_202605171,PC portable,Latitude 5xxx,300
LA_MATERIEL_INFO_202605172,,Precision tower 7xxx,555
LA_MATERIEL_INFO_202605173,PC portable,Moyenne 14/15pouces,294
LA_MATERIEL_INFO_202605174,PC portable,ZBook,303
LA_MATERIEL_INFO_202605175,PC portable,EliteBook 6xx,175
LA_MATERIEL_INFO_202605176,PC portable,Chromebook 14-15pouces,170
NewYork_MATERIEL_INFO_202605170,PC fixe sans ecran,Precision tower 7xxx,555
NewYork_MATERIEL_INFO_202605171,,Precision 5xxx,280
NewYork_MATERIEL_INFO_202605172,PC fixe sans ecran,EliteDesk DM,230
NewYork_MATERIEL_INFO_202605173,Ecran,32pouces et plus,590
NewYork_MATERIEL_INFO_202605174,PC portable,Chromebook 11-13pouces,175
NewYork_MATERIEL_INFO_202605175,PC fixe sans ecran,modèle par défaut,350
NewYork_MATERIEL_INFO_202605176,PC fixe tout-en-un,Optiplex All-in-One 7xxx,382
Paris_MATERIEL_INFO_202605170,PC portable,ProBook,226
Paris_MATERIEL_INFO_202605171,PC portable,MacBook air retina,176
Shanghai_MATERIEL_INFO_202605170,,Victus,267
Shanghai_MATERIEL_INFO_202605171,PC fixe tout-en-un,iMac 27pouces retina,450
Shanghai_MATERIEL_INFO_202605172,,MacBook air pre-retina,310
Shanghai_MATERIEL_INFO_202605173,PC portable,MacBook air pre-retina,310
Shanghai_MATERIEL_INFO_202605174,PC fixe sans ecran,,350
Shanghai_MATERIEL_INFO_202605175,,Precision tower 5xxx,440
Shanghai_MATERIEL_INFO_202605176,PC fixe sans ecran,ZHAN,264
Shanghai_MATERIEL_INFO_202605177,PC portable,MacBook pro 15/16pouces,330
Shanghai_MATERIEL_INFO_202605178,PC fixe sans ecran,Mac mini,270
Shanghai_MATERIEL_INFO_202605179,,Mac pro,900
Shanghai_MATERIEL_INFO_2026051710,Serveur,Noeud de calcul,1300
Shanghai_MATERIEL_INFO_2026051711,Ecran,jusqu'à 23pouces,350
Shanghai_MATERIEL_INFO_2026051712,PC portable,ZBook Studio,379
Shanghai_MATERIEL_INFO_2026051713,PC portable,Latitude 7xxx,264
BERLIN_MATERIEL_INFO_202605180,,Mac mini,270
BERLIN_MATERIEL_INFO_202605181,PC portable,MacBook air pre-retina,310
BERLIN_MATERIEL_INFO_202605182,PC fixe tout-en-un,iMac pro,700
BERLIN_MATERIEL_INFO_202605183,PC fixe sans ecran,Elite mini,137
BERLIN_MATERIEL_INFO_202605184,Telephone IP,,17
BERLIN_MATERIEL_INFO_202605185,PC fixe tout-en-un,,352
LONDON_MATERIEL_INFO_202605180,PC portable,EliteBook 10xx,223
LONDON_MATERIEL_INFO_202605181,,modèle par défaut,350
LONDON_MATERIEL_INFO_202605182,PC fixe tout-en-un,iMac 21pouces retina,300
LONDON_MATERIEL_INFO_202605183,PC portable,,260
LONDON_MATERIEL_INFO_202605184,PC portable,MacBook air retina,176
LONDON_MATERIEL_INFO_202605185,PC fixe sans ecran,Station de travail (moy),600
LONDON_MATERIEL_INFO_202605186,PC portable,Chromebook 11-13pouces,175
LA_MATERIEL_INFO_202605180,Tablette,modèle par défaut,150
LA_MATERIEL_INFO_202605181,clavier,modèle par défaut,24
LA_MATERIEL_INFO_202605182,,modèle par défaut,350
LA_MATERIEL_INFO_202605183,PC portable,,260
LA_MATERIEL_INFO_202605184,,Chromebook 14-15pouces,170
LA_MATERIEL_INFO_202605185,,MacBook pro 13pouces,256
LA_MATERIEL_INFO_202605186,PC fixe sans ecran,,350
LA_MATERIEL_INFO_202605187,PC fixe sans ecran,,350
LA_MATERIEL_INFO_202605188,,iMac 21pouces retina,300
LA_MATERIEL_INFO_202605189,PC portable,EliteBook 10xx,223
LA_MATERIEL_INFO_2026051810,Vidéo projecteur,Pour salle,150
LA_MATERIEL_INFO_2026051811,PC portable,,260
LA_MATERIEL_INFO_2026051812,,MacBook pro 15/16pouces,330
LA_MATERIEL_INFO_2026051813,PC fixe sans ecran,Optiplex small,240
NewYork_MATERIEL_INFO_202605180,,"Prodesk (Tower, SFF)",322
NewYork_MATERIEL_INFO_202605181,PC fixe sans ecran,Mac pro,900
NewYork_MATERIEL_INFO_202605182,PC fixe sans ecran,Rasberry pi 4,15
NewYork_MATERIEL_INFO_202605183,imprimante,Laser A3 (40-99kg),960
Paris_MATERIEL_INFO_202605180,Station d'accueil,,26
Paris_MATERIEL_INFO_202605181,PC portable,ZBook Studio,379
Paris_MATERIEL_INFO_202605182,Serveur,,1300
Paris_MATERIEL_INFO_202605183,Vidéo projecteur,Pour salle,150
Paris_MATERIEL_INFO_202605184,Station d'accueil,modèle par défaut,26
Shanghai_MATERIEL_INFO_202605180,Serveur,Noeud de calcul,1300
Shanghai_MATERIEL_INFO_202605181,PC fixe sans ecran,EliteDesk DM,230
Shanghai_MATERIEL_INFO_202605182,Vidéo projecteur,Pour amphi,200
Shanghai_MATERIEL_INFO_202605183,imprimante,Laser à poser (<40kg),430
Shanghai_MATERIEL_INFO_202605184,PC fixe sans ecran,"Elite (Tower, SFF, One)",393
Shanghai_MATERIEL_INFO_202605185,PC fixe tout-en-un,Optiplex All-in-One 7xxx,382
Shanghai_MATERIEL_INFO_202605186,clavier,modèle par défaut,24
BERLIN_MATERIEL_INFO_202605190,Smartphone,modèle par défaut,63
BERLIN_MATERIEL_INFO_202605191,,Chromebook 14-15pouces,170
BERLIN_MATERIEL_INFO_202605192,PC fixe tout-en-un,Mac pro,900
LONDON_MATERIEL_INFO_202605190,PC fixe tout-en-un,iMac pro,700
LONDON_MATERIEL_INFO_202605191,imprimante,Laser à poser (<40kg),430
LONDON_MATERIEL_INFO_202605192,PC fixe tout-en-un,iMac 21pouces retina,300
LONDON_MATERIEL_INFO_202605193,Vidéo projecteur,Pour amphi,200
LONDON_MATERIEL_INFO_202605194,,Chromebook 11-13pouces,175
LONDON_MATERIEL_INFO_202605195,PC fixe sans ecran,Optiplex micro,174
LONDON_MATERIEL_INFO_202605196,,"EliteDesk (Tower, SFF, One)",393
LONDON_MATERIEL_INFO_202605197,PC fixe sans ecran,,350
LONDON_MATERIEL_INFO_202605198,PC fixe sans ecran,,350
LONDON_MATERIEL_INFO_202605199,Ecran,32pouces et plus,590
LONDON_MATERIEL_INFO_2026051910,PC portable,EliteBook 10xx,223
LA_MATERIEL_INFO_202605190,PC portable,OMEN,290
LA_MATERIEL_INFO_202605191,imprimante,Laser à poser (<40kg),430
LA_MATERIEL_INFO_202605192,PC portable,Chromebook 14-15pouces,170
LA_MATERIEL_INFO_202605193,PC portable,modèle par défaut,260
LA_MATERIEL_INFO_202605194,PC fixe sans ecran,ProDesk mini/DM,100
LA_MATERIEL_INFO_202605195,PC portable,,260
LA_MATERIEL_INFO_202605196,Borne wifi,modèle par défaut,10
LA_MATERIEL_INFO_202605197,PC portable,,260
LA_MATERIEL_INFO_202605198,PC fixe sans ecran,Mac mini,270
LA_MATERIEL_INFO_202605199,imprimante,Laser à poser (<40kg),430
LA_MATERIEL_INFO_2026051910,PC fixe sans ecran,ProDesk mini/DM,100
NewYork_MATERIEL_INFO_202605190,imprimante,Laser A3 (40-99kg),960
NewYork_MATERIEL_INFO_202605191,,Moyenne 17pouces,365
Paris_MATERIEL_INFO_202605190,PC fixe sans ecran,"Elite (Tower, SFF, One)",393
Paris_MATERIEL_INFO_202605191,PC fixe tout-en-un,iMac 27pouces retina,450
Paris_MATERIEL_INFO_202605192,,modèle par défaut,350
Paris_MATERIEL_INFO_202605193,PC portable,ZBook Studio,379
Paris_MATERIEL_INFO_202605194,,Chromebook 11-13pouces,175
Paris_MATERIEL_INFO_202605195,Ecran,jusqu'à 23pouces,350
Paris_MATERIEL_INFO_202605196,PC fixe tout-en-un,iMac pro,700
Paris_MATERIEL_INFO_202605197,PC fixe sans ecran,Mac pro,900
Paris_MATERIEL_INFO_202605198,,"Prodesk (Tower, SFF)",322
Paris_MATERIEL_INFO_202605199,PC fixe sans ecran,,350
Paris_MATERIEL_INFO_2026051910,imprimante,Laser A3 (>100kg),1800
Paris_MATERIEL_INFO_2026051911,imprimante,modèle par défaut,500
Paris_MATERIEL_INFO_2026051912,PC fixe tout-en-un,iMac 21pouces retina,300
Paris_MATERIEL_INFO_2026051913,PC portable,ZBook Studio,379
Shanghai_MATERIEL_INFO_202605190,Borne wifi,modèle par défaut,10
Shanghai_MATERIEL_INFO_202605191,PC portable,EliteBook 8xx,290
Shanghai_MATERIEL_INFO_202605192,PC portable,Chromebook 14-15pouces,170
Shanghai_MATERIEL_INFO_202605193,PC fixe sans ecran,EliteDesk DM,230
BERLIN_MATERIEL_INFO_202605200,,EliteBook 8xx,290
BERLIN_MATERIEL_INFO_202605201,PC portable,EliteBook 10xx,223
BERLIN_MATERIEL_INFO_202605202,PC fixe sans ecran,Optiplex tower,260
BERLIN_MATERIEL_INFO_202605203,,Elite mini,137
LONDON_MATERIEL_INFO_202605200,PC portable,Latitude 7xxx,264
LONDON_MATERIEL_INFO_202605201,souris,modèle par défaut,5
LONDON_MATERIEL_INFO_202605202,PC portable,modèle par défaut,260
LONDON_MATERIEL_INFO_202605203,PC fixe sans ecran,Precision tower 7xxx,555
LONDON_MATERIEL_INFO_202605204,PC fixe sans ecran,Mac pro,900
LONDON_MATERIEL_INFO_202605205,PC fixe sans ecran,Wyse thin client,69
LONDON_MATERIEL_INFO_202605206,PC portable,ProBook,226
LONDON_MATERIEL_INFO_202605207,PC portable,OMEN,290
LONDON_MATERIEL_INFO_202605208,,Optiplex micro,174
LONDON_MATERIEL_INFO_202605209,PC fixe sans ecran,"Prodesk (Tower, SFF)",322
LONDON_MATERIEL_INFO_2026052010,PC fixe sans ecran,ProDesk mini/DM,100
LA_MATERIEL_INFO_202605200,PC portable,EliteBook 10xx,223
NewYork_MATERIEL_INFO_202605200,,Optiplex small,240
NewYork_MATERIEL_INFO_202605201,PC portable,Victus,267
NewYork_MATERIEL_INFO_202605202,PC portable,Latitude 3xxx,220
NewYork_MATERIEL_INFO_202605203,imprimante,Laser A3 (40-99kg),960
NewYork_MATERIEL_INFO_202605204,,Precision tower 3xxx,285
Paris_MATERIEL_INFO_202605200,PC fixe sans ecran,EliteDesk DM,230
Paris_MATERIEL_INFO_202605201,PC portable,Latitude 7xxx,264
Paris_MATERIEL_INFO_202605202,PC fixe sans ecran,OMEN,290
Paris_MATERIEL_INFO_202605203,PC portable,Chromebook 14-15pouces,170
Shanghai_MATERIEL_INFO_202605200,Ecran,jusqu'à 23pouces,350
Shanghai_MATERIEL_INFO_202605201,PC fixe sans ecran,Optiplex small,240
Shanghai_MATERIEL_INFO_202605202,PC fixe sans ecran,,350
Shanghai_MATERIEL_INFO_202605203,PC portable,Chromebook 11-13pouces,175
Shanghai_MATERIEL_INFO_202605204,PC portable,Chromebook 11-13pouces,175
Shanghai_MATERIEL_INFO_202605205,PC portable,ProBook,226
Shanghai_MATERIEL_INFO_202605206,Vidéo projecteur,Pour salle,150
Shanghai_MATERIEL_INFO_202605207,,modèle par défaut,350
BERLIN_MATERIEL_INFO_202605210,PC portable,MacBook air retina,176
BERLIN_MATERIEL_INFO_202605211,PC fixe sans ecran,,350
BERLIN_MATERIEL_INFO_202605212,PC fixe sans ecran,ProDesk mini/DM,100
LONDON_MATERIEL_INFO_202605210,PC portable,EliteBook 8xx,290
LONDON_MATERIEL_INFO_202605211,PC fixe sans ecran,ZHAN,264
LA_MATERIEL_INFO_202605210,PC portable,EliteBook 10xx,223
LA_MATERIEL_INFO_202605211,,modèle par défaut,350
LA_MATERIEL_INFO_202605212,PC portable,Moyenne 17pouces,365
LA_MATERIEL_INFO_202605213,PC portable,EliteBook 10xx,223
LA_MATERIEL_INFO_202605214,PC fixe tout-en-un,modèle par défaut,352
NewYork_MATERIEL_INFO_202605210,PC fixe tout-en-un,iMac 27pouces retina,450
NewYork_MATERIEL_INFO_202605211,,Optiplex All-in-One 5xxx,318
NewYork_MATERIEL_INFO_202605212,,Pour amphi,200
NewYork_MATERIEL_INFO_202605213,,modèle par défaut,350
NewYork_MATERIEL_INFO_202605214,,OMEN,290
NewYork_MATERIEL_INFO_202605215,PC portable,MacBook pro 15/16pouces,330
NewYork_MATERIEL_INFO_202605216,,Victus,267
NewYork_MATERIEL_INFO_202605217,PC fixe sans ecran,Wyse thin client,69
NewYork_MATERIEL_INFO_202605218,PC portable,MacBook air pre-retina,310
NewYork_MATERIEL_INFO_202605219,PC fixe tout-en-un,Mac pro,900
NewYork_MATERIEL_INFO_2026052110,PC fixe sans ecran,Optiplex micro,174
NewYork_MATERIEL_INFO_2026052111,PC fixe sans ecran,Station de travail (moy),600
NewYork_MATERIEL_INFO_2026052112,PC fixe sans ecran,"Elite (Tower, SFF, One)",393
NewYork_MATERIEL_INFO_2026052113,,Noeud de calcul,1300
Paris_MATERIEL_INFO_202605210,,Laser à poser (<40kg),430
Paris_MATERIEL_INFO_202605211,,Mac pro,900
Paris_MATERIEL_INFO_202605212,,Wyse thin client,69
Shanghai_MATERIEL_INFO_202605210,,Precision 5xxx,280
Shanghai_MATERIEL_INFO_202605211,PC fixe sans ecran,Precision tower 3xxx,285
Shanghai_MATERIEL_INFO_202605212,PC portable,Precision 3xxx,266
Shanghai_MATERIEL_INFO_202605213,PC portable,EliteBook 6xx,175
Shanghai_MATERIEL_INFO_202605214,PC fixe sans ecran,Wyse thin client,69
Shanghai_MATERIEL_INFO_202605215,PC fixe tout-en-un,Optiplex All-in-One 5xxx,318
Shanghai_MATERIEL_INFO_202605216,PC fixe sans ecran,Rasberry pi 4,15
BERLIN_MATERIEL_INFO_202605220,PC fixe tout-en-un,,352
BERLIN_MATERIEL_INFO_202605221,PC fixe sans ecran,Precision tower 3xxx,285
BERLIN_MATERIEL_INFO_202605222,PC portable,Moyenne 13pouces,250
BERLIN_MATERIEL_INFO_202605223,PC fixe tout-en-un,iMac 27pouces retina,450
BERLIN_MATERIEL_INFO_202605224,,Laser A3 (>100kg),1800
BERLIN_MATERIEL_INFO_202605225,Vidéo projecteur,Pour salle,150
LONDON_MATERIEL_INFO_202605220,Serveur,,1300
LONDON_MATERIEL_INFO_202605221,PC fixe tout-en-un,iMac 21pouces,290
LONDON_MATERIEL_INFO_202605222,PC fixe tout-en-un,iMac 27pouces retina,450
LONDON_MATERIEL_INFO_202605223,,Mac pro,900
LONDON_MATERIEL_INFO_202605224,,modèle par défaut,350
LONDON_MATERIEL_INFO_202605225,,ZBook,303
LONDON_MATERIEL_INFO_202605226,,PC Fixe (moy),300
LA_MATERIEL_INFO_202605220,clavier,modèle par défaut,24
LA_MATERIEL_INFO_202605221,PC portable,EliteBook 6xx,175
NewYork_MATERIEL_INFO_202605220,PC fixe tout-en-un,Optiplex All-in-One 3xxx,241
NewYork_MATERIEL_INFO_202605221,,Mac mini,270
NewYork_MATERIEL_INFO_202605222,imprimante,,500
NewYork_MATERIEL_INFO_202605223,PC portable,EliteBook 10xx,223
NewYork_MATERIEL_INFO_202605224,PC portable,MacBook air pre-retina,310
NewYork_MATERIEL_INFO_202605225,PC portable,ProBook,226
NewYork_MATERIEL_INFO_202605226,Telephone IP,modèle par défaut,17
NewYork_MATERIEL_INFO_202605227,Serveur,Noeud de calcul,1300
NewYork_MATERIEL_INFO_202605228,PC portable,Chromebook 14-15pouces,170
NewYork_MATERIEL_INFO_202605229,,Optiplex All-in-One 3xxx,241
NewYork_MATERIEL_INFO_2026052210,Ecran,32pouces et plus,590
Paris_MATERIEL_INFO_202605220,Vidéo projecteur,Transportable,94
Paris_MATERIEL_INFO_202605221,PC fixe sans ecran,PC Fixe (moy),300
Paris_MATERIEL_INFO_202605222,Serveur,Serveur de stockage,2500
Paris_MATERIEL_INFO_202605223,PC fixe sans ecran,Rasberry pi 4,15
Paris_MATERIEL_INFO_202605224,Serveur,Modèle par défaut,1300
Paris_MATERIEL_INFO_202605225,,Modèle par défaut,350
Paris_MATERIEL_INFO_202605226,Vidéo projecteur,Transportable,94
Paris_MATERIEL_INFO_202605227,souris,modèle par défaut,5
Paris_MATERIEL_INFO_202605228,PC portable,Latitude 7xxx,264
Paris_MATERIEL_INFO_202605229,Telephone IP,modèle par défaut,17
Paris_MATERIEL_INFO_2026052210,PC fixe sans ecran,Rasberry pi 4,15
Paris_MATERIEL_INFO_2026052211,PC fixe tout-en-un,modèle par défaut,352
Paris_MATERIEL_INFO_2026052212,,modèle par défaut,350
Shanghai_MATERIEL_INFO_202605220,PC fixe sans ecran,,350
BERLIN_MATERIEL_INFO_202605230,Telephone IP,modèle par défaut,17
BERLIN_MATERIEL_INFO_202605231,PC portable,Latitude 3xxx,220
BERLIN_MATERIEL_INFO_202605232,PC fixe tout-en-un,modèle par défaut,352
LONDON_MATERIEL_INFO_202605230,PC portable,MacBook pro 15/16pouces,330
LONDON_MATERIEL_INFO_202605231,PC fixe sans ecran,Optiplex small,240
LONDON_MATERIEL_INFO_202605232,PC portable,MacBook air retina,176
LONDON_MATERIEL_INFO_202605233,PC fixe sans ecran,EliteDesk DM,230
LONDON_MATERIEL_INFO_202605234,PC portable,EliteBook 8xx,290
LONDON_MATERIEL_INFO_202605235,Station d'accueil,modèle par défaut,26
LONDON_MATERIEL_INFO_202605236,,Chromebook 14-15pouces,170
LONDON_MATERIEL_INFO_202605237,PC portable,MacBook pro 15/16pouces,330
LONDON_MATERIEL_INFO_202605238,Serveur,Modèle par défaut,1300
LA_MATERIEL_INFO_202605230,PC portable,MacBook air,250
LA_MATERIEL_INFO_202605231,Ecran,modèle par défaut,430
LA_MATERIEL_INFO_202605232,PC portable,MacBook pro 15/16pouces,330
LA_MATERIEL_INFO_202605233,PC portable,ZBook,303
LA_MATERIEL_INFO_202605234,PC portable,Latitude 3xxx,220
LA_MATERIEL_INFO_202605235,PC fixe sans ecran,modèle par défaut,350
LA_MATERIEL_INFO_202605236,,Precision tower 7xxx,555
LA_MATERIEL_INFO_202605237,imprimante,modèle par défaut,500
LA_MATERIEL_INFO_202605238,imprimante,Laser A3 (40-99kg),960
LA_MATERIEL_INFO_202605239,Smartphone,modèle par défaut,63
LA_MATERIEL_INFO_2026052310,,Serveur de stockage,2500
LA_MATERIEL_INFO_2026052311,PC portable,,260
LA_MATERIEL_INFO_2026052312,PC fixe tout-en-un,,352
LA_MATERIEL_INFO_2026052313,PC fixe sans ecran,ProDesk mini/DM,100
NewYork_MATERIEL_INFO_202605230,Serveur,Noeud de calcul,1300
NewYork_MATERIEL_INFO_202605231,PC fixe sans ecran,Precision tower 3xxx,285
NewYork_MATERIEL_INFO_202605232,PC portable,ZBook Studio,379
NewYork_MATERIEL_INFO_202605233,PC fixe sans ecran,PC Fixe (moy),300
NewYork_MATERIEL_INFO_202605234,clavier,modèle par défaut,24
Paris_MATERIEL_INFO_202605230,PC portable,modèle par défaut,260
Paris_MATERIEL_INFO_202605231,,modèle par défaut,350
Paris_MATERIEL_INFO_202605232,Ecran,32pouces et plus,590
Paris_MATERIEL_INFO_202605233,PC fixe tout-en-un,iMac pro,700
Paris_MATERIEL_INFO_202605234,,modèle par défaut,350
Paris_MATERIEL_INFO_202605235,Ecran,32pouces et plus,590
Shanghai_MATERIEL_INFO_202605230,imprimante,Laser A3 (>100kg),1800
Shanghai_MATERIEL_INFO_202605231,PC portable,,260
Shanghai_MATERIEL_INFO_202605232,,modèle par défaut,350
Shanghai_MATERIEL_INFO_202605233,,Optiplex small,240
Shanghai_MATERIEL_INFO_202605234,PC fixe sans ecran,OMEN,290
Shanghai_MATERIEL_INFO_202605235,,EliteDesk DM,230
Shanghai_MATERIEL_INFO_202605236,souris,modèle par défaut,5
Shanghai_MATERIEL_INFO_202605237,,Laser A3 (>100kg),1800
Shanghai_MATERIEL_INFO_202605238,Telephone IP,modèle par défaut,17
Shanghai_MATERIEL_INFO_202605239,,PC Fixe (moy),300
Shanghai_MATERIEL_INFO_2026052310,PC portable,Precision 5xxx,280
Shanghai_MATERIEL_INFO_2026052311,,Chromebook 14-15pouces,170
BERLIN_MATERIEL_INFO_202605240,PC fixe tout-en-un,modèle par défaut,352
LONDON_MATERIEL_INFO_202605240,PC fixe sans ecran,EliteDesk DM,230
LONDON_MATERIEL_INFO_202605241,PC fixe sans ecran,Rasberry pi 4,15
LONDON_MATERIEL_INFO_202605242,PC portable,Latitude 5xxx,300
LONDON_MATERIEL_INFO_202605243,PC fixe sans ecran,Station de travail (moy),600
LONDON_MATERIEL_INFO_202605244,clavier,modèle par défaut,24
LONDON_MATERIEL_INFO_202605245,,MacBook pro 15/16pouces,330
LA_MATERIEL_INFO_202605240,PC fixe sans ecran,,350
LA_MATERIEL_INFO_202605241,PC portable,,260
LA_MATERIEL_INFO_202605242,Vidéo projecteur,Transportable,94
LA_MATERIEL_INFO_202605243,PC fixe tout-en-un,Optiplex All-in-One 3xxx,241
LA_MATERIEL_INFO_202605244,,EliteBook 8xx,290
NewYork_MATERIEL_INFO_202605240,Serveur,,1300
NewYork_MATERIEL_INFO_202605241,Telephone IP,modèle par défaut,17
NewYork_MATERIEL_INFO_202605242,,Chromebook 14-15pouces,170
NewYork_MATERIEL_INFO_202605243,imprimante,Laser A3 (>100kg),1800
Paris_MATERIEL_INFO_202605240,Borne wifi,modèle par défaut,10
Paris_MATERIEL_INFO_202605241,PC portable,Moyenne 14/15pouces,294
Paris_MATERIEL_INFO_202605242,PC portable,MacBook air retina,176
Paris_MATERIEL_INFO_202605243,PC portable,Precision 5xxx,280
Paris_MATERIEL_INFO_202605244,PC portable,,260
Paris_MATERIEL_INFO_202605245,Ecran,modèle par défaut,430
Paris_MATERIEL_INFO_202605246,Ecran,jusqu'à 23pouces,350
Shanghai_MATERIEL_INFO_202605240,PC fixe tout-en-un,iMac 27pouces retina,450
Shanghai_MATERIEL_INFO_202605241,PC portable,modèle par défaut,260
Shanghai_MATERIEL_INFO_202605242,PC portable,Latitude 5xxx,300
Shanghai_MATERIEL_INFO_202605243,Smartphone,modèle par défaut,63
Shanghai_MATERIEL_INFO_202605244,Vidéo projecteur,Pour amphi,200
Shanghai_MATERIEL_INFO_202605245,,Rasberry pi 4,15
Shanghai_MATERIEL_INFO_202605246,,Precision 3xxx,266
Shanghai_MATERIEL_INFO_202605247,PC fixe sans ecran,"Prodesk (Tower, SFF)",322
Shanghai_MATERIEL_INFO_202605248,PC fixe sans ecran,Mac pro,900
Shanghai_MATERIEL_INFO_202605249,PC portable,Latitude 5xxx,300
Shanghai_MATERIEL_INFO_2026052410,PC portable,MacBook air retina,176
Shanghai_MATERIEL_INFO_2026052411,PC fixe sans ecran,ZHAN,264
Shanghai_MATERIEL_INFO_2026052412,Borne wifi,modèle par défaut,10
Shanghai_MATERIEL_INFO_2026052413,Station d'accueil,modèle par défaut,26
BERLIN_MATERIEL_INFO_202605250,PC fixe tout-en-un,Mac pro,900
BERLIN_MATERIEL_INFO_202605251,PC portable,Precision 7xxx,304
BERLIN_MATERIEL_INFO_202605252,PC fixe sans ecran,Elite mini,137
BERLIN_MATERIEL_INFO_202605253,PC fixe tout-en-un,Mac pro,900
BERLIN_MATERIEL_INFO_202605254,Serveur,Noeud de calcul,1300
LONDON_MATERIEL_INFO_202605250,imprimante,Laser à poser (<40kg),430
LONDON_MATERIEL_INFO_202605251,PC fixe sans ecran,Elite mini,137
LONDON_MATERIEL_INFO_202605252,Ecran,32pouces et plus,590
LONDON_MATERIEL_INFO_202605253,PC portable,MacBook air pre-retina,310
LONDON_MATERIEL_INFO_202605254,PC fixe sans ecran,,350
LONDON_MATERIEL_INFO_202605255,PC fixe sans ecran,,350
LA_MATERIEL_INFO_202605250,PC portable,Moyenne 17pouces,365
LA_MATERIEL_INFO_202605251,PC fixe sans ecran,Rasberry pi 4,15
LA_MATERIEL_INFO_202605252,PC portable,MacBook pro 13pouces,256
LA_MATERIEL_INFO_202605253,clavier,modèle par défaut,24
LA_MATERIEL_INFO_202605254,PC fixe sans ecran,,350
LA_MATERIEL_INFO_202605255,Tablette,modèle par défaut,150
LA_MATERIEL_INFO_202605256,PC portable,MacBook air retina,176
LA_MATERIEL_INFO_202605257,PC fixe sans ecran,"Prodesk (Tower, SFF)",322
LA_MATERIEL_INFO_202605258,Disque dur,modèle par défaut,10
LA_MATERIEL_INFO_202605259,PC fixe sans ecran,Rasberry pi 4,15
LA_MATERIEL_INFO_2026052510,PC fixe sans ecran,"EliteDesk (Tower, SFF, One)",393
LA_MATERIEL_INFO_2026052511,PC fixe tout-en-un,,352
NewYork_MATERIEL_INFO_202605250,PC portable,Chromebook 11-13pouces,175
Paris_MATERIEL_INFO_202605250,,iMac pro,700
Paris_MATERIEL_INFO_202605251,PC fixe sans ecran,Optiplex micro,174
Paris_MATERIEL_INFO_202605252,PC portable,MacBook pro 15/16pouces,330
Shanghai_MATERIEL_INFO_202605250,PC fixe sans ecran,"EliteDesk (Tower, SFF, One)",393
Shanghai_MATERIEL_INFO_202605251,PC fixe sans ecran,EliteDesk DM,230
Shanghai_MATERIEL_INFO_202605252,PC portable,ProBook,226
Shanghai_MATERIEL_INFO_202605253,Vidéo projecteur,Transportable,94
Shanghai_MATERIEL_INFO_202605254,PC portable,Latitude 5xxx,300
Shanghai_MATERIEL_INFO_202605255,PC fixe tout-en-un,Mac pro,900
Shanghai_MATERIEL_INFO_202605256,Serveur,Modèle par défaut,1300
Shanghai_MATERIEL_INFO_202605257,PC fixe sans ecran,PC Fixe (moy),300
Shanghai_MATERIEL_INFO_202605258,,MacBook air,250
Shanghai_MATERIEL_INFO_202605259,PC portable,EliteBook 6xx,175
Shanghai_MATERIEL_INFO_2026052510,PC portable,Latitude 5xxx,300
Shanghai_MATERIEL_INFO_2026052511,PC fixe sans ecran,OMEN,290
Shanghai_MATERIEL_INFO_2026052512,Disque dur,modèle par défaut,10
Shanghai_MATERIEL_INFO_2026052513,PC portable,Moyenne 17pouces,365
BERLIN_MATERIEL_INFO_202605260,PC fixe tout-en-un,Optiplex All-in-One 3xxx,241
BERLIN_MATERIEL_INFO_202605261,,Victus,267
BERLIN_MATERIEL_INFO_202605262,PC fixe sans ecran,,350
BERLIN_MATERIEL_INFO_202605263,PC fixe sans ecran,OMEN,290
BERLIN_MATERIEL_INFO_202605264,PC fixe tout-en-un,Mac pro,900
LONDON_MATERIEL_INFO_202605260,,modèle par défaut,350
LONDON_MATERIEL_INFO_202605261,,"EliteDesk (Tower, SFF, One)",393
LONDON_MATERIEL_INFO_202605262,,modèle par défaut,350
LONDON_MATERIEL_INFO_202605263,,Precision 5xxx,280
LONDON_MATERIEL_INFO_202605264,Vidéo projecteur,Pour amphi,200
LONDON_MATERIEL_INFO_202605265,Tablette,modèle par défaut,150
LONDON_MATERIEL_INFO_202605266,PC portable,Precision 3xxx,266
LONDON_MATERIEL_INFO_202605267,PC portable,OMEN,290
LONDON_MATERIEL_INFO_202605268,PC fixe sans ecran,Wyse thin client,69
LONDON_MATERIEL_INFO_202605269,Tablette,modèle par défaut,150
LONDON_MATERIEL_INFO_2026052610,imprimante,,500
LONDON_MATERIEL_INFO_2026052611,Serveur,,1300
LONDON_MATERIEL_INFO_2026052612,PC fixe tout-en-un,Optiplex All-in-One 3xxx,241
LA_MATERIEL_INFO_202605260,PC portable,OMEN,290
LA_MATERIEL_INFO_202605261,PC fixe sans ecran,,350
LA_MATERIEL_INFO_202605262,PC fixe sans ecran,,350
LA_MATERIEL_INFO_202605263,PC portable,Chromebook 14-15pouces,170
LA_MATERIEL_INFO_202605264,PC fixe sans ecran,"EliteDesk (Tower, SFF, One)",393
LA_MATERIEL_INFO_202605265,Ecran,jusqu'à 23pouces,350
LA_MATERIEL_INFO_202605266,PC portable,Latitude 3xxx,220
NewYork_MATERIEL_INFO_202605260,PC fixe sans ecran,,350
NewYork_MATERIEL_INFO_202605261,PC portable,Chromebook 11-13pouces,175
NewYork_MATERIEL_INFO_202605262,PC fixe sans ecran,Z,409
Paris_MATERIEL_INFO_202605260,Ecran,24pouces-31pouces,430
Paris_MATERIEL_INFO_202605261,,jusqu'à 23pouces,350
Paris_MATERIEL_INFO_202605262,PC portable,Moyenne 14/15pouces,294
Paris_MATERIEL_INFO_202605263,,Laser à poser (<40kg),430
Paris_MATERIEL_INFO_202605264,,modèle par défaut,350
Paris_MATERIEL_INFO_202605265,PC fixe sans ecran,Station de travail (moy),600
Paris_MATERIEL_INFO_202605266,PC fixe sans ecran,PC Fixe (moy),300
Paris_MATERIEL_INFO_202605267,Telephone IP,modèle par défaut,17
Paris_MATERIEL_INFO_202605268,PC portable,modèle par défaut,260
Paris_MATERIEL_INFO_202605269,,modèle par défaut,350
Paris_MATERIEL_INFO_2026052610,PC portable,Precision 3xxx,266
Paris_MATERIEL_INFO_2026052611,PC fixe sans ecran,ProDesk mini/DM,100
Paris_MATERIEL_INFO_2026052612,PC fixe tout-en-un,modèle par défaut,352
Paris_MATERIEL_INFO_2026052613,PC portable,Latitude 5xxx,300
Shanghai_MATERIEL_INFO_202605260,PC fixe sans ecran,OMEN,290
Shanghai_MATERIEL_INFO_202605261,PC fixe tout-en-un,Optiplex All-in-One 3xxx,241
Shanghai_MATERIEL_INFO_202605262,PC portable,Precision 5xxx,280
Shanghai_MATERIEL_INFO_202605263,PC fixe tout-en-un,iMac 27pouces retina,450
Shanghai_MATERIEL_INFO_202605264,PC portable,ZBook,303
Shanghai_MATERIEL_INFO_202605265,Smartphone,modèle par défaut,63
Shanghai_MATERIEL_INFO_202605266,,modèle par défaut,350
Shanghai_MATERIEL_INFO_202605267,Disque dur,modèle par défaut,10
Shanghai_MATERIEL_INFO_202605268,,modèle par défaut,350
Shanghai_MATERIEL_INFO_202605269,PC fixe sans ecran,ProDesk mini/DM,100
Shanghai_MATERIEL_INFO_2026052610,,Laser A3 (>100kg),1800
Shanghai_MATERIEL_INFO_2026052611,Ecran,32pouces et plus,590
BERLIN_MATERIEL_INFO_202605270,PC portable,Moyenne 13pouces,250
BERLIN_MATERIEL_INFO_202605271,,Laser A3 (40-99kg),960
BERLIN_MATERIEL_INFO_202605272,Ecran,32pouces et plus,590
LONDON_MATERIEL_INFO_202605270,Telephone IP,modèle par défaut,17
LONDON_MATERIEL_INFO_202605271,PC portable,ZBook Studio,379
LONDON_MATERIEL_INFO_202605272,PC portable,EliteBook 6xx,175
LA_MATERIEL_INFO_202605270,PC fixe sans ecran,Mac mini,270
LA_MATERIEL_INFO_202605271,,Precision 5xxx,280
LA_MATERIEL_INFO_202605272,Ecran,24pouces-31pouces,430
LA_MATERIEL_INFO_202605273,Serveur,Serveur de stockage,2500
LA_MATERIEL_INFO_202605274,PC fixe sans ecran,OMEN,290
LA_MATERIEL_INFO_202605275,PC portable,Moyenne 14/15pouces,294
LA_MATERIEL_INFO_202605276,PC portable,OMEN,290
LA_MATERIEL_INFO_202605277,PC portable,MacBook air pre-retina,310
NewYork_MATERIEL_INFO_202605270,,Mac pro,900
NewYork_MATERIEL_INFO_202605271,PC fixe sans ecran,Elite mini,137
NewYork_MATERIEL_INFO_202605272,PC fixe sans ecran,Z,409
NewYork_MATERIEL_INFO_202605273,Station d'accueil,modèle par défaut,26
NewYork_MATERIEL_INFO_202605274,,jusqu'à 23pouces,350
NewYork_MATERIEL_INFO_202605275,PC portable,EliteBook 8xx,290
NewYork_MATERIEL_INFO_202605276,,"Prodesk (Tower, SFF)",322
NewYork_MATERIEL_INFO_202605277,PC portable,EliteBook 8xx,290
NewYork_MATERIEL_INFO_202605278,Vidéo projecteur,modèle par défaut,94
NewYork_MATERIEL_INFO_202605279,Ecran,32pouces et plus,590
NewYork_MATERIEL_INFO_2026052710,Ecran,modèle par défaut,430
NewYork_MATERIEL_INFO_2026052711,Disque dur,modèle par défaut,10
NewYork_MATERIEL_INFO_2026052712,PC portable,Latitude 7xxx,264
NewYork_MATERIEL_INFO_2026052713,,Optiplex All-in-One 5xxx,318
Paris_MATERIEL_INFO_202605270,,"EliteDesk (Tower, SFF, One)",393
Paris_MATERIEL_INFO_202605271,PC portable,MacBook air pre-retina,310
Paris_MATERIEL_INFO_202605272,,modèle par défaut,350
Paris_MATERIEL_INFO_202605273,,MacBook pro 13pouces,256
Paris_MATERIEL_INFO_202605274,PC fixe sans ecran,Mac pro,900
Paris_MATERIEL_INFO_202605275,Vidéo projecteur,Transportable,94
Paris_MATERIEL_INFO_202605276,PC fixe sans ecran,Mac mini,270
Paris_MATERIEL_INFO_202605277,PC portable,MacBook air retina,176
Paris_MATERIEL_INFO_202605278,Ecran,32pouces et plus,590
Shanghai_MATERIEL_INFO_202605270,PC fixe sans ecran,,350
Shanghai_MATERIEL_INFO_202605271,PC portable,Chromebook 14-15pouces,170
Shanghai_MATERIEL_INFO_202605272,Vidéo projecteur,Pour salle,150
Shanghai_MATERIEL_INFO_202605273,,Modèle par défaut,350
Shanghai_MATERIEL_INFO_202605274,,Elite mini,137
Shanghai_MATERIEL_INFO_202605275,PC portable,,260
Shanghai_MATERIEL_INFO_202605276,PC portable,MacBook air retina,176
BERLIN_MATERIEL_INFO_202605280,PC fixe sans ecran,,350
BERLIN_MATERIEL_INFO_202605281,Ecran,32pouces et plus,590
BERLIN_MATERIEL_INFO_202605282,PC portable,Moyenne 14/15pouces,294
BERLIN_MATERIEL_INFO_202605283,PC fixe tout-en-un,Optiplex All-in-One 5xxx,318
BERLIN_MATERIEL_INFO_202605284,PC fixe sans ecran,Mac pro,900
LONDON_MATERIEL_INFO_202605280,,MacBook pro 13pouces,256
LONDON_MATERIEL_INFO_202605281,PC fixe sans ecran,PC Fixe (moy),300
LONDON_MATERIEL_INFO_202605282,Telephone IP,modèle par défaut,17
LONDON_MATERIEL_INFO_202605283,PC portable,MacBook pro 15/16pouces,330
LONDON_MATERIEL_INFO_202605284,PC portable,Chromebook 11-13pouces,175
LONDON_MATERIEL_INFO_202605285,Smartphone,,63
LONDON_MATERIEL_INFO_202605286,PC fixe sans ecran,OMEN,290
LONDON_MATERIEL_INFO_202605287,imprimante,Laser A3 (>100kg),1800
LA_MATERIEL_INFO_202605280,PC portable,MacBook pro 13pouces,256
LA_MATERIEL_INFO_202605281,PC portable,MacBook pro 13pouces,256
LA_MATERIEL_INFO_202605282,,Latitude 7xxx,264
LA_MATERIEL_INFO_202605283,,Latitude 7xxx,264
LA_MATERIEL_INFO_202605284,imprimante,modèle par défaut,500
LA_MATERIEL_INFO_202605285,PC portable,Precision 5xxx,280
LA_MATERIEL_INFO_202605286,Vidéo projecteur,Transportable,94
LA_MATERIEL_INFO_202605287,,ZHAN,264
NewYork_MATERIEL_INFO_202605280,Telephone IP,modèle par défaut,17
NewYork_MATERIEL_INFO_202605281,clavier,,24
NewYork_MATERIEL_INFO_202605282,,Laser A3 (40-99kg),960
NewYork_MATERIEL_INFO_202605283,PC portable,Latitude 3xxx,220
NewYork_MATERIEL_INFO_202605284,PC fixe sans ecran,"Elite (Tower, SFF, One)",393
NewYork_MATERIEL_INFO_202605285,PC portable,EliteBook 8xx,290
NewYork_MATERIEL_INFO_202605286,Tablette,modèle par défaut,150
NewYork_MATERIEL_INFO_202605287,,EliteBook 10xx,223
NewYork_MATERIEL_INFO_202605288,PC portable,Moyenne 14/15pouces,294
NewYork_MATERIEL_INFO_202605289,,modèle par défaut,350
NewYork_MATERIEL_INFO_2026052810,Tablette,modèle par défaut,150
Paris_MATERIEL_INFO_202605280,Vidéo projecteur,Pour salle,150
Paris_MATERIEL_INFO_202605281,PC portable,MacBook air pre-retina,310
Paris_MATERIEL_INFO_202605282,PC fixe tout-en-un,Mac pro,900
Shanghai_MATERIEL_INFO_202605280,,modèle par défaut,350
Shanghai_MATERIEL_INFO_202605281,PC portable,Precision 5xxx,280
Shanghai_MATERIEL_INFO_202605282,Vidéo projecteur,Transportable,94
BERLIN_MATERIEL_INFO_202605290,PC fixe sans ecran,Optiplex micro,174
BERLIN_MATERIEL_INFO_202605291,,Laser A3 (>100kg),1800
BERLIN_MATERIEL_INFO_202605292,,"Prodesk (Tower, SFF)",322
BERLIN_MATERIEL_INFO_202605293,,iMac pro,700
BERLIN_MATERIEL_INFO_202605294,souris,modèle par défaut,5
LONDON_MATERIEL_INFO_202605290,,EliteBook 8xx,290
LONDON_MATERIEL_INFO_202605291,PC portable,,260
LONDON_MATERIEL_INFO_202605292,,"Elite (Tower, SFF, One)",393
LONDON_MATERIEL_INFO_202605293,imprimante,Laser A3 (40-99kg),960
LONDON_MATERIEL_INFO_202605294,,jusqu'à 23pouces,350
LONDON_MATERIEL_INFO_202605295,PC fixe tout-en-un,Optiplex All-in-One 7xxx,382
LONDON_MATERIEL_INFO_202605296,PC fixe sans ecran,,350
LONDON_MATERIEL_INFO_202605297,Serveur,Serveur de stockage,2500
LONDON_MATERIEL_INFO_202605298,,Latitude 7xxx,264
LONDON_MATERIEL_INFO_202605299,Disque dur,modèle par défaut,10
LONDON_MATERIEL_INFO_2026052910,imprimante,modèle par défaut,500
LONDON_MATERIEL_INFO_2026052911,PC fixe sans ecran,modèle par défaut,350
LONDON_MATERIEL_INFO_2026052912,PC portable,Chromebook 14-15pouces,170
LA_MATERIEL_INFO_202605290,imprimante,Laser A3 (>100kg),1800
LA_MATERIEL_INFO_202605291,PC fixe sans ecran,,350
LA_MATERIEL_INFO_202605292,imprimante,Laser à poser (<40kg),430
LA_MATERIEL_INFO_202605293,PC fixe sans ecran,OMEN,290
LA_MATERIEL_INFO_202605294,Station d'accueil,modèle par défaut,26
LA_MATERIEL_INFO_202605295,PC portable,Chromebook 14-15pouces,170
LA_MATERIEL_INFO_202605296,PC portable,Moyenne 17pouces,365
LA_MATERIEL_INFO_202605297,Vidéo projecteur,Pour salle,150
LA_MATERIEL_INFO_202605298,PC fixe tout-en-un,,352
LA_MATERIEL_INFO_202605299,imprimante,modèle par défaut,500
LA_MATERIEL_INFO_2026052910,PC fixe tout-en-un,iMac 21pouces retina,300
NewYork_MATERIEL_INFO_202605290,imprimante,Laser A3 (>100kg),1800
NewYork_MATERIEL_INFO_202605291,PC portable,ZBook Studio,379
NewYork_MATERIEL_INFO_202605292,,Chromebook 11-13pouces,175
NewYork_MATERIEL_INFO_202605293,,Optiplex All-in-One 5xxx,318
NewYork_MATERIEL_INFO_202605294,,Precision tower 5xxx,440
NewYork_MATERIEL_INFO_202605295,PC portable,EliteBook 8xx,290
NewYork_MATERIEL_INFO_202605296,PC portable,EliteBook 10xx,223
NewYork_MATERIEL_INFO_202605297,PC portable,Moyenne 13pouces,250
NewYork_MATERIEL_INFO_202605298,PC portable,Precision 7xxx,304
NewYork_MATERIEL_INFO_202605299,PC fixe sans ecran,"Prodesk (Tower, SFF)",322
Paris_MATERIEL_INFO_202605290,souris,modèle par défaut,5
Shanghai_MATERIEL_INFO_202605290,,Optiplex tower,260
Shanghai_MATERIEL_INFO_202605291,PC portable,Moyenne 14/15pouces,294
Shanghai_MATERIEL_INFO_202605292,,Victus,267
Shanghai_MATERIEL_INFO_202605293,Serveur,Serveur de stockage,2500
Shanghai_MATERIEL_INFO_202605294,PC fixe sans ecran,ZHAN,264
Shanghai_MATERIEL_INFO_202605295,PC fixe sans ecran,"Elite (Tower, SFF, One)",393
Shanghai_MATERIEL_INFO_202605296,PC fixe sans ecran,Elite mini,137
Shanghai_MATERIEL_INFO_202605297,PC fixe sans ecran,"Elite (Tower, SFF, One)",393
Shanghai_MATERIEL_INFO_202605298,PC fixe sans ecran,"EliteDesk (Tower, SFF, One)",393
BERLIN_MATERIEL_INFO_202605300,PC portable,EliteBook 10xx,223
BERLIN_MATERIEL_INFO_202605301,PC portable,Latitude 5xxx,300
BERLIN_MATERIEL_INFO_202605302,clavier,modèle par défaut,24
BERLIN_MATERIEL_INFO_202605303,,Modèle par défaut,350
BERLIN_MATERIEL_INFO_202605304,Serveur,Modèle par défaut,1300
LONDON_MATERIEL_INFO_202605300,imprimante,Laser à poser (<40kg),430
LONDON_MATERIEL_INFO_202605301,PC fixe tout-en-un,Optiplex All-in-One 5xxx,318
LONDON_MATERIEL_INFO_202605302,PC fixe sans ecran,,350
LONDON_MATERIEL_INFO_202605303,PC portable,,260
LA_MATERIEL_INFO_202605300,,Station de travail (moy),600
LA_MATERIEL_INFO_202605301,PC portable,,260
LA_MATERIEL_INFO_202605302,PC fixe sans ecran,Precision tower 5xxx,440
LA_MATERIEL_INFO_202605303,PC fixe tout-en-un,Optiplex All-in-One 5xxx,318
LA_MATERIEL_INFO_202605304,PC fixe tout-en-un,modèle par défaut,352
LA_MATERIEL_INFO_202605305,PC fixe sans ecran,Z,409
NewYork_MATERIEL_INFO_202605300,Vidéo projecteur,modèle par défaut,94
Paris_MATERIEL_INFO_202605300,Serveur,Serveur de stockage,2500
Paris_MATERIEL_INFO_202605301,PC fixe tout-en-un,iMac pro,700
Paris_MATERIEL_INFO_202605302,Smartphone,modèle par défaut,63
Paris_MATERIEL_INFO_202605303,imprimante,Laser A3 (>100kg),1800
Paris_MATERIEL_INFO_202605304,PC portable,MacBook air retina,176
Paris_MATERIEL_INFO_202605305,PC fixe sans ecran,Z,409
Paris_MATERIEL_INFO_202605306,Ecran,jusqu'à 23pouces,350
Paris_MATERIEL_INFO_202605307,,Pour salle,150
Paris_MATERIEL_INFO_202605308,PC fixe tout-en-un,iMac 21pouces retina,300
Paris_MATERIEL_INFO_202605309,,Pour salle,150
Paris_MATERIEL_INFO_2026053010,Ecran,32pouces et plus,590
Paris_MATERIEL_INFO_2026053011,PC fixe sans ecran,,350
Shanghai_MATERIEL_INFO_202605300,PC portable,EliteBook 8xx,290
Shanghai_MATERIEL_INFO_202605301,PC fixe sans ecran,ZHAN,264
Shanghai_MATERIEL_INFO_202605302,,modèle par défaut,350
Shanghai_MATERIEL_INFO_202605303,Ecran,24pouces-31pouces,430
Shanghai_MATERIEL_INFO_202605304,imprimante,Laser A3 (40-99kg),960
Shanghai_MATERIEL_INFO_202605305,PC portable,Victus,267
Shanghai_MATERIEL_INFO_202605306,,ProDesk mini/DM,100
Shanghai_MATERIEL_INFO_202605307,PC portable,MacBook air pre-retina,310
BERLIN_MATERIEL_INFO_202605310,PC portable,modèle par défaut,260
BERLIN_MATERIEL_INFO_202605311,PC fixe sans ecran,ProDesk mini/DM,100
BERLIN_MATERIEL_INFO_202605312,PC fixe sans ecran,"Elite (Tower, SFF, One)",393
BERLIN_MATERIEL_INFO_202605313,imprimante,Laser A3 (>100kg),1800
LONDON_MATERIEL_INFO_202605310,PC fixe sans ecran,Optiplex micro,174
LONDON_MATERIEL_INFO_202605311,PC fixe sans ecran,Rasberry pi 4,15
LONDON_MATERIEL_INFO_202605312,,Z,409
LONDON_MATERIEL_INFO_202605313,PC fixe sans ecran,Precision tower 5xxx,440
LONDON_MATERIEL_INFO_202605314,PC fixe sans ecran,,350
LONDON_MATERIEL_INFO_202605315,Ecran,jusqu'à 23pouces,350
LONDON_MATERIEL_INFO_202605316,,Modèle par défaut,350
LONDON_MATERIEL_INFO_202605317,PC portable,Chromebook 14-15pouces,170
LONDON_MATERIEL_INFO_202605318,,jusqu'à 23pouces,350
LONDON_MATERIEL_INFO_202605319,PC portable,MacBook pro 15/16pouces,330
LONDON_MATERIEL_INFO_2026053110,PC fixe tout-en-un,modèle par défaut,352
LONDON_MATERIEL_INFO_2026053111,clavier,modèle par défaut,24
LA_MATERIEL_INFO_202605310,PC fixe sans ecran,"EliteDesk (Tower, SFF, One)",393
LA_MATERIEL_INFO_202605311,PC fixe sans ecran,,350
LA_MATERIEL_INFO_202605312,PC fixe sans ecran,modèle par défaut,350
LA_MATERIEL_INFO_202605313,PC fixe sans ecran,ZHAN,264
LA_MATERIEL_INFO_202605314,,Serveur de stockage,2500
NewYork_MATERIEL_INFO_202605310,PC portable,Moyenne 14/15pouces,294
NewYork_MATERIEL_INFO_202605311,PC fixe sans ecran,Rasberry pi 4,15
NewYork_MATERIEL_INFO_202605312,souris,modèle par défaut,5
NewYork_MATERIEL_INFO_202605313,,EliteBook 8xx,290
NewYork_MATERIEL_INFO_202605314,PC fixe sans ecran,ProDesk mini/DM,100
NewYork_MATERIEL_INFO_202605315,PC portable,MacBook air retina,176
NewYork_MATERIEL_INFO_202605316,PC fixe sans ecran,Station de travail (moy),600
NewYork_MATERIEL_INFO_202605317,,modèle par défaut,350
Paris_MATERIEL_INFO_202605310,PC portable,Precision 7xxx,304
Paris_MATERIEL_INFO_202605311,Ecran,jusqu'à 23pouces,350
Paris_MATERIEL_INFO_202605312,,Latitude 3xxx,220
Shanghai_MATERIEL_INFO_202605310,,modèle par défaut,350
Shanghai_MATERIEL_INFO_202605311,PC portable,modèle par défaut,260
Shanghai_MATERIEL_INFO_202605312,imprimante,Laser à poser (<40kg),430
Shanghai_MATERIEL_INFO_202605313,PC portable,MacBook pro 13pouces,256
Shanghai_MATERIEL_INFO_202605314,,modèle par défaut,350
Shanghai_MATERIEL_INFO_202605315,PC portable,Moyenne 17pouces,365
Shanghai_MATERIEL_INFO_202605316,PC fixe sans ecran,"Elite (Tower, SFF, One)",393
Shanghai_MATERIEL_INFO_202605317,PC fixe sans ecran,Precision tower 5xxx,440
Shanghai_MATERIEL_INFO_202605318,,ProBook,226
Shanghai_MATERIEL_INFO_202605319,Smartphone,modèle par défaut,63
Shanghai_MATERIEL_INFO_2026053110,PC portable,Latitude 7xxx,264
Shanghai_MATERIEL_INFO_2026053111,,Elite mini,137
Shanghai_MATERIEL_INFO_2026053112,PC portable,EliteBook 6xx,175
Shanghai_MATERIEL_INFO_2026053113,,modèle par défaut,350
BERLIN_MATERIEL_INFO_202606010,PC portable,EliteBook 8xx,290
BERLIN_MATERIEL_INFO_202606011,Tablette,modèle par défaut,150
BERLIN_MATERIEL_INFO_202606012,Vidéo projecteur,Pour salle,150
BERLIN_MATERIEL_INFO_202606013,Ecran,jusqu'à 23pouces,350
BERLIN_MATERIEL_INFO_202606014,,Mac pro,900
LONDON_MATERIEL_INFO_202606010,PC portable,ZBook,303
LONDON_MATERIEL_INFO_202606011,PC portable,ZBook,303
LONDON_MATERIEL_INFO_202606012,PC fixe tout-en-un,modèle par défaut,352
LONDON_MATERIEL_INFO_202606013,souris,modèle par défaut,5
LONDON_MATERIEL_INFO_202606014,PC fixe tout-en-un,Mac pro,900
LA_MATERIEL_INFO_202606010,PC portable,Precision 7xxx,304
LA_MATERIEL_INFO_202606011,PC fixe tout-en-un,Optiplex All-in-One 7xxx,382
LA_MATERIEL_INFO_202606012,PC portable,MacBook air pre-retina,310
LA_MATERIEL_INFO_202606013,PC fixe tout-en-un,iMac 21pouces retina,300
LA_MATERIEL_INFO_202606014,Tablette,modèle par défaut,150
LA_MATERIEL_INFO_202606015,,Latitude 7xxx,264
NewYork_MATERIEL_INFO_202606010,PC portable,Latitude 5xxx,300
NewYork_MATERIEL_INFO_202606011,,EliteBook 10xx,223
NewYork_MATERIEL_INFO_202606012,,modèle par défaut,350
NewYork_MATERIEL_INFO_202606013,,PC Fixe (moy),300
NewYork_MATERIEL_INFO_202606014,PC portable,Latitude 3xxx,220
NewYork_MATERIEL_INFO_202606015,PC portable,MacBook pro 13pouces,256
NewYork_MATERIEL_INFO_202606016,PC fixe sans ecran,Station de travail (moy),600
NewYork_MATERIEL_INFO_202606017,Station d'accueil,modèle par défaut,26
NewYork_MATERIEL_INFO_202606018,,PC Fixe (moy),300
NewYork_MATERIEL_INFO_202606019,,MacBook pro 15/16pouces,330
Paris_MATERIEL_INFO_202606010,Disque dur,modèle par défaut,10
Paris_MATERIEL_INFO_202606011,,iMac pro,700
Paris_MATERIEL_INFO_202606012,,Precision tower 3xxx,285
Paris_MATERIEL_INFO_202606013,PC fixe sans ecran,Optiplex micro,174
Paris_MATERIEL_INFO_202606014,Vidéo projecteur,Pour amphi,200
Paris_MATERIEL_INFO_202606015,PC portable,Chromebook 11-13pouces,175
Paris_MATERIEL_INFO_202606016,PC fixe sans ecran,Optiplex tower,260
Paris_MATERIEL_INFO_202606017,PC fixe sans ecran,Precision tower 5xxx,440
Paris_MATERIEL_INFO_202606018,PC portable,MacBook air,250
Paris_MATERIEL_INFO_202606019,PC fixe tout-en-un,iMac 21pouces,290
Paris_MATERIEL_INFO_2026060110,PC fixe tout-en-un,,352
Paris_MATERIEL_INFO_2026060111,,"EliteDesk (Tower, SFF, One)",393
Paris_MATERIEL_INFO_2026060112,PC portable,ZBook Studio,379
Paris_MATERIEL_INFO_2026060113,PC fixe sans ecran,ZHAN,264
Shanghai_MATERIEL_INFO_202606010,,modèle par défaut,350
Shanghai_MATERIEL_INFO_202606011,PC fixe tout-en-un,iMac 21pouces,290
BERLIN_MATERIEL_INFO_202606020,,Pour salle,150
BERLIN_MATERIEL_INFO_202606021,,MacBook air retina,176
LONDON_MATERIEL_INFO_202606020,PC portable,Moyenne 14/15pouces,294
LONDON_MATERIEL_INFO_202606021,PC fixe tout-en-un,iMac 21pouces retina,300
LONDON_MATERIEL_INFO_202606022,PC fixe tout-en-un,modèle par défaut,352
LONDON_MATERIEL_INFO_202606023,PC fixe tout-en-un,Optiplex All-in-One 5xxx,318
LONDON_MATERIEL_INFO_202606024,PC fixe sans ecran,"Prodesk (Tower, SFF)",322
LONDON_MATERIEL_INFO_202606025,PC portable,modèle par défaut,260
LONDON_MATERIEL_INFO_202606026,PC portable,Chromebook 11-13pouces,175
LONDON_MATERIEL_INFO_202606027,PC fixe sans ecran,Precision tower 5xxx,440
LONDON_MATERIEL_INFO_202606028,,modèle par défaut,350
LONDON_MATERIEL_INFO_202606029,PC fixe sans ecran,Precision tower 3xxx,285
LONDON_MATERIEL_INFO_2026060210,PC portable,MacBook air pre-retina,310
LONDON_MATERIEL_INFO_2026060211,Serveur,,1300
LONDON_MATERIEL_INFO_2026060212,Vidéo projecteur,Pour salle,150
LA_MATERIEL_INFO_202606020,,Z,409
LA_MATERIEL_INFO_202606021,PC portable,OMEN,290
LA_MATERIEL_INFO_202606022,PC fixe tout-en-un,iMac pro,700
LA_MATERIEL_INFO_202606023,,MacBook air,250
LA_MATERIEL_INFO_202606024,Ecran,modèle par défaut,430
LA_MATERIEL_INFO_202606025,,EliteBook 8xx,290
LA_MATERIEL_INFO_202606026,PC portable,Moyenne 17pouces,365
LA_MATERIEL_INFO_202606027,PC fixe tout-en-un,modèle par défaut,352
LA_MATERIEL_INFO_202606028,PC fixe sans ecran,modèle par défaut,350
NewYork_MATERIEL_INFO_202606020,Smartphone,modèle par défaut,63
NewYork_MATERIEL_INFO_202606021,PC fixe sans ecran,,350
NewYork_MATERIEL_INFO_202606022,,iMac 27pouces retina,450
NewYork_MATERIEL_INFO_202606023,PC portable,MacBook air,250
NewYork_MATERIEL_INFO_202606024,PC fixe sans ecran,Z,409
NewYork_MATERIEL_INFO_202606025,PC fixe tout-en-un,Optiplex All-in-One 5xxx,318
NewYork_MATERIEL_INFO_202606026,,OMEN,290
NewYork_MATERIEL_INFO_202606027,,modèle par défaut,350
NewYork_MATERIEL_INFO_202606028,Serveur,Modèle par défaut,1300
NewYork_MATERIEL_INFO_202606029,PC fixe tout-en-un,iMac pro,700
NewYork_MATERIEL_INFO_2026060210,PC fixe sans ecran,Z,409
NewYork_MATERIEL_INFO_2026060211,PC fixe sans ecran,Z,409
NewYork_MATERIEL_INFO_2026060212,PC portable,ProBook,226
Paris_MATERIEL_INFO_202606020,,EliteBook 6xx,175
Paris_MATERIEL_INFO_202606021,PC fixe sans ecran,Mac pro,900
Paris_MATERIEL_INFO_202606022,PC portable,Latitude 5xxx,300
Paris_MATERIEL_INFO_202606023,Vidéo projecteur,Transportable,94
Paris_MATERIEL_INFO_202606024,PC portable,,260
Paris_MATERIEL_INFO_202606025,,EliteBook 6xx,175
Paris_MATERIEL_INFO_202606026,,modèle par défaut,350
Paris_MATERIEL_INFO_202606027,PC fixe sans ecran,Station de travail (moy),600
Paris_MATERIEL_INFO_202606028,,24pouces-31pouces,430
Shanghai_MATERIEL_INFO_202606020,Tablette,modèle par défaut,150
BERLIN_MATERIEL_INFO_202606030,PC portable,Precision 7xxx,304
BERLIN_MATERIEL_INFO_202606031,imprimante,Laser A3 (40-99kg),960
BERLIN_MATERIEL_INFO_202606032,PC fixe sans ecran,,350
BERLIN_MATERIEL_INFO_202606033,Vidéo projecteur,,94
BERLIN_MATERIEL_INFO_202606034,PC fixe tout-en-un,Optiplex All-in-One 5xxx,318
LONDON_MATERIEL_INFO_202606030,,Moyenne 13pouces,250
LONDON_MATERIEL_INFO_202606031,Ecran,modèle par défaut,430
LONDON_MATERIEL_INFO_202606032,PC fixe sans ecran,Elite mini,137
LONDON_MATERIEL_INFO_202606033,PC fixe tout-en-un,iMac 21pouces,290
LONDON_MATERIEL_INFO_202606034,PC portable,Precision 5xxx,280
LONDON_MATERIEL_INFO_202606035,PC portable,Latitude 3xxx,220
LONDON_MATERIEL_INFO_202606036,PC portable,Chromebook 11-13pouces,175
LONDON_MATERIEL_INFO_202606037,PC fixe sans ecran,"EliteDesk (Tower, SFF, One)",393
LA_MATERIEL_INFO_202606030,PC fixe sans ecran,Mac pro,900
LA_MATERIEL_INFO_202606031,PC fixe sans ecran,EliteDesk DM,230
LA_MATERIEL_INFO_202606032,PC fixe tout-en-un,iMac 27pouces retina,450
LA_MATERIEL_INFO_202606033,,modèle par défaut,350
LA_MATERIEL_INFO_202606034,PC portable,ZBook,303
LA_MATERIEL_INFO_202606035,PC fixe tout-en-un,iMac 27pouces retina,450
LA_MATERIEL_INFO_202606036,PC fixe tout-en-un,,352
LA_MATERIEL_INFO_202606037,PC fixe sans ecran,Optiplex tower,260
LA_MATERIEL_INFO_202606038,,24pouces-31pouces,430
LA_MATERIEL_INFO_202606039,PC portable,Victus,267
LA_MATERIEL_INFO_2026060310,PC portable,MacBook air retina,176
LA_MATERIEL_INFO_2026060311,PC portable,MacBook air,250
NewYork_MATERIEL_INFO_202606030,PC fixe sans ecran,Rasberry pi 4,15
NewYork_MATERIEL_INFO_202606031,,modèle par défaut,350
NewYork_MATERIEL_INFO_202606032,PC portable,Victus,267
NewYork_MATERIEL_INFO_202606033,,Moyenne 14/15pouces,294
NewYork_MATERIEL_INFO_202606034,Vidéo projecteur,Pour amphi,200
NewYork_MATERIEL_INFO_202606035,clavier,modèle par défaut,24
NewYork_MATERIEL_INFO_202606036,PC fixe sans ecran,Mac mini,270
NewYork_MATERIEL_INFO_202606037,imprimante,Laser A3 (40-99kg),960
NewYork_MATERIEL_INFO_202606038,,Mac mini,270
NewYork_MATERIEL_INFO_202606039,Telephone IP,modèle par défaut,17
NewYork_MATERIEL_INFO_2026060310,PC fixe sans ecran,Z,409
NewYork_MATERIEL_INFO_2026060311,PC portable,Chromebook 14-15pouces,170
NewYork_MATERIEL_INFO_2026060312,Ecran,modèle par défaut,430
Paris_MATERIEL_INFO_202606030,PC fixe sans ecran,PC Fixe (moy),300
Paris_MATERIEL_INFO_202606031,,Chromebook 14-15pouces,170
Paris_MATERIEL_INFO_202606032,Serveur,Serveur de stockage,2500
Paris_MATERIEL_INFO_202606033,PC fixe sans ecran,,350
Paris_MATERIEL_INFO_202606034,Serveur,,1300
Paris_MATERIEL_INFO_202606035,PC portable,Precision 5xxx,280
Paris_MATERIEL_INFO_202606036,,jusqu'à 23pouces,350
Paris_MATERIEL_INFO_202606037,Disque dur,modèle par défaut,10
Paris_MATERIEL_INFO_202606038,PC fixe sans ecran,modèle par défaut,350
Paris_MATERIEL_INFO_202606039,Borne wifi,modèle par défaut,10
Paris_MATERIEL_INFO_2026060310,PC fixe sans ecran,ProDesk mini/DM,100
Shanghai_MATERIEL_INFO_202606030,Ecran,24pouces-31pouces,430
Shanghai_MATERIEL_INFO_202606031,PC portable,Latitude 7xxx,264
Shanghai_MATERIEL_INFO_202606032,,modèle par défaut,350
Shanghai_MATERIEL_INFO_202606033,PC portable,EliteBook 6xx,175
Shanghai_MATERIEL_INFO_202606034,PC fixe sans ecran,Mac pro,900
Shanghai_MATERIEL_INFO_202606035,,Optiplex tower,260
Shanghai_MATERIEL_INFO_202606036,Ecran,24pouces-31pouces,430
BERLIN_MATERIEL_INFO_202606040,PC portable,Precision 5xxx,280
BERLIN_MATERIEL_INFO_202606041,,OMEN,290
BERLIN_MATERIEL_INFO_202606042,Disque dur,modèle par défaut,10
BERLIN_MATERIEL_INFO_202606043,PC portable,Precision 3xxx,266
BERLIN_MATERIEL_INFO_202606044,PC fixe sans ecran,Optiplex tower,260
BERLIN_MATERIEL_INFO_202606045,PC fixe sans ecran,Optiplex small,240
LONDON_MATERIEL_INFO_202606040,PC portable,modèle par défaut,260
LONDON_MATERIEL_INFO_202606041,PC portable,EliteBook 10xx,223
LONDON_MATERIEL_INFO_202606042,,modèle par défaut,350
LONDON_MATERIEL_INFO_202606043,PC portable,Victus,267
LA_MATERIEL_INFO_202606040,,EliteBook 8xx,290
LA_MATERIEL_INFO_202606041,PC portable,Latitude 3xxx,220
LA_MATERIEL_INFO_202606042,,Mac pro,900
NewYork_MATERIEL_INFO_202606040,,Optiplex All-in-One 5xxx,318
NewYork_MATERIEL_INFO_202606041,Vidéo projecteur,Transportable,94
NewYork_MATERIEL_INFO_202606042,,Optiplex small,240
Paris_MATERIEL_INFO_202606040,PC portable,Moyenne 14/15pouces,294
Paris_MATERIEL_INFO_202606041,PC portable,Moyenne 13pouces,250
Paris_MATERIEL_INFO_202606042,,Pour amphi,200
Paris_MATERIEL_INFO_202606043,,jusqu'à 23pouces,350
Paris_MATERIEL_INFO_202606044,,modèle par défaut,350
Paris_MATERIEL_INFO_202606045,,Precision tower 7xxx,555
Paris_MATERIEL_INFO_202606046,,modèle par défaut,350
Shanghai_MATERIEL_INFO_202606040,,32pouces et plus,590
Shanghai_MATERIEL_INFO_202606041,PC fixe tout-en-un,iMac 27pouces retina,450
Shanghai_MATERIEL_INFO_202606042,PC portable,Moyenne 13pouces,250
Shanghai_MATERIEL_INFO_202606043,,Wyse thin client,69
Shanghai_MATERIEL_INFO_202606044,PC fixe sans ecran,"Elite (Tower, SFF, One)",393
Shanghai_MATERIEL_INFO_202606045,PC portable,Chromebook 11-13pouces,175
Shanghai_MATERIEL_INFO_202606046,PC portable,EliteBook 10xx,223
BERLIN_MATERIEL_INFO_202606050,PC fixe tout-en-un,Mac pro,900
BERLIN_MATERIEL_INFO_202606051,,iMac 21pouces retina,300
BERLIN_MATERIEL_INFO_202606052,PC portable,EliteBook 10xx,223
BERLIN_MATERIEL_INFO_202606053,PC portable,,260
LONDON_MATERIEL_INFO_202606050,PC portable,MacBook air,250
LONDON_MATERIEL_INFO_202606051,imprimante,Laser A3 (40-99kg),960
LONDON_MATERIEL_INFO_202606052,imprimante,modèle par défaut,500
LONDON_MATERIEL_INFO_202606053,PC portable,Latitude 5xxx,300
LONDON_MATERIEL_INFO_202606054,PC fixe sans ecran,Elite mini,137
LONDON_MATERIEL_INFO_202606055,clavier,modèle par défaut,24
LA_MATERIEL_INFO_202606050,PC portable,Precision 3xxx,266
LA_MATERIEL_INFO_202606051,Station d'accueil,modèle par défaut,26
LA_MATERIEL_INFO_202606052,PC portable,MacBook air retina,176
LA_MATERIEL_INFO_202606053,Telephone IP,modèle par défaut,17
LA_MATERIEL_INFO_202606054,PC fixe sans ecran,Optiplex small,240
LA_MATERIEL_INFO_202606055,,Pour amphi,200
LA_MATERIEL_INFO_202606056,PC portable,MacBook air retina,176
LA_MATERIEL_INFO_202606057,PC portable,,260
LA_MATERIEL_INFO_202606058,imprimante,modèle par défaut,500
LA_MATERIEL_INFO_202606059,PC fixe sans ecran,Precision tower 5xxx,440
LA_MATERIEL_INFO_2026060510,imprimante,,500
LA_MATERIEL_INFO_2026060511,PC portable,Latitude 3xxx,220
NewYork_MATERIEL_INFO_202606050,,modèle par défaut,350
NewYork_MATERIEL_INFO_202606051,PC fixe sans ecran,Precision tower 3xxx,285
NewYork_MATERIEL_INFO_202606052,,Precision tower 5xxx,440
NewYork_MATERIEL_INFO_202606053,Vidéo projecteur,modèle par défaut,94
Paris_MATERIEL_INFO_202606050,PC fixe sans ecran,modèle par défaut,350
Paris_MATERIEL_INFO_202606051,,Moyenne 17pouces,365
Shanghai_MATERIEL_INFO_202606050,imprimante,Laser A3 (>100kg),1800
Shanghai_MATERIEL_INFO_202606051,,"Elite (Tower, SFF, One)",393
BERLIN_MATERIEL_INFO_202606060,PC portable,Latitude 7xxx,264
BERLIN_MATERIEL_INFO_202606061,PC portable,ProBook,226
BERLIN_MATERIEL_INFO_202606062,PC portable,Latitude 3xxx,220
BERLIN_MATERIEL_INFO_202606063,imprimante,Laser A3 (>100kg),1800
BERLIN_MATERIEL_INFO_202606064,PC portable,,260
BERLIN_MATERIEL_INFO_202606065,PC portable,MacBook air pre-retina,310
LONDON_MATERIEL_INFO_202606060,PC fixe tout-en-un,Optiplex All-in-One 3xxx,241
LA_MATERIEL_INFO_202606060,PC portable,OMEN,290
LA_MATERIEL_INFO_202606061,PC portable,OMEN,290
LA_MATERIEL_INFO_202606062,imprimante,Laser à poser (<40kg),430
LA_MATERIEL_INFO_202606063,PC portable,,260
LA_MATERIEL_INFO_202606064,souris,modèle par défaut,5
LA_MATERIEL_INFO_202606065,PC fixe tout-en-un,Optiplex All-in-One 3xxx,241
LA_MATERIEL_INFO_202606066,,modèle par défaut,350
LA_MATERIEL_INFO_202606067,PC fixe sans ecran,Mac mini,270
LA_MATERIEL_INFO_202606068,PC fixe sans ecran,ProDesk mini/DM,100
LA_MATERIEL_INFO_202606069,PC fixe tout-en-un,modèle par défaut,352
LA_MATERIEL_INFO_2026060610,PC portable,Precision 7xxx,304
LA_MATERIEL_INFO_2026060611,,MacBook pro 15/16pouces,330
LA_MATERIEL_INFO_2026060612,,Optiplex micro,174
LA_MATERIEL_INFO_2026060613,PC portable,MacBook air pre-retina,310
NewYork_MATERIEL_INFO_202606060,,Optiplex tower,260
NewYork_MATERIEL_INFO_202606061,Tablette,modèle par défaut,150
NewYork_MATERIEL_INFO_202606062,PC portable,Victus,267
NewYork_MATERIEL_INFO_202606063,PC portable,ZBook Studio,379
NewYork_MATERIEL_INFO_202606064,PC fixe tout-en-un,iMac 21pouces retina,300
NewYork_MATERIEL_INFO_202606065,PC fixe tout-en-un,Optiplex All-in-One 5xxx,318
NewYork_MATERIEL_INFO_202606066,,Optiplex All-in-One 7xxx,382
NewYork_MATERIEL_INFO_202606067,PC fixe sans ecran,Elite mini,137
NewYork_MATERIEL_INFO_202606068,PC fixe sans ecran,"EliteDesk (Tower, SFF, One)",393
Paris_MATERIEL_INFO_202606060,Vidéo projecteur,Pour salle,150
Paris_MATERIEL_INFO_202606061,,modèle par défaut,350
Paris_MATERIEL_INFO_202606062,PC portable,Victus,267
Paris_MATERIEL_INFO_202606063,imprimante,Laser à poser (<40kg),430
Paris_MATERIEL_INFO_202606064,PC fixe sans ecran,PC Fixe (moy),300
Paris_MATERIEL_INFO_202606065,PC fixe sans ecran,EliteDesk DM,230
Paris_MATERIEL_INFO_202606066,,Noeud de calcul,1300
Shanghai_MATERIEL_INFO_202606060,,Z,409
BERLIN_MATERIEL_INFO_202606070,PC fixe sans ecran,EliteDesk DM,230
BERLIN_MATERIEL_INFO_202606071,Ecran,24pouces-31pouces,430
BERLIN_MATERIEL_INFO_202606072,Station d'accueil,,26
BERLIN_MATERIEL_INFO_202606073,PC portable,Latitude 5xxx,300
BERLIN_MATERIEL_INFO_202606074,PC fixe tout-en-un,Optiplex All-in-One 5xxx,318
LONDON_MATERIEL_INFO_202606070,PC portable,EliteBook 8xx,290
LA_MATERIEL_INFO_202606070,PC fixe sans ecran,EliteDesk DM,230
LA_MATERIEL_INFO_202606071,PC fixe sans ecran,Precision tower 5xxx,440
LA_MATERIEL_INFO_202606072,,32pouces et plus,590
LA_MATERIEL_INFO_202606073,PC fixe sans ecran,Station de travail (moy),600
LA_MATERIEL_INFO_202606074,PC portable,Moyenne 13pouces,250
LA_MATERIEL_INFO_202606075,PC portable,Latitude 7xxx,264
LA_MATERIEL_INFO_202606076,PC fixe sans ecran,Wyse thin client,69
LA_MATERIEL_INFO_202606077,PC portable,Moyenne 13pouces,250
LA_MATERIEL_INFO_202606078,Station d'accueil,modèle par défaut,26
NewYork_MATERIEL_INFO_202606070,PC portable,MacBook air,250
NewYork_MATERIEL_INFO_202606071,PC fixe tout-en-un,modèle par défaut,352
NewYork_MATERIEL_INFO_202606072,Ecran,modèle par défaut,430
NewYork_MATERIEL_INFO_202606073,Smartphone,modèle par défaut,63
NewYork_MATERIEL_INFO_202606074,PC fixe sans ecran,Precision tower 7xxx,555
NewYork_MATERIEL_INFO_202606075,PC portable,Precision 3xxx,266
NewYork_MATERIEL_INFO_202606076,PC portable,Precision 7xxx,304
NewYork_MATERIEL_INFO_202606077,PC portable,EliteBook 6xx,175
NewYork_MATERIEL_INFO_202606078,PC fixe tout-en-un,Mac pro,900
NewYork_MATERIEL_INFO_202606079,PC portable,Moyenne 13pouces,250
NewYork_MATERIEL_INFO_2026060710,Vidéo projecteur,modèle par défaut,94
NewYork_MATERIEL_INFO_2026060711,Serveur,Noeud de calcul,1300
NewYork_MATERIEL_INFO_2026060712,PC portable,Latitude 5xxx,300
Paris_MATERIEL_INFO_202606070,PC fixe tout-en-un,Optiplex All-in-One 3xxx,241
Paris_MATERIEL_INFO_202606071,,iMac 27pouces retina,450
Paris_MATERIEL_INFO_202606072,,Moyenne 14/15pouces,294
Paris_MATERIEL_INFO_202606073,,Z,409
Paris_MATERIEL_INFO_202606074,,modèle par défaut,350
Paris_MATERIEL_INFO_202606075,PC portable,Moyenne 14/15pouces,294
Paris_MATERIEL_INFO_202606076,PC fixe sans ecran,Mac pro,900
Paris_MATERIEL_INFO_202606077,PC portable,,260
Paris_MATERIEL_INFO_202606078,,Precision tower 7xxx,555
Paris_MATERIEL_INFO_202606079,PC fixe sans ecran,PC Fixe (moy),300
Paris_MATERIEL_INFO_2026060710,Vidéo projecteur,,94
Paris_MATERIEL_INFO_2026060711,,EliteDesk DM,230
Paris_MATERIEL_INFO_2026060712,Serveur,Noeud de calcul,1300
Shanghai_MATERIEL_INFO_202606070,Vidéo projecteur,Pour amphi,200
Shanghai_MATERIEL_INFO_202606071,PC portable,Latitude 5xxx,300
Shanghai_MATERIEL_INFO_202606072,,Noeud de calcul,1300
Shanghai_MATERIEL_INFO_202606073,PC portable,Precision 7xxx,304
Shanghai_MATERIEL_INFO_202606074,PC portable,MacBook air pre-retina,310
Shanghai_MATERIEL_INFO_202606075,Disque dur,modèle par défaut,10
Shanghai_MATERIEL_INFO_202606076,PC portable,ProBook,226
Shanghai_MATERIEL_INFO_202606077,Borne wifi,modèle par défaut,10
Shanghai_MATERIEL_INFO_202606078,Ecran,jusqu'à 23pouces,350
Shanghai_MATERIEL_INFO_202606079,clavier,modèle par défaut,24
BERLIN_MATERIEL_INFO_202606080,,Modèle par défaut,350
BERLIN_MATERIEL_INFO_202606081,,PC Fixe (moy),300
BERLIN_MATERIEL_INFO_202606082,,modèle par défaut,350
BERLIN_MATERIEL_INFO_202606083,PC fixe sans ecran,"EliteDesk (Tower, SFF, One)",393
BERLIN_MATERIEL_INFO_202606084,,MacBook pro 13pouces,256
LONDON_MATERIEL_INFO_202606080,Ecran,modèle par défaut,430
LONDON_MATERIEL_INFO_202606081,PC portable,EliteBook 6xx,175
LONDON_MATERIEL_INFO_202606082,Station d'accueil,modèle par défaut,26
LONDON_MATERIEL_INFO_202606083,PC portable,Moyenne 13pouces,250
LONDON_MATERIEL_INFO_202606084,Telephone IP,modèle par défaut,17
LONDON_MATERIEL_INFO_202606085,PC fixe tout-en-un,Optiplex All-in-One 7xxx,382
LONDON_MATERIEL_INFO_202606086,,Transportable,94
LONDON_MATERIEL_INFO_202606087,PC fixe tout-en-un,Mac pro,900
LONDON_MATERIEL_INFO_202606088,PC portable,Victus,267
LONDON_MATERIEL_INFO_202606089,PC fixe sans ecran,ProDesk mini/DM,100
LONDON_MATERIEL_INFO_2026060810,,Moyenne 14/15pouces,294
LA_MATERIEL_INFO_202606080,Ecran,32pouces et plus,590
LA_MATERIEL_INFO_202606081,Telephone IP,modèle par défaut,17
LA_MATERIEL_INFO_202606082,,Optiplex small,240
LA_MATERIEL_INFO_202606083,PC portable,,260
LA_MATERIEL_INFO_202606084,PC portable,EliteBook 10xx,223
LA_MATERIEL_INFO_202606085,PC fixe sans ecran,Precision tower 3xxx,285
LA_MATERIEL_INFO_202606086,PC portable,MacBook air,250
NewYork_MATERIEL_INFO_202606080,PC portable,Latitude 5xxx,300
NewYork_MATERIEL_INFO_202606081,Vidéo projecteur,,94
NewYork_MATERIEL_INFO_202606082,Smartphone,modèle par défaut,63
NewYork_MATERIEL_INFO_202606083,Tablette,modèle par défaut,150
NewYork_MATERIEL_INFO_202606084,Serveur,Serveur de stockage,2500
NewYork_MATERIEL_INFO_202606085,PC fixe sans ecran,Mac pro,900
NewYork_MATERIEL_INFO_202606086,PC fixe sans ecran,Station de travail (moy),600
NewYork_MATERIEL_INFO_202606087,Telephone IP,modèle par défaut,17
NewYork_MATERIEL_INFO_202606088,,"Elite (Tower, SFF, One)",393
Paris_MATERIEL_INFO_202606080,imprimante,Laser à poser (<40kg),430
Paris_MATERIEL_INFO_202606081,PC fixe sans ecran,Elite mini,137
Paris_MATERIEL_INFO_202606082,PC portable,EliteBook 6xx,175
Paris_MATERIEL_INFO_202606083,PC portable,Moyenne 17pouces,365
Paris_MATERIEL_INFO_202606084,PC fixe sans ecran,Optiplex micro,174
Paris_MATERIEL_INFO_202606085,clavier,modèle par défaut,24
Paris_MATERIEL_INFO_202606086,Ecran,,430
Paris_MATERIEL_INFO_202606087,PC fixe sans ecran,"Elite (Tower, SFF, One)",393
Paris_MATERIEL_INFO_202606088,Station d'accueil,modèle par défaut,26
Paris_MATERIEL_INFO_202606089,,Station de travail (moy),600
Shanghai_MATERIEL_INFO_202606080,PC portable,Victus,267
BERLIN_MATERIEL_INFO_202606090,PC fixe tout-en-un,iMac 21pouces,290
BERLIN_MATERIEL_INFO_202606091,Tablette,modèle par défaut,150
BERLIN_MATERIEL_INFO_202606092,,Transportable,94
BERLIN_MATERIEL_INFO_202606093,,Optiplex micro,174
BERLIN_MATERIEL_INFO_202606094,PC portable,Chromebook 11-13pouces,175
BERLIN_MATERIEL_INFO_202606095,imprimante,Laser A3 (>100kg),1800
LONDON_MATERIEL_INFO_202606090,clavier,modèle par défaut,24
LONDON_MATERIEL_INFO_202606091,Ecran,32pouces et plus,590
LONDON_MATERIEL_INFO_202606092,Ecran,modèle par défaut,430
LONDON_MATERIEL_INFO_202606093,Ecran,jusqu'à 23pouces,350
LONDON_MATERIEL_INFO_202606094,PC fixe sans ecran,Precision tower 3xxx,285
LONDON_MATERIEL_INFO_202606095,PC portable,Moyenne 17pouces,365
LONDON_MATERIEL_INFO_202606096,PC fixe tout-en-un,Mac pro,900
LONDON_MATERIEL_INFO_202606097,PC fixe tout-en-un,modèle par défaut,352
LONDON_MATERIEL_INFO_202606098,,"Prodesk (Tower, SFF)",322
LONDON_MATERIEL_INFO_202606099,Smartphone,modèle par défaut,63
LONDON_MATERIEL_INFO_2026060910,Borne wifi,modèle par défaut,10
LONDON_MATERIEL_INFO_2026060911,PC fixe sans ecran,,350
LONDON_MATERIEL_INFO_2026060912,PC portable,,260
LA_MATERIEL_INFO_202606090,,modèle par défaut,350
LA_MATERIEL_INFO_202606091,PC fixe sans ecran,Precision tower 5xxx,440
LA_MATERIEL_INFO_202606092,imprimante,Laser A3 (40-99kg),960
LA_MATERIEL_INFO_202606093,PC fixe sans ecran,Rasberry pi 4,15
LA_MATERIEL_INFO_202606094,PC fixe sans ecran,Mac mini,270
LA_MATERIEL_INFO_202606095,PC fixe sans ecran,,350
LA_MATERIEL_INFO_202606096,,Laser A3 (>100kg),1800
NewYork_MATERIEL_INFO_202606090,,MacBook air,250
NewYork_MATERIEL_INFO_202606091,PC portable,,260
Paris_MATERIEL_INFO_202606090,PC fixe sans ecran,PC Fixe (moy),300
Paris_MATERIEL_INFO_202606091,PC portable,EliteBook 8xx,290
Paris_MATERIEL_INFO_202606092,Ecran,,430
Paris_MATERIEL_INFO_202606093,PC portable,Precision 7xxx,304
Shanghai_MATERIEL_INFO_202606090,PC fixe tout-en-un,iMac pro,700
Shanghai_MATERIEL_INFO_202606091,,ProDesk mini/DM,100
Shanghai_MATERIEL_INFO_202606092,PC portable,Latitude 3xxx,220
Shanghai_MATERIEL_INFO_202606093,PC fixe tout-en-un,iMac pro,700
Shanghai_MATERIEL_INFO_202606094,Ecran,24pouces-31pouces,430
Shanghai_MATERIEL_INFO_202606095,imprimante,Laser A3 (>100kg),1800
Shanghai_MATERIEL_INFO_202606096,,ZHAN,264
Shanghai_MATERIEL_INFO_202606097,Station d'accueil,modèle par défaut,26
BERLIN_MATERIEL_INFO_202606100,PC portable,Chromebook 11-13pouces,175
BERLIN_MATERIEL_INFO_202606101,PC fixe sans ecran,Mac pro,900
BERLIN_MATERIEL_INFO_202606102,PC portable,Chromebook 11-13pouces,175
BERLIN_MATERIEL_INFO_202606103,Smartphone,modèle par défaut,63
BERLIN_MATERIEL_INFO_202606104,Serveur,Serveur de stockage,2500
BERLIN_MATERIEL_INFO_202606105,PC fixe sans ecran,OMEN,290
LONDON_MATERIEL_INFO_202606100,PC portable,MacBook air pre-retina,310
LONDON_MATERIEL_INFO_202606101,PC portable,MacBook air retina,176
LONDON_MATERIEL_INFO_202606102,PC portable,Latitude 3xxx,220
LONDON_MATERIEL_INFO_202606103,imprimante,Laser A3 (>100kg),1800
LA_MATERIEL_INFO_202606100,PC fixe tout-en-un,iMac 21pouces retina,300
LA_MATERIEL_INFO_202606101,PC portable,Moyenne 14/15pouces,294
LA_MATERIEL_INFO_202606102,PC portable,modèle par défaut,260
LA_MATERIEL_INFO_202606103,PC portable,Latitude 3xxx,220
LA_MATERIEL_INFO_202606104,PC fixe sans ecran,"EliteDesk (Tower, SFF, One)",393
LA_MATERIEL_INFO_202606105,Ecran,24pouces-31pouces,430
LA_MATERIEL_INFO_202606106,PC portable,modèle par défaut,260
LA_MATERIEL_INFO_202606107,PC portable,,260
LA_MATERIEL_INFO_202606108,Vidéo projecteur,modèle par défaut,94
LA_MATERIEL_INFO_202606109,Vidéo projecteur,Pour amphi,200
LA_MATERIEL_INFO_2026061010,PC fixe sans ecran,Optiplex tower,260
NewYork_MATERIEL_INFO_202606100,PC fixe tout-en-un,Optiplex All-in-One 7xxx,382
NewYork_MATERIEL_INFO_202606101,,modèle par défaut,350
NewYork_MATERIEL_INFO_202606102,,modèle par défaut,350
NewYork_MATERIEL_INFO_202606103,PC fixe tout-en-un,iMac 21pouces,290
NewYork_MATERIEL_INFO_202606104,PC fixe sans ecran,Elite mini,137
NewYork_MATERIEL_INFO_202606105,PC fixe sans ecran,ProDesk mini/DM,100
NewYork_MATERIEL_INFO_202606106,PC fixe tout-en-un,Optiplex All-in-One 7xxx,382
NewYork_MATERIEL_INFO_202606107,Serveur,Noeud de calcul,1300
NewYork_MATERIEL_INFO_202606108,Serveur,Modèle par défaut,1300
NewYork_MATERIEL_INFO_202606109,PC portable,EliteBook 6xx,175
NewYork_MATERIEL_INFO_2026061010,Vidéo projecteur,Transportable,94
NewYork_MATERIEL_INFO_2026061011,PC portable,Latitude 7xxx,264
NewYork_MATERIEL_INFO_2026061012,,Precision 5xxx,280
Paris_MATERIEL_INFO_202606100,PC fixe sans ecran,Wyse thin client,69
Paris_MATERIEL_INFO_202606101,PC portable,Precision 7xxx,304
Paris_MATERIEL_INFO_202606102,PC portable,ZBook,303
Paris_MATERIEL_INFO_202606103,Disque dur,,10
Paris_MATERIEL_INFO_202606104,PC portable,Victus,267
Paris_MATERIEL_INFO_202606105,,Z,409
Paris_MATERIEL_INFO_202606106,PC fixe sans ecran,Optiplex small,240
Paris_MATERIEL_INFO_202606107,PC fixe sans ecran,Optiplex small,240
Paris_MATERIEL_INFO_202606108,PC portable,Latitude 3xxx,220
Paris_MATERIEL_INFO_202606109,,Pour salle,150
Paris_MATERIEL_INFO_2026061010,PC portable,Chromebook 14-15pouces,170
Paris_MATERIEL_INFO_2026061011,PC fixe sans ecran,EliteDesk DM,230
Paris_MATERIEL_INFO_2026061012,imprimante,Laser A3 (40-99kg),960
Shanghai_MATERIEL_INFO_202606100,,"Prodesk (Tower, SFF)",322
Shanghai_MATERIEL_INFO_202606101,PC portable,ZBook,303
Shanghai_MATERIEL_INFO_202606102,,Precision 5xxx,280
Shanghai_MATERIEL_INFO_202606103,PC fixe sans ecran,OMEN,290
Shanghai_MATERIEL_INFO_202606104,,Noeud de calcul,1300
Shanghai_MATERIEL_INFO_202606105,Tablette,modèle par défaut,150
Shanghai_MATERIEL_INFO_202606106,Vidéo projecteur,modèle par défaut,94
Shanghai_MATERIEL_INFO_202606107,PC fixe sans ecran,Mac pro,900
Shanghai_MATERIEL_INFO_202606108,,MacBook pro 13pouces,256
BERLIN_MATERIEL_INFO_202606110,,modèle par défaut,350
LONDON_MATERIEL_INFO_202606110,imprimante,Laser A3 (40-99kg),960
LONDON_MATERIEL_INFO_202606111,PC portable,MacBook air,250
LONDON_MATERIEL_INFO_202606112,PC portable,EliteBook 8xx,290
LONDON_MATERIEL_INFO_202606113,PC fixe sans ecran,Mac mini,270
LONDON_MATERIEL_INFO_202606114,,Optiplex small,240
LONDON_MATERIEL_INFO_202606115,,Transportable,94
LONDON_MATERIEL_INFO_202606116,,OMEN,290
LA_MATERIEL_INFO_202606110,PC fixe tout-en-un,iMac pro,700
LA_MATERIEL_INFO_202606111,Disque dur,modèle par défaut,10
LA_MATERIEL_INFO_202606112,,modèle par défaut,350
LA_MATERIEL_INFO_202606113,clavier,modèle par défaut,24
LA_MATERIEL_INFO_202606114,PC fixe sans ecran,OMEN,290
LA_MATERIEL_INFO_202606115,PC fixe sans ecran,Optiplex micro,174
LA_MATERIEL_INFO_202606116,Borne wifi,,10
LA_MATERIEL_INFO_202606117,PC fixe sans ecran,Rasberry pi 4,15
LA_MATERIEL_INFO_202606118,Telephone IP,modèle par défaut,17
LA_MATERIEL_INFO_202606119,PC fixe sans ecran,modèle par défaut,350
NewYork_MATERIEL_INFO_202606110,PC portable,MacBook pro 15/16pouces,330
NewYork_MATERIEL_INFO_202606111,imprimante,Laser A3 (40-99kg),960
NewYork_MATERIEL_INFO_202606112,PC fixe sans ecran,Z,409
Paris_MATERIEL_INFO_202606110,,MacBook air retina,176
Paris_MATERIEL_INFO_202606111,,Optiplex All-in-One 7xxx,382
Paris_MATERIEL_INFO_202606112,PC fixe tout-en-un,iMac 21pouces retina,300
Paris_MATERIEL_INFO_202606113,clavier,modèle par défaut,24
Paris_MATERIEL_INFO_202606114,PC fixe sans ecran,PC Fixe (moy),300
Paris_MATERIEL_INFO_202606115,PC fixe sans ecran,Precision tower 5xxx,440
Paris_MATERIEL_INFO_202606116,Smartphone,modèle par défaut,63
Paris_MATERIEL_INFO_202606117,,Laser A3 (>100kg),1800
Paris_MATERIEL_INFO_202606118,PC fixe sans ecran,Precision tower 5xxx,440
Paris_MATERIEL_INFO_202606119,Serveur,Modèle par défaut,1300
Paris_MATERIEL_INFO_2026061110,,Modèle par défaut,350
Paris_MATERIEL_INFO_2026061111,Tablette,modèle par défaut,150
Shanghai_MATERIEL_INFO_202606110,,Mac pro,900
Shanghai_MATERIEL_INFO_202606111,,ZHAN,264
Shanghai_MATERIEL_INFO_202606112,,Precision tower 5xxx,440
Shanghai_MATERIEL_INFO_202606113,PC fixe sans ecran,Mac mini,270
Shanghai_MATERIEL_INFO_202606114,,PC Fixe (moy),300
Shanghai_MATERIEL_INFO_202606115,PC fixe tout-en-un,Optiplex All-in-One 7xxx,382
Shanghai_MATERIEL_INFO_202606116,PC fixe sans ecran,"Elite (Tower, SFF, One)",393
Shanghai_MATERIEL_INFO_202606117,PC portable,Victus,267
Shanghai_MATERIEL_INFO_202606118,PC portable,Precision 7xxx,304
Shanghai_MATERIEL_INFO_202606119,PC portable,ProBook,226
Shanghai_MATERIEL_INFO_2026061110,PC fixe sans ecran,Precision tower 5xxx,440
BERLIN_MATERIEL_INFO_202606120,imprimante,Laser à poser (<40kg),430
LONDON_MATERIEL_INFO_202606120,PC portable,EliteBook 6xx,175
LONDON_MATERIEL_INFO_202606121,PC fixe tout-en-un,,352
LONDON_MATERIEL_INFO_202606122,PC portable,EliteBook 6xx,175
LA_MATERIEL_INFO_202606120,PC fixe sans ecran,"Elite (Tower, SFF, One)",393
LA_MATERIEL_INFO_202606121,imprimante,Laser A3 (>100kg),1800
LA_MATERIEL_INFO_202606122,imprimante,Laser à poser (<40kg),430
LA_MATERIEL_INFO_202606123,PC fixe sans ecran,OMEN,290
LA_MATERIEL_INFO_202606124,PC fixe tout-en-un,modèle par défaut,352
LA_MATERIEL_INFO_202606125,PC fixe tout-en-un,iMac pro,700
LA_MATERIEL_INFO_202606126,Serveur,Noeud de calcul,1300
LA_MATERIEL_INFO_202606127,Vidéo projecteur,Transportable,94
LA_MATERIEL_INFO_202606128,PC fixe sans ecran,Z,409
LA_MATERIEL_INFO_202606129,PC portable,EliteBook 10xx,223
LA_MATERIEL_INFO_2026061210,,24pouces-31pouces,430
LA_MATERIEL_INFO_2026061211,Serveur,Modèle par défaut,1300
NewYork_MATERIEL_INFO_202606120,PC fixe sans ecran,Rasberry pi 4,15
NewYork_MATERIEL_INFO_202606121,PC portable,OMEN,290
NewYork_MATERIEL_INFO_202606122,,Optiplex All-in-One 5xxx,318
NewYork_MATERIEL_INFO_202606123,Vidéo projecteur,Pour salle,150
NewYork_MATERIEL_INFO_202606124,Vidéo projecteur,Pour amphi,200
NewYork_MATERIEL_INFO_202606125,imprimante,modèle par défaut,500
NewYork_MATERIEL_INFO_202606126,PC fixe sans ecran,PC Fixe (moy),300
NewYork_MATERIEL_INFO_202606127,PC fixe tout-en-un,Optiplex All-in-One 5xxx,318
Paris_MATERIEL_INFO_202606120,PC fixe sans ecran,Optiplex small,240
Paris_MATERIEL_INFO_202606121,PC portable,Precision 5xxx,280
Paris_MATERIEL_INFO_202606122,PC fixe tout-en-un,Mac pro,900
Paris_MATERIEL_INFO_202606123,,Precision 5xxx,280
Paris_MATERIEL_INFO_202606124,PC portable,MacBook air,250
Shanghai_MATERIEL_INFO_202606120,Telephone IP,modèle par défaut,17
Shanghai_MATERIEL_INFO_202606121,PC fixe sans ecran,Mac pro,900
Shanghai_MATERIEL_INFO_202606122,PC fixe sans ecran,Mac pro,900
Shanghai_MATERIEL_INFO_202606123,imprimante,Laser à poser (<40kg),430
Shanghai_MATERIEL_INFO_202606124,Vidéo projecteur,Pour salle,150
Shanghai_MATERIEL_INFO_202606125,PC fixe sans ecran,Wyse thin client,69
Shanghai_MATERIEL_INFO_202606126,PC fixe sans ecran,ProDesk mini/DM,100
Shanghai_MATERIEL_INFO_202606127,Smartphone,modèle par défaut,63
Shanghai_MATERIEL_INFO_202606128,PC portable,EliteBook 6xx,175
Shanghai_MATERIEL_INFO_202606129,PC portable,MacBook air pre-retina,310
BERLIN_MATERIEL_INFO_202606130,Serveur,,1300
BERLIN_MATERIEL_INFO_202606131,,ZBook,303
BERLIN_MATERIEL_INFO_202606132,,modèle par défaut,350
BERLIN_MATERIEL_INFO_202606133,Vidéo projecteur,,94
LONDON_MATERIEL_INFO_202606130,PC fixe tout-en-un,Mac pro,900
LONDON_MATERIEL_INFO_202606131,,ZBook,303
LONDON_MATERIEL_INFO_202606132,,Chromebook 11-13pouces,175
LONDON_MATERIEL_INFO_202606133,PC fixe sans ecran,Mac mini,270
LONDON_MATERIEL_INFO_202606134,,Moyenne 14/15pouces,294
LONDON_MATERIEL_INFO_202606135,imprimante,modèle par défaut,500
LONDON_MATERIEL_INFO_202606136,PC portable,MacBook pro 15/16pouces,330
LONDON_MATERIEL_INFO_202606137,PC portable,MacBook air retina,176
LONDON_MATERIEL_INFO_202606138,PC fixe tout-en-un,iMac 27pouces retina,450
LONDON_MATERIEL_INFO_202606139,PC fixe sans ecran,Precision tower 5xxx,440
LONDON_MATERIEL_INFO_2026061310,,Laser A3 (40-99kg),960
LA_MATERIEL_INFO_202606130,souris,modèle par défaut,5
LA_MATERIEL_INFO_202606131,Vidéo projecteur,,94
LA_MATERIEL_INFO_202606132,PC portable,Precision 3xxx,266
LA_MATERIEL_INFO_202606133,Serveur,Modèle par défaut,1300
LA_MATERIEL_INFO_202606134,,Optiplex All-in-One 3xxx,241
LA_MATERIEL_INFO_202606135,PC fixe sans ecran,Optiplex tower,260
LA_MATERIEL_INFO_202606136,PC fixe sans ecran,modèle par défaut,350
NewYork_MATERIEL_INFO_202606130,PC portable,ZBook Studio,379
NewYork_MATERIEL_INFO_202606131,PC portable,Latitude 5xxx,300
NewYork_MATERIEL_INFO_202606132,,ProDesk mini/DM,100
NewYork_MATERIEL_INFO_202606133,,iMac 21pouces retina,300
NewYork_MATERIEL_INFO_202606134,,ProDesk mini/DM,100
NewYork_MATERIEL_INFO_202606135,PC fixe sans ecran,Station de travail (moy),600
NewYork_MATERIEL_INFO_202606136,Station d'accueil,,26
Paris_MATERIEL_INFO_202606130,PC fixe sans ecran,,350
Paris_MATERIEL_INFO_202606131,,Moyenne 14/15pouces,294
Paris_MATERIEL_INFO_202606132,PC portable,ZBook,303
Paris_MATERIEL_INFO_202606133,,Wyse thin client,69
Paris_MATERIEL_INFO_202606134,PC portable,MacBook air retina,176
Paris_MATERIEL_INFO_202606135,PC fixe tout-en-un,Optiplex All-in-One 7xxx,382
Paris_MATERIEL_INFO_202606136,PC fixe sans ecran,ZHAN,264
Paris_MATERIEL_INFO_202606137,PC fixe sans ecran,EliteDesk DM,230
Paris_MATERIEL_INFO_202606138,Serveur,Modèle par défaut,1300
Paris_MATERIEL_INFO_202606139,PC fixe sans ecran,"Prodesk (Tower, SFF)",322
Paris_MATERIEL_INFO_2026061310,,modèle par défaut,350
Shanghai_MATERIEL_INFO_202606130,,Mac mini,270
Shanghai_MATERIEL_INFO_202606131,PC portable,Latitude 5xxx,300
Shanghai_MATERIEL_INFO_202606132,,ProDesk mini/DM,100
BERLIN_MATERIEL_INFO_202606140,Ecran,24pouces-31pouces,430
BERLIN_MATERIEL_INFO_202606141,PC fixe tout-en-un,iMac 21pouces retina,300
BERLIN_MATERIEL_INFO_202606142,,Modèle par défaut,350
BERLIN_MATERIEL_INFO_202606143,imprimante,Laser A3 (40-99kg),960
BERLIN_MATERIEL_INFO_202606144,PC portable,Moyenne 17pouces,365
BERLIN_MATERIEL_INFO_202606145,Borne wifi,modèle par défaut,10
LONDON_MATERIEL_INFO_202606140,imprimante,Laser A3 (>100kg),1800
LONDON_MATERIEL_INFO_202606141,PC fixe tout-en-un,iMac 21pouces,290
LONDON_MATERIEL_INFO_202606142,PC portable,modèle par défaut,260
LA_MATERIEL_INFO_202606140,Serveur,Noeud de calcul,1300
NewYork_MATERIEL_INFO_202606140,PC fixe sans ecran,Elite mini,137
NewYork_MATERIEL_INFO_202606141,Ecran,32pouces et plus,590
NewYork_MATERIEL_INFO_202606142,Vidéo projecteur,Transportable,94
NewYork_MATERIEL_INFO_202606143,PC fixe tout-en-un,iMac pro,700
NewYork_MATERIEL_INFO_202606144,,modèle par défaut,350
NewYork_MATERIEL_INFO_202606145,PC fixe sans ecran,modèle par défaut,350
NewYork_MATERIEL_INFO_202606146,,Optiplex All-in-One 3xxx,241
NewYork_MATERIEL_INFO_202606147,PC fixe sans ecran,Elite mini,137
NewYork_MATERIEL_INFO_202606148,PC portable,EliteBook 6xx,175
NewYork_MATERIEL_INFO_202606149,souris,,5
NewYork_MATERIEL_INFO_2026061410,,modèle par défaut,350
NewYork_MATERIEL_INFO_2026061411,PC fixe sans ecran,Wyse thin client,69
Paris_MATERIEL_INFO_202606140,imprimante,Laser à poser (<40kg),430
Paris_MATERIEL_INFO_202606141,PC fixe tout-en-un,iMac 21pouces,290
Paris_MATERIEL_INFO_202606142,PC fixe sans ecran,Station de travail (moy),600
Paris_MATERIEL_INFO_202606143,PC fixe sans ecran,Optiplex tower,260
Paris_MATERIEL_INFO_202606144,PC portable,Latitude 3xxx,220
Paris_MATERIEL_INFO_202606145,imprimante,,500
Paris_MATERIEL_INFO_202606146,PC portable,MacBook air,250
Paris_MATERIEL_INFO_202606147,PC portable,MacBook pro 15/16pouces,330
Paris_MATERIEL_INFO_202606148,,MacBook air pre-retina,310
Paris_MATERIEL_INFO_202606149,Vidéo projecteur,Transportable,94
Paris_MATERIEL_INFO_2026061410,PC fixe tout-en-un,,352
Paris_MATERIEL_INFO_2026061411,,iMac pro,700
Shanghai_MATERIEL_INFO_202606140,imprimante,modèle par défaut,500
Shanghai_MATERIEL_INFO_202606141,imprimante,Laser A3 (>100kg),1800
Shanghai_MATERIEL_INFO_202606142,imprimante,Laser A3 (>100kg),1800
Shanghai_MATERIEL_INFO_202606143,PC fixe sans ecran,Precision tower 7xxx,555
Shanghai_MATERIEL_INFO_202606144,PC portable,Moyenne 14/15pouces,294
Shanghai_MATERIEL_INFO_202606145,PC fixe sans ecran,ZHAN,264
Shanghai_MATERIEL_INFO_202606146,PC fixe sans ecran,Optiplex tower,260
Shanghai_MATERIEL_INFO_202606147,PC fixe sans ecran,Optiplex tower,260
Shanghai_MATERIEL_INFO_202606148,,"EliteDesk (Tower, SFF, One)",393
Shanghai_MATERIEL_INFO_202606149,PC portable,Precision 7xxx,304
Shanghai_MATERIEL_INFO_2026061410,,Precision 3xxx,266
Shanghai_MATERIEL_INFO_2026061411,,32pouces et plus,590
BERLIN_MATERIEL_INFO_202606150,,Moyenne 13pouces,250
BERLIN_MATERIEL_INFO_202606151,,modèle par défaut,350
LONDON_MATERIEL_INFO_202606150,,ProBook,226
LONDON_MATERIEL_INFO_202606151,Telephone IP,modèle par défaut,17
LONDON_MATERIEL_INFO_202606152,PC fixe sans ecran,Station de travail (moy),600
LONDON_MATERIEL_INFO_202606153,PC portable,Moyenne 13pouces,250
LONDON_MATERIEL_INFO_202606154,souris,modèle par défaut,5
LONDON_MATERIEL_INFO_202606155,Vidéo projecteur,Pour amphi,200
LONDON_MATERIEL_INFO_202606156,,Optiplex All-in-One 3xxx,241
LONDON_MATERIEL_INFO_202606157,PC portable,modèle par défaut,260
LONDON_MATERIEL_INFO_202606158,PC fixe sans ecran,,350
LONDON_MATERIEL_INFO_202606159,PC portable,,260
LONDON_MATERIEL_INFO_2026061510,PC fixe sans ecran,Optiplex small,240
LONDON_MATERIEL_INFO_2026061511,PC portable,EliteBook 10xx,223
LA_MATERIEL_INFO_202606150,PC fixe sans ecran,Mac mini,270
LA_MATERIEL_INFO_202606151,PC portable,,260
LA_MATERIEL_INFO_202606152,Ecran,24pouces-31pouces,430
LA_MATERIEL_INFO_202606153,Ecran,modèle par défaut,430
LA_MATERIEL_INFO_202606154,PC fixe tout-en-un,,352
LA_MATERIEL_INFO_202606155,Vidéo projecteur,,94
LA_MATERIEL_INFO_202606156,clavier,modèle par défaut,24
LA_MATERIEL_INFO_202606157,PC portable,Chromebook 14-15pouces,170
NewYork_MATERIEL_INFO_202606150,PC portable,Precision 3xxx,266
Paris_MATERIEL_INFO_202606150,PC fixe sans ecran,"EliteDesk (Tower, SFF, One)",393
Paris_MATERIEL_INFO_202606151,,modèle par défaut,350
Paris_MATERIEL_INFO_202606152,PC fixe tout-en-un,iMac 21pouces retina,300
Paris_MATERIEL_INFO_202606153,Ecran,jusqu'à 23pouces,350
Paris_MATERIEL_INFO_202606154,Vidéo projecteur,Transportable,94
Paris_MATERIEL_INFO_202606155,,"Elite (Tower, SFF, One)",393
Paris_MATERIEL_INFO_202606156,imprimante,Laser A3 (>100kg),1800
Shanghai_MATERIEL_INFO_202606150,PC portable,MacBook pro 13pouces,256
Shanghai_MATERIEL_INFO_202606151,PC portable,MacBook air,250
Shanghai_MATERIEL_INFO_202606152,Station d'accueil,,26
Shanghai_MATERIEL_INFO_202606153,PC portable,Latitude 5xxx,300
BERLIN_MATERIEL_INFO_202606160,Tablette,,150
BERLIN_MATERIEL_INFO_202606161,PC fixe sans ecran,,350
BERLIN_MATERIEL_INFO_202606162,Ecran,jusqu'à 23pouces,350
BERLIN_MATERIEL_INFO_202606163,PC portable,MacBook pro 13pouces,256
BERLIN_MATERIEL_INFO_202606164,PC portable,,260
BERLIN_MATERIEL_INFO_202606165,PC portable,Precision 5xxx,280
LONDON_MATERIEL_INFO_202606160,PC portable,OMEN,290
LONDON_MATERIEL_INFO_202606161,PC fixe sans ecran,"Elite (Tower, SFF, One)",393
LONDON_MATERIEL_INFO_202606162,clavier,modèle par défaut,24
LONDON_MATERIEL_INFO_202606163,souris,modèle par défaut,5
LONDON_MATERIEL_INFO_202606164,clavier,,24
LONDON_MATERIEL_INFO_202606165,PC fixe sans ecran,Wyse thin client,69
LONDON_MATERIEL_INFO_202606166,,Optiplex tower,260
LA_MATERIEL_INFO_202606160,,Precision tower 7xxx,555
LA_MATERIEL_INFO_202606161,PC fixe tout-en-un,Mac pro,900
LA_MATERIEL_INFO_202606162,,modèle par défaut,350
NewYork_MATERIEL_INFO_202606160,PC portable,,260
NewYork_MATERIEL_INFO_202606161,clavier,modèle par défaut,24
NewYork_MATERIEL_INFO_202606162,Ecran,jusqu'à 23pouces,350
NewYork_MATERIEL_INFO_202606163,PC fixe tout-en-un,iMac 27pouces retina,450
NewYork_MATERIEL_INFO_202606164,Ecran,jusqu'à 23pouces,350
NewYork_MATERIEL_INFO_202606165,PC fixe sans ecran,,350
NewYork_MATERIEL_INFO_202606166,PC portable,EliteBook 8xx,290
NewYork_MATERIEL_INFO_202606167,PC portable,ZBook,303
NewYork_MATERIEL_INFO_202606168,PC fixe sans ecran,Mac pro,900
Paris_MATERIEL_INFO_202606160,Telephone IP,modèle par défaut,17
Paris_MATERIEL_INFO_202606161,Ecran,32pouces et plus,590
Paris_MATERIEL_INFO_202606162,PC fixe tout-en-un,iMac pro,700
Paris_MATERIEL_INFO_202606163,Smartphone,modèle par défaut,63
Paris_MATERIEL_INFO_202606164,PC fixe sans ecran,,350
Paris_MATERIEL_INFO_202606165,PC portable,Moyenne 13pouces,250
Paris_MATERIEL_INFO_202606166,,PC Fixe (moy),300
Paris_MATERIEL_INFO_202606167,Ecran,jusqu'à 23pouces,350
Paris_MATERIEL_INFO_202606168,Smartphone,modèle par défaut,63
Paris_MATERIEL_INFO_202606169,,Optiplex micro,174
Paris_MATERIEL_INFO_2026061610,PC portable,ZBook Studio,379
Paris_MATERIEL_INFO_2026061611,PC portable,EliteBook 6xx,175
Shanghai_MATERIEL_INFO_202606160,,Precision tower 7xxx,555
Shanghai_MATERIEL_INFO_202606161,Disque dur,modèle par défaut,10
Shanghai_MATERIEL_INFO_202606162,PC portable,ZBook Studio,379
Shanghai_MATERIEL_INFO_202606163,Borne wifi,modèle par défaut,10
Shanghai_MATERIEL_INFO_202606164,PC fixe tout-en-un,modèle par défaut,352
Shanghai_MATERIEL_INFO_202606165,imprimante,Laser à poser (<40kg),430
Shanghai_MATERIEL_INFO_202606166,PC portable,ZBook,303
Shanghai_MATERIEL_INFO_202606167,Vidéo projecteur,,94
Shanghai_MATERIEL_INFO_202606168,Serveur,Serveur de stockage,2500
Shanghai_MATERIEL_INFO_202606169,,ZHAN,264
Shanghai_MATERIEL_INFO_2026061610,imprimante,Laser à poser (<40kg),430
BERLIN_MATERIEL_INFO_202606170,Vidéo projecteur,modèle par défaut,94
LONDON_MATERIEL_INFO_202606170,Telephone IP,modèle par défaut,17
LONDON_MATERIEL_INFO_202606171,PC portable,ProBook,226
LONDON_MATERIEL_INFO_202606172,PC fixe sans ecran,ZHAN,264
LA_MATERIEL_INFO_202606170,imprimante,Laser A3 (>100kg),1800
LA_MATERIEL_INFO_202606171,PC fixe sans ecran,Station de travail (moy),600
LA_MATERIEL_INFO_202606172,Serveur,Modèle par défaut,1300
LA_MATERIEL_INFO_202606173,,Optiplex small,240
LA_MATERIEL_INFO_202606174,PC portable,Latitude 5xxx,300
LA_MATERIEL_INFO_202606175,PC portable,MacBook pro 13pouces,256
LA_MATERIEL_INFO_202606176,PC fixe tout-en-un,,352
LA_MATERIEL_INFO_202606177,Borne wifi,modèle par défaut,10
NewYork_MATERIEL_INFO_202606170,,modèle par défaut,350
NewYork_MATERIEL_INFO_202606171,PC fixe sans ecran,Rasberry pi 4,15
NewYork_MATERIEL_INFO_202606172,,"Prodesk (Tower, SFF)",322
NewYork_MATERIEL_INFO_202606173,,Optiplex All-in-One 5xxx,318
NewYork_MATERIEL_INFO_202606174,Vidéo projecteur,Pour amphi,200
NewYork_MATERIEL_INFO_202606175,PC fixe sans ecran,"Prodesk (Tower, SFF)",322
Paris_MATERIEL_INFO_202606170,Tablette,modèle par défaut,150
Paris_MATERIEL_INFO_202606171,PC portable,ZBook,303
Paris_MATERIEL_INFO_202606172,PC fixe sans ecran,Optiplex tower,260
Paris_MATERIEL_INFO_202606173,Ecran,32pouces et plus,590
Paris_MATERIEL_INFO_202606174,PC fixe sans ecran,"Elite (Tower, SFF, One)",393
Paris_MATERIEL_INFO_202606175,Borne wifi,modèle par défaut,10
Paris_MATERIEL_INFO_202606176,,Optiplex All-in-One 7xxx,382
Paris_MATERIEL_INFO_202606177,PC fixe sans ecran,Z,409
Paris_MATERIEL_INFO_202606178,PC fixe sans ecran,Z,409
Paris_MATERIEL_INFO_202606179,,iMac 21pouces retina,300
Shanghai_MATERIEL_INFO_202606170,PC portable,MacBook pro 13pouces,256
Shanghai_MATERIEL_INFO_202606171,Smartphone,modèle par défaut,63
Shanghai_MATERIEL_INFO_202606172,PC portable,Moyenne 14/15pouces,294
Shanghai_MATERIEL_INFO_202606173,PC fixe sans ecran,EliteDesk DM,230
Shanghai_MATERIEL_INFO_202606174,Borne wifi,modèle par défaut,10
Shanghai_MATERIEL_INFO_202606175,imprimante,modèle par défaut,500
Shanghai_MATERIEL_INFO_202606176,PC portable,Latitude 3xxx,220
Shanghai_MATERIEL_INFO_202606177,PC portable,Latitude 3xxx,220
Shanghai_MATERIEL_INFO_202606178,,Optiplex micro,174
Shanghai_MATERIEL_INFO_202606179,PC fixe sans ecran,Wyse thin client,69
Shanghai_MATERIEL_INFO_2026061710,PC fixe tout-en-un,Optiplex All-in-One 7xxx,382
Shanghai_MATERIEL_INFO_2026061711,PC fixe sans ecran,Wyse thin client,69
BERLIN_MATERIEL_INFO_202606180,PC portable,,260
BERLIN_MATERIEL_INFO_202606181,PC fixe tout-en-un,iMac 21pouces retina,300
BERLIN_MATERIEL_INFO_202606182,,Mac pro,900
LONDON_MATERIEL_INFO_202606180,PC portable,MacBook air pre-retina,310
LONDON_MATERIEL_INFO_202606181,PC fixe sans ecran,Rasberry pi 4,15
LONDON_MATERIEL_INFO_202606182,PC portable,modèle par défaut,260
LONDON_MATERIEL_INFO_202606183,PC portable,,260
LONDON_MATERIEL_INFO_202606184,,ZBook Studio,379
LONDON_MATERIEL_INFO_202606185,PC fixe sans ecran,,350
LONDON_MATERIEL_INFO_202606186,PC fixe tout-en-un,Optiplex All-in-One 7xxx,382
LONDON_MATERIEL_INFO_202606187,,Station de travail (moy),600
LA_MATERIEL_INFO_202606180,PC portable,MacBook air,250
LA_MATERIEL_INFO_202606181,PC fixe sans ecran,"Elite (Tower, SFF, One)",393
LA_MATERIEL_INFO_202606182,PC portable,Latitude 5xxx,300
LA_MATERIEL_INFO_202606183,,Precision 3xxx,266
LA_MATERIEL_INFO_202606184,Disque dur,modèle par défaut,10
NewYork_MATERIEL_INFO_202606180,PC fixe sans ecran,Precision tower 5xxx,440
NewYork_MATERIEL_INFO_202606181,Smartphone,modèle par défaut,63
Paris_MATERIEL_INFO_202606180,PC fixe tout-en-un,iMac 27pouces retina,450
Paris_MATERIEL_INFO_202606181,PC portable,EliteBook 8xx,290
Paris_MATERIEL_INFO_202606182,PC portable,Victus,267
Paris_MATERIEL_INFO_202606183,imprimante,Laser A3 (>100kg),1800
Paris_MATERIEL_INFO_202606184,PC portable,Precision 3xxx,266
Paris_MATERIEL_INFO_202606185,,iMac pro,700
Paris_MATERIEL_INFO_202606186,PC fixe tout-en-un,Mac pro,900
Paris_MATERIEL_INFO_202606187,,Precision tower 5xxx,440
Paris_MATERIEL_INFO_202606188,PC fixe tout-en-un,Optiplex All-in-One 5xxx,318
Paris_MATERIEL_INFO_202606189,PC fixe sans ecran,Mac pro,900
Paris_MATERIEL_INFO_2026061810,PC fixe sans ecran,ZHAN,264
Paris_MATERIEL_INFO_2026061811,,Noeud de calcul,1300
Shanghai_MATERIEL_INFO_202606180,PC fixe sans ecran,,350
Shanghai_MATERIEL_INFO_202606181,PC fixe sans ecran,Mac pro,900
Shanghai_MATERIEL_INFO_202606182,,iMac 27pouces retina,450
Shanghai_MATERIEL_INFO_202606183,,modèle par défaut,350
Shanghai_MATERIEL_INFO_202606184,Vidéo projecteur,Pour amphi,200
Shanghai_MATERIEL_INFO_202606185,PC portable,MacBook air retina,176
BERLIN_MATERIEL_INFO_202606190,Telephone IP,modèle par défaut,17
BERLIN_MATERIEL_INFO_202606191,,Noeud de calcul,1300
BERLIN_MATERIEL_INFO_202606192,,Latitude 7xxx,264
BERLIN_MATERIEL_INFO_202606193,PC fixe sans ecran,OMEN,290
BERLIN_MATERIEL_INFO_202606194,PC fixe tout-en-un,Mac pro,900
LONDON_MATERIEL_INFO_202606190,PC portable,modèle par défaut,260
LONDON_MATERIEL_INFO_202606191,PC portable,ProBook,226
LONDON_MATERIEL_INFO_202606192,PC portable,Moyenne 17pouces,365
LONDON_MATERIEL_INFO_202606193,imprimante,modèle par défaut,500
LONDON_MATERIEL_INFO_202606194,PC fixe sans ecran,Optiplex micro,174
LONDON_MATERIEL_INFO_202606195,PC fixe sans ecran,ZHAN,264
LONDON_MATERIEL_INFO_202606196,PC fixe sans ecran,,350
LONDON_MATERIEL_INFO_202606197,PC portable,Precision 7xxx,304
LONDON_MATERIEL_INFO_202606198,PC portable,Chromebook 11-13pouces,175
LONDON_MATERIEL_INFO_202606199,PC portable,MacBook pro 13pouces,256
LONDON_MATERIEL_INFO_2026061910,PC fixe sans ecran,EliteDesk DM,230
LONDON_MATERIEL_INFO_2026061911,Vidéo projecteur,Transportable,94
LONDON_MATERIEL_INFO_2026061912,PC fixe sans ecran,Precision tower 5xxx,440
LA_MATERIEL_INFO_202606190,PC fixe tout-en-un,iMac 27pouces retina,450
LA_MATERIEL_INFO_202606191,,Optiplex small,240
LA_MATERIEL_INFO_202606192,PC fixe sans ecran,Rasberry pi 4,15
LA_MATERIEL_INFO_202606193,PC fixe sans ecran,ProDesk mini/DM,100
LA_MATERIEL_INFO_202606194,PC portable,Moyenne 13pouces,250
LA_MATERIEL_INFO_202606195,PC portable,Victus,267
LA_MATERIEL_INFO_202606196,PC portable,Latitude 7xxx,264
LA_MATERIEL_INFO_202606197,Serveur,Serveur de stockage,2500
LA_MATERIEL_INFO_202606198,Tablette,modèle par défaut,150
LA_MATERIEL_INFO_202606199,PC fixe sans ecran,Mac mini,270
LA_MATERIEL_INFO_2026061910,PC fixe tout-en-un,modèle par défaut,352
LA_MATERIEL_INFO_2026061911,PC portable,EliteBook 8xx,290
LA_MATERIEL_INFO_2026061912,PC portable,,260
LA_MATERIEL_INFO_2026061913,souris,modèle par défaut,5
NewYork_MATERIEL_INFO_202606190,PC fixe sans ecran,,350
NewYork_MATERIEL_INFO_202606191,imprimante,Laser A3 (40-99kg),960
NewYork_MATERIEL_INFO_202606192,PC fixe sans ecran,Rasberry pi 4,15
NewYork_MATERIEL_INFO_202606193,PC fixe tout-en-un,Optiplex All-in-One 5xxx,318
NewYork_MATERIEL_INFO_202606194,,modèle par défaut,350
NewYork_MATERIEL_INFO_202606195,souris,modèle par défaut,5
NewYork_MATERIEL_INFO_202606196,imprimante,,500
Paris_MATERIEL_INFO_202606190,PC portable,ZBook,303
Paris_MATERIEL_INFO_202606191,PC portable,ProBook,226
Paris_MATERIEL_INFO_202606192,,modèle par défaut,350
Paris_MATERIEL_INFO_202606193,,MacBook pro 15/16pouces,330
Shanghai_MATERIEL_INFO_202606190,,EliteBook 6xx,175
Shanghai_MATERIEL_INFO_202606191,PC fixe sans ecran,modèle par défaut,350
Shanghai_MATERIEL_INFO_202606192,PC fixe tout-en-un,modèle par défaut,352
Shanghai_MATERIEL_INFO_202606193,Vidéo projecteur,Transportable,94
Shanghai_MATERIEL_INFO_202606194,,Moyenne 14/15pouces,294
Shanghai_MATERIEL_INFO_202606195,,modèle par défaut,350
BERLIN_MATERIEL_INFO_202606200,imprimante,modèle par défaut,500
BERLIN_MATERIEL_INFO_202606201,PC fixe sans ecran,"Elite (Tower, SFF, One)",393
BERLIN_MATERIEL_INFO_202606202,Telephone IP,modèle par défaut,17
BERLIN_MATERIEL_INFO_202606203,,Wyse thin client,69
BERLIN_MATERIEL_INFO_202606204,Vidéo projecteur,modèle par défaut,94
LONDON_MATERIEL_INFO_202606200,PC fixe sans ecran,Rasberry pi 4,15
LONDON_MATERIEL_INFO_202606201,PC fixe tout-en-un,iMac 21pouces,290
LONDON_MATERIEL_INFO_202606202,PC portable,Latitude 7xxx,264
LONDON_MATERIEL_INFO_202606203,Vidéo projecteur,modèle par défaut,94
LONDON_MATERIEL_INFO_202606204,PC portable,Moyenne 17pouces,365
LONDON_MATERIEL_INFO_202606205,PC portable,,260
LONDON_MATERIEL_INFO_202606206,PC portable,Chromebook 14-15pouces,170
LONDON_MATERIEL_INFO_202606207,PC portable,MacBook air pre-retina,310
LA_MATERIEL_INFO_202606200,,Transportable,94
LA_MATERIEL_INFO_202606201,,Moyenne 14/15pouces,294
LA_MATERIEL_INFO_202606202,PC fixe tout-en-un,Optiplex All-in-One 7xxx,382
LA_MATERIEL_INFO_202606203,Serveur,Noeud de calcul,1300
LA_MATERIEL_INFO_202606204,PC fixe sans ecran,Station de travail (moy),600
LA_MATERIEL_INFO_202606205,Vidéo projecteur,modèle par défaut,94
LA_MATERIEL_INFO_202606206,Ecran,modèle par défaut,430
LA_MATERIEL_INFO_202606207,PC fixe sans ecran,Station de travail (moy),600
LA_MATERIEL_INFO_202606208,Telephone IP,modèle par défaut,17
LA_MATERIEL_INFO_202606209,,Mac pro,900
LA_MATERIEL_INFO_2026062010,Borne wifi,modèle par défaut,10
LA_MATERIEL_INFO_2026062011,PC portable,Moyenne 14/15pouces,294
LA_MATERIEL_INFO_2026062012,PC fixe tout-en-un,Mac pro,900
NewYork_MATERIEL_INFO_202606200,PC portable,MacBook pro 15/16pouces,330
NewYork_MATERIEL_INFO_202606201,PC fixe sans ecran,"Elite (Tower, SFF, One)",393
NewYork_MATERIEL_INFO_202606202,,Laser A3 (>100kg),1800
NewYork_MATERIEL_INFO_202606203,PC fixe sans ecran,"Prodesk (Tower, SFF)",322
NewYork_MATERIEL_INFO_202606204,PC fixe sans ecran,ProDesk mini/DM,100
NewYork_MATERIEL_INFO_202606205,PC portable,EliteBook 8xx,290
NewYork_MATERIEL_INFO_202606206,PC fixe sans ecran,modèle par défaut,350
NewYork_MATERIEL_INFO_202606207,,EliteBook 6xx,175
NewYork_MATERIEL_INFO_202606208,PC portable,MacBook pro 15/16pouces,330
NewYork_MATERIEL_INFO_202606209,PC fixe sans ecran,PC Fixe (moy),300
NewYork_MATERIEL_INFO_2026062010,imprimante,modèle par défaut,500
NewYork_MATERIEL_INFO_2026062011,PC portable,MacBook air retina,176
Paris_MATERIEL_INFO_202606200,PC fixe sans ecran,,350
Paris_MATERIEL_INFO_202606201,PC fixe sans ecran,"Elite (Tower, SFF, One)",393
Shanghai_MATERIEL_INFO_202606200,PC portable,OMEN,290
Shanghai_MATERIEL_INFO_202606201,PC fixe sans ecran,Rasberry pi 4,15
Shanghai_MATERIEL_INFO_202606202,PC fixe sans ecran,"Elite (Tower, SFF, One)",393
Shanghai_MATERIEL_INFO_202606203,PC portable,,260
Shanghai_MATERIEL_INFO_202606204,Serveur,Serveur de stockage,2500
BERLIN_MATERIEL_INFO_202606210,PC portable,OMEN,290
BERLIN_MATERIEL_INFO_202606211,PC fixe sans ecran,,350
BERLIN_MATERIEL_INFO_202606212,Vidéo projecteur,,94
BERLIN_MATERIEL_INFO_202606213,Station d'accueil,modèle par défaut,26
LONDON_MATERIEL_INFO_202606210,PC portable,EliteBook 10xx,223
LONDON_MATERIEL_INFO_202606211,PC portable,ZBook Studio,379
LONDON_MATERIEL_INFO_202606212,,modèle par défaut,350
LONDON_MATERIEL_INFO_202606213,PC fixe sans ecran,Wyse thin client,69
LONDON_MATERIEL_INFO_202606214,PC fixe sans ecran,"Elite (Tower, SFF, One)",393
LONDON_MATERIEL_INFO_202606215,,Optiplex tower,260
LONDON_MATERIEL_INFO_202606216,PC portable,Moyenne 17pouces,365
LONDON_MATERIEL_INFO_202606217,PC portable,Chromebook 11-13pouces,175
LONDON_MATERIEL_INFO_202606218,PC fixe tout-en-un,iMac 21pouces retina,300
LA_MATERIEL_INFO_202606210,PC portable,Latitude 7xxx,264
LA_MATERIEL_INFO_202606211,PC fixe sans ecran,Wyse thin client,69
LA_MATERIEL_INFO_202606212,PC fixe sans ecran,Precision tower 3xxx,285
LA_MATERIEL_INFO_202606213,Serveur,Modèle par défaut,1300
LA_MATERIEL_INFO_202606214,,MacBook pro 13pouces,256
NewYork_MATERIEL_INFO_202606210,PC portable,MacBook air,250
NewYork_MATERIEL_INFO_202606211,PC portable,EliteBook 8xx,290
NewYork_MATERIEL_INFO_202606212,PC portable,Moyenne 17pouces,365
NewYork_MATERIEL_INFO_202606213,PC portable,,260
NewYork_MATERIEL_INFO_202606214,,modèle par défaut,350
Paris_MATERIEL_INFO_202606210,PC portable,Latitude 7xxx,264
Paris_MATERIEL_INFO_202606211,PC fixe sans ecran,PC Fixe (moy),300
Paris_MATERIEL_INFO_202606212,,modèle par défaut,350
Paris_MATERIEL_INFO_202606213,PC portable,OMEN,290
Paris_MATERIEL_INFO_202606214,PC portable,EliteBook 8xx,290
Paris_MATERIEL_INFO_202606215,PC fixe sans ecran,Optiplex small,240
Paris_MATERIEL_INFO_202606216,PC fixe sans ecran,Optiplex micro,174
Paris_MATERIEL_INFO_202606217,,modèle par défaut,350
Shanghai_MATERIEL_INFO_202606210,Tablette,modèle par défaut,150
Shanghai_MATERIEL_INFO_202606211,PC fixe sans ecran,modèle par défaut,350
BERLIN_MATERIEL_INFO_202606220,PC fixe sans ecran,modèle par défaut,350
LONDON_MATERIEL_INFO_202606220,PC portable,Precision 3xxx,266
LONDON_MATERIEL_INFO_202606221,,ProBook,226
LONDON_MATERIEL_INFO_202606222,,jusqu'à 23pouces,350
LONDON_MATERIEL_INFO_202606223,imprimante,Laser A3 (40-99kg),960
LONDON_MATERIEL_INFO_202606224,Ecran,32pouces et plus,590
LONDON_MATERIEL_INFO_202606225,,Precision tower 5xxx,440
LONDON_MATERIEL_INFO_202606226,,Laser à poser (<40kg),430
LONDON_MATERIEL_INFO_202606227,Disque dur,modèle par défaut,10
LONDON_MATERIEL_INFO_202606228,PC fixe tout-en-un,Optiplex All-in-One 7xxx,382
LONDON_MATERIEL_INFO_202606229,PC fixe sans ecran,Z,409
LONDON_MATERIEL_INFO_2026062210,PC fixe sans ecran,Wyse thin client,69
LONDON_MATERIEL_INFO_2026062211,PC portable,ZBook,303
LA_MATERIEL_INFO_202606220,PC fixe tout-en-un,Mac pro,900
NewYork_MATERIEL_INFO_202606220,PC fixe sans ecran,Precision tower 7xxx,555
NewYork_MATERIEL_INFO_202606221,Vidéo projecteur,Transportable,94
NewYork_MATERIEL_INFO_202606222,PC portable,Precision 5xxx,280
NewYork_MATERIEL_INFO_202606223,PC portable,modèle par défaut,260
NewYork_MATERIEL_INFO_202606224,Vidéo projecteur,Pour salle,150
NewYork_MATERIEL_INFO_202606225,,modèle par défaut,350
Paris_MATERIEL_INFO_202606220,PC fixe sans ecran,Precision tower 7xxx,555
Paris_MATERIEL_INFO_202606221,PC portable,Chromebook 14-15pouces,170
Paris_MATERIEL_INFO_202606222,Smartphone,modèle par défaut,63
Shanghai_MATERIEL_INFO_202606220,,Chromebook 14-15pouces,170
Shanghai_MATERIEL_INFO_202606221,PC fixe tout-en-un,Optiplex All-in-One 5xxx,318
Shanghai_MATERIEL_INFO_202606222,PC fixe sans ecran,Optiplex tower,260
BERLIN_MATERIEL_INFO_202606230,PC fixe sans ecran,"Elite (Tower, SFF, One)",393
BERLIN_MATERIEL_INFO_202606231,PC fixe tout-en-un,,352
BERLIN_MATERIEL_INFO_202606232,PC portable,,260
BERLIN_MATERIEL_INFO_202606233,,Chromebook 11-13pouces,175
BERLIN_MATERIEL_INFO_202606234,,modèle par défaut,350
BERLIN_MATERIEL_INFO_202606235,PC portable,Latitude 7xxx,264
LONDON_MATERIEL_INFO_202606230,PC portable,EliteBook 6xx,175
LONDON_MATERIEL_INFO_202606231,PC portable,ProBook,226
LA_MATERIEL_INFO_202606230,,Serveur de stockage,2500
LA_MATERIEL_INFO_202606231,PC portable,Moyenne 13pouces,250
LA_MATERIEL_INFO_202606232,,MacBook pro 13pouces,256
LA_MATERIEL_INFO_202606233,PC portable,,260
NewYork_MATERIEL_INFO_202606230,PC fixe tout-en-un,,352
NewYork_MATERIEL_INFO_202606231,Vidéo projecteur,Pour salle,150
NewYork_MATERIEL_INFO_202606232,imprimante,modèle par défaut,500
NewYork_MATERIEL_INFO_202606233,PC portable,MacBook air pre-retina,310
NewYork_MATERIEL_INFO_202606234,Ecran,,430
Paris_MATERIEL_INFO_202606230,PC fixe sans ecran,ProDesk mini/DM,100
Paris_MATERIEL_INFO_202606231,PC portable,Moyenne 14/15pouces,294
Paris_MATERIEL_INFO_202606232,PC portable,Latitude 5xxx,300
Paris_MATERIEL_INFO_202606233,PC portable,OMEN,290
Paris_MATERIEL_INFO_202606234,PC fixe sans ecran,Precision tower 7xxx,555
Paris_MATERIEL_INFO_202606235,PC fixe sans ecran,Wyse thin client,69
Paris_MATERIEL_INFO_202606236,Serveur,Noeud de calcul,1300
Paris_MATERIEL_INFO_202606237,PC fixe tout-en-un,Optiplex All-in-One 7xxx,382
Paris_MATERIEL_INFO_202606238,Vidéo projecteur,Pour salle,150
Paris_MATERIEL_INFO_202606239,,modèle par défaut,350
Paris_MATERIEL_INFO_2026062310,Ecran,24pouces-31pouces,430
Paris_MATERIEL_INFO_2026062311,PC portable,,260
Paris_MATERIEL_INFO_2026062312,PC portable,Latitude 5xxx,300
Paris_MATERIEL_INFO_2026062313,PC portable,Moyenne 13pouces,250
Shanghai_MATERIEL_INFO_202606230,,modèle par défaut,350
Shanghai_MATERIEL_INFO_202606231,PC portable,Precision 7xxx,304
Shanghai_MATERIEL_INFO_202606232,Vidéo projecteur,Transportable,94
Shanghai_MATERIEL_INFO_202606233,PC fixe sans ecran,"EliteDesk (Tower, SFF, One)",393
Shanghai_MATERIEL_INFO_202606234,Smartphone,modèle par défaut,63
Shanghai_MATERIEL_INFO_202606235,PC fixe sans ecran,"Prodesk (Tower, SFF)",322
Shanghai_MATERIEL_INFO_202606236,PC fixe sans ecran,Precision tower 7xxx,555
BERLIN_MATERIEL_INFO_202606240,PC fixe tout-en-un,iMac 21pouces retina,300
BERLIN_MATERIEL_INFO_202606241,PC fixe tout-en-un,iMac pro,700
BERLIN_MATERIEL_INFO_202606242,PC portable,EliteBook 6xx,175
BERLIN_MATERIEL_INFO_202606243,PC fixe sans ecran,,350
BERLIN_MATERIEL_INFO_202606244,PC fixe sans ecran,Z,409
BERLIN_MATERIEL_INFO_202606245,imprimante,Laser à poser (<40kg),430
LONDON_MATERIEL_INFO_202606240,PC fixe sans ecran,Optiplex small,240
LONDON_MATERIEL_INFO_202606241,PC portable,MacBook air retina,176
LONDON_MATERIEL_INFO_202606242,PC portable,Chromebook 14-15pouces,170
LONDON_MATERIEL_INFO_202606243,PC fixe tout-en-un,Optiplex All-in-One 7xxx,382
LONDON_MATERIEL_INFO_202606244,,Laser A3 (40-99kg),960
LONDON_MATERIEL_INFO_202606245,PC fixe tout-en-un,iMac pro,700
LONDON_MATERIEL_INFO_202606246,,"EliteDesk (Tower, SFF, One)",393
LONDON_MATERIEL_INFO_202606247,PC fixe tout-en-un,Mac pro,900
LONDON_MATERIEL_INFO_202606248,PC portable,,260
LONDON_MATERIEL_INFO_202606249,PC fixe tout-en-un,Optiplex All-in-One 3xxx,241
LONDON_MATERIEL_INFO_2026062410,PC fixe sans ecran,,350
LONDON_MATERIEL_INFO_2026062411,PC fixe sans ecran,Precision tower 7xxx,555
LONDON_MATERIEL_INFO_2026062412,imprimante,Laser à poser (<40kg),430
LA_MATERIEL_INFO_202606240,,modèle par défaut,350
LA_MATERIEL_INFO_202606241,PC portable,Moyenne 17pouces,365
LA_MATERIEL_INFO_202606242,PC portable,modèle par défaut,260
LA_MATERIEL_INFO_202606243,PC fixe sans ecran,Wyse thin client,69
LA_MATERIEL_INFO_202606244,PC fixe sans ecran,Z,409
LA_MATERIEL_INFO_202606245,PC portable,Latitude 7xxx,264
LA_MATERIEL_INFO_202606246,PC fixe sans ecran,Mac pro,900
LA_MATERIEL_INFO_202606247,PC portable,Latitude 3xxx,220
LA_MATERIEL_INFO_202606248,,modèle par défaut,350
LA_MATERIEL_INFO_202606249,PC portable,Moyenne 14/15pouces,294
LA_MATERIEL_INFO_2026062410,,PC Fixe (moy),300
LA_MATERIEL_INFO_2026062411,PC fixe sans ecran,Optiplex tower,260
LA_MATERIEL_INFO_2026062412,PC fixe tout-en-un,Optiplex All-in-One 5xxx,318
NewYork_MATERIEL_INFO_202606240,,ZBook Studio,379
NewYork_MATERIEL_INFO_202606241,Borne wifi,modèle par défaut,10
NewYork_MATERIEL_INFO_202606242,,Serveur de stockage,2500
Paris_MATERIEL_INFO_202606240,Disque dur,modèle par défaut,10
Shanghai_MATERIEL_INFO_202606240,PC fixe sans ecran,,350
Shanghai_MATERIEL_INFO_202606241,,EliteDesk DM,230
Shanghai_MATERIEL_INFO_202606242,PC fixe tout-en-un,iMac 27pouces retina,450
Shanghai_MATERIEL_INFO_202606243,PC fixe tout-en-un,iMac 21pouces retina,300
Shanghai_MATERIEL_INFO_202606244,,MacBook air,250
Shanghai_MATERIEL_INFO_202606245,PC fixe sans ecran,ZHAN,264
Shanghai_MATERIEL_INFO_202606246,Disque dur,modèle par défaut,10
Shanghai_MATERIEL_INFO_202606247,PC portable,Latitude 3xxx,220
Shanghai_MATERIEL_INFO_202606248,PC fixe sans ecran,Precision tower 5xxx,440
Shanghai_MATERIEL_INFO_202606249,imprimante,modèle par défaut,500
Shanghai_MATERIEL_INFO_2026062410,,EliteBook 10xx,223
Shanghai_MATERIEL_INFO_2026062411,PC fixe sans ecran,Precision tower 7xxx,555
BERLIN_MATERIEL_INFO_202606250,PC fixe sans ecran,"Prodesk (Tower, SFF)",322
BERLIN_MATERIEL_INFO_202606251,PC fixe sans ecran,Optiplex micro,174
BERLIN_MATERIEL_INFO_202606252,PC fixe sans ecran,Mac mini,270
LONDON_MATERIEL_INFO_202606250,imprimante,Laser A3 (40-99kg),960
LONDON_MATERIEL_INFO_202606251,PC fixe sans ecran,Precision tower 5xxx,440
LONDON_MATERIEL_INFO_202606252,PC fixe sans ecran,Rasberry pi 4,15
LONDON_MATERIEL_INFO_202606253,,Precision 3xxx,266
LONDON_MATERIEL_INFO_202606254,PC portable,Chromebook 11-13pouces,175
LONDON_MATERIEL_INFO_202606255,Vidéo projecteur,modèle par défaut,94
LONDON_MATERIEL_INFO_202606256,PC portable,Latitude 5xxx,300
LONDON_MATERIEL_INFO_202606257,PC portable,Moyenne 17pouces,365
LONDON_MATERIEL_INFO_202606258,Station d'accueil,modèle par défaut,26
LONDON_MATERIEL_INFO_202606259,PC fixe sans ecran,ZHAN,264
LONDON_MATERIEL_INFO_2026062510,PC portable,Victus,267
LONDON_MATERIEL_INFO_2026062511,PC fixe sans ecran,Precision tower 3xxx,285
LONDON_MATERIEL_INFO_2026062512,,modèle par défaut,350
LONDON_MATERIEL_INFO_2026062513,PC portable,ProBook,226
LA_MATERIEL_INFO_202606250,,Noeud de calcul,1300
NewYork_MATERIEL_INFO_202606250,PC portable,Latitude 7xxx,264
NewYork_MATERIEL_INFO_202606251,Ecran,24pouces-31pouces,430
NewYork_MATERIEL_INFO_202606252,,EliteDesk DM,230
NewYork_MATERIEL_INFO_202606253,PC portable,,260
NewYork_MATERIEL_INFO_202606254,PC portable,Latitude 7xxx,264
NewYork_MATERIEL_INFO_202606255,Serveur,Serveur de stockage,2500
Paris_MATERIEL_INFO_202606250,,iMac pro,700
Paris_MATERIEL_INFO_202606251,PC fixe sans ecran,Optiplex tower,260
Paris_MATERIEL_INFO_202606252,Vidéo projecteur,,94
Paris_MATERIEL_INFO_202606253,PC portable,ZBook,303
Paris_MATERIEL_INFO_202606254,,Mac mini,270
Paris_MATERIEL_INFO_202606255,Ecran,32pouces et plus,590
Paris_MATERIEL_INFO_202606256,PC portable,Latitude 5xxx,300
Paris_MATERIEL_INFO_202606257,,EliteBook 8xx,290
Paris_MATERIEL_INFO_202606258,PC portable,,260
Paris_MATERIEL_INFO_202606259,Serveur,,1300
Paris_MATERIEL_INFO_2026062510,,Moyenne 17pouces,365
Paris_MATERIEL_INFO_2026062511,imprimante,modèle par défaut,500
Shanghai_MATERIEL_INFO_202606250,PC portable,EliteBook 10xx,223
Shanghai_MATERIEL_INFO_202606251,imprimante,modèle par défaut,500
Shanghai_MATERIEL_INFO_202606252,PC fixe tout-en-un,modèle par défaut,352
Shanghai_MATERIEL_INFO_202606253,PC fixe sans ecran,,350
Shanghai_MATERIEL_INFO_202606254,PC fixe sans ecran,Station de travail (moy),600
Shanghai_MATERIEL_INFO_202606255,Ecran,jusqu'à 23pouces,350
Shanghai_MATERIEL_INFO_202606256,,Modèle par défaut,350
Shanghai_MATERIEL_INFO_202606257,PC portable,MacBook air pre-retina,310
Shanghai_MATERIEL_INFO_202606258,PC fixe sans ecran,modèle par défaut,350
Shanghai_MATERIEL_INFO_202606259,PC portable,Precision 7xxx,304
Shanghai_MATERIEL_INFO_2026062510,PC fixe sans ecran,Mac mini,270
Shanghai_MATERIEL_INFO_2026062511,PC portable,MacBook air,250
BERLIN_MATERIEL_INFO_202606260,PC portable,MacBook air,250
BERLIN_MATERIEL_INFO_202606261,PC portable,OMEN,290
BERLIN_MATERIEL_INFO_202606262,PC portable,MacBook pro 15/16pouces,330
BERLIN_MATERIEL_INFO_202606263,PC fixe sans ecran,Optiplex micro,174
BERLIN_MATERIEL_INFO_202606264,imprimante,Laser A3 (40-99kg),960
LONDON_MATERIEL_INFO_202606260,PC portable,modèle par défaut,260
LONDON_MATERIEL_INFO_202606261,PC fixe sans ecran,"Elite (Tower, SFF, One)",393
LONDON_MATERIEL_INFO_202606262,PC fixe sans ecran,modèle par défaut,350
LONDON_MATERIEL_INFO_202606263,PC fixe tout-en-un,iMac pro,700
LONDON_MATERIEL_INFO_202606264,imprimante,Laser A3 (40-99kg),960
LONDON_MATERIEL_INFO_202606265,PC portable,Moyenne 14/15pouces,294
LONDON_MATERIEL_INFO_202606266,PC fixe sans ecran,"EliteDesk (Tower, SFF, One)",393
LONDON_MATERIEL_INFO_202606267,,EliteBook 10xx,223
LONDON_MATERIEL_INFO_202606268,Borne wifi,modèle par défaut,10
LONDON_MATERIEL_INFO_202606269,PC portable,Moyenne 13pouces,250
LONDON_MATERIEL_INFO_2026062610,,Mac mini,270
LONDON_MATERIEL_INFO_2026062611,PC fixe sans ecran,OMEN,290
LA_MATERIEL_INFO_202606260,Ecran,jusqu'à 23pouces,350
NewYork_MATERIEL_INFO_202606260,,modèle par défaut,350
Paris_MATERIEL_INFO_202606260,imprimante,Laser A3 (40-99kg),960
Paris_MATERIEL_INFO_202606261,Vidéo projecteur,Pour amphi,200
Paris_MATERIEL_INFO_202606262,PC portable,,260
Paris_MATERIEL_INFO_202606263,,Rasberry pi 4,15
Shanghai_MATERIEL_INFO_202606260,clavier,modèle par défaut,24
Shanghai_MATERIEL_INFO_202606261,PC portable,Chromebook 11-13pouces,175
Shanghai_MATERIEL_INFO_202606262,PC fixe sans ecran,ProDesk mini/DM,100
Shanghai_MATERIEL_INFO_202606263,imprimante,,500
Shanghai_MATERIEL_INFO_202606264,PC portable,MacBook air,250
Shanghai_MATERIEL_INFO_202606265,Serveur,,1300
Shanghai_MATERIEL_INFO_202606266,Serveur,Serveur de stockage,2500
Shanghai_MATERIEL_INFO_202606267,PC portable,MacBook air pre-retina,310
Shanghai_MATERIEL_INFO_202606268,PC fixe tout-en-un,Optiplex All-in-One 3xxx,241
Shanghai_MATERIEL_INFO_202606269,PC portable,Precision 7xxx,304
Shanghai_MATERIEL_INFO_2026062610,PC fixe tout-en-un,Optiplex All-in-One 5xxx,318
Shanghai_MATERIEL_INFO_2026062611,PC fixe sans ecran,"EliteDesk (Tower, SFF, One)",393
BERLIN_MATERIEL_INFO_202606270,,Latitude 3xxx,220
LONDON_MATERIEL_INFO_202606270,PC portable,MacBook air,250
LONDON_MATERIEL_INFO_202606271,PC fixe sans ecran,Precision tower 7xxx,555
LONDON_MATERIEL_INFO_202606272,souris,,5
LONDON_MATERIEL_INFO_202606273,Vidéo projecteur,modèle par défaut,94
LONDON_MATERIEL_INFO_202606274,,Elite mini,137
LA_MATERIEL_INFO_202606270,PC fixe tout-en-un,iMac 27pouces retina,450
LA_MATERIEL_INFO_202606271,PC portable,ZBook,303
LA_MATERIEL_INFO_202606272,imprimante,Laser A3 (40-99kg),960
LA_MATERIEL_INFO_202606273,,Z,409
LA_MATERIEL_INFO_202606274,PC fixe sans ecran,Optiplex micro,174
LA_MATERIEL_INFO_202606275,,Laser A3 (>100kg),1800
LA_MATERIEL_INFO_202606276,Serveur,Noeud de calcul,1300
LA_MATERIEL_INFO_202606277,PC portable,Precision 3xxx,266
LA_MATERIEL_INFO_202606278,PC fixe sans ecran,"Prodesk (Tower, SFF)",322
LA_MATERIEL_INFO_202606279,PC fixe sans ecran,Precision tower 5xxx,440
NewYork_MATERIEL_INFO_202606270,PC portable,Latitude 3xxx,220
NewYork_MATERIEL_INFO_202606271,imprimante,modèle par défaut,500
NewYork_MATERIEL_INFO_202606272,PC fixe tout-en-un,Optiplex All-in-One 5xxx,318
NewYork_MATERIEL_INFO_202606273,PC fixe sans ecran,OMEN,290
NewYork_MATERIEL_INFO_202606274,Ecran,32pouces et plus,590
NewYork_MATERIEL_INFO_202606275,PC fixe sans ecran,ProDesk mini/DM,100
Paris_MATERIEL_INFO_202606270,Serveur,Serveur de stockage,2500
Shanghai_MATERIEL_INFO_202606270,PC fixe sans ecran,ProDesk mini/DM,100
Shanghai_MATERIEL_INFO_202606271,PC portable,Moyenne 14/15pouces,294
Shanghai_MATERIEL_INFO_202606272,,Precision tower 3xxx,285
Shanghai_MATERIEL_INFO_202606273,,OMEN,290
Shanghai_MATERIEL_INFO_202606274,Telephone IP,,17
Shanghai_MATERIEL_INFO_202606275,PC portable,,260
Shanghai_MATERIEL_INFO_202606276,souris,,5
Shanghai_MATERIEL_INFO_202606277,,Transportable,94
Shanghai_MATERIEL_INFO_202606278,PC fixe sans ecran,Z,409
Shanghai_MATERIEL_INFO_202606279,PC fixe tout-en-un,Optiplex All-in-One 5xxx,318
Shanghai_MATERIEL_INFO_2026062710,PC portable,ZBook Studio,379
Shanghai_MATERIEL_INFO_2026062711,,Pour amphi,200
Shanghai_MATERIEL_INFO_2026062712,,Wyse thin client,69
BERLIN_MATERIEL_INFO_202606280,PC fixe sans ecran,,350
BERLIN_MATERIEL_INFO_202606281,imprimante,Laser à poser (<40kg),430
BERLIN_MATERIEL_INFO_202606282,PC portable,MacBook pro 13pouces,256
LONDON_MATERIEL_INFO_202606280,Ecran,jusqu'à 23pouces,350
LONDON_MATERIEL_INFO_202606281,PC fixe sans ecran,Rasberry pi 4,15
LONDON_MATERIEL_INFO_202606282,PC fixe sans ecran,,350
LA_MATERIEL_INFO_202606280,PC portable,MacBook air retina,176
LA_MATERIEL_INFO_202606281,,ZHAN,264
LA_MATERIEL_INFO_202606282,PC portable,Moyenne 17pouces,365
LA_MATERIEL_INFO_202606283,imprimante,modèle par défaut,500
LA_MATERIEL_INFO_202606284,,ZBook Studio,379
LA_MATERIEL_INFO_202606285,PC portable,Moyenne 17pouces,365
LA_MATERIEL_INFO_202606286,,Z,409
LA_MATERIEL_INFO_202606287,PC fixe tout-en-un,Optiplex All-in-One 7xxx,382
LA_MATERIEL_INFO_202606288,PC portable,Precision 5xxx,280
NewYork_MATERIEL_INFO_202606280,imprimante,Laser A3 (>100kg),1800
NewYork_MATERIEL_INFO_202606281,PC fixe tout-en-un,iMac 27pouces retina,450
NewYork_MATERIEL_INFO_202606282,Ecran,,430
NewYork_MATERIEL_INFO_202606283,PC fixe tout-en-un,Optiplex All-in-One 7xxx,382
NewYork_MATERIEL_INFO_202606284,Serveur,,1300
NewYork_MATERIEL_INFO_202606285,Disque dur,modèle par défaut,10
NewYork_MATERIEL_INFO_202606286,Serveur,Modèle par défaut,1300
NewYork_MATERIEL_INFO_202606287,Ecran,jusqu'à 23pouces,350
NewYork_MATERIEL_INFO_202606288,,Optiplex micro,174
NewYork_MATERIEL_INFO_202606289,Vidéo projecteur,Pour salle,150
NewYork_MATERIEL_INFO_2026062810,,Chromebook 14-15pouces,170
NewYork_MATERIEL_INFO_2026062811,PC fixe tout-en-un,iMac pro,700
Paris_MATERIEL_INFO_202606280,,ProDesk mini/DM,100
Paris_MATERIEL_INFO_202606281,PC portable,Precision 7xxx,304
Paris_MATERIEL_INFO_202606282,PC fixe sans ecran,EliteDesk DM,230
Shanghai_MATERIEL_INFO_202606280,,Optiplex All-in-One 3xxx,241
Shanghai_MATERIEL_INFO_202606281,Vidéo projecteur,Pour amphi,200
Shanghai_MATERIEL_INFO_202606282,,Optiplex tower,260
Shanghai_MATERIEL_INFO_202606283,PC fixe sans ecran,,350
Shanghai_MATERIEL_INFO_202606284,PC fixe tout-en-un,,352
Shanghai_MATERIEL_INFO_202606285,,ZBook,303
BERLIN_MATERIEL_INFO_202606290,,Optiplex All-in-One 5xxx,318
BERLIN_MATERIEL_INFO_202606291,imprimante,Laser A3 (40-99kg),960
BERLIN_MATERIEL_INFO_202606292,,EliteDesk DM,230
LONDON_MATERIEL_INFO_202606290,Telephone IP,modèle par défaut,17
LONDON_MATERIEL_INFO_202606291,PC fixe sans ecran,Rasberry pi 4,15
LONDON_MATERIEL_INFO_202606292,PC fixe tout-en-un,iMac pro,700
LONDON_MATERIEL_INFO_202606293,PC fixe sans ecran,Station de travail (moy),600
LONDON_MATERIEL_INFO_202606294,,iMac pro,700
LONDON_MATERIEL_INFO_202606295,,OMEN,290
LONDON_MATERIEL_INFO_202606296,,EliteBook 6xx,175
LONDON_MATERIEL_INFO_202606297,PC portable,Victus,267
LONDON_MATERIEL_INFO_202606298,,jusqu'à 23pouces,350
LA_MATERIEL_INFO_202606290,PC fixe tout-en-un,Optiplex All-in-One 7xxx,382
LA_MATERIEL_INFO_202606291,PC fixe sans ecran,Optiplex small,240
LA_MATERIEL_INFO_202606292,Tablette,modèle par défaut,150
LA_MATERIEL_INFO_202606293,PC portable,EliteBook 8xx,290
LA_MATERIEL_INFO_202606294,PC fixe sans ecran,PC Fixe (moy),300
LA_MATERIEL_INFO_202606295,,MacBook pro 13pouces,256
LA_MATERIEL_INFO_202606296,,Optiplex All-in-One 5xxx,318
LA_MATERIEL_INFO_202606297,PC fixe sans ecran,Precision tower 3xxx,285
LA_MATERIEL_INFO_202606298,PC fixe tout-en-un,Optiplex All-in-One 7xxx,382
LA_MATERIEL_INFO_202606299,,modèle par défaut,350
LA_MATERIEL_INFO_2026062910,PC fixe sans ecran,"Prodesk (Tower, SFF)",322
LA_MATERIEL_INFO_2026062911,,modèle par défaut,350
NewYork_MATERIEL_INFO_202606290,PC fixe sans ecran,Precision tower 5xxx,440
NewYork_MATERIEL_INFO_202606291,,Wyse thin client,69
NewYork_MATERIEL_INFO_202606292,,modèle par défaut,350
NewYork_MATERIEL_INFO_202606293,PC fixe sans ecran,Station de travail (moy),600
NewYork_MATERIEL_INFO_202606294,PC fixe sans ecran,Mac pro,900
NewYork_MATERIEL_INFO_202606295,PC fixe sans ecran,,350
NewYork_MATERIEL_INFO_202606296,PC portable,Precision 5xxx,280
NewYork_MATERIEL_INFO_202606297,PC fixe tout-en-un,,352
Paris_MATERIEL_INFO_202606290,PC fixe sans ecran,EliteDesk DM,230
Paris_MATERIEL_INFO_202606291,PC fixe sans ecran,,350
Paris_MATERIEL_INFO_202606292,PC portable,Latitude 5xxx,300
Paris_MATERIEL_INFO_202606293,Serveur,,1300
Paris_MATERIEL_INFO_202606294,,jusqu'à 23pouces,350
Paris_MATERIEL_INFO_202606295,PC fixe sans ecran,,350
Paris_MATERIEL_INFO_202606296,PC portable,Moyenne 14/15pouces,294
Paris_MATERIEL_INFO_202606297,PC fixe tout-en-un,Optiplex All-in-One 7xxx,382
Paris_MATERIEL_INFO_202606298,PC portable,Precision 7xxx,304
Paris_MATERIEL_INFO_202606299,PC fixe sans ecran,Station de travail (moy),600
Shanghai_MATERIEL_INFO_202606290,PC fixe sans ecran,Wyse thin client,69
Shanghai_MATERIEL_INFO_202606291,PC fixe sans ecran,Mac pro,900
Shanghai_MATERIEL_INFO_202606292,PC portable,Moyenne 14/15pouces,294
Shanghai_MATERIEL_INFO_202606293,PC portable,Chromebook 14-15pouces,170
Shanghai_MATERIEL_INFO_202606294,,modèle par défaut,350
Shanghai_MATERIEL_INFO_202606295,PC portable,Precision 7xxx,304
Shanghai_MATERIEL_INFO_202606296,PC fixe sans ecran,modèle par défaut,350
Shanghai_MATERIEL_INFO_202606297,,Pour amphi,200
BERLIN_MATERIEL_INFO_202606300,,EliteBook 10xx,223
BERLIN_MATERIEL_INFO_202606301,PC portable,Moyenne 14/15pouces,294
BERLIN_MATERIEL_INFO_202606302,Telephone IP,modèle par défaut,17
LONDON_MATERIEL_INFO_202606300,PC fixe sans ecran,Wyse thin client,69
LONDON_MATERIEL_INFO_202606301,PC portable,MacBook air,250
LONDON_MATERIEL_INFO_202606302,Vidéo projecteur,modèle par défaut,94
LONDON_MATERIEL_INFO_202606303,Smartphone,modèle par défaut,63
LONDON_MATERIEL_INFO_202606304,PC fixe sans ecran,Mac mini,270
LONDON_MATERIEL_INFO_202606305,PC portable,Moyenne 14/15pouces,294
LONDON_MATERIEL_INFO_202606306,,EliteDesk DM,230
LONDON_MATERIEL_INFO_202606307,PC portable,Chromebook 14-15pouces,170
LONDON_MATERIEL_INFO_202606308,Serveur,Noeud de calcul,1300
LONDON_MATERIEL_INFO_202606309,,MacBook air retina,176
LA_MATERIEL_INFO_202606300,PC portable,MacBook pro 15/16pouces,330
LA_MATERIEL_INFO_202606301,PC fixe sans ecran,,350
LA_MATERIEL_INFO_202606302,,MacBook air pre-retina,310
LA_MATERIEL_INFO_202606303,,MacBook pro 15/16pouces,330
LA_MATERIEL_INFO_202606304,PC portable,MacBook air pre-retina,310
LA_MATERIEL_INFO_202606305,PC fixe tout-en-un,iMac pro,700
LA_MATERIEL_INFO_202606306,PC portable,EliteBook 8xx,290
LA_MATERIEL_INFO_202606307,PC fixe sans ecran,Precision tower 5xxx,440
LA_MATERIEL_INFO_202606308,Serveur,Modèle par défaut,1300
LA_MATERIEL_INFO_202606309,PC fixe sans ecran,EliteDesk DM,230
NewYork_MATERIEL_INFO_202606300,PC portable,ZBook,303
NewYork_MATERIEL_INFO_202606301,PC fixe tout-en-un,Optiplex All-in-One 3xxx,241
NewYork_MATERIEL_INFO_202606302,PC fixe sans ecran,Precision tower 7xxx,555
NewYork_MATERIEL_INFO_202606303,,OMEN,290
NewYork_MATERIEL_INFO_202606304,,iMac pro,700
NewYork_MATERIEL_INFO_202606305,,EliteBook 10xx,223
NewYork_MATERIEL_INFO_202606306,PC fixe sans ecran,Rasberry pi 4,15
NewYork_MATERIEL_INFO_202606307,Vidéo projecteur,modèle par défaut,94
NewYork_MATERIEL_INFO_202606308,PC portable,ProBook,226
NewYork_MATERIEL_INFO_202606309,Vidéo projecteur,Transportable,94
NewYork_MATERIEL_INFO_2026063010,PC fixe sans ecran,Z,409
NewYork_MATERIEL_INFO_2026063011,Ecran,jusqu'à 23pouces,350
Paris_MATERIEL_INFO_202606300,,Laser A3 (40-99kg),960
Paris_MATERIEL_INFO_202606301,PC fixe sans ecran,Optiplex small,240
Paris_MATERIEL_INFO_202606302,PC portable,MacBook air pre-retina,310
Paris_MATERIEL_INFO_202606303,Serveur,,1300
Paris_MATERIEL_INFO_202606304,PC fixe tout-en-un,iMac 27pouces retina,450
Paris_MATERIEL_INFO_202606305,imprimante,,500
Paris_MATERIEL_INFO_202606306,,Station de travail (moy),600
Paris_MATERIEL_INFO_202606307,PC portable,Latitude 3xxx,220
Paris_MATERIEL_INFO_202606308,PC portable,Chromebook 11-13pouces,175
Paris_MATERIEL_INFO_202606309,,iMac 21pouces,290
Paris_MATERIEL_INFO_2026063010,PC portable,,260
Paris_MATERIEL_INFO_2026063011,Vidéo projecteur,modèle par défaut,94
Paris_MATERIEL_INFO_2026063012,PC fixe sans ecran,Precision tower 5xxx,440
Shanghai_MATERIEL_INFO_202606300,,Mac pro,900
Shanghai_MATERIEL_INFO_202606301,PC fixe tout-en-un,,352
Shanghai_MATERIEL_INFO_202606302,Vidéo projecteur,Pour amphi,200
Shanghai_MATERIEL_INFO_202606303,PC fixe sans ecran,Precision tower 3xxx,285
BERLIN_MATERIEL_INFO_202607010,PC portable,Precision 7xxx,304
BERLIN_MATERIEL_INFO_202607011,PC portable,MacBook air retina,176
BERLIN_MATERIEL_INFO_202607012,PC fixe sans ecran,Precision tower 7xxx,555
BERLIN_MATERIEL_INFO_202607013,,Latitude 5xxx,300
BERLIN_MATERIEL_INFO_202607014,Vidéo projecteur,modèle par défaut,94
LONDON_MATERIEL_INFO_202607010,PC fixe tout-en-un,Optiplex All-in-One 3xxx,241
LONDON_MATERIEL_INFO_202607011,imprimante,Laser A3 (>100kg),1800
LONDON_MATERIEL_INFO_202607012,PC portable,Moyenne 13pouces,250
LONDON_MATERIEL_INFO_202607013,,Latitude 3xxx,220
LONDON_MATERIEL_INFO_202607014,,Mac pro,900
LONDON_MATERIEL_INFO_202607015,,EliteBook 6xx,175
LONDON_MATERIEL_INFO_202607016,,Optiplex tower,260
LONDON_MATERIEL_INFO_202607017,PC portable,Moyenne 13pouces,250
LONDON_MATERIEL_INFO_202607018,PC fixe tout-en-un,iMac 21pouces,290
LA_MATERIEL_INFO_202607010,PC fixe sans ecran,"Elite (Tower, SFF, One)",393
LA_MATERIEL_INFO_202607011,PC fixe sans ecran,Z,409
LA_MATERIEL_INFO_202607012,PC fixe sans ecran,Optiplex tower,260
LA_MATERIEL_INFO_202607013,PC fixe sans ecran,EliteDesk DM,230
NewYork_MATERIEL_INFO_202607010,PC portable,ProBook,226
NewYork_MATERIEL_INFO_202607011,PC portable,Latitude 7xxx,264
NewYork_MATERIEL_INFO_202607012,Serveur,Serveur de stockage,2500
NewYork_MATERIEL_INFO_202607013,Vidéo projecteur,Pour salle,150
NewYork_MATERIEL_INFO_202607014,,modèle par défaut,350
NewYork_MATERIEL_INFO_202607015,PC fixe tout-en-un,Optiplex All-in-One 7xxx,382
Paris_MATERIEL_INFO_202607010,,Modèle par défaut,350
Paris_MATERIEL_INFO_202607011,,Precision 7xxx,304
Paris_MATERIEL_INFO_202607012,imprimante,Laser A3 (40-99kg),960
Paris_MATERIEL_INFO_202607013,PC portable,Chromebook 11-13pouces,175
Paris_MATERIEL_INFO_202607014,,Pour amphi,200
Paris_MATERIEL_INFO_202607015,PC portable,Chromebook 14-15pouces,170
Shanghai_MATERIEL_INFO_202607010,Station d'accueil,modèle par défaut,26
Shanghai_MATERIEL_INFO_202607011,Vidéo projecteur,modèle par défaut,94
Shanghai_MATERIEL_INFO_202607012,,modèle par défaut,350
Shanghai_MATERIEL_INFO_202607013,PC fixe sans ecran,,350
Shanghai_MATERIEL_INFO_202607014,PC fixe tout-en-un,iMac 21pouces,290
Shanghai_MATERIEL_INFO_202607015,PC fixe sans ecran,Mac pro,900
Shanghai_MATERIEL_INFO_202607016,PC portable,,260
Shanghai_MATERIEL_INFO_202607017,imprimante,Laser à poser (<40kg),430
Shanghai_MATERIEL_INFO_202607018,PC fixe sans ecran,Precision tower 3xxx,285
BERLIN_MATERIEL_INFO_202607020,PC portable,Precision 7xxx,304
BERLIN_MATERIEL_INFO_202607021,PC portable,OMEN,290
BERLIN_MATERIEL_INFO_202607022,Tablette,modèle par défaut,150
BERLIN_MATERIEL_INFO_202607023,Ecran,,430
BERLIN_MATERIEL_INFO_202607024,PC portable,Latitude 5xxx,300
BERLIN_MATERIEL_INFO_202607025,PC fixe sans ecran,Z,409
LONDON_MATERIEL_INFO_202607020,PC fixe sans ecran,EliteDesk DM,230
LONDON_MATERIEL_INFO_202607021,PC fixe sans ecran,OMEN,290
LONDON_MATERIEL_INFO_202607022,Ecran,modèle par défaut,430
LONDON_MATERIEL_INFO_202607023,PC fixe sans ecran,Wyse thin client,69
LONDON_MATERIEL_INFO_202607024,PC fixe sans ecran,"Elite (Tower, SFF, One)",393
LONDON_MATERIEL_INFO_202607025,PC portable,ZBook,303
LONDON_MATERIEL_INFO_202607026,,Optiplex tower,260
LONDON_MATERIEL_INFO_202607027,,iMac pro,700
LONDON_MATERIEL_INFO_202607028,Ecran,modèle par défaut,430
LONDON_MATERIEL_INFO_202607029,,MacBook pro 13pouces,256
LONDON_MATERIEL_INFO_2026070210,Serveur,Noeud de calcul,1300
LA_MATERIEL_INFO_202607020,PC portable,OMEN,290
LA_MATERIEL_INFO_202607021,PC fixe tout-en-un,Optiplex All-in-One 5xxx,318
LA_MATERIEL_INFO_202607022,,jusqu'à 23pouces,350
LA_MATERIEL_INFO_202607023,,modèle par défaut,350
LA_MATERIEL_INFO_202607024,PC fixe tout-en-un,Optiplex All-in-One 5xxx,318
LA_MATERIEL_INFO_202607025,Telephone IP,,17
LA_MATERIEL_INFO_202607026,Borne wifi,modèle par défaut,10
LA_MATERIEL_INFO_202607027,PC fixe sans ecran,Elite mini,137
NewYork_MATERIEL_INFO_202607020,,Pour amphi,200
NewYork_MATERIEL_INFO_202607021,imprimante,Laser A3 (>100kg),1800
NewYork_MATERIEL_INFO_202607022,clavier,modèle par défaut,24
Paris_MATERIEL_INFO_202607020,PC fixe sans ecran,PC Fixe (moy),300
Paris_MATERIEL_INFO_202607021,PC fixe tout-en-un,iMac 21pouces,290
Paris_MATERIEL_INFO_202607022,imprimante,Laser A3 (40-99kg),960
Paris_MATERIEL_INFO_202607023,PC portable,Moyenne 14/15pouces,294
Shanghai_MATERIEL_INFO_202607020,PC fixe sans ecran,Optiplex small,240
Shanghai_MATERIEL_INFO_202607021,PC fixe sans ecran,EliteDesk DM,230
Shanghai_MATERIEL_INFO_202607022,,ProDesk mini/DM,100
Shanghai_MATERIEL_INFO_202607023,PC portable,Moyenne 17pouces,365
Shanghai_MATERIEL_INFO_202607024,PC portable,Chromebook 11-13pouces,175
Shanghai_MATERIEL_INFO_202607025,PC fixe sans ecran,Z,409
Shanghai_MATERIEL_INFO_202607026,PC fixe sans ecran,PC Fixe (moy),300
Shanghai_MATERIEL_INFO_202607027,PC portable,OMEN,290
BERLIN_MATERIEL_INFO_202607030,PC portable,ProBook,226
BERLIN_MATERIEL_INFO_202607031,PC portable,MacBook pro 15/16pouces,330
BERLIN_MATERIEL_INFO_202607032,PC fixe tout-en-un,Mac pro,900
LONDON_MATERIEL_INFO_202607030,PC fixe sans ecran,Precision tower 5xxx,440
LONDON_MATERIEL_INFO_202607031,PC fixe sans ecran,,350
LONDON_MATERIEL_INFO_202607032,PC fixe sans ecran,,350
LONDON_MATERIEL_INFO_202607033,PC portable,MacBook pro 13pouces,256
LONDON_MATERIEL_INFO_202607034,,Victus,267
LONDON_MATERIEL_INFO_202607035,imprimante,Laser à poser (<40kg),430
LONDON_MATERIEL_INFO_202607036,PC portable,Precision 3xxx,266
LONDON_MATERIEL_INFO_202607037,PC fixe sans ecran,Z,409
LONDON_MATERIEL_INFO_202607038,,EliteBook 8xx,290
LONDON_MATERIEL_INFO_202607039,PC portable,Chromebook 14-15pouces,170
LONDON_MATERIEL_INFO_2026070310,PC fixe tout-en-un,Mac pro,900
LONDON_MATERIEL_INFO_2026070311,PC fixe sans ecran,"Prodesk (Tower, SFF)",322
LONDON_MATERIEL_INFO_2026070312,PC fixe tout-en-un,modèle par défaut,352
LA_MATERIEL_INFO_202607030,,iMac 21pouces,290
LA_MATERIEL_INFO_202607031,clavier,modèle par défaut,24
LA_MATERIEL_INFO_202607032,PC portable,MacBook air pre-retina,310
LA_MATERIEL_INFO_202607033,PC portable,EliteBook 10xx,223
LA_MATERIEL_INFO_202607034,PC fixe sans ecran,Wyse thin client,69
LA_MATERIEL_INFO_202607035,PC portable,modèle par défaut,260
LA_MATERIEL_INFO_202607036,,Precision tower 3xxx,285
LA_MATERIEL_INFO_202607037,PC portable,,260
LA_MATERIEL_INFO_202607038,PC fixe sans ecran,,350
LA_MATERIEL_INFO_202607039,Smartphone,modèle par défaut,63
LA_MATERIEL_INFO_2026070310,Ecran,modèle par défaut,430
NewYork_MATERIEL_INFO_202607030,PC fixe sans ecran,Wyse thin client,69
NewYork_MATERIEL_INFO_202607031,Serveur,Noeud de calcul,1300
NewYork_MATERIEL_INFO_202607032,,modèle par défaut,350
Paris_MATERIEL_INFO_202607030,,ProDesk mini/DM,100
Paris_MATERIEL_INFO_202607031,PC fixe sans ecran,"Elite (Tower, SFF, One)",393
Paris_MATERIEL_INFO_202607032,PC fixe sans ecran,Mac mini,270
Paris_MATERIEL_INFO_202607033,PC fixe sans ecran,Mac pro,900
Paris_MATERIEL_INFO_202607034,Smartphone,modèle par défaut,63
Paris_MATERIEL_INFO_202607035,,MacBook air retina,176
Paris_MATERIEL_INFO_202607036,,MacBook pro 13pouces,256
Paris_MATERIEL_INFO_202607037,,iMac pro,700
Paris_MATERIEL_INFO_202607038,imprimante,Laser A3 (40-99kg),960
Paris_MATERIEL_INFO_202607039,PC portable,EliteBook 6xx,175
Shanghai_MATERIEL_INFO_202607030,,Optiplex All-in-One 3xxx,241
Shanghai_MATERIEL_INFO_202607031,PC fixe sans ecran,,350
Shanghai_MATERIEL_INFO_202607032,Smartphone,,63
Shanghai_MATERIEL_INFO_202607033,PC portable,Moyenne 14/15pouces,294
Shanghai_MATERIEL_INFO_202607034,PC fixe tout-en-un,iMac 27pouces retina,450
Shanghai_MATERIEL_INFO_202607035,Borne wifi,modèle par défaut,10
Shanghai_MATERIEL_INFO_202607036,PC fixe sans ecran,"EliteDesk (Tower, SFF, One)",393
Shanghai_MATERIEL_INFO_202607037,PC fixe sans ecran,ProDesk mini/DM,100
BERLIN_MATERIEL_INFO_202607040,PC portable,,260
BERLIN_MATERIEL_INFO_202607041,Ecran,24pouces-31pouces,430
BERLIN_MATERIEL_INFO_202607042,PC fixe tout-en-un,iMac 27pouces retina,450
LONDON_MATERIEL_INFO_202607040,,iMac 27pouces retina,450
LONDON_MATERIEL_INFO_202607041,Telephone IP,modèle par défaut,17
LONDON_MATERIEL_INFO_202607042,PC portable,Chromebook 14-15pouces,170
LONDON_MATERIEL_INFO_202607043,Serveur,Noeud de calcul,1300
LONDON_MATERIEL_INFO_202607044,clavier,modèle par défaut,24
LA_MATERIEL_INFO_202607040,PC fixe sans ecran,Optiplex tower,260
LA_MATERIEL_INFO_202607041,,modèle par défaut,350
LA_MATERIEL_INFO_202607042,PC portable,OMEN,290
LA_MATERIEL_INFO_202607043,PC fixe sans ecran,"Elite (Tower, SFF, One)",393
LA_MATERIEL_INFO_202607044,PC fixe sans ecran,Mac mini,270
LA_MATERIEL_INFO_202607045,PC portable,MacBook air pre-retina,310
LA_MATERIEL_INFO_202607046,,ProBook,226
LA_MATERIEL_INFO_202607047,,modèle par défaut,350
LA_MATERIEL_INFO_202607048,Telephone IP,modèle par défaut,17
LA_MATERIEL_INFO_202607049,PC fixe sans ecran,modèle par défaut,350
LA_MATERIEL_INFO_2026070410,Station d'accueil,modèle par défaut,26
LA_MATERIEL_INFO_2026070411,imprimante,modèle par défaut,500
NewYork_MATERIEL_INFO_202607040,PC fixe tout-en-un,Optiplex All-in-One 3xxx,241
NewYork_MATERIEL_INFO_202607041,PC fixe tout-en-un,Optiplex All-in-One 3xxx,241
NewYork_MATERIEL_INFO_202607042,PC portable,Chromebook 11-13pouces,175
NewYork_MATERIEL_INFO_202607043,Vidéo projecteur,Transportable,94
NewYork_MATERIEL_INFO_202607044,Tablette,modèle par défaut,150
NewYork_MATERIEL_INFO_202607045,,Serveur de stockage,2500
NewYork_MATERIEL_INFO_202607046,,Optiplex tower,260
NewYork_MATERIEL_INFO_202607047,PC fixe sans ecran,Elite mini,137
NewYork_MATERIEL_INFO_202607048,Station d'accueil,modèle par défaut,26
NewYork_MATERIEL_INFO_202607049,PC portable,MacBook air,250
NewYork_MATERIEL_INFO_2026070410,PC portable,,260
NewYork_MATERIEL_INFO_2026070411,PC fixe sans ecran,Elite mini,137
Paris_MATERIEL_INFO_202607040,PC portable,Moyenne 13pouces,250
Paris_MATERIEL_INFO_202607041,PC portable,Latitude 5xxx,300
Paris_MATERIEL_INFO_202607042,PC portable,MacBook air retina,176
Paris_MATERIEL_INFO_202607043,PC fixe sans ecran,Optiplex tower,260
Shanghai_MATERIEL_INFO_202607040,PC fixe sans ecran,Precision tower 5xxx,440
Shanghai_MATERIEL_INFO_202607041,PC fixe tout-en-un,Optiplex All-in-One 3xxx,241
Shanghai_MATERIEL_INFO_202607042,PC portable,Victus,267
Shanghai_MATERIEL_INFO_202607043,,PC Fixe (moy),300
Shanghai_MATERIEL_INFO_202607044,souris,modèle par défaut,5
Shanghai_MATERIEL_INFO_202607045,PC fixe sans ecran,Optiplex tower,260
Shanghai_MATERIEL_INFO_202607046,PC fixe sans ecran,Optiplex small,240
BERLIN_MATERIEL_INFO_202607050,,Pour amphi,200
BERLIN_MATERIEL_INFO_202607051,PC portable,OMEN,290
BERLIN_MATERIEL_INFO_202607052,PC portable,Precision 7xxx,304
BERLIN_MATERIEL_INFO_202607053,Borne wifi,modèle par défaut,10
BERLIN_MATERIEL_INFO_202607054,,modèle par défaut,350
LONDON_MATERIEL_INFO_202607050,PC portable,,260
LONDON_MATERIEL_INFO_202607051,imprimante,Laser A3 (40-99kg),960
LONDON_MATERIEL_INFO_202607052,PC fixe sans ecran,Mac pro,900
LONDON_MATERIEL_INFO_202607053,PC fixe sans ecran,Wyse thin client,69
LONDON_MATERIEL_INFO_202607054,Serveur,Noeud de calcul,1300
LONDON_MATERIEL_INFO_202607055,Ecran,jusqu'à 23pouces,350
LONDON_MATERIEL_INFO_202607056,PC fixe sans ecran,Precision tower 5xxx,440
LONDON_MATERIEL_INFO_202607057,,Pour salle,150
LONDON_MATERIEL_INFO_202607058,PC fixe sans ecran,EliteDesk DM,230
LONDON_MATERIEL_INFO_202607059,PC fixe sans ecran,Station de travail (moy),600
LA_MATERIEL_INFO_202607050,PC fixe sans ecran,Precision tower 3xxx,285
LA_MATERIEL_INFO_202607051,Vidéo projecteur,Pour amphi,200
NewYork_MATERIEL_INFO_202607050,PC portable,Chromebook 14-15pouces,170
NewYork_MATERIEL_INFO_202607051,PC fixe sans ecran,PC Fixe (moy),300
NewYork_MATERIEL_INFO_202607052,Serveur,,1300
NewYork_MATERIEL_INFO_202607053,PC fixe sans ecran,Wyse thin client,69
NewYork_MATERIEL_INFO_202607054,PC fixe sans ecran,Mac mini,270
NewYork_MATERIEL_INFO_202607055,PC fixe sans ecran,Precision tower 3xxx,285
NewYork_MATERIEL_INFO_202607056,PC portable,,260
NewYork_MATERIEL_INFO_202607057,PC portable,Moyenne 14/15pouces,294
NewYork_MATERIEL_INFO_202607058,Serveur,Noeud de calcul,1300
NewYork_MATERIEL_INFO_202607059,PC fixe sans ecran,"EliteDesk (Tower, SFF, One)",393
NewYork_MATERIEL_INFO_2026070510,PC fixe sans ecran,"EliteDesk (Tower, SFF, One)",393
NewYork_MATERIEL_INFO_2026070511,PC portable,Precision 5xxx,280
NewYork_MATERIEL_INFO_2026070512,PC portable,Precision 3xxx,266
NewYork_MATERIEL_INFO_2026070513,PC fixe sans ecran,Station de travail (moy),600
Paris_MATERIEL_INFO_202607050,PC portable,,260
Paris_MATERIEL_INFO_202607051,PC fixe tout-en-un,iMac pro,700
Paris_MATERIEL_INFO_202607052,PC fixe tout-en-un,iMac 21pouces,290
Shanghai_MATERIEL_INFO_202607050,PC portable,Latitude 7xxx,264
Shanghai_MATERIEL_INFO_202607051,Tablette,modèle par défaut,150
Shanghai_MATERIEL_INFO_202607052,Ecran,modèle par défaut,430
Shanghai_MATERIEL_INFO_202607053,,Mac pro,900
BERLIN_MATERIEL_INFO_202607060,PC fixe sans ecran,Rasberry pi 4,15
LONDON_MATERIEL_INFO_202607060,,Pour salle,150
LONDON_MATERIEL_INFO_202607061,PC fixe tout-en-un,iMac 27pouces retina,450
LONDON_MATERIEL_INFO_202607062,PC portable,EliteBook 8xx,290
LONDON_MATERIEL_INFO_202607063,PC fixe tout-en-un,Optiplex All-in-One 3xxx,241
LONDON_MATERIEL_INFO_202607064,PC portable,Precision 7xxx,304
LONDON_MATERIEL_INFO_202607065,imprimante,Laser A3 (>100kg),1800
LONDON_MATERIEL_INFO_202607066,PC fixe sans ecran,Optiplex micro,174
LONDON_MATERIEL_INFO_202607067,Ecran,24pouces-31pouces,430
LONDON_MATERIEL_INFO_202607068,PC fixe tout-en-un,iMac pro,700
LONDON_MATERIEL_INFO_202607069,PC portable,,260
LONDON_MATERIEL_INFO_2026070610,PC fixe tout-en-un,Optiplex All-in-One 5xxx,318
LA_MATERIEL_INFO_202607060,PC fixe sans ecran,EliteDesk DM,230
LA_MATERIEL_INFO_202607061,PC portable,Moyenne 17pouces,365
LA_MATERIEL_INFO_202607062,Vidéo projecteur,Transportable,94
LA_MATERIEL_INFO_202607063,Ecran,modèle par défaut,430
LA_MATERIEL_INFO_202607064,PC fixe tout-en-un,iMac pro,700
LA_MATERIEL_INFO_202607065,Serveur,,1300
LA_MATERIEL_INFO_202607066,PC fixe sans ecran,Z,409
LA_MATERIEL_INFO_202607067,Telephone IP,modèle par défaut,17
LA_MATERIEL_INFO_202607068,PC portable,MacBook air retina,176
LA_MATERIEL_INFO_202607069,PC fixe sans ecran,Mac mini,270
LA_MATERIEL_INFO_2026070610,imprimante,Laser A3 (40-99kg),960
LA_MATERIEL_INFO_2026070611,,MacBook air retina,176
NewYork_MATERIEL_INFO_202607060,,Precision tower 3xxx,285
NewYork_MATERIEL_INFO_202607061,PC fixe sans ecran,ZHAN,264
NewYork_MATERIEL_INFO_202607062,PC portable,OMEN,290
NewYork_MATERIEL_INFO_202607063,,Precision 5xxx,280
Paris_MATERIEL_INFO_202607060,PC portable,MacBook air pre-retina,310
Paris_MATERIEL_INFO_202607061,PC portable,OMEN,290
Paris_MATERIEL_INFO_202607062,PC portable,modèle par défaut,260
Paris_MATERIEL_INFO_202607063,,ProBook,226
Paris_MATERIEL_INFO_202607064,PC fixe tout-en-un,Mac pro,900
Paris_MATERIEL_INFO_202607065,PC portable,ProBook,226
Paris_MATERIEL_INFO_202607066,,Pour amphi,200
Paris_MATERIEL_INFO_202607067,PC portable,MacBook pro 15/16pouces,330
Shanghai_MATERIEL_INFO_202607060,PC fixe sans ecran,Station de travail (moy),600
Shanghai_MATERIEL_INFO_202607061,PC fixe tout-en-un,iMac 27pouces retina,450
Shanghai_MATERIEL_INFO_202607062,PC fixe sans ecran,Station de travail (moy),600
Shanghai_MATERIEL_INFO_202607063,,Mac mini,270
Shanghai_MATERIEL_INFO_202607064,,Optiplex All-in-One 5xxx,318
Shanghai_MATERIEL_INFO_202607065,PC fixe sans ecran,,350
Shanghai_MATERIEL_INFO_202607066,PC fixe sans ecran,OMEN,290
Shanghai_MATERIEL_INFO_202607067,PC portable,ZBook Studio,379
Shanghai_MATERIEL_INFO_202607068,PC fixe tout-en-un,Optiplex All-in-One 5xxx,318
Shanghai_MATERIEL_INFO_202607069,Smartphone,modèle par défaut,63
Shanghai_MATERIEL_INFO_2026070610,PC portable,OMEN,290
Shanghai_MATERIEL_INFO_2026070611,PC portable,Latitude 3xxx,220
BERLIN_MATERIEL_INFO_202607070,PC fixe sans ecran,Optiplex tower,260
BERLIN_MATERIEL_INFO_202607071,,Moyenne 14/15pouces,294
LONDON_MATERIEL_INFO_202607070,,Precision tower 5xxx,440
LONDON_MATERIEL_INFO_202607071,Vidéo projecteur,Pour amphi,200
LONDON_MATERIEL_INFO_202607072,PC fixe sans ecran,EliteDesk DM,230
LONDON_MATERIEL_INFO_202607073,PC fixe sans ecran,ZHAN,264
LONDON_MATERIEL_INFO_202607074,PC fixe sans ecran,Rasberry pi 4,15
LONDON_MATERIEL_INFO_202607075,PC portable,MacBook air pre-retina,310
LONDON_MATERIEL_INFO_202607076,Vidéo projecteur,Transportable,94
LONDON_MATERIEL_INFO_202607077,clavier,modèle par défaut,24
LONDON_MATERIEL_INFO_202607078,imprimante,Laser A3 (>100kg),1800
LA_MATERIEL_INFO_202607070,,Station de travail (moy),600
LA_MATERIEL_INFO_202607071,PC fixe sans ecran,,350
LA_MATERIEL_INFO_202607072,Ecran,24pouces-31pouces,430
NewYork_MATERIEL_INFO_202607070,,ProDesk mini/DM,100
NewYork_MATERIEL_INFO_202607071,PC portable,Moyenne 17pouces,365
NewYork_MATERIEL_INFO_202607072,PC fixe tout-en-un,,352
NewYork_MATERIEL_INFO_202607073,PC fixe tout-en-un,,352
NewYork_MATERIEL_INFO_202607074,Ecran,modèle par défaut,430
NewYork_MATERIEL_INFO_202607075,PC portable,Precision 7xxx,304
NewYork_MATERIEL_INFO_202607076,PC fixe sans ecran,,350
NewYork_MATERIEL_INFO_202607077,PC fixe sans ecran,,350
NewYork_MATERIEL_INFO_202607078,Ecran,32pouces et plus,590
NewYork_MATERIEL_INFO_202607079,PC fixe sans ecran,EliteDesk DM,230
NewYork_MATERIEL_INFO_2026070710,souris,modèle par défaut,5
NewYork_MATERIEL_INFO_2026070711,PC portable,,260
Paris_MATERIEL_INFO_202607070,Tablette,,150
Paris_MATERIEL_INFO_202607071,PC portable,Precision 3xxx,266
Paris_MATERIEL_INFO_202607072,PC fixe sans ecran,Wyse thin client,69
Paris_MATERIEL_INFO_202607073,,32pouces et plus,590
Paris_MATERIEL_INFO_202607074,,ZHAN,264
Paris_MATERIEL_INFO_202607075,PC fixe sans ecran,Optiplex micro,174
Paris_MATERIEL_INFO_202607076,Ecran,modèle par défaut,430
Paris_MATERIEL_INFO_202607077,Ecran,32pouces et plus,590
Paris_MATERIEL_INFO_202607078,Serveur,Serveur de stockage,2500
Paris_MATERIEL_INFO_202607079,PC fixe tout-en-un,Optiplex All-in-One 5xxx,318
Paris_MATERIEL_INFO_2026070710,PC fixe sans ecran,Optiplex micro,174
Paris_MATERIEL_INFO_2026070711,PC fixe sans ecran,Optiplex small,240
Shanghai_MATERIEL_INFO_202607070,Station d'accueil,modèle par défaut,26
Shanghai_MATERIEL_INFO_202607071,Ecran,jusqu'à 23pouces,350
Shanghai_MATERIEL_INFO_202607072,,PC Fixe (moy),300
Shanghai_MATERIEL_INFO_202607073,PC portable,MacBook air,250
Shanghai_MATERIEL_INFO_202607074,PC fixe sans ecran,Optiplex micro,174
BERLIN_MATERIEL_INFO_202607080,souris,modèle par défaut,5
BERLIN_MATERIEL_INFO_202607081,PC portable,Chromebook 11-13pouces,175
BERLIN_MATERIEL_INFO_202607082,imprimante,Laser à poser (<40kg),430
BERLIN_MATERIEL_INFO_202607083,PC fixe sans ecran,PC Fixe (moy),300
BERLIN_MATERIEL_INFO_202607084,PC fixe tout-en-un,iMac 27pouces retina,450
LONDON_MATERIEL_INFO_202607080,Serveur,Serveur de stockage,2500
LONDON_MATERIEL_INFO_202607081,Vidéo projecteur,Pour salle,150
LONDON_MATERIEL_INFO_202607082,Telephone IP,modèle par défaut,17
LONDON_MATERIEL_INFO_202607083,PC fixe tout-en-un,Optiplex All-in-One 3xxx,241
LONDON_MATERIEL_INFO_202607084,PC fixe sans ecran,Optiplex small,240
LONDON_MATERIEL_INFO_202607085,Serveur,Noeud de calcul,1300
LA_MATERIEL_INFO_202607080,,32pouces et plus,590
LA_MATERIEL_INFO_202607081,PC fixe sans ecran,Optiplex micro,174
LA_MATERIEL_INFO_202607082,,modèle par défaut,350
LA_MATERIEL_INFO_202607083,PC portable,OMEN,290
LA_MATERIEL_INFO_202607084,PC fixe sans ecran,,350
LA_MATERIEL_INFO_202607085,Serveur,Modèle par défaut,1300
LA_MATERIEL_INFO_202607086,,modèle par défaut,350
LA_MATERIEL_INFO_202607087,,Optiplex tower,260
LA_MATERIEL_INFO_202607088,PC fixe tout-en-un,iMac 27pouces retina,450
LA_MATERIEL_INFO_202607089,Serveur,Modèle par défaut,1300
NewYork_MATERIEL_INFO_202607080,PC fixe sans ecran,OMEN,290
NewYork_MATERIEL_INFO_202607081,Vidéo projecteur,,94
NewYork_MATERIEL_INFO_202607082,,PC Fixe (moy),300
NewYork_MATERIEL_INFO_202607083,,MacBook pro 15/16pouces,330
NewYork_MATERIEL_INFO_202607084,,modèle par défaut,350
NewYork_MATERIEL_INFO_202607085,PC portable,,260
NewYork_MATERIEL_INFO_202607086,PC fixe tout-en-un,Optiplex All-in-One 3xxx,241
NewYork_MATERIEL_INFO_202607087,PC portable,EliteBook 8xx,290
NewYork_MATERIEL_INFO_202607088,PC fixe tout-en-un,Optiplex All-in-One 3xxx,241
NewYork_MATERIEL_INFO_202607089,PC fixe sans ecran,Optiplex tower,260
NewYork_MATERIEL_INFO_2026070810,PC fixe tout-en-un,Optiplex All-in-One 3xxx,241
NewYork_MATERIEL_INFO_2026070811,PC portable,Precision 7xxx,304
Paris_MATERIEL_INFO_202607080,PC fixe tout-en-un,Mac pro,900
Paris_MATERIEL_INFO_202607081,Tablette,modèle par défaut,150
Paris_MATERIEL_INFO_202607082,Station d'accueil,modèle par défaut,26
Paris_MATERIEL_INFO_202607083,,jusqu'à 23pouces,350
Paris_MATERIEL_INFO_202607084,Ecran,32pouces et plus,590
Paris_MATERIEL_INFO_202607085,,Optiplex micro,174
Paris_MATERIEL_INFO_202607086,PC fixe tout-en-un,Optiplex All-in-One 7xxx,382
Paris_MATERIEL_INFO_202607087,imprimante,Laser à poser (<40kg),430
Shanghai_MATERIEL_INFO_202607080,PC portable,Latitude 7xxx,264
Shanghai_MATERIEL_INFO_202607081,PC fixe sans ecran,Rasberry pi 4,15
Shanghai_MATERIEL_INFO_202607082,,32pouces et plus,590
Shanghai_MATERIEL_INFO_202607083,PC portable,Latitude 7xxx,264
Shanghai_MATERIEL_INFO_202607084,PC fixe sans ecran,Optiplex small,240
Shanghai_MATERIEL_INFO_202607085,Serveur,Noeud de calcul,1300
Shanghai_MATERIEL_INFO_202607086,,"EliteDesk (Tower, SFF, One)",393
Shanghai_MATERIEL_INFO_202607087,Smartphone,modèle par défaut,63
Shanghai_MATERIEL_INFO_202607088,PC portable,ProBook,226
BERLIN_MATERIEL_INFO_202607090,,MacBook air pre-retina,310
BERLIN_MATERIEL_INFO_202607091,PC fixe sans ecran,Optiplex micro,174
LONDON_MATERIEL_INFO_202607090,PC portable,EliteBook 8xx,290
LONDON_MATERIEL_INFO_202607091,Ecran,32pouces et plus,590
LONDON_MATERIEL_INFO_202607092,PC fixe sans ecran,Precision tower 3xxx,285
LONDON_MATERIEL_INFO_202607093,PC fixe sans ecran,Optiplex small,240
LONDON_MATERIEL_INFO_202607094,PC fixe tout-en-un,iMac 21pouces,290
LA_MATERIEL_INFO_202607090,PC fixe sans ecran,"Elite (Tower, SFF, One)",393
LA_MATERIEL_INFO_202607091,Vidéo projecteur,Pour salle,150
LA_MATERIEL_INFO_202607092,,modèle par défaut,350
LA_MATERIEL_INFO_202607093,PC fixe sans ecran,Optiplex micro,174
LA_MATERIEL_INFO_202607094,PC fixe tout-en-un,Optiplex All-in-One 3xxx,241
LA_MATERIEL_INFO_202607095,PC portable,Precision 3xxx,266
LA_MATERIEL_INFO_202607096,PC portable,Precision 7xxx,304
NewYork_MATERIEL_INFO_202607090,Tablette,modèle par défaut,150
NewYork_MATERIEL_INFO_202607091,PC fixe sans ecran,Precision tower 3xxx,285
NewYork_MATERIEL_INFO_202607092,Smartphone,modèle par défaut,63
Paris_MATERIEL_INFO_202607090,Disque dur,modèle par défaut,10
Paris_MATERIEL_INFO_202607091,PC fixe sans ecran,Precision tower 5xxx,440
Paris_MATERIEL_INFO_202607092,PC fixe tout-en-un,modèle par défaut,352
Shanghai_MATERIEL_INFO_202607090,PC fixe tout-en-un,Optiplex All-in-One 7xxx,382
Shanghai_MATERIEL_INFO_202607091,PC portable,Chromebook 14-15pouces,170
Shanghai_MATERIEL_INFO_202607092,PC portable,Precision 7xxx,304
Shanghai_MATERIEL_INFO_202607093,PC portable,MacBook air,250
BERLIN_MATERIEL_INFO_202607100,,Z,409
BERLIN_MATERIEL_INFO_202607101,,ZBook Studio,379
BERLIN_MATERIEL_INFO_202607102,PC fixe sans ecran,"EliteDesk (Tower, SFF, One)",393
BERLIN_MATERIEL_INFO_202607103,PC fixe sans ecran,PC Fixe (moy),300
BERLIN_MATERIEL_INFO_202607104,Serveur,Serveur de stockage,2500
LONDON_MATERIEL_INFO_202607100,PC portable,modèle par défaut,260
LONDON_MATERIEL_INFO_202607101,PC fixe sans ecran,Optiplex small,240
LONDON_MATERIEL_INFO_202607102,,Rasberry pi 4,15
LONDON_MATERIEL_INFO_202607103,clavier,modèle par défaut,24
LONDON_MATERIEL_INFO_202607104,PC fixe tout-en-un,Optiplex All-in-One 5xxx,318
LA_MATERIEL_INFO_202607100,,"Prodesk (Tower, SFF)",322
NewYork_MATERIEL_INFO_202607100,Telephone IP,modèle par défaut,17
NewYork_MATERIEL_INFO_202607101,clavier,modèle par défaut,24
NewYork_MATERIEL_INFO_202607102,PC portable,ZBook Studio,379
NewYork_MATERIEL_INFO_202607103,Smartphone,modèle par défaut,63
NewYork_MATERIEL_INFO_202607104,PC fixe sans ecran,ZHAN,264
NewYork_MATERIEL_INFO_202607105,PC fixe sans ecran,"Elite (Tower, SFF, One)",393
NewYork_MATERIEL_INFO_202607106,PC portable,Moyenne 17pouces,365
NewYork_MATERIEL_INFO_202607107,Ecran,32pouces et plus,590
NewYork_MATERIEL_INFO_202607108,PC fixe tout-en-un,iMac 27pouces retina,450
NewYork_MATERIEL_INFO_202607109,PC fixe sans ecran,,350
Paris_MATERIEL_INFO_202607100,PC portable,Chromebook 14-15pouces,170
Paris_MATERIEL_INFO_202607101,,ZBook Studio,379
Paris_MATERIEL_INFO_202607102,Serveur,Serveur de stockage,2500
Paris_MATERIEL_INFO_202607103,PC fixe tout-en-un,iMac 21pouces retina,300
Paris_MATERIEL_INFO_202607104,PC fixe tout-en-un,Mac pro,900
Paris_MATERIEL_INFO_202607105,PC portable,Victus,267
Paris_MATERIEL_INFO_202607106,PC fixe sans ecran,Precision tower 5xxx,440
Paris_MATERIEL_INFO_202607107,PC fixe sans ecran,Rasberry pi 4,15
Paris_MATERIEL_INFO_202607108,,ZBook Studio,379
Paris_MATERIEL_INFO_202607109,PC fixe sans ecran,Optiplex small,240
Shanghai_MATERIEL_INFO_202607100,PC fixe sans ecran,OMEN,290
Shanghai_MATERIEL_INFO_202607101,PC portable,ProBook,226
Shanghai_MATERIEL_INFO_202607102,,Wyse thin client,69
Shanghai_MATERIEL_INFO_202607103,,modèle par défaut,350
Shanghai_MATERIEL_INFO_202607104,Ecran,24pouces-31pouces,430
Shanghai_MATERIEL_INFO_202607105,PC fixe sans ecran,Optiplex tower,260
Shanghai_MATERIEL_INFO_202607106,,iMac 21pouces,290
Shanghai_MATERIEL_INFO_202607107,PC fixe sans ecran,Optiplex small,240
Shanghai_MATERIEL_INFO_202607108,,24pouces-31pouces,430
Shanghai_MATERIEL_INFO_202607109,Ecran,modèle par défaut,430
BERLIN_MATERIEL_INFO_202607110,,modèle par défaut,350
BERLIN_MATERIEL_INFO_202607111,PC portable,MacBook pro 13pouces,256
BERLIN_MATERIEL_INFO_202607112,Vidéo projecteur,Pour salle,150
BERLIN_MATERIEL_INFO_202607113,,EliteBook 6xx,175
BERLIN_MATERIEL_INFO_202607114,,Precision 7xxx,304
LONDON_MATERIEL_INFO_202607110,PC fixe sans ecran,Elite mini,137
LONDON_MATERIEL_INFO_202607111,Vidéo projecteur,Transportable,94
LONDON_MATERIEL_INFO_202607112,PC portable,Moyenne 14/15pouces,294
LONDON_MATERIEL_INFO_202607113,PC fixe tout-en-un,,352
LONDON_MATERIEL_INFO_202607114,Ecran,24pouces-31pouces,430
LONDON_MATERIEL_INFO_202607115,Smartphone,modèle par défaut,63
LONDON_MATERIEL_INFO_202607116,PC fixe sans ecran,"Prodesk (Tower, SFF)",322
LONDON_MATERIEL_INFO_202607117,PC fixe sans ecran,"Prodesk (Tower, SFF)",322
LONDON_MATERIEL_INFO_202607118,PC fixe sans ecran,Optiplex micro,174
LONDON_MATERIEL_INFO_202607119,PC fixe tout-en-un,,352
LONDON_MATERIEL_INFO_2026071110,Ecran,modèle par défaut,430
LA_MATERIEL_INFO_202607110,,MacBook pro 15/16pouces,330
LA_MATERIEL_INFO_202607111,Serveur,Serveur de stockage,2500
LA_MATERIEL_INFO_202607112,PC fixe tout-en-un,Optiplex All-in-One 7xxx,382
LA_MATERIEL_INFO_202607113,PC fixe sans ecran,,350
LA_MATERIEL_INFO_202607114,PC fixe sans ecran,Station de travail (moy),600
LA_MATERIEL_INFO_202607115,PC portable,EliteBook 10xx,223
LA_MATERIEL_INFO_202607116,PC fixe sans ecran,Optiplex tower,260
LA_MATERIEL_INFO_202607117,PC portable,Chromebook 14-15pouces,170
LA_MATERIEL_INFO_202607118,,OMEN,290
LA_MATERIEL_INFO_202607119,PC fixe tout-en-un,iMac 21pouces retina,300
LA_MATERIEL_INFO_2026071110,Serveur,Serveur de stockage,2500
NewYork_MATERIEL_INFO_202607110,PC portable,,260
NewYork_MATERIEL_INFO_202607111,PC portable,ZBook Studio,379
NewYork_MATERIEL_INFO_202607112,clavier,modèle par défaut,24
NewYork_MATERIEL_INFO_202607113,PC fixe tout-en-un,iMac 21pouces,290
NewYork_MATERIEL_INFO_202607114,PC fixe tout-en-un,iMac 21pouces retina,300
NewYork_MATERIEL_INFO_202607115,Tablette,modèle par défaut,150
NewYork_MATERIEL_INFO_202607116,PC portable,Moyenne 17pouces,365
NewYork_MATERIEL_INFO_202607117,,OMEN,290
NewYork_MATERIEL_INFO_202607118,,Victus,267
Paris_MATERIEL_INFO_202607110,,MacBook air,250
Paris_MATERIEL_INFO_202607111,PC portable,EliteBook 8xx,290
Paris_MATERIEL_INFO_202607112,PC fixe sans ecran,Mac pro,900
Paris_MATERIEL_INFO_202607113,PC fixe sans ecran,Optiplex small,240
Paris_MATERIEL_INFO_202607114,PC fixe sans ecran,ZHAN,264
Paris_MATERIEL_INFO_202607115,PC fixe sans ecran,Precision tower 7xxx,555
Paris_MATERIEL_INFO_202607116,PC portable,Moyenne 14/15pouces,294
Shanghai_MATERIEL_INFO_202607110,,Victus,267
Shanghai_MATERIEL_INFO_202607111,,OMEN,290
Shanghai_MATERIEL_INFO_202607112,PC portable,Victus,267
Shanghai_MATERIEL_INFO_202607113,PC fixe sans ecran,"Elite (Tower, SFF, One)",393
Shanghai_MATERIEL_INFO_202607114,PC portable,Moyenne 17pouces,365
Shanghai_MATERIEL_INFO_202607115,,PC Fixe (moy),300
Shanghai_MATERIEL_INFO_202607116,PC fixe sans ecran,"Elite (Tower, SFF, One)",393
Shanghai_MATERIEL_INFO_202607117,PC fixe tout-en-un,Optiplex All-in-One 5xxx,318
Shanghai_MATERIEL_INFO_202607118,PC portable,ZBook Studio,379
Shanghai_MATERIEL_INFO_202607119,PC fixe sans ecran,"EliteDesk (Tower, SFF, One)",393
Shanghai_MATERIEL_INFO_2026071110,PC fixe sans ecran,ZHAN,264
Shanghai_MATERIEL_INFO_2026071111,PC fixe sans ecran,Precision tower 3xxx,285
Shanghai_MATERIEL_INFO_2026071112,PC fixe sans ecran,Optiplex micro,174
Shanghai_MATERIEL_INFO_2026071113,Serveur,,1300
BERLIN_MATERIEL_INFO_202607120,PC fixe sans ecran,Precision tower 3xxx,285
BERLIN_MATERIEL_INFO_202607121,PC portable,ProBook,226
BERLIN_MATERIEL_INFO_202607122,,modèle par défaut,350
BERLIN_MATERIEL_INFO_202607123,Serveur,,1300
BERLIN_MATERIEL_INFO_202607124,souris,modèle par défaut,5
LONDON_MATERIEL_INFO_202607120,Vidéo projecteur,Pour amphi,200
LONDON_MATERIEL_INFO_202607121,PC fixe sans ecran,Z,409
LONDON_MATERIEL_INFO_202607122,PC fixe sans ecran,OMEN,290
LONDON_MATERIEL_INFO_202607123,PC portable,,260
LONDON_MATERIEL_INFO_202607124,PC fixe tout-en-un,,352
LONDON_MATERIEL_INFO_202607125,Disque dur,modèle par défaut,10
LONDON_MATERIEL_INFO_202607126,PC fixe tout-en-un,Mac pro,900
LONDON_MATERIEL_INFO_202607127,,Elite mini,137
LONDON_MATERIEL_INFO_202607128,Ecran,modèle par défaut,430
LONDON_MATERIEL_INFO_202607129,Ecran,24pouces-31pouces,430
LONDON_MATERIEL_INFO_2026071210,PC portable,MacBook air pre-retina,310
LA_MATERIEL_INFO_202607120,PC fixe sans ecran,Precision tower 7xxx,555
LA_MATERIEL_INFO_202607121,PC portable,Precision 3xxx,266
LA_MATERIEL_INFO_202607122,PC portable,MacBook pro 13pouces,256
LA_MATERIEL_INFO_202607123,PC fixe tout-en-un,Mac pro,900
LA_MATERIEL_INFO_202607124,,ZHAN,264
LA_MATERIEL_INFO_202607125,,Precision tower 7xxx,555
LA_MATERIEL_INFO_202607126,PC portable,EliteBook 6xx,175
LA_MATERIEL_INFO_202607127,,Pour salle,150
LA_MATERIEL_INFO_202607128,PC portable,Victus,267
LA_MATERIEL_INFO_202607129,PC fixe sans ecran,Z,409
NewYork_MATERIEL_INFO_202607120,PC portable,ProBook,226
NewYork_MATERIEL_INFO_202607121,,modèle par défaut,350
NewYork_MATERIEL_INFO_202607122,PC portable,Moyenne 17pouces,365
NewYork_MATERIEL_INFO_202607123,PC portable,ZBook,303
Paris_MATERIEL_INFO_202607120,PC portable,,260
Shanghai_MATERIEL_INFO_202607120,PC fixe tout-en-un,iMac pro,700
Shanghai_MATERIEL_INFO_202607121,Serveur,Noeud de calcul,1300
Shanghai_MATERIEL_INFO_202607122,PC fixe sans ecran,modèle par défaut,350
Shanghai_MATERIEL_INFO_202607123,PC fixe sans ecran,PC Fixe (moy),300
Shanghai_MATERIEL_INFO_202607124,,Laser A3 (>100kg),1800
Shanghai_MATERIEL_INFO_202607125,Ecran,24pouces-31pouces,430
Shanghai_MATERIEL_INFO_202607126,PC portable,Moyenne 17pouces,365
Shanghai_MATERIEL_INFO_202607127,,Precision 3xxx,266
Shanghai_MATERIEL_INFO_202607128,PC portable,ProBook,226
Shanghai_MATERIEL_INFO_202607129,Serveur,,1300
Shanghai_MATERIEL_INFO_2026071210,PC portable,EliteBook 8xx,290
Shanghai_MATERIEL_INFO_2026071211,Ecran,24pouces-31pouces,430
BERLIN_MATERIEL_INFO_202607130,,Latitude 7xxx,264
BERLIN_MATERIEL_INFO_202607131,,Wyse thin client,69
LONDON_MATERIEL_INFO_202607130,PC fixe sans ecran,ProDesk mini/DM,100
LONDON_MATERIEL_INFO_202607131,Telephone IP,modèle par défaut,17
LONDON_MATERIEL_INFO_202607132,PC fixe sans ecran,"Elite (Tower, SFF, One)",393
LONDON_MATERIEL_INFO_202607133,Ecran,jusqu'à 23pouces,350
LONDON_MATERIEL_INFO_202607134,PC fixe tout-en-un,iMac 27pouces retina,450
LONDON_MATERIEL_INFO_202607135,PC fixe sans ecran,"Elite (Tower, SFF, One)",393
LONDON_MATERIEL_INFO_202607136,Disque dur,modèle par défaut,10
LONDON_MATERIEL_INFO_202607137,PC portable,,260
LONDON_MATERIEL_INFO_202607138,PC fixe sans ecran,Mac mini,270
LONDON_MATERIEL_INFO_202607139,Station d'accueil,modèle par défaut,26
LONDON_MATERIEL_INFO_2026071310,PC portable,EliteBook 10xx,223
LONDON_MATERIEL_INFO_2026071311,PC fixe sans ecran,Rasberry pi 4,15
LA_MATERIEL_INFO_202607130,clavier,modèle par défaut,24
LA_MATERIEL_INFO_202607131,,EliteDesk DM,230
LA_MATERIEL_INFO_202607132,PC portable,ZBook Studio,379
LA_MATERIEL_INFO_202607133,PC fixe sans ecran,Wyse thin client,69
LA_MATERIEL_INFO_202607134,imprimante,,500
LA_MATERIEL_INFO_202607135,PC fixe tout-en-un,Optiplex All-in-One 7xxx,382
LA_MATERIEL_INFO_202607136,PC portable,Latitude 3xxx,220
NewYork_MATERIEL_INFO_202607130,PC fixe sans ecran,EliteDesk DM,230
Paris_MATERIEL_INFO_202607130,PC portable,ZBook Studio,379
Paris_MATERIEL_INFO_202607131,PC fixe sans ecran,"EliteDesk (Tower, SFF, One)",393
Paris_MATERIEL_INFO_202607132,PC fixe tout-en-un,iMac 27pouces retina,450
Paris_MATERIEL_INFO_202607133,PC fixe sans ecran,Precision tower 7xxx,555
Paris_MATERIEL_INFO_202607134,Serveur,,1300
Paris_MATERIEL_INFO_202607135,,Serveur de stockage,2500
Paris_MATERIEL_INFO_202607136,Disque dur,modèle par défaut,10
Paris_MATERIEL_INFO_202607137,PC fixe sans ecran,"EliteDesk (Tower, SFF, One)",393
Paris_MATERIEL_INFO_202607138,PC fixe sans ecran,"Elite (Tower, SFF, One)",393
Paris_MATERIEL_INFO_202607139,Vidéo projecteur,Pour amphi,200
Paris_MATERIEL_INFO_2026071310,souris,modèle par défaut,5
Paris_MATERIEL_INFO_2026071311,PC portable,EliteBook 10xx,223
Paris_MATERIEL_INFO_2026071312,PC portable,MacBook pro 15/16pouces,330
Paris_MATERIEL_INFO_2026071313,Smartphone,modèle par défaut,63
Shanghai_MATERIEL_INFO_202607130,PC portable,Chromebook 11-13pouces,175
Shanghai_MATERIEL_INFO_202607131,PC fixe sans ecran,EliteDesk DM,230
Shanghai_MATERIEL_INFO_202607132,,MacBook air retina,176
Shanghai_MATERIEL_INFO_202607133,PC fixe sans ecran,Precision tower 3xxx,285
Shanghai_MATERIEL_INFO_202607134,Smartphone,modèle par défaut,63
Shanghai_MATERIEL_INFO_202607135,Telephone IP,modèle par défaut,17
Shanghai_MATERIEL_INFO_202607136,Station d'accueil,modèle par défaut,26
Shanghai_MATERIEL_INFO_202607137,PC portable,MacBook air pre-retina,310
Shanghai_MATERIEL_INFO_202607138,,MacBook pro 15/16pouces,330
Shanghai_MATERIEL_INFO_202607139,,jusqu'à 23pouces,350
Shanghai_MATERIEL_INFO_2026071310,Telephone IP,modèle par défaut,17
Shanghai_MATERIEL_INFO_2026071311,,OMEN,290
Shanghai_MATERIEL_INFO_2026071312,,ProBook,226
BERLIN_MATERIEL_INFO_202607140,PC portable,ZBook,303
BERLIN_MATERIEL_INFO_202607141,,Precision tower 7xxx,555
LONDON_MATERIEL_INFO_202607140,Ecran,32pouces et plus,590
LONDON_MATERIEL_INFO_202607141,PC portable,Precision 3xxx,266
LA_MATERIEL_INFO_202607140,,OMEN,290
LA_MATERIEL_INFO_202607141,imprimante,Laser à poser (<40kg),430
LA_MATERIEL_INFO_202607142,PC fixe tout-en-un,iMac 27pouces retina,450
LA_MATERIEL_INFO_202607143,PC fixe sans ecran,Rasberry pi 4,15
LA_MATERIEL_INFO_202607144,PC fixe tout-en-un,Optiplex All-in-One 5xxx,318
LA_MATERIEL_INFO_202607145,Disque dur,modèle par défaut,10
LA_MATERIEL_INFO_202607146,PC portable,Precision 3xxx,266
NewYork_MATERIEL_INFO_202607140,PC fixe sans ecran,Optiplex tower,260
NewYork_MATERIEL_INFO_202607141,,modèle par défaut,350
NewYork_MATERIEL_INFO_202607142,,iMac pro,700
NewYork_MATERIEL_INFO_202607143,imprimante,,500
NewYork_MATERIEL_INFO_202607144,PC portable,MacBook air,250
NewYork_MATERIEL_INFO_202607145,PC fixe sans ecran,,350
NewYork_MATERIEL_INFO_202607146,,Mac pro,900
NewYork_MATERIEL_INFO_202607147,,iMac 27pouces retina,450
NewYork_MATERIEL_INFO_202607148,PC fixe tout-en-un,,352
NewYork_MATERIEL_INFO_202607149,,ZBook Studio,379
NewYork_MATERIEL_INFO_2026071410,PC fixe sans ecran,Elite mini,137
NewYork_MATERIEL_INFO_2026071411,PC portable,MacBook pro 15/16pouces,330
Paris_MATERIEL_INFO_202607140,imprimante,Laser à poser (<40kg),430
Paris_MATERIEL_INFO_202607141,imprimante,,500
Paris_MATERIEL_INFO_202607142,PC fixe sans ecran,"EliteDesk (Tower, SFF, One)",393
Paris_MATERIEL_INFO_202607143,,Latitude 5xxx,300
Paris_MATERIEL_INFO_202607144,PC portable,,260
Paris_MATERIEL_INFO_202607145,,Moyenne 13pouces,250
Paris_MATERIEL_INFO_202607146,PC fixe tout-en-un,iMac 21pouces,290
Paris_MATERIEL_INFO_202607147,PC fixe tout-en-un,Optiplex All-in-One 5xxx,318
Paris_MATERIEL_INFO_202607148,Station d'accueil,modèle par défaut,26
Shanghai_MATERIEL_INFO_202607140,PC fixe sans ecran,,350
Shanghai_MATERIEL_INFO_202607141,PC portable,MacBook air pre-retina,310
Shanghai_MATERIEL_INFO_202607142,PC fixe sans ecran,PC Fixe (moy),300
Shanghai_MATERIEL_INFO_202607143,,MacBook pro 13pouces,256
Shanghai_MATERIEL_INFO_202607144,,Pour amphi,200
Shanghai_MATERIEL_INFO_202607145,PC fixe sans ecran,Mac mini,270
Shanghai_MATERIEL_INFO_202607146,PC fixe sans ecran,Wyse thin client,69
Shanghai_MATERIEL_INFO_202607147,PC fixe sans ecran,Z,409
Shanghai_MATERIEL_INFO_202607148,PC fixe sans ecran,Precision tower 5xxx,440
Shanghai_MATERIEL_INFO_202607149,Tablette,modèle par défaut,150
BERLIN_MATERIEL_INFO_202607150,PC fixe sans ecran,Mac mini,270
BERLIN_MATERIEL_INFO_202607151,,MacBook pro 15/16pouces,330
BERLIN_MATERIEL_INFO_202607152,Serveur,Serveur de stockage,2500
BERLIN_MATERIEL_INFO_202607153,PC fixe sans ecran,Precision tower 7xxx,555
BERLIN_MATERIEL_INFO_202607154,,Modèle par défaut,350
BERLIN_MATERIEL_INFO_202607155,,Pour amphi,200
LONDON_MATERIEL_INFO_202607150,,Rasberry pi 4,15
LONDON_MATERIEL_INFO_202607151,PC fixe sans ecran,Precision tower 3xxx,285
LONDON_MATERIEL_INFO_202607152,Serveur,,1300
LONDON_MATERIEL_INFO_202607153,PC fixe sans ecran,Z,409
LONDON_MATERIEL_INFO_202607154,PC portable,OMEN,290
LONDON_MATERIEL_INFO_202607155,,modèle par défaut,350
LONDON_MATERIEL_INFO_202607156,imprimante,Laser A3 (>100kg),1800
LONDON_MATERIEL_INFO_202607157,,iMac 21pouces,290
LONDON_MATERIEL_INFO_202607158,imprimante,Laser A3 (>100kg),1800
LA_MATERIEL_INFO_202607150,PC portable,MacBook air retina,176
LA_MATERIEL_INFO_202607151,Serveur,Serveur de stockage,2500
LA_MATERIEL_INFO_202607152,PC fixe tout-en-un,modèle par défaut,352
LA_MATERIEL_INFO_202607153,PC portable,Victus,267
LA_MATERIEL_INFO_202607154,,Optiplex micro,174
LA_MATERIEL_INFO_202607155,PC fixe sans ecran,Mac pro,900
LA_MATERIEL_INFO_202607156,PC fixe tout-en-un,iMac pro,700
LA_MATERIEL_INFO_202607157,PC portable,Precision 5xxx,280
LA_MATERIEL_INFO_202607158,PC portable,Moyenne 14/15pouces,294
LA_MATERIEL_INFO_202607159,PC portable,Precision 7xxx,304
LA_MATERIEL_INFO_2026071510,PC portable,modèle par défaut,260
LA_MATERIEL_INFO_2026071511,PC fixe sans ecran,"Prodesk (Tower, SFF)",322
NewYork_MATERIEL_INFO_202607150,Ecran,jusqu'à 23pouces,350
NewYork_MATERIEL_INFO_202607151,imprimante,Laser A3 (>100kg),1800
NewYork_MATERIEL_INFO_202607152,PC portable,Latitude 7xxx,264
NewYork_MATERIEL_INFO_202607153,PC portable,Moyenne 17pouces,365
NewYork_MATERIEL_INFO_202607154,,EliteBook 6xx,175
NewYork_MATERIEL_INFO_202607155,PC fixe tout-en-un,modèle par défaut,352
NewYork_MATERIEL_INFO_202607156,,Latitude 5xxx,300
NewYork_MATERIEL_INFO_202607157,Serveur,Serveur de stockage,2500
NewYork_MATERIEL_INFO_202607158,Ecran,32pouces et plus,590
NewYork_MATERIEL_INFO_202607159,,iMac pro,700
Paris_MATERIEL_INFO_202607150,,modèle par défaut,350
Paris_MATERIEL_INFO_202607151,,modèle par défaut,350
Paris_MATERIEL_INFO_202607152,PC portable,,260
Paris_MATERIEL_INFO_202607153,Serveur,Modèle par défaut,1300
Paris_MATERIEL_INFO_202607154,Ecran,24pouces-31pouces,430
Paris_MATERIEL_INFO_202607155,PC fixe tout-en-un,Optiplex All-in-One 3xxx,241
Shanghai_MATERIEL_INFO_202607150,PC portable,Chromebook 14-15pouces,170
Shanghai_MATERIEL_INFO_202607151,,Transportable,94
Shanghai_MATERIEL_INFO_202607152,PC fixe sans ecran,Optiplex small,240
Shanghai_MATERIEL_INFO_202607153,,modèle par défaut,350
Shanghai_MATERIEL_INFO_202607154,,EliteBook 6xx,175
Shanghai_MATERIEL_INFO_202607155,Vidéo projecteur,Transportable,94
Shanghai_MATERIEL_INFO_202607156,PC portable,MacBook air,250
Shanghai_MATERIEL_INFO_202607157,,ProBook,226
BERLIN_MATERIEL_INFO_202607160,PC fixe sans ecran,modèle par défaut,350
BERLIN_MATERIEL_INFO_202607161,,Mac mini,270
BERLIN_MATERIEL_INFO_202607162,PC fixe sans ecran,Precision tower 7xxx,555
BERLIN_MATERIEL_INFO_202607163,,MacBook air,250
LONDON_MATERIEL_INFO_202607160,PC fixe tout-en-un,Optiplex All-in-One 5xxx,318
LONDON_MATERIEL_INFO_202607161,PC portable,,260
LONDON_MATERIEL_INFO_202607162,PC portable,Precision 5xxx,280
LONDON_MATERIEL_INFO_202607163,Ecran,24pouces-31pouces,430
LONDON_MATERIEL_INFO_202607164,PC fixe sans ecran,modèle par défaut,350
LONDON_MATERIEL_INFO_202607165,PC portable,EliteBook 10xx,223
LONDON_MATERIEL_INFO_202607166,PC fixe sans ecran,"EliteDesk (Tower, SFF, One)",393
LA_MATERIEL_INFO_202607160,,ProDesk mini/DM,100
LA_MATERIEL_INFO_202607161,PC fixe sans ecran,,350
LA_MATERIEL_INFO_202607162,,Optiplex All-in-One 3xxx,241
LA_MATERIEL_INFO_202607163,PC portable,EliteBook 10xx,223
LA_MATERIEL_INFO_202607164,PC fixe sans ecran,modèle par défaut,350
LA_MATERIEL_INFO_202607165,PC fixe sans ecran,Station de travail (moy),600
NewYork_MATERIEL_INFO_202607160,,modèle par défaut,350
NewYork_MATERIEL_INFO_202607161,clavier,modèle par défaut,24
NewYork_MATERIEL_INFO_202607162,PC portable,Precision 7xxx,304
NewYork_MATERIEL_INFO_202607163,,Optiplex micro,174
NewYork_MATERIEL_INFO_202607164,PC portable,Latitude 7xxx,264
NewYork_MATERIEL_INFO_202607165,imprimante,Laser à poser (<40kg),430
NewYork_MATERIEL_INFO_202607166,PC fixe sans ecran,ProDesk mini/DM,100
NewYork_MATERIEL_INFO_202607167,PC portable,Latitude 7xxx,264
Paris_MATERIEL_INFO_202607160,souris,modèle par défaut,5
Paris_MATERIEL_INFO_202607161,PC portable,Moyenne 14/15pouces,294
Paris_MATERIEL_INFO_202607162,PC fixe tout-en-un,Optiplex All-in-One 3xxx,241
Paris_MATERIEL_INFO_202607163,,modèle par défaut,350
Shanghai_MATERIEL_INFO_202607160,PC fixe sans ecran,ZHAN,264
Shanghai_MATERIEL_INFO_202607161,PC portable,Latitude 5xxx,300
Shanghai_MATERIEL_INFO_202607162,PC portable,Precision 3xxx,266
Shanghai_MATERIEL_INFO_202607163,Serveur,,1300
Shanghai_MATERIEL_INFO_202607164,PC fixe tout-en-un,Optiplex All-in-One 3xxx,241
BERLIN_MATERIEL_INFO_202607170,PC fixe tout-en-un,modèle par défaut,352
BERLIN_MATERIEL_INFO_202607171,,Mac pro,900
LONDON_MATERIEL_INFO_202607170,,EliteBook 6xx,175
LONDON_MATERIEL_INFO_202607171,,Serveur de stockage,2500
LONDON_MATERIEL_INFO_202607172,PC fixe sans ecran,modèle par défaut,350
LONDON_MATERIEL_INFO_202607173,PC portable,Precision 7xxx,304
LA_MATERIEL_INFO_202607170,PC portable,Moyenne 14/15pouces,294
LA_MATERIEL_INFO_202607171,PC fixe sans ecran,,350
LA_MATERIEL_INFO_202607172,PC fixe sans ecran,PC Fixe (moy),300
LA_MATERIEL_INFO_202607173,imprimante,modèle par défaut,500
LA_MATERIEL_INFO_202607174,Ecran,jusqu'à 23pouces,350
LA_MATERIEL_INFO_202607175,PC fixe sans ecran,Precision tower 5xxx,440
LA_MATERIEL_INFO_202607176,PC portable,modèle par défaut,260
LA_MATERIEL_INFO_202607177,,EliteBook 8xx,290
LA_MATERIEL_INFO_202607178,PC portable,MacBook air,250
LA_MATERIEL_INFO_202607179,Disque dur,modèle par défaut,10
LA_MATERIEL_INFO_2026071710,PC fixe sans ecran,Precision tower 3xxx,285
LA_MATERIEL_INFO_2026071711,Borne wifi,modèle par défaut,10
LA_MATERIEL_INFO_2026071712,PC portable,MacBook air,250
LA_MATERIEL_INFO_2026071713,Station d'accueil,modèle par défaut,26
NewYork_MATERIEL_INFO_202607170,,Precision tower 3xxx,285
NewYork_MATERIEL_INFO_202607171,PC portable,modèle par défaut,260
NewYork_MATERIEL_INFO_202607172,imprimante,Laser A3 (>100kg),1800
NewYork_MATERIEL_INFO_202607173,,Precision tower 7xxx,555
NewYork_MATERIEL_INFO_202607174,PC fixe sans ecran,Precision tower 5xxx,440
NewYork_MATERIEL_INFO_202607175,imprimante,Laser A3 (>100kg),1800
NewYork_MATERIEL_INFO_202607176,PC portable,Latitude 7xxx,264
NewYork_MATERIEL_INFO_202607177,Disque dur,,10
NewYork_MATERIEL_INFO_202607178,PC fixe tout-en-un,modèle par défaut,352
Paris_MATERIEL_INFO_202607170,PC fixe sans ecran,Optiplex tower,260
Paris_MATERIEL_INFO_202607171,PC fixe sans ecran,OMEN,290
Paris_MATERIEL_INFO_202607172,PC portable,MacBook air retina,176
Paris_MATERIEL_INFO_202607173,PC portable,OMEN,290
Paris_MATERIEL_INFO_202607174,Tablette,modèle par défaut,150
Paris_MATERIEL_INFO_202607175,Serveur,Serveur de stockage,2500
Paris_MATERIEL_INFO_202607176,Telephone IP,modèle par défaut,17
Shanghai_MATERIEL_INFO_202607170,PC portable,Latitude 7xxx,264
Shanghai_MATERIEL_INFO_202607171,Serveur,Modèle par défaut,1300
Shanghai_MATERIEL_INFO_202607172,PC fixe sans ecran,Z,409
Shanghai_MATERIEL_INFO_202607173,PC fixe sans ecran,ProDesk mini/DM,100
Shanghai_MATERIEL_INFO_202607174,PC fixe sans ecran,modèle par défaut,350
Shanghai_MATERIEL_INFO_202607175,PC fixe sans ecran,"Prodesk (Tower, SFF)",322
Shanghai_MATERIEL_INFO_202607176,,MacBook air pre-retina,310
Shanghai_MATERIEL_INFO_202607177,PC portable,EliteBook 8xx,290
Shanghai_MATERIEL_INFO_202607178,PC fixe sans ecran,Station de travail (moy),600
Shanghai_MATERIEL_INFO_202607179,Borne wifi,modèle par défaut,10
Shanghai_MATERIEL_INFO_2026071710,,"Prodesk (Tower, SFF)",322
BERLIN_MATERIEL_INFO_202607180,PC portable,ZBook,303
BERLIN_MATERIEL_INFO_202607181,PC portable,Chromebook 11-13pouces,175
LONDON_MATERIEL_INFO_202607180,PC fixe sans ecran,ZHAN,264
LONDON_MATERIEL_INFO_202607181,PC portable,EliteBook 8xx,290
LONDON_MATERIEL_INFO_202607182,Vidéo projecteur,Pour salle,150
LONDON_MATERIEL_INFO_202607183,PC portable,MacBook air,250
LONDON_MATERIEL_INFO_202607184,imprimante,Laser à poser (<40kg),430
LONDON_MATERIEL_INFO_202607185,PC fixe sans ecran,Precision tower 3xxx,285
LONDON_MATERIEL_INFO_202607186,Serveur,Noeud de calcul,1300
LONDON_MATERIEL_INFO_202607187,Vidéo projecteur,Pour amphi,200
LONDON_MATERIEL_INFO_202607188,,jusqu'à 23pouces,350
LONDON_MATERIEL_INFO_202607189,PC portable,MacBook air retina,176
LONDON_MATERIEL_INFO_2026071810,PC fixe tout-en-un,Optiplex All-in-One 7xxx,382
LA_MATERIEL_INFO_202607180,Station d'accueil,modèle par défaut,26
LA_MATERIEL_INFO_202607181,PC portable,MacBook air pre-retina,310
LA_MATERIEL_INFO_202607182,,modèle par défaut,350
LA_MATERIEL_INFO_202607183,PC portable,,260
LA_MATERIEL_INFO_202607184,PC fixe sans ecran,,350
LA_MATERIEL_INFO_202607185,PC fixe sans ecran,Precision tower 7xxx,555
LA_MATERIEL_INFO_202607186,PC portable,OMEN,290
NewYork_MATERIEL_INFO_202607180,Serveur,Serveur de stockage,2500
NewYork_MATERIEL_INFO_202607181,PC portable,Moyenne 13pouces,250
NewYork_MATERIEL_INFO_202607182,PC fixe sans ecran,EliteDesk DM,230
NewYork_MATERIEL_INFO_202607183,PC portable,Moyenne 14/15pouces,294
NewYork_MATERIEL_INFO_202607184,,modèle par défaut,350
NewYork_MATERIEL_INFO_202607185,PC fixe sans ecran,Optiplex micro,174
NewYork_MATERIEL_INFO_202607186,,modèle par défaut,350
NewYork_MATERIEL_INFO_202607187,,Mac mini,270
NewYork_MATERIEL_INFO_202607188,,EliteBook 10xx,223
NewYork_MATERIEL_INFO_202607189,,Elite mini,137
NewYork_MATERIEL_INFO_2026071810,,32pouces et plus,590
NewYork_MATERIEL_INFO_2026071811,,iMac 21pouces,290
NewYork_MATERIEL_INFO_2026071812,imprimante,Laser A3 (40-99kg),960
NewYork_MATERIEL_INFO_2026071813,PC fixe tout-en-un,iMac 21pouces,290
Paris_MATERIEL_INFO_202607180,PC portable,Precision 3xxx,266
Paris_MATERIEL_INFO_202607181,Station d'accueil,modèle par défaut,26
Paris_MATERIEL_INFO_202607182,Ecran,24pouces-31pouces,430
Shanghai_MATERIEL_INFO_202607180,,modèle par défaut,350
Shanghai_MATERIEL_INFO_202607181,PC fixe sans ecran,Precision tower 7xxx,555
Shanghai_MATERIEL_INFO_202607182,PC fixe tout-en-un,iMac 27pouces retina,450
Shanghai_MATERIEL_INFO_202607183,PC portable,ZBook,303
Shanghai_MATERIEL_INFO_202607184,PC portable,MacBook air pre-retina,310
BERLIN_MATERIEL_INFO_202607190,,EliteBook 10xx,223
BERLIN_MATERIEL_INFO_202607191,PC fixe sans ecran,Mac pro,900
BERLIN_MATERIEL_INFO_202607192,PC portable,ZBook,303
BERLIN_MATERIEL_INFO_202607193,PC portable,EliteBook 6xx,175
BERLIN_MATERIEL_INFO_202607194,,MacBook pro 13pouces,256
BERLIN_MATERIEL_INFO_202607195,Ecran,modèle par défaut,430
LONDON_MATERIEL_INFO_202607190,PC fixe sans ecran,Station de travail (moy),600
LONDON_MATERIEL_INFO_202607191,,Precision 3xxx,266
LONDON_MATERIEL_INFO_202607192,imprimante,Laser A3 (40-99kg),960
LONDON_MATERIEL_INFO_202607193,PC fixe tout-en-un,iMac pro,700
LA_MATERIEL_INFO_202607190,PC portable,Moyenne 14/15pouces,294
LA_MATERIEL_INFO_202607191,Vidéo projecteur,Transportable,94
LA_MATERIEL_INFO_202607192,,Wyse thin client,69
LA_MATERIEL_INFO_202607193,Borne wifi,modèle par défaut,10
LA_MATERIEL_INFO_202607194,PC fixe sans ecran,Mac mini,270
LA_MATERIEL_INFO_202607195,PC fixe sans ecran,,350
LA_MATERIEL_INFO_202607196,Telephone IP,modèle par défaut,17
LA_MATERIEL_INFO_202607197,PC fixe sans ecran,Precision tower 3xxx,285
LA_MATERIEL_INFO_202607198,,Optiplex All-in-One 5xxx,318
LA_MATERIEL_INFO_202607199,PC fixe sans ecran,"Elite (Tower, SFF, One)",393
LA_MATERIEL_INFO_2026071910,PC fixe sans ecran,Z,409
NewYork_MATERIEL_INFO_202607190,Ecran,24pouces-31pouces,430
NewYork_MATERIEL_INFO_202607191,PC fixe sans ecran,EliteDesk DM,230
NewYork_MATERIEL_INFO_202607192,PC portable,Moyenne 17pouces,365
NewYork_MATERIEL_INFO_202607193,PC fixe tout-en-un,Optiplex All-in-One 5xxx,318
NewYork_MATERIEL_INFO_202607194,PC fixe sans ecran,Z,409
NewYork_MATERIEL_INFO_202607195,PC fixe sans ecran,Precision tower 7xxx,555
NewYork_MATERIEL_INFO_202607196,PC portable,MacBook air,250
NewYork_MATERIEL_INFO_202607197,,"Prodesk (Tower, SFF)",322
NewYork_MATERIEL_INFO_202607198,PC fixe sans ecran,Optiplex small,240
NewYork_MATERIEL_INFO_202607199,PC fixe tout-en-un,iMac 27pouces retina,450
NewYork_MATERIEL_INFO_2026071910,PC fixe tout-en-un,,352
Paris_MATERIEL_INFO_202607190,PC portable,Latitude 3xxx,220
Paris_MATERIEL_INFO_202607191,,modèle par défaut,350
Paris_MATERIEL_INFO_202607192,PC fixe sans ecran,Optiplex small,240
Paris_MATERIEL_INFO_202607193,PC portable,ZBook,303
Paris_MATERIEL_INFO_202607194,Vidéo projecteur,Transportable,94
Paris_MATERIEL_INFO_202607195,imprimante,,500
Paris_MATERIEL_INFO_202607196,PC fixe sans ecran,,350
Paris_MATERIEL_INFO_202607197,,EliteBook 6xx,175
Paris_MATERIEL_INFO_202607198,PC fixe sans ecran,EliteDesk DM,230
Paris_MATERIEL_INFO_202607199,,OMEN,290
Paris_MATERIEL_INFO_2026071910,PC fixe sans ecran,Rasberry pi 4,15
Paris_MATERIEL_INFO_2026071911,,modèle par défaut,350
Shanghai_MATERIEL_INFO_202607190,Serveur,Noeud de calcul,1300
Shanghai_MATERIEL_INFO_202607191,PC fixe sans ecran,Mac pro,900
Shanghai_MATERIEL_INFO_202607192,imprimante,modèle par défaut,500
Shanghai_MATERIEL_INFO_202607193,PC fixe sans ecran,"EliteDesk (Tower, SFF, One)",393
BERLIN_MATERIEL_INFO_202607200,PC fixe sans ecran,Precision tower 5xxx,440
BERLIN_MATERIEL_INFO_202607201,,Precision 5xxx,280
BERLIN_MATERIEL_INFO_202607202,,Rasberry pi 4,15
BERLIN_MATERIEL_INFO_202607203,Tablette,modèle par défaut,150
BERLIN_MATERIEL_INFO_202607204,souris,modèle par défaut,5
LONDON_MATERIEL_INFO_202607200,PC fixe sans ecran,ProDesk mini/DM,100
LONDON_MATERIEL_INFO_202607201,,Moyenne 17pouces,365
LONDON_MATERIEL_INFO_202607202,PC portable,MacBook air retina,176
LONDON_MATERIEL_INFO_202607203,PC fixe sans ecran,,350
LONDON_MATERIEL_INFO_202607204,PC portable,EliteBook 10xx,223
LA_MATERIEL_INFO_202607200,PC fixe tout-en-un,Optiplex All-in-One 5xxx,318
LA_MATERIEL_INFO_202607201,PC fixe sans ecran,,350
LA_MATERIEL_INFO_202607202,PC portable,Precision 3xxx,266
LA_MATERIEL_INFO_202607203,,Moyenne 17pouces,365
LA_MATERIEL_INFO_202607204,Ecran,24pouces-31pouces,430
LA_MATERIEL_INFO_202607205,PC fixe tout-en-un,Optiplex All-in-One 5xxx,318
LA_MATERIEL_INFO_202607206,PC fixe sans ecran,Elite mini,137
NewYork_MATERIEL_INFO_202607200,imprimante,Laser A3 (40-99kg),960
NewYork_MATERIEL_INFO_202607201,PC portable,MacBook air,250
NewYork_MATERIEL_INFO_202607202,PC portable,MacBook air pre-retina,310
Paris_MATERIEL_INFO_202607200,PC fixe sans ecran,"Prodesk (Tower, SFF)",322
Paris_MATERIEL_INFO_202607201,,modèle par défaut,350
Paris_MATERIEL_INFO_202607202,PC portable,ZBook,303
Paris_MATERIEL_INFO_202607203,PC portable,Moyenne 17pouces,365
Paris_MATERIEL_INFO_202607204,PC fixe sans ecran,Precision tower 7xxx,555
Paris_MATERIEL_INFO_202607205,PC fixe tout-en-un,Optiplex All-in-One 7xxx,382
Paris_MATERIEL_INFO_202607206,Ecran,32pouces et plus,590
Paris_MATERIEL_INFO_202607207,,modèle par défaut,350
Paris_MATERIEL_INFO_202607208,PC portable,Moyenne 14/15pouces,294
Paris_MATERIEL_INFO_202607209,,iMac pro,700
Paris_MATERIEL_INFO_2026072010,Ecran,24pouces-31pouces,430
Paris_MATERIEL_INFO_2026072011,PC fixe sans ecran,EliteDesk DM,230
Shanghai_MATERIEL_INFO_202607200,PC fixe tout-en-un,Optiplex All-in-One 5xxx,318
Shanghai_MATERIEL_INFO_202607201,Ecran,jusqu'à 23pouces,350
Shanghai_MATERIEL_INFO_202607202,PC fixe tout-en-un,Mac pro,900
Shanghai_MATERIEL_INFO_202607203,PC portable,MacBook air pre-retina,310
Shanghai_MATERIEL_INFO_202607204,Vidéo projecteur,modèle par défaut,94
BERLIN_MATERIEL_INFO_202607210,,ZBook,303
BERLIN_MATERIEL_INFO_202607211,Tablette,modèle par défaut,150
LONDON_MATERIEL_INFO_202607210,,Station de travail (moy),600
LONDON_MATERIEL_INFO_202607211,PC portable,Precision 5xxx,280
LONDON_MATERIEL_INFO_202607212,PC fixe sans ecran,,350
LONDON_MATERIEL_INFO_202607213,PC fixe sans ecran,"Elite (Tower, SFF, One)",393
LA_MATERIEL_INFO_202607210,Telephone IP,,17
LA_MATERIEL_INFO_202607211,PC portable,,260
LA_MATERIEL_INFO_202607212,imprimante,Laser à poser (<40kg),430
LA_MATERIEL_INFO_202607213,PC fixe sans ecran,ProDesk mini/DM,100
LA_MATERIEL_INFO_202607214,Vidéo projecteur,Pour amphi,200
LA_MATERIEL_INFO_202607215,PC fixe sans ecran,OMEN,290
LA_MATERIEL_INFO_202607216,PC fixe sans ecran,,350
LA_MATERIEL_INFO_202607217,PC fixe sans ecran,Station de travail (moy),600
LA_MATERIEL_INFO_202607218,,Moyenne 13pouces,250
LA_MATERIEL_INFO_202607219,,Latitude 5xxx,300
NewYork_MATERIEL_INFO_202607210,imprimante,Laser A3 (>100kg),1800
NewYork_MATERIEL_INFO_202607211,PC fixe sans ecran,Optiplex small,240
NewYork_MATERIEL_INFO_202607212,souris,modèle par défaut,5
NewYork_MATERIEL_INFO_202607213,PC portable,Latitude 7xxx,264
NewYork_MATERIEL_INFO_202607214,PC fixe sans ecran,modèle par défaut,350
NewYork_MATERIEL_INFO_202607215,Station d'accueil,modèle par défaut,26
NewYork_MATERIEL_INFO_202607216,PC fixe sans ecran,,350
NewYork_MATERIEL_INFO_202607217,PC fixe tout-en-un,Optiplex All-in-One 5xxx,318
NewYork_MATERIEL_INFO_202607218,PC portable,Latitude 3xxx,220
NewYork_MATERIEL_INFO_202607219,PC fixe sans ecran,Rasberry pi 4,15
Paris_MATERIEL_INFO_202607210,clavier,modèle par défaut,24
Paris_MATERIEL_INFO_202607211,Vidéo projecteur,Pour amphi,200
Paris_MATERIEL_INFO_202607212,PC fixe tout-en-un,iMac 21pouces retina,300
Paris_MATERIEL_INFO_202607213,,ZHAN,264
Paris_MATERIEL_INFO_202607214,PC portable,ZBook Studio,379
Paris_MATERIEL_INFO_202607215,clavier,,24
Paris_MATERIEL_INFO_202607216,PC portable,,260
Paris_MATERIEL_INFO_202607217,PC fixe tout-en-un,iMac pro,700
Paris_MATERIEL_INFO_202607218,PC portable,ZBook Studio,379
Paris_MATERIEL_INFO_202607219,Station d'accueil,modèle par défaut,26
Shanghai_MATERIEL_INFO_202607210,PC fixe sans ecran,,350
Shanghai_MATERIEL_INFO_202607211,Vidéo projecteur,Transportable,94
Shanghai_MATERIEL_INFO_202607212,,Transportable,94
Shanghai_MATERIEL_INFO_202607213,PC portable,MacBook pro 15/16pouces,330
Shanghai_MATERIEL_INFO_202607214,Ecran,modèle par défaut,430
Shanghai_MATERIEL_INFO_202607215,PC fixe sans ecran,Precision tower 5xxx,440
Shanghai_MATERIEL_INFO_202607216,PC portable,OMEN,290
Shanghai_MATERIEL_INFO_202607217,PC portable,Chromebook 11-13pouces,175
Shanghai_MATERIEL_INFO_202607218,PC portable,Moyenne 17pouces,365
Shanghai_MATERIEL_INFO_202607219,PC portable,Precision 5xxx,280
Shanghai_MATERIEL_INFO_2026072110,PC fixe sans ecran,Mac pro,900
BERLIN_MATERIEL_INFO_202607220,,jusqu'à 23pouces,350
LONDON_MATERIEL_INFO_202607220,Vidéo projecteur,Pour salle,150
LONDON_MATERIEL_INFO_202607221,PC portable,ProBook,226
LONDON_MATERIEL_INFO_202607222,Serveur,,1300
LONDON_MATERIEL_INFO_202607223,PC portable,Chromebook 14-15pouces,170
LONDON_MATERIEL_INFO_202607224,PC portable,Latitude 3xxx,220
LONDON_MATERIEL_INFO_202607225,PC portable,MacBook pro 13pouces,256
LONDON_MATERIEL_INFO_202607226,PC portable,EliteBook 8xx,290
LONDON_MATERIEL_INFO_202607227,PC portable,MacBook pro 15/16pouces,330
LONDON_MATERIEL_INFO_202607228,PC portable,Moyenne 13pouces,250
LONDON_MATERIEL_INFO_202607229,Serveur,Modèle par défaut,1300
LONDON_MATERIEL_INFO_2026072210,clavier,modèle par défaut,24
LONDON_MATERIEL_INFO_2026072211,Smartphone,modèle par défaut,63
LONDON_MATERIEL_INFO_2026072212,PC fixe tout-en-un,Optiplex All-in-One 5xxx,318
LA_MATERIEL_INFO_202607220,Ecran,24pouces-31pouces,430
LA_MATERIEL_INFO_202607221,,modèle par défaut,350
LA_MATERIEL_INFO_202607222,PC portable,Precision 3xxx,266
LA_MATERIEL_INFO_202607223,Vidéo projecteur,modèle par défaut,94
LA_MATERIEL_INFO_202607224,Ecran,24pouces-31pouces,430
LA_MATERIEL_INFO_202607225,PC portable,ZBook,303
LA_MATERIEL_INFO_202607226,imprimante,Laser A3 (40-99kg),960
LA_MATERIEL_INFO_202607227,imprimante,Laser A3 (>100kg),1800
LA_MATERIEL_INFO_202607228,PC fixe sans ecran,Mac pro,900
LA_MATERIEL_INFO_202607229,PC fixe tout-en-un,Optiplex All-in-One 7xxx,382
LA_MATERIEL_INFO_2026072210,Ecran,modèle par défaut,430
NewYork_MATERIEL_INFO_202607220,PC fixe tout-en-un,Mac pro,900
NewYork_MATERIEL_INFO_202607221,,Moyenne 14/15pouces,294
NewYork_MATERIEL_INFO_202607222,,ProBook,226
NewYork_MATERIEL_INFO_202607223,Vidéo projecteur,modèle par défaut,94
NewYork_MATERIEL_INFO_202607224,PC portable,MacBook air retina,176
NewYork_MATERIEL_INFO_202607225,PC fixe sans ecran,Optiplex small,240
NewYork_MATERIEL_INFO_202607226,PC fixe sans ecran,"EliteDesk (Tower, SFF, One)",393
NewYork_MATERIEL_INFO_202607227,PC portable,Moyenne 17pouces,365
NewYork_MATERIEL_INFO_202607228,,MacBook air pre-retina,310
NewYork_MATERIEL_INFO_202607229,PC fixe sans ecran,"EliteDesk (Tower, SFF, One)",393
NewYork_MATERIEL_INFO_2026072210,PC fixe sans ecran,Optiplex micro,174
NewYork_MATERIEL_INFO_2026072211,PC fixe sans ecran,"EliteDesk (Tower, SFF, One)",393
Paris_MATERIEL_INFO_202607220,PC fixe tout-en-un,iMac 21pouces retina,300
Paris_MATERIEL_INFO_202607221,PC fixe tout-en-un,Optiplex All-in-One 7xxx,382
Paris_MATERIEL_INFO_202607222,PC portable,Chromebook 11-13pouces,175
Shanghai_MATERIEL_INFO_202607220,PC portable,Moyenne 13pouces,250
Shanghai_MATERIEL_INFO_202607221,PC portable,,260
Shanghai_MATERIEL_INFO_202607222,imprimante,Laser à poser (<40kg),430
Shanghai_MATERIEL_INFO_202607223,PC portable,MacBook pro 13pouces,256
Shanghai_MATERIEL_INFO_202607224,PC portable,ZBook,303
BERLIN_MATERIEL_INFO_202607230,imprimante,Laser à poser (<40kg),430
BERLIN_MATERIEL_INFO_202607231,,EliteBook 8xx,290
BERLIN_MATERIEL_INFO_202607232,PC fixe sans ecran,modèle par défaut,350
BERLIN_MATERIEL_INFO_202607233,PC fixe tout-en-un,iMac 21pouces retina,300
LONDON_MATERIEL_INFO_202607230,PC fixe sans ecran,Station de travail (moy),600
LONDON_MATERIEL_INFO_202607231,PC portable,Victus,267
LONDON_MATERIEL_INFO_202607232,PC portable,Precision 3xxx,266
LONDON_MATERIEL_INFO_202607233,PC portable,Precision 7xxx,304
LONDON_MATERIEL_INFO_202607234,Serveur,Noeud de calcul,1300
LONDON_MATERIEL_INFO_202607235,PC fixe tout-en-un,Optiplex All-in-One 7xxx,382
LONDON_MATERIEL_INFO_202607236,,Chromebook 11-13pouces,175
LA_MATERIEL_INFO_202607230,PC fixe tout-en-un,iMac 21pouces retina,300
LA_MATERIEL_INFO_202607231,PC fixe sans ecran,"EliteDesk (Tower, SFF, One)",393
LA_MATERIEL_INFO_202607232,Disque dur,modèle par défaut,10
LA_MATERIEL_INFO_202607233,PC fixe sans ecran,,350
LA_MATERIEL_INFO_202607234,PC fixe tout-en-un,Mac pro,900
LA_MATERIEL_INFO_202607235,,ZHAN,264
LA_MATERIEL_INFO_202607236,PC fixe tout-en-un,Mac pro,900
LA_MATERIEL_INFO_202607237,PC fixe tout-en-un,modèle par défaut,352
NewYork_MATERIEL_INFO_202607230,PC portable,Chromebook 14-15pouces,170
NewYork_MATERIEL_INFO_202607231,PC portable,MacBook pro 13pouces,256
NewYork_MATERIEL_INFO_202607232,imprimante,,500
NewYork_MATERIEL_INFO_202607233,,modèle par défaut,350
NewYork_MATERIEL_INFO_202607234,PC fixe tout-en-un,iMac 21pouces,290
NewYork_MATERIEL_INFO_202607235,PC fixe sans ecran,Mac mini,270
NewYork_MATERIEL_INFO_202607236,PC fixe sans ecran,PC Fixe (moy),300
NewYork_MATERIEL_INFO_202607237,Smartphone,modèle par défaut,63
NewYork_MATERIEL_INFO_202607238,,modèle par défaut,350
NewYork_MATERIEL_INFO_202607239,PC fixe sans ecran,Precision tower 5xxx,440
NewYork_MATERIEL_INFO_2026072310,Serveur,Noeud de calcul,1300
NewYork_MATERIEL_INFO_2026072311,,modèle par défaut,350
NewYork_MATERIEL_INFO_2026072312,PC fixe sans ecran,Precision tower 7xxx,555
Paris_MATERIEL_INFO_202607230,PC fixe sans ecran,modèle par défaut,350
Paris_MATERIEL_INFO_202607231,,Optiplex tower,260
Paris_MATERIEL_INFO_202607232,PC fixe sans ecran,"EliteDesk (Tower, SFF, One)",393
Paris_MATERIEL_INFO_202607233,PC fixe sans ecran,Optiplex micro,174
Paris_MATERIEL_INFO_202607234,PC fixe sans ecran,OMEN,290
Shanghai_MATERIEL_INFO_202607230,PC portable,Precision 5xxx,280
Shanghai_MATERIEL_INFO_202607231,,ZHAN,264
Shanghai_MATERIEL_INFO_202607232,,ZBook Studio,379
Shanghai_MATERIEL_INFO_202607233,,modèle par défaut,350
Shanghai_MATERIEL_INFO_202607234,PC fixe sans ecran,Rasberry pi 4,15
BERLIN_MATERIEL_INFO_202607240,,modèle par défaut,350
BERLIN_MATERIEL_INFO_202607241,,iMac 27pouces retina,450
BERLIN_MATERIEL_INFO_202607242,,iMac pro,700
BERLIN_MATERIEL_INFO_202607243,PC portable,Latitude 5xxx,300
LONDON_MATERIEL_INFO_202607240,PC fixe sans ecran,PC Fixe (moy),300
LONDON_MATERIEL_INFO_202607241,PC portable,OMEN,290
LONDON_MATERIEL_INFO_202607242,,modèle par défaut,350
LONDON_MATERIEL_INFO_202607243,PC portable,Moyenne 14/15pouces,294
LONDON_MATERIEL_INFO_202607244,Ecran,jusqu'à 23pouces,350
LONDON_MATERIEL_INFO_202607245,PC portable,MacBook pro 15/16pouces,330
LONDON_MATERIEL_INFO_202607246,Borne wifi,modèle par défaut,10
LONDON_MATERIEL_INFO_202607247,PC fixe sans ecran,Mac mini,270
LONDON_MATERIEL_INFO_202607248,PC portable,,260
LA_MATERIEL_INFO_202607240,Borne wifi,,10
LA_MATERIEL_INFO_202607241,PC fixe sans ecran,Optiplex tower,260
LA_MATERIEL_INFO_202607242,PC portable,MacBook pro 15/16pouces,330
LA_MATERIEL_INFO_202607243,PC fixe tout-en-un,iMac pro,700
LA_MATERIEL_INFO_202607244,,Laser A3 (40-99kg),960
LA_MATERIEL_INFO_202607245,PC fixe sans ecran,Precision tower 7xxx,555
LA_MATERIEL_INFO_202607246,,iMac 21pouces retina,300
LA_MATERIEL_INFO_202607247,,ZBook Studio,379
LA_MATERIEL_INFO_202607248,PC fixe sans ecran,Optiplex micro,174
NewYork_MATERIEL_INFO_202607240,PC portable,Chromebook 14-15pouces,170
Paris_MATERIEL_INFO_202607240,,modèle par défaut,350
Paris_MATERIEL_INFO_202607241,PC fixe tout-en-un,iMac pro,700
Paris_MATERIEL_INFO_202607242,Serveur,Serveur de stockage,2500
Paris_MATERIEL_INFO_202607243,PC fixe sans ecran,OMEN,290
Paris_MATERIEL_INFO_202607244,,Optiplex All-in-One 3xxx,241
Paris_MATERIEL_INFO_202607245,PC fixe tout-en-un,Optiplex All-in-One 5xxx,318
Paris_MATERIEL_INFO_202607246,PC portable,EliteBook 6xx,175
Paris_MATERIEL_INFO_202607247,PC fixe sans ecran,Z,409
Paris_MATERIEL_INFO_202607248,PC portable,Moyenne 14/15pouces,294
Paris_MATERIEL_INFO_202607249,PC fixe sans ecran,Optiplex tower,260
Paris_MATERIEL_INFO_2026072410,Serveur,Modèle par défaut,1300
Paris_MATERIEL_INFO_2026072411,souris,modèle par défaut,5
Paris_MATERIEL_INFO_2026072412,PC fixe sans ecran,,350
Paris_MATERIEL_INFO_2026072413,,iMac 21pouces retina,300
Shanghai_MATERIEL_INFO_202607240,PC fixe sans ecran,modèle par défaut,350
Shanghai_MATERIEL_INFO_202607241,PC portable,MacBook pro 13pouces,256
Shanghai_MATERIEL_INFO_202607242,,Wyse thin client,69
Shanghai_MATERIEL_INFO_202607243,PC fixe sans ecran,Z,409
BERLIN_MATERIEL_INFO_202607250,PC portable,ProBook,226
BERLIN_MATERIEL_INFO_202607251,PC portable,Moyenne 17pouces,365
BERLIN_MATERIEL_INFO_202607252,Tablette,modèle par défaut,150
LONDON_MATERIEL_INFO_202607250,PC fixe tout-en-un,Optiplex All-in-One 5xxx,318
LONDON_MATERIEL_INFO_202607251,PC fixe sans ecran,Precision tower 5xxx,440
LONDON_MATERIEL_INFO_202607252,,modèle par défaut,350
LONDON_MATERIEL_INFO_202607253,imprimante,Laser A3 (>100kg),1800
LONDON_MATERIEL_INFO_202607254,PC portable,Moyenne 14/15pouces,294
LONDON_MATERIEL_INFO_202607255,imprimante,Laser à poser (<40kg),430
LONDON_MATERIEL_INFO_202607256,PC fixe sans ecran,ProDesk mini/DM,100
LONDON_MATERIEL_INFO_202607257,PC portable,MacBook air retina,176
LONDON_MATERIEL_INFO_202607258,PC fixe sans ecran,Precision tower 7xxx,555
LA_MATERIEL_INFO_202607250,PC portable,MacBook air retina,176
NewYork_MATERIEL_INFO_202607250,PC portable,,260
NewYork_MATERIEL_INFO_202607251,Ecran,modèle par défaut,430
NewYork_MATERIEL_INFO_202607252,PC portable,ZBook,303
NewYork_MATERIEL_INFO_202607253,Tablette,modèle par défaut,150
NewYork_MATERIEL_INFO_202607254,PC portable,Moyenne 14/15pouces,294
NewYork_MATERIEL_INFO_202607255,PC fixe tout-en-un,iMac 21pouces retina,300
NewYork_MATERIEL_INFO_202607256,PC portable,ZBook Studio,379
NewYork_MATERIEL_INFO_202607257,PC fixe sans ecran,PC Fixe (moy),300
NewYork_MATERIEL_INFO_202607258,,EliteDesk DM,230
NewYork_MATERIEL_INFO_202607259,PC portable,Latitude 5xxx,300
NewYork_MATERIEL_INFO_2026072510,PC portable,Moyenne 14/15pouces,294
NewYork_MATERIEL_INFO_2026072511,Vidéo projecteur,modèle par défaut,94
NewYork_MATERIEL_INFO_2026072512,Serveur,Serveur de stockage,2500
NewYork_MATERIEL_INFO_2026072513,PC fixe tout-en-un,Optiplex All-in-One 7xxx,382
Paris_MATERIEL_INFO_202607250,Ecran,24pouces-31pouces,430
Paris_MATERIEL_INFO_202607251,,Precision 3xxx,266
Paris_MATERIEL_INFO_202607252,PC fixe sans ecran,,350
Paris_MATERIEL_INFO_202607253,Vidéo projecteur,Pour amphi,200
Shanghai_MATERIEL_INFO_202607250,Telephone IP,modèle par défaut,17
Shanghai_MATERIEL_INFO_202607251,clavier,modèle par défaut,24
Shanghai_MATERIEL_INFO_202607252,,modèle par défaut,350
Shanghai_MATERIEL_INFO_202607253,PC fixe sans ecran,Mac mini,270
Shanghai_MATERIEL_INFO_202607254,PC fixe tout-en-un,Mac pro,900
Shanghai_MATERIEL_INFO_202607255,PC fixe tout-en-un,iMac 21pouces,290
Shanghai_MATERIEL_INFO_202607256,Station d'accueil,modèle par défaut,26
BERLIN_MATERIEL_INFO_202607260,PC fixe sans ecran,ProDesk mini/DM,100
BERLIN_MATERIEL_INFO_202607261,Ecran,32pouces et plus,590
BERLIN_MATERIEL_INFO_202607262,PC portable,Moyenne 14/15pouces,294
BERLIN_MATERIEL_INFO_202607263,,Modèle par défaut,350
BERLIN_MATERIEL_INFO_202607264,Serveur,Modèle par défaut,1300
BERLIN_MATERIEL_INFO_202607265,PC portable,EliteBook 6xx,175
LONDON_MATERIEL_INFO_202607260,,Pour amphi,200
LONDON_MATERIEL_INFO_202607261,,Precision 5xxx,280
LONDON_MATERIEL_INFO_202607262,PC fixe sans ecran,Wyse thin client,69
LONDON_MATERIEL_INFO_202607263,,Optiplex All-in-One 7xxx,382
LONDON_MATERIEL_INFO_202607264,PC fixe sans ecran,ZHAN,264
LONDON_MATERIEL_INFO_202607265,imprimante,modèle par défaut,500
LONDON_MATERIEL_INFO_202607266,PC portable,,260
LA_MATERIEL_INFO_202607260,PC fixe sans ecran,Wyse thin client,69
LA_MATERIEL_INFO_202607261,PC fixe tout-en-un,Optiplex All-in-One 5xxx,318
LA_MATERIEL_INFO_202607262,Vidéo projecteur,Pour amphi,200
LA_MATERIEL_INFO_202607263,Ecran,24pouces-31pouces,430
LA_MATERIEL_INFO_202607264,PC portable,ProBook,226
LA_MATERIEL_INFO_202607265,PC portable,,260
NewYork_MATERIEL_INFO_202607260,,ZHAN,264
NewYork_MATERIEL_INFO_202607261,PC portable,MacBook pro 15/16pouces,330
NewYork_MATERIEL_INFO_202607262,PC fixe sans ecran,"Prodesk (Tower, SFF)",322
NewYork_MATERIEL_INFO_202607263,,EliteBook 8xx,290
NewYork_MATERIEL_INFO_202607264,PC portable,EliteBook 10xx,223
NewYork_MATERIEL_INFO_202607265,,EliteDesk DM,230
NewYork_MATERIEL_INFO_202607266,,iMac 27pouces retina,450
NewYork_MATERIEL_INFO_202607267,PC fixe tout-en-un,iMac 21pouces retina,300
NewYork_MATERIEL_INFO_202607268,PC fixe sans ecran,ZHAN,264
NewYork_MATERIEL_INFO_202607269,PC portable,OMEN,290
NewYork_MATERIEL_INFO_2026072610,PC fixe sans ecran,"Elite (Tower, SFF, One)",393
NewYork_MATERIEL_INFO_2026072611,,Optiplex All-in-One 5xxx,318
NewYork_MATERIEL_INFO_2026072612,,MacBook air retina,176
NewYork_MATERIEL_INFO_2026072613,PC fixe tout-en-un,Mac pro,900
Paris_MATERIEL_INFO_202607260,,Noeud de calcul,1300
Paris_MATERIEL_INFO_202607261,PC portable,MacBook pro 15/16pouces,330
Paris_MATERIEL_INFO_202607262,,modèle par défaut,350
Paris_MATERIEL_INFO_202607263,,Victus,267
Paris_MATERIEL_INFO_202607264,PC portable,Chromebook 14-15pouces,170
Paris_MATERIEL_INFO_202607265,PC portable,Moyenne 14/15pouces,294
Paris_MATERIEL_INFO_202607266,PC portable,ProBook,226
Paris_MATERIEL_INFO_202607267,Borne wifi,modèle par défaut,10
Paris_MATERIEL_INFO_202607268,,Precision 5xxx,280
Paris_MATERIEL_INFO_202607269,PC fixe sans ecran,Mac pro,900
Paris_MATERIEL_INFO_2026072610,,modèle par défaut,350
Paris_MATERIEL_INFO_2026072611,imprimante,Laser à poser (<40kg),430
Paris_MATERIEL_INFO_2026072612,,MacBook air,250
Shanghai_MATERIEL_INFO_202607260,Disque dur,modèle par défaut,10
Shanghai_MATERIEL_INFO_202607261,,Moyenne 17pouces,365
Shanghai_MATERIEL_INFO_202607262,PC fixe sans ecran,modèle par défaut,350
Shanghai_MATERIEL_INFO_202607263,,Precision 3xxx,266
Shanghai_MATERIEL_INFO_202607264,,"EliteDesk (Tower, SFF, One)",393
Shanghai_MATERIEL_INFO_202607265,,jusqu'à 23pouces,350
Shanghai_MATERIEL_INFO_202607266,PC portable,MacBook pro 13pouces,256
Shanghai_MATERIEL_INFO_202607267,PC portable,modèle par défaut,260
Shanghai_MATERIEL_INFO_202607268,PC portable,EliteBook 10xx,223
Shanghai_MATERIEL_INFO_202607269,Borne wifi,modèle par défaut,10
Shanghai_MATERIEL_INFO_2026072610,imprimante,Laser A3 (>100kg),1800
Shanghai_MATERIEL_INFO_2026072611,,Latitude 7xxx,264
Shanghai_MATERIEL_INFO_2026072612,PC portable,Latitude 5xxx,300
BERLIN_MATERIEL_INFO_202607270,Ecran,24pouces-31pouces,430
BERLIN_MATERIEL_INFO_202607271,PC fixe tout-en-un,Optiplex All-in-One 5xxx,318
BERLIN_MATERIEL_INFO_202607272,PC portable,,260
LONDON_MATERIEL_INFO_202607270,PC fixe sans ecran,"Elite (Tower, SFF, One)",393
LONDON_MATERIEL_INFO_202607271,Borne wifi,modèle par défaut,10
LA_MATERIEL_INFO_202607270,,ZBook Studio,379
LA_MATERIEL_INFO_202607271,PC fixe sans ecran,Precision tower 5xxx,440
LA_MATERIEL_INFO_202607272,PC fixe sans ecran,Precision tower 3xxx,285
LA_MATERIEL_INFO_202607273,,Moyenne 13pouces,250
LA_MATERIEL_INFO_202607274,PC fixe tout-en-un,modèle par défaut,352
LA_MATERIEL_INFO_202607275,PC fixe sans ecran,Wyse thin client,69
LA_MATERIEL_INFO_202607276,PC fixe tout-en-un,iMac 21pouces retina,300
NewYork_MATERIEL_INFO_202607270,Telephone IP,modèle par défaut,17
NewYork_MATERIEL_INFO_202607271,PC portable,MacBook air retina,176
NewYork_MATERIEL_INFO_202607272,,Optiplex micro,174
NewYork_MATERIEL_INFO_202607273,,Modèle par défaut,350
Paris_MATERIEL_INFO_202607270,PC fixe sans ecran,Optiplex micro,174
Paris_MATERIEL_INFO_202607271,,MacBook air,250
Paris_MATERIEL_INFO_202607272,,Pour amphi,200
Paris_MATERIEL_INFO_202607273,,modèle par défaut,350
Paris_MATERIEL_INFO_202607274,PC fixe sans ecran,Optiplex small,240
Paris_MATERIEL_INFO_202607275,Ecran,modèle par défaut,430
Shanghai_MATERIEL_INFO_202607270,,Mac pro,900
Shanghai_MATERIEL_INFO_202607271,PC portable,Moyenne 17pouces,365
Shanghai_MATERIEL_INFO_202607272,PC portable,EliteBook 6xx,175
Shanghai_MATERIEL_INFO_202607273,Telephone IP,modèle par défaut,17
Shanghai_MATERIEL_INFO_202607274,PC portable,Victus,267
BERLIN_MATERIEL_INFO_202607280,,PC Fixe (moy),300
BERLIN_MATERIEL_INFO_202607281,,EliteBook 8xx,290
BERLIN_MATERIEL_INFO_202607282,PC fixe sans ecran,"EliteDesk (Tower, SFF, One)",393
BERLIN_MATERIEL_INFO_202607283,PC fixe tout-en-un,iMac 21pouces,290
BERLIN_MATERIEL_INFO_202607284,Serveur,Modèle par défaut,1300
BERLIN_MATERIEL_INFO_202607285,,Precision 5xxx,280
LONDON_MATERIEL_INFO_202607280,PC portable,modèle par défaut,260
LONDON_MATERIEL_INFO_202607281,imprimante,Laser A3 (>100kg),1800
LA_MATERIEL_INFO_202607280,PC fixe tout-en-un,Optiplex All-in-One 7xxx,382
NewYork_MATERIEL_INFO_202607280,Serveur,Noeud de calcul,1300
NewYork_MATERIEL_INFO_202607281,,Optiplex All-in-One 7xxx,382
NewYork_MATERIEL_INFO_202607282,PC portable,OMEN,290
NewYork_MATERIEL_INFO_202607283,PC fixe tout-en-un,iMac 27pouces retina,450
NewYork_MATERIEL_INFO_202607284,PC portable,EliteBook 10xx,223
NewYork_MATERIEL_INFO_202607285,Ecran,jusqu'à 23pouces,350
NewYork_MATERIEL_INFO_202607286,,32pouces et plus,590
NewYork_MATERIEL_INFO_202607287,PC portable,Latitude 7xxx,264
NewYork_MATERIEL_INFO_202607288,Ecran,modèle par défaut,430
Paris_MATERIEL_INFO_202607280,PC portable,Moyenne 17pouces,365
Paris_MATERIEL_INFO_202607281,PC fixe tout-en-un,modèle par défaut,352
Paris_MATERIEL_INFO_202607282,,Serveur de stockage,2500
Paris_MATERIEL_INFO_202607283,Vidéo projecteur,modèle par défaut,94
Paris_MATERIEL_INFO_202607284,,MacBook pro 13pouces,256
Paris_MATERIEL_INFO_202607285,,Mac pro,900
Paris_MATERIEL_INFO_202607286,PC portable,MacBook air pre-retina,310
Paris_MATERIEL_INFO_202607287,PC portable,Latitude 7xxx,264
Paris_MATERIEL_INFO_202607288,PC fixe sans ecran,PC Fixe (moy),300
Shanghai_MATERIEL_INFO_202607280,PC fixe sans ecran,Precision tower 3xxx,285
Shanghai_MATERIEL_INFO_202607281,PC portable,EliteBook 10xx,223
Shanghai_MATERIEL_INFO_202607282,,Precision tower 3xxx,285
Shanghai_MATERIEL_INFO_202607283,PC fixe tout-en-un,,352
BERLIN_MATERIEL_INFO_202607290,PC fixe sans ecran,Mac mini,270
BERLIN_MATERIEL_INFO_202607291,Vidéo projecteur,modèle par défaut,94
BERLIN_MATERIEL_INFO_202607292,PC fixe tout-en-un,,352
BERLIN_MATERIEL_INFO_202607293,PC portable,Moyenne 14/15pouces,294
BERLIN_MATERIEL_INFO_202607294,PC fixe sans ecran,modèle par défaut,350
LONDON_MATERIEL_INFO_202607290,PC fixe sans ecran,Wyse thin client,69
LONDON_MATERIEL_INFO_202607291,PC portable,Moyenne 17pouces,365
LONDON_MATERIEL_INFO_202607292,PC fixe sans ecran,Elite mini,137
LONDON_MATERIEL_INFO_202607293,PC portable,,260
LONDON_MATERIEL_INFO_202607294,,Station de travail (moy),600
LONDON_MATERIEL_INFO_202607295,PC portable,Latitude 5xxx,300
LONDON_MATERIEL_INFO_202607296,,modèle par défaut,350
LONDON_MATERIEL_INFO_202607297,PC portable,Precision 5xxx,280
LONDON_MATERIEL_INFO_202607298,PC fixe sans ecran,modèle par défaut,350
LONDON_MATERIEL_INFO_202607299,PC portable,ZBook,303
LONDON_MATERIEL_INFO_2026072910,,32pouces et plus,590
LONDON_MATERIEL_INFO_2026072911,PC fixe sans ecran,Wyse thin client,69
LA_MATERIEL_INFO_202607290,PC fixe sans ecran,"EliteDesk (Tower, SFF, One)",393
LA_MATERIEL_INFO_202607291,PC portable,EliteBook 10xx,223
LA_MATERIEL_INFO_202607292,PC fixe sans ecran,Mac mini,270
LA_MATERIEL_INFO_202607293,PC portable,Latitude 7xxx,264
LA_MATERIEL_INFO_202607294,,ZBook Studio,379
LA_MATERIEL_INFO_202607295,PC fixe tout-en-un,iMac pro,700
LA_MATERIEL_INFO_202607296,PC fixe tout-en-un,Optiplex All-in-One 7xxx,382
LA_MATERIEL_INFO_202607297,PC portable,Latitude 7xxx,264
LA_MATERIEL_INFO_202607298,PC portable,Latitude 5xxx,300
LA_MATERIEL_INFO_202607299,Vidéo projecteur,Transportable,94
LA_MATERIEL_INFO_2026072910,PC fixe tout-en-un,Optiplex All-in-One 5xxx,318
NewYork_MATERIEL_INFO_202607290,PC portable,Chromebook 11-13pouces,175
NewYork_MATERIEL_INFO_202607291,PC portable,EliteBook 6xx,175
NewYork_MATERIEL_INFO_202607292,PC portable,Latitude 3xxx,220
NewYork_MATERIEL_INFO_202607293,Borne wifi,modèle par défaut,10
NewYork_MATERIEL_INFO_202607294,,Precision tower 5xxx,440
NewYork_MATERIEL_INFO_202607295,PC fixe tout-en-un,iMac 21pouces,290
NewYork_MATERIEL_INFO_202607296,PC fixe tout-en-un,iMac 27pouces retina,450
Paris_MATERIEL_INFO_202607290,,Moyenne 17pouces,365
Paris_MATERIEL_INFO_202607291,,Chromebook 11-13pouces,175
Paris_MATERIEL_INFO_202607292,PC portable,Latitude 7xxx,264
Paris_MATERIEL_INFO_202607293,PC portable,EliteBook 6xx,175
Paris_MATERIEL_INFO_202607294,PC fixe sans ecran,Wyse thin client,69
Paris_MATERIEL_INFO_202607295,Serveur,Noeud de calcul,1300
Paris_MATERIEL_INFO_202607296,Ecran,jusqu'à 23pouces,350
Paris_MATERIEL_INFO_202607297,PC portable,Latitude 5xxx,300
Paris_MATERIEL_INFO_202607298,Vidéo projecteur,modèle par défaut,94
Shanghai_MATERIEL_INFO_202607290,PC fixe sans ecran,Z,409
Shanghai_MATERIEL_INFO_202607291,Serveur,,1300
Shanghai_MATERIEL_INFO_202607292,,modèle par défaut,350
Shanghai_MATERIEL_INFO_202607293,PC portable,OMEN,290
Shanghai_MATERIEL_INFO_202607294,PC fixe sans ecran,,350
Shanghai_MATERIEL_INFO_202607295,PC fixe tout-en-un,iMac 21pouces,290
Shanghai_MATERIEL_INFO_202607296,PC portable,Latitude 7xxx,264
Shanghai_MATERIEL_INFO_202607297,souris,modèle par défaut,5
Shanghai_MATERIEL_INFO_202607298,PC portable,OMEN,290
BERLIN_MATERIEL_INFO_202607300,PC fixe sans ecran,Station de travail (moy),600
BERLIN_MATERIEL_INFO_202607301,PC fixe sans ecran,Station de travail (moy),600
BERLIN_MATERIEL_INFO_202607302,,Chromebook 11-13pouces,175
LONDON_MATERIEL_INFO_202607300,PC portable,,260
LONDON_MATERIEL_INFO_202607301,Ecran,,430
LONDON_MATERIEL_INFO_202607302,PC portable,ZBook,303
LONDON_MATERIEL_INFO_202607303,imprimante,modèle par défaut,500
LONDON_MATERIEL_INFO_202607304,PC fixe sans ecran,ZHAN,264
LONDON_MATERIEL_INFO_202607305,PC portable,,260
LONDON_MATERIEL_INFO_202607306,PC fixe tout-en-un,iMac 21pouces retina,300
LONDON_MATERIEL_INFO_202607307,PC portable,Latitude 3xxx,220
LONDON_MATERIEL_INFO_202607308,PC portable,MacBook air,250
LONDON_MATERIEL_INFO_202607309,imprimante,Laser A3 (40-99kg),960
LONDON_MATERIEL_INFO_2026073010,PC portable,Latitude 5xxx,300
LONDON_MATERIEL_INFO_2026073011,,ZHAN,264
LONDON_MATERIEL_INFO_2026073012,Tablette,modèle par défaut,150
LA_MATERIEL_INFO_202607300,Vidéo projecteur,Pour salle,150
NewYork_MATERIEL_INFO_202607300,PC fixe sans ecran,Optiplex micro,174
NewYork_MATERIEL_INFO_202607301,PC fixe sans ecran,Optiplex small,240
NewYork_MATERIEL_INFO_202607302,,EliteBook 6xx,175
NewYork_MATERIEL_INFO_202607303,Disque dur,modèle par défaut,10
NewYork_MATERIEL_INFO_202607304,PC portable,Latitude 3xxx,220
NewYork_MATERIEL_INFO_202607305,Disque dur,modèle par défaut,10
NewYork_MATERIEL_INFO_202607306,PC fixe tout-en-un,modèle par défaut,352
Paris_MATERIEL_INFO_202607300,PC portable,ProBook,226
Paris_MATERIEL_INFO_202607301,souris,modèle par défaut,5
Paris_MATERIEL_INFO_202607302,PC portable,Latitude 5xxx,300
Paris_MATERIEL_INFO_202607303,Vidéo projecteur,Pour salle,150
Paris_MATERIEL_INFO_202607304,PC portable,Precision 3xxx,266
Shanghai_MATERIEL_INFO_202607300,PC fixe sans ecran,Optiplex tower,260
Shanghai_MATERIEL_INFO_202607301,,Z,409
Shanghai_MATERIEL_INFO_202607302,PC fixe sans ecran,Precision tower 3xxx,285
Shanghai_MATERIEL_INFO_202607303,PC portable,Latitude 5xxx,300
Shanghai_MATERIEL_INFO_202607304,Ecran,jusqu'à 23pouces,350
Shanghai_MATERIEL_INFO_202607305,Tablette,modèle par défaut,150
Shanghai_MATERIEL_INFO_202607306,PC portable,ProBook,226
Shanghai_MATERIEL_INFO_202607307,PC fixe sans ecran,,350
Shanghai_MATERIEL_INFO_202607308,,ProDesk mini/DM,100
Shanghai_MATERIEL_INFO_202607309,PC fixe tout-en-un,Optiplex All-in-One 7xxx,382
Shanghai_MATERIEL_INFO_2026073010,,Chromebook 11-13pouces,175
Shanghai_MATERIEL_INFO_2026073011,PC portable,MacBook pro 13pouces,256
Shanghai_MATERIEL_INFO_2026073012,,MacBook air,250
Shanghai_MATERIEL_INFO_2026073013,PC fixe sans ecran,"Prodesk (Tower, SFF)",322
BERLIN_MATERIEL_INFO_202607310,,32pouces et plus,590
BERLIN_MATERIEL_INFO_202607311,PC portable,MacBook pro 15/16pouces,330
BERLIN_MATERIEL_INFO_202607312,PC fixe sans ecran,Optiplex small,240
LONDON_MATERIEL_INFO_202607310,PC portable,Latitude 5xxx,300
LONDON_MATERIEL_INFO_202607311,Borne wifi,modèle par défaut,10
LONDON_MATERIEL_INFO_202607312,PC portable,ZBook,303
LONDON_MATERIEL_INFO_202607313,Ecran,,430
LONDON_MATERIEL_INFO_202607314,,Laser A3 (>100kg),1800
LONDON_MATERIEL_INFO_202607315,PC portable,Moyenne 17pouces,365
LONDON_MATERIEL_INFO_202607316,PC fixe sans ecran,"EliteDesk (Tower, SFF, One)",393
LONDON_MATERIEL_INFO_202607317,Station d'accueil,modèle par défaut,26
LONDON_MATERIEL_INFO_202607318,PC fixe tout-en-un,Mac pro,900
LONDON_MATERIEL_INFO_202607319,PC portable,MacBook air,250
LONDON_MATERIEL_INFO_2026073110,,Optiplex All-in-One 5xxx,318
LA_MATERIEL_INFO_202607310,,ZHAN,264
LA_MATERIEL_INFO_202607311,PC fixe sans ecran,"EliteDesk (Tower, SFF, One)",393
LA_MATERIEL_INFO_202607312,PC portable,EliteBook 6xx,175
LA_MATERIEL_INFO_202607313,Serveur,Serveur de stockage,2500
LA_MATERIEL_INFO_202607314,PC portable,,260
LA_MATERIEL_INFO_202607315,Disque dur,modèle par défaut,10
LA_MATERIEL_INFO_202607316,,Precision 3xxx,266
LA_MATERIEL_INFO_202607317,PC portable,Moyenne 17pouces,365
LA_MATERIEL_INFO_202607318,souris,modèle par défaut,5
LA_MATERIEL_INFO_202607319,,EliteBook 8xx,290
LA_MATERIEL_INFO_2026073110,PC fixe sans ecran,Precision tower 3xxx,285
LA_MATERIEL_INFO_2026073111,PC fixe sans ecran,Mac pro,900
LA_MATERIEL_INFO_2026073112,,ZBook,303
NewYork_MATERIEL_INFO_202607310,PC fixe sans ecran,"EliteDesk (Tower, SFF, One)",393
NewYork_MATERIEL_INFO_202607311,,Precision tower 7xxx,555
NewYork_MATERIEL_INFO_202607312,PC portable,ZBook Studio,379
NewYork_MATERIEL_INFO_202607313,imprimante,modèle par défaut,500
NewYork_MATERIEL_INFO_202607314,,Precision 5xxx,280
NewYork_MATERIEL_INFO_202607315,PC portable,EliteBook 6xx,175
Paris_MATERIEL_INFO_202607310,,Mac pro,900
Paris_MATERIEL_INFO_202607311,PC fixe sans ecran,Precision tower 3xxx,285
Paris_MATERIEL_INFO_202607312,,Precision 5xxx,280
Paris_MATERIEL_INFO_202607313,PC portable,MacBook air,250
Paris_MATERIEL_INFO_202607314,imprimante,modèle par défaut,500
Shanghai_MATERIEL_INFO_202607310,PC fixe sans ecran,ProDesk mini/DM,100
Shanghai_MATERIEL_INFO_202607311,,Wyse thin client,69
Shanghai_MATERIEL_INFO_202607312,PC fixe sans ecran,,350
Shanghai_MATERIEL_INFO_202607313,,iMac 27pouces retina,450
Shanghai_MATERIEL_INFO_202607314,PC fixe sans ecran,PC Fixe (moy),300
Shanghai_MATERIEL_INFO_202607315,souris,modèle par défaut,5
Shanghai_MATERIEL_INFO_202607316,Serveur,Serveur de stockage,2500
Shanghai_MATERIEL_INFO_202607317,,Laser A3 (40-99kg),960
BERLIN_MATERIEL_INFO_202608010,,iMac pro,700
BERLIN_MATERIEL_INFO_202608011,,Optiplex All-in-One 7xxx,382
BERLIN_MATERIEL_INFO_202608012,Ecran,modèle par défaut,430
BERLIN_MATERIEL_INFO_202608013,PC portable,Chromebook 14-15pouces,170
BERLIN_MATERIEL_INFO_202608014,PC fixe tout-en-un,iMac 27pouces retina,450
LONDON_MATERIEL_INFO_202608010,Vidéo projecteur,Pour amphi,200
LONDON_MATERIEL_INFO_202608011,PC portable,EliteBook 8xx,290
LONDON_MATERIEL_INFO_202608012,,modèle par défaut,350
LONDON_MATERIEL_INFO_202608013,Vidéo projecteur,modèle par défaut,94
LONDON_MATERIEL_INFO_202608014,,Optiplex small,240
LA_MATERIEL_INFO_202608010,PC portable,Precision 3xxx,266
LA_MATERIEL_INFO_202608011,PC portable,Precision 7xxx,304
LA_MATERIEL_INFO_202608012,PC fixe tout-en-un,iMac 21pouces retina,300
LA_MATERIEL_INFO_202608013,imprimante,Laser A3 (>100kg),1800
LA_MATERIEL_INFO_202608014,PC portable,EliteBook 8xx,290
LA_MATERIEL_INFO_202608015,Ecran,32pouces et plus,590
LA_MATERIEL_INFO_202608016,,Mac mini,270
LA_MATERIEL_INFO_202608017,Ecran,32pouces et plus,590
LA_MATERIEL_INFO_202608018,,24pouces-31pouces,430
LA_MATERIEL_INFO_202608019,PC fixe tout-en-un,Optiplex All-in-One 5xxx,318
LA_MATERIEL_INFO_2026080110,PC portable,EliteBook 6xx,175
NewYork_MATERIEL_INFO_202608010,PC fixe sans ecran,ZHAN,264
NewYork_MATERIEL_INFO_202608011,PC portable,OMEN,290
NewYork_MATERIEL_INFO_202608012,PC fixe sans ecran,PC Fixe (moy),300
NewYork_MATERIEL_INFO_202608013,Station d'accueil,,26
NewYork_MATERIEL_INFO_202608014,,EliteBook 6xx,175
NewYork_MATERIEL_INFO_202608015,imprimante,modèle par défaut,500
NewYork_MATERIEL_INFO_202608016,clavier,modèle par défaut,24
NewYork_MATERIEL_INFO_202608017,PC portable,Latitude 5xxx,300
NewYork_MATERIEL_INFO_202608018,imprimante,modèle par défaut,500
NewYork_MATERIEL_INFO_202608019,PC fixe tout-en-un,iMac 27pouces retina,450
NewYork_MATERIEL_INFO_2026080110,imprimante,Laser à poser (<40kg),430
Paris_MATERIEL_INFO_202608010,,Latitude 5xxx,300
Paris_MATERIEL_INFO_202608011,Ecran,24pouces-31pouces,430
Paris_MATERIEL_INFO_202608012,PC portable,MacBook air,250
Paris_MATERIEL_INFO_202608013,Vidéo projecteur,,94
Shanghai_MATERIEL_INFO_202608010,PC portable,MacBook pro 13pouces,256
Shanghai_MATERIEL_INFO_202608011,PC portable,,260
Shanghai_MATERIEL_INFO_202608012,Vidéo projecteur,Pour salle,150
Shanghai_MATERIEL_INFO_202608013,,EliteDesk DM,230
Shanghai_MATERIEL_INFO_202608014,PC fixe sans ecran,Rasberry pi 4,15
BERLIN_MATERIEL_INFO_202608020,Vidéo projecteur,Pour amphi,200
LONDON_MATERIEL_INFO_202608020,PC fixe sans ecran,Station de travail (moy),600
LONDON_MATERIEL_INFO_202608021,PC fixe sans ecran,Rasberry pi 4,15
LONDON_MATERIEL_INFO_202608022,Telephone IP,modèle par défaut,17
LONDON_MATERIEL_INFO_202608023,Ecran,,430
LONDON_MATERIEL_INFO_202608024,,Station de travail (moy),600
LONDON_MATERIEL_INFO_202608025,PC portable,MacBook air retina,176
LONDON_MATERIEL_INFO_202608026,PC portable,Precision 5xxx,280
LONDON_MATERIEL_INFO_202608027,PC fixe sans ecran,Rasberry pi 4,15
LONDON_MATERIEL_INFO_202608028,PC fixe sans ecran,Rasberry pi 4,15
LONDON_MATERIEL_INFO_202608029,PC portable,Latitude 7xxx,264
LA_MATERIEL_INFO_202608020,,Mac mini,270
LA_MATERIEL_INFO_202608021,PC fixe sans ecran,ProDesk mini/DM,100
LA_MATERIEL_INFO_202608022,PC portable,Precision 5xxx,280
NewYork_MATERIEL_INFO_202608020,PC portable,,260
NewYork_MATERIEL_INFO_202608021,PC fixe sans ecran,,350
NewYork_MATERIEL_INFO_202608022,PC portable,Precision 7xxx,304
NewYork_MATERIEL_INFO_202608023,PC fixe tout-en-un,modèle par défaut,352
NewYork_MATERIEL_INFO_202608024,PC fixe tout-en-un,Mac pro,900
NewYork_MATERIEL_INFO_202608025,PC portable,Precision 7xxx,304
NewYork_MATERIEL_INFO_202608026,souris,modèle par défaut,5
NewYork_MATERIEL_INFO_202608027,Smartphone,modèle par défaut,63
NewYork_MATERIEL_INFO_202608028,Disque dur,modèle par défaut,10
Paris_MATERIEL_INFO_202608020,PC fixe sans ecran,ProDesk mini/DM,100
Paris_MATERIEL_INFO_202608021,clavier,modèle par défaut,24
Shanghai_MATERIEL_INFO_202608020,Serveur,Modèle par défaut,1300
Shanghai_MATERIEL_INFO_202608021,souris,modèle par défaut,5
Shanghai_MATERIEL_INFO_202608022,souris,modèle par défaut,5
Shanghai_MATERIEL_INFO_202608023,imprimante,Laser à poser (<40kg),430
Shanghai_MATERIEL_INFO_202608024,PC portable,,260
Shanghai_MATERIEL_INFO_202608025,PC portable,Chromebook 14-15pouces,170
Shanghai_MATERIEL_INFO_202608026,PC portable,Chromebook 14-15pouces,170
Shanghai_MATERIEL_INFO_202608027,Vidéo projecteur,Pour salle,150
BERLIN_MATERIEL_INFO_202608030,imprimante,modèle par défaut,500
BERLIN_MATERIEL_INFO_202608031,PC portable,,260
BERLIN_MATERIEL_INFO_202608032,PC fixe tout-en-un,iMac 21pouces,290
LONDON_MATERIEL_INFO_202608030,,Laser A3 (40-99kg),960
LONDON_MATERIEL_INFO_202608031,PC portable,Chromebook 11-13pouces,175
LONDON_MATERIEL_INFO_202608032,,iMac pro,700
LONDON_MATERIEL_INFO_202608033,Serveur,Serveur de stockage,2500
LONDON_MATERIEL_INFO_202608034,PC fixe tout-en-un,Mac pro,900
LONDON_MATERIEL_INFO_202608035,,EliteDesk DM,230
LONDON_MATERIEL_INFO_202608036,PC fixe sans ecran,Precision tower 5xxx,440
LONDON_MATERIEL_INFO_202608037,Disque dur,modèle par défaut,10
LONDON_MATERIEL_INFO_202608038,imprimante,modèle par défaut,500
LONDON_MATERIEL_INFO_202608039,PC fixe sans ecran,Optiplex small,240
LONDON_MATERIEL_INFO_2026080310,PC fixe tout-en-un,iMac 27pouces retina,450
LA_MATERIEL_INFO_202608030,clavier,modèle par défaut,24
LA_MATERIEL_INFO_202608031,PC fixe sans ecran,OMEN,290
LA_MATERIEL_INFO_202608032,imprimante,modèle par défaut,500
LA_MATERIEL_INFO_202608033,PC fixe sans ecran,ZHAN,264
LA_MATERIEL_INFO_202608034,,"EliteDesk (Tower, SFF, One)",393
LA_MATERIEL_INFO_202608035,PC fixe sans ecran,,350
LA_MATERIEL_INFO_202608036,imprimante,Laser à poser (<40kg),430
LA_MATERIEL_INFO_202608037,PC portable,,260
LA_MATERIEL_INFO_202608038,PC fixe tout-en-un,Optiplex All-in-One 5xxx,318
LA_MATERIEL_INFO_202608039,PC portable,MacBook pro 13pouces,256
NewYork_MATERIEL_INFO_202608030,,Chromebook 11-13pouces,175
NewYork_MATERIEL_INFO_202608031,PC portable,Chromebook 11-13pouces,175
NewYork_MATERIEL_INFO_202608032,PC portable,EliteBook 6xx,175
NewYork_MATERIEL_INFO_202608033,Vidéo projecteur,Transportable,94
NewYork_MATERIEL_INFO_202608034,Ecran,modèle par défaut,430
NewYork_MATERIEL_INFO_202608035,PC portable,ZBook Studio,379
NewYork_MATERIEL_INFO_202608036,Vidéo projecteur,Transportable,94
Paris_MATERIEL_INFO_202608030,imprimante,Laser A3 (40-99kg),960
Paris_MATERIEL_INFO_202608031,PC fixe sans ecran,Optiplex tower,260
Paris_MATERIEL_INFO_202608032,,modèle par défaut,350
Paris_MATERIEL_INFO_202608033,PC fixe sans ecran,Optiplex small,240
Shanghai_MATERIEL_INFO_202608030,PC fixe tout-en-un,iMac 21pouces retina,300
Shanghai_MATERIEL_INFO_202608031,PC fixe sans ecran,,350
Shanghai_MATERIEL_INFO_202608032,PC fixe tout-en-un,iMac 21pouces,290
Shanghai_MATERIEL_INFO_202608033,PC portable,Victus,267
Shanghai_MATERIEL_INFO_202608034,imprimante,Laser à poser (<40kg),430
Shanghai_MATERIEL_INFO_202608035,PC fixe sans ecran,Optiplex tower,260
Shanghai_MATERIEL_INFO_202608036,Ecran,jusqu'à 23pouces,350
Shanghai_MATERIEL_INFO_202608037,Vidéo projecteur,Transportable,94
BERLIN_MATERIEL_INFO_202608040,PC portable,OMEN,290
BERLIN_MATERIEL_INFO_202608041,Vidéo projecteur,Pour amphi,200
BERLIN_MATERIEL_INFO_202608042,,Latitude 5xxx,300
LONDON_MATERIEL_INFO_202608040,,PC Fixe (moy),300
LA_MATERIEL_INFO_202608040,imprimante,Laser A3 (>100kg),1800
LA_MATERIEL_INFO_202608041,,iMac 27pouces retina,450
LA_MATERIEL_INFO_202608042,,32pouces et plus,590
NewYork_MATERIEL_INFO_202608040,PC portable,MacBook pro 15/16pouces,330
NewYork_MATERIEL_INFO_202608041,PC fixe sans ecran,Optiplex small,240
NewYork_MATERIEL_INFO_202608042,Smartphone,modèle par défaut,63
NewYork_MATERIEL_INFO_202608043,PC portable,Moyenne 17pouces,365
Paris_MATERIEL_INFO_202608040,souris,modèle par défaut,5
Paris_MATERIEL_INFO_202608041,Ecran,modèle par défaut,430
Paris_MATERIEL_INFO_202608042,,modèle par défaut,350
Shanghai_MATERIEL_INFO_202608040,PC portable,MacBook pro 15/16pouces,330
Shanghai_MATERIEL_INFO_202608041,,modèle par défaut,350
Shanghai_MATERIEL_INFO_202608042,,modèle par défaut,350
Shanghai_MATERIEL_INFO_202608043,PC fixe sans ecran,Optiplex tower,260
Shanghai_MATERIEL_INFO_202608044,Tablette,modèle par défaut,150
Shanghai_MATERIEL_INFO_202608045,imprimante,modèle par défaut,500
Shanghai_MATERIEL_INFO_202608046,PC fixe tout-en-un,Mac pro,900
Shanghai_MATERIEL_INFO_202608047,PC portable,ZBook,303
Shanghai_MATERIEL_INFO_202608048,Borne wifi,modèle par défaut,10
Shanghai_MATERIEL_INFO_202608049,Station d'accueil,modèle par défaut,26
BERLIN_MATERIEL_INFO_202608050,PC fixe sans ecran,modèle par défaut,350
LONDON_MATERIEL_INFO_202608050,Smartphone,modèle par défaut,63
LONDON_MATERIEL_INFO_202608051,,modèle par défaut,350
LONDON_MATERIEL_INFO_202608052,PC fixe sans ecran,"Elite (Tower, SFF, One)",393
LONDON_MATERIEL_INFO_202608053,PC portable,OMEN,290
LONDON_MATERIEL_INFO_202608054,PC portable,,260
LONDON_MATERIEL_INFO_202608055,PC portable,Moyenne 14/15pouces,294
LONDON_MATERIEL_INFO_202608056,PC portable,Moyenne 14/15pouces,294
LONDON_MATERIEL_INFO_202608057,PC fixe sans ecran,Optiplex tower,260
LONDON_MATERIEL_INFO_202608058,Ecran,32pouces et plus,590
LONDON_MATERIEL_INFO_202608059,,Modèle par défaut,350
LA_MATERIEL_INFO_202608050,PC portable,EliteBook 8xx,290
LA_MATERIEL_INFO_202608051,Vidéo projecteur,Pour salle,150
LA_MATERIEL_INFO_202608052,PC portable,MacBook pro 15/16pouces,330
LA_MATERIEL_INFO_202608053,PC portable,,260
LA_MATERIEL_INFO_202608054,PC portable,Chromebook 14-15pouces,170
LA_MATERIEL_INFO_202608055,PC fixe sans ecran,Rasberry pi 4,15
LA_MATERIEL_INFO_202608056,PC portable,,260
LA_MATERIEL_INFO_202608057,,iMac pro,700
LA_MATERIEL_INFO_202608058,PC portable,MacBook air,250
LA_MATERIEL_INFO_202608059,PC portable,Victus,267
LA_MATERIEL_INFO_2026080510,Borne wifi,modèle par défaut,10
LA_MATERIEL_INFO_2026080511,PC fixe sans ecran,,350
NewYork_MATERIEL_INFO_202608050,,jusqu'à 23pouces,350
NewYork_MATERIEL_INFO_202608051,PC portable,,260
NewYork_MATERIEL_INFO_202608052,Ecran,jusqu'à 23pouces,350
NewYork_MATERIEL_INFO_202608053,PC fixe sans ecran,OMEN,290
NewYork_MATERIEL_INFO_202608054,Borne wifi,modèle par défaut,10
NewYork_MATERIEL_INFO_202608055,souris,modèle par défaut,5
NewYork_MATERIEL_INFO_202608056,Disque dur,modèle par défaut,10
NewYork_MATERIEL_INFO_202608057,PC fixe sans ecran,,350
NewYork_MATERIEL_INFO_202608058,,Moyenne 17pouces,365
NewYork_MATERIEL_INFO_202608059,imprimante,Laser A3 (40-99kg),960
NewYork_MATERIEL_INFO_2026080510,,Optiplex small,240
NewYork_MATERIEL_INFO_2026080511,PC portable,OMEN,290
NewYork_MATERIEL_INFO_2026080512,PC fixe sans ecran,"EliteDesk (Tower, SFF, One)",393
Paris_MATERIEL_INFO_202608050,clavier,modèle par défaut,24
Paris_MATERIEL_INFO_202608051,,Moyenne 17pouces,365
Paris_MATERIEL_INFO_202608052,,Mac mini,270
Paris_MATERIEL_INFO_202608053,,MacBook pro 13pouces,256
Paris_MATERIEL_INFO_202608054,PC fixe sans ecran,Rasberry pi 4,15
Shanghai_MATERIEL_INFO_202608050,PC portable,Victus,267
Shanghai_MATERIEL_INFO_202608051,PC portable,EliteBook 10xx,223
Shanghai_MATERIEL_INFO_202608052,PC fixe sans ecran,,350
Shanghai_MATERIEL_INFO_202608053,PC portable,ProBook,226
Shanghai_MATERIEL_INFO_202608054,Ecran,,430
Shanghai_MATERIEL_INFO_202608055,PC portable,Moyenne 14/15pouces,294
BERLIN_MATERIEL_INFO_202608060,PC portable,Latitude 3xxx,220
BERLIN_MATERIEL_INFO_202608061,,modèle par défaut,350
LONDON_MATERIEL_INFO_202608060,imprimante,Laser A3 (40-99kg),960
LONDON_MATERIEL_INFO_202608061,PC fixe sans ecran,ProDesk mini/DM,100
LA_MATERIEL_INFO_202608060,PC fixe tout-en-un,Optiplex All-in-One 7xxx,382
NewYork_MATERIEL_INFO_202608060,imprimante,Laser à poser (<40kg),430
NewYork_MATERIEL_INFO_202608061,Borne wifi,,10
NewYork_MATERIEL_INFO_202608062,PC fixe sans ecran,ZHAN,264
NewYork_MATERIEL_INFO_202608063,PC fixe tout-en-un,iMac 21pouces retina,300
NewYork_MATERIEL_INFO_202608064,PC fixe sans ecran,OMEN,290
NewYork_MATERIEL_INFO_202608065,Tablette,,150
NewYork_MATERIEL_INFO_202608066,PC portable,Victus,267
NewYork_MATERIEL_INFO_202608067,Telephone IP,modèle par défaut,17
NewYork_MATERIEL_INFO_202608068,,MacBook air,250
NewYork_MATERIEL_INFO_202608069,PC portable,Latitude 3xxx,220
NewYork_MATERIEL_INFO_2026080610,souris,modèle par défaut,5
NewYork_MATERIEL_INFO_2026080611,,Mac pro,900
Paris_MATERIEL_INFO_202608060,,OMEN,290
Paris_MATERIEL_INFO_202608061,,Optiplex All-in-One 5xxx,318
Paris_MATERIEL_INFO_202608062,Ecran,jusqu'à 23pouces,350
Paris_MATERIEL_INFO_202608063,,Mac pro,900
Paris_MATERIEL_INFO_202608064,,EliteDesk DM,230
Paris_MATERIEL_INFO_202608065,souris,modèle par défaut,5
Paris_MATERIEL_INFO_202608066,PC fixe sans ecran,Precision tower 3xxx,285
Paris_MATERIEL_INFO_202608067,,MacBook air retina,176
Paris_MATERIEL_INFO_202608068,,Wyse thin client,69
Shanghai_MATERIEL_INFO_202608060,,ProDesk mini/DM,100
Shanghai_MATERIEL_INFO_202608061,PC fixe sans ecran,Optiplex tower,260
Shanghai_MATERIEL_INFO_202608062,Serveur,Serveur de stockage,2500
Shanghai_MATERIEL_INFO_202608063,PC fixe tout-en-un,Optiplex All-in-One 5xxx,318
BERLIN_MATERIEL_INFO_202608070,PC portable,,260
BERLIN_MATERIEL_INFO_202608071,PC fixe tout-en-un,Optiplex All-in-One 3xxx,241
BERLIN_MATERIEL_INFO_202608072,PC portable,Precision 5xxx,280
BERLIN_MATERIEL_INFO_202608073,PC portable,EliteBook 6xx,175
BERLIN_MATERIEL_INFO_202608074,PC fixe tout-en-un,Optiplex All-in-One 7xxx,382
BERLIN_MATERIEL_INFO_202608075,,iMac 21pouces retina,300
LONDON_MATERIEL_INFO_202608070,PC fixe sans ecran,"EliteDesk (Tower, SFF, One)",393
LONDON_MATERIEL_INFO_202608071,Ecran,,430
LONDON_MATERIEL_INFO_202608072,Serveur,Serveur de stockage,2500
LONDON_MATERIEL_INFO_202608073,PC portable,MacBook air,250
LONDON_MATERIEL_INFO_202608074,PC fixe sans ecran,EliteDesk DM,230
LONDON_MATERIEL_INFO_202608075,PC fixe tout-en-un,iMac pro,700
LA_MATERIEL_INFO_202608070,imprimante,Laser A3 (40-99kg),960
LA_MATERIEL_INFO_202608071,PC fixe sans ecran,Z,409
LA_MATERIEL_INFO_202608072,PC portable,MacBook pro 15/16pouces,330
LA_MATERIEL_INFO_202608073,PC portable,EliteBook 10xx,223
LA_MATERIEL_INFO_202608074,Smartphone,modèle par défaut,63
LA_MATERIEL_INFO_202608075,PC portable,EliteBook 6xx,175
LA_MATERIEL_INFO_202608076,PC portable,ZBook,303
LA_MATERIEL_INFO_202608077,PC fixe sans ecran,,350
LA_MATERIEL_INFO_202608078,,24pouces-31pouces,430
LA_MATERIEL_INFO_202608079,Borne wifi,modèle par défaut,10
LA_MATERIEL_INFO_2026080710,Serveur,Noeud de calcul,1300
NewYork_MATERIEL_INFO_202608070,PC fixe tout-en-un,iMac 27pouces retina,450
NewYork_MATERIEL_INFO_202608071,PC fixe sans ecran,Mac mini,270
Paris_MATERIEL_INFO_202608070,,Moyenne 17pouces,365
Paris_MATERIEL_INFO_202608071,PC fixe sans ecran,"EliteDesk (Tower, SFF, One)",393
Paris_MATERIEL_INFO_202608072,PC portable,ZBook Studio,379
Paris_MATERIEL_INFO_202608073,,modèle par défaut,350
Paris_MATERIEL_INFO_202608074,,Latitude 3xxx,220
Paris_MATERIEL_INFO_202608075,Vidéo projecteur,Pour amphi,200
Paris_MATERIEL_INFO_202608076,imprimante,,500
Paris_MATERIEL_INFO_202608077,Serveur,Modèle par défaut,1300
Paris_MATERIEL_INFO_202608078,PC fixe tout-en-un,Optiplex All-in-One 7xxx,382
Paris_MATERIEL_INFO_202608079,PC fixe tout-en-un,Optiplex All-in-One 3xxx,241
Paris_MATERIEL_INFO_2026080710,Vidéo projecteur,Transportable,94
Shanghai_MATERIEL_INFO_202608070,PC portable,MacBook air retina,176
Shanghai_MATERIEL_INFO_202608071,PC portable,Precision 3xxx,266
Shanghai_MATERIEL_INFO_202608072,,Precision 5xxx,280
Shanghai_MATERIEL_INFO_202608073,,Optiplex tower,260
Shanghai_MATERIEL_INFO_202608074,,Precision tower 3xxx,285
Shanghai_MATERIEL_INFO_202608075,imprimante,Laser A3 (40-99kg),960
Shanghai_MATERIEL_INFO_202608076,Telephone IP,modèle par défaut,17
Shanghai_MATERIEL_INFO_202608077,Vidéo projecteur,Pour salle,150
Shanghai_MATERIEL_INFO_202608078,PC fixe sans ecran,Elite mini,137
BERLIN_MATERIEL_INFO_202608080,Serveur,Serveur de stockage,2500
BERLIN_MATERIEL_INFO_202608081,PC portable,EliteBook 10xx,223
BERLIN_MATERIEL_INFO_202608082,PC fixe sans ecran,ProDesk mini/DM,100
BERLIN_MATERIEL_INFO_202608083,,Laser A3 (40-99kg),960
BERLIN_MATERIEL_INFO_202608084,,modèle par défaut,350
LONDON_MATERIEL_INFO_202608080,PC fixe sans ecran,EliteDesk DM,230
LONDON_MATERIEL_INFO_202608081,PC fixe sans ecran,"Prodesk (Tower, SFF)",322
LONDON_MATERIEL_INFO_202608082,,Precision 7xxx,304
LONDON_MATERIEL_INFO_202608083,PC fixe sans ecran,Optiplex small,240
LONDON_MATERIEL_INFO_202608084,,Optiplex All-in-One 5xxx,318
LONDON_MATERIEL_INFO_202608085,,"Elite (Tower, SFF, One)",393
LONDON_MATERIEL_INFO_202608086,PC portable,,260
LONDON_MATERIEL_INFO_202608087,,Precision tower 7xxx,555
LONDON_MATERIEL_INFO_202608088,,ProBook,226
LONDON_MATERIEL_INFO_202608089,PC portable,OMEN,290
LONDON_MATERIEL_INFO_2026080810,,Pour salle,150
LA_MATERIEL_INFO_202608080,,modèle par défaut,350
LA_MATERIEL_INFO_202608081,PC fixe sans ecran,modèle par défaut,350
LA_MATERIEL_INFO_202608082,PC fixe sans ecran,,350
LA_MATERIEL_INFO_202608083,Vidéo projecteur,Transportable,94
LA_MATERIEL_INFO_202608084,PC fixe tout-en-un,Mac pro,900
LA_MATERIEL_INFO_202608085,,32pouces et plus,590
LA_MATERIEL_INFO_202608086,PC portable,OMEN,290
LA_MATERIEL_INFO_202608087,PC fixe sans ecran,Wyse thin client,69
LA_MATERIEL_INFO_202608088,imprimante,modèle par défaut,500
LA_MATERIEL_INFO_202608089,PC portable,Chromebook 14-15pouces,170
LA_MATERIEL_INFO_2026080810,PC portable,Precision 3xxx,266
NewYork_MATERIEL_INFO_202608080,Ecran,24pouces-31pouces,430
NewYork_MATERIEL_INFO_202608081,,modèle par défaut,350
NewYork_MATERIEL_INFO_202608082,PC portable,Moyenne 14/15pouces,294
NewYork_MATERIEL_INFO_202608083,PC portable,MacBook pro 13pouces,256
NewYork_MATERIEL_INFO_202608084,PC portable,,260
NewYork_MATERIEL_INFO_202608085,PC fixe tout-en-un,Optiplex All-in-One 7xxx,382
Paris_MATERIEL_INFO_202608080,PC fixe sans ecran,ZHAN,264
Paris_MATERIEL_INFO_202608081,PC fixe sans ecran,"Elite (Tower, SFF, One)",393
Paris_MATERIEL_INFO_202608082,Serveur,Modèle par défaut,1300
Paris_MATERIEL_INFO_202608083,Vidéo projecteur,Transportable,94
Shanghai_MATERIEL_INFO_202608080,,Moyenne 14/15pouces,294
Shanghai_MATERIEL_INFO_202608081,imprimante,Laser A3 (>100kg),1800
Shanghai_MATERIEL_INFO_202608082,PC portable,ZBook Studio,379
Shanghai_MATERIEL_INFO_202608083,Ecran,32pouces et plus,590
Shanghai_MATERIEL_INFO_202608084,,EliteBook 8xx,290
Shanghai_MATERIEL_INFO_202608085,Vidéo projecteur,Transportable,94
Shanghai_MATERIEL_INFO_202608086,Vidéo projecteur,Pour salle,150
BERLIN_MATERIEL_INFO_202608090,Tablette,modèle par défaut,150
LONDON_MATERIEL_INFO_202608090,PC fixe sans ecran,"Prodesk (Tower, SFF)",322
LONDON_MATERIEL_INFO_202608091,PC fixe tout-en-un,Optiplex All-in-One 7xxx,382
LONDON_MATERIEL_INFO_202608092,PC portable,OMEN,290
LONDON_MATERIEL_INFO_202608093,,modèle par défaut,350
LONDON_MATERIEL_INFO_202608094,PC portable,OMEN,290
LONDON_MATERIEL_INFO_202608095,PC fixe tout-en-un,,352
LONDON_MATERIEL_INFO_202608096,PC fixe sans ecran,"Prodesk (Tower, SFF)",322
LA_MATERIEL_INFO_202608090,,EliteBook 10xx,223
LA_MATERIEL_INFO_202608091,,iMac 21pouces,290
LA_MATERIEL_INFO_202608092,,Precision tower 5xxx,440
LA_MATERIEL_INFO_202608093,PC portable,ZBook Studio,379
LA_MATERIEL_INFO_202608094,PC portable,MacBook air retina,176
LA_MATERIEL_INFO_202608095,imprimante,Laser à poser (<40kg),430
LA_MATERIEL_INFO_202608096,,Transportable,94
LA_MATERIEL_INFO_202608097,Telephone IP,modèle par défaut,17
NewYork_MATERIEL_INFO_202608090,imprimante,Laser à poser (<40kg),430
NewYork_MATERIEL_INFO_202608091,PC portable,Moyenne 13pouces,250
NewYork_MATERIEL_INFO_202608092,,Precision 3xxx,266
NewYork_MATERIEL_INFO_202608093,PC fixe sans ecran,,350
NewYork_MATERIEL_INFO_202608094,PC fixe sans ecran,Precision tower 3xxx,285
NewYork_MATERIEL_INFO_202608095,PC portable,EliteBook 10xx,223
NewYork_MATERIEL_INFO_202608096,PC fixe sans ecran,EliteDesk DM,230
NewYork_MATERIEL_INFO_202608097,PC fixe sans ecran,Optiplex small,240
NewYork_MATERIEL_INFO_202608098,PC fixe sans ecran,Z,409
NewYork_MATERIEL_INFO_202608099,Tablette,modèle par défaut,150
NewYork_MATERIEL_INFO_2026080910,PC portable,Moyenne 14/15pouces,294
NewYork_MATERIEL_INFO_2026080911,imprimante,Laser à poser (<40kg),430
NewYork_MATERIEL_INFO_2026080912,PC fixe tout-en-un,,352
Paris_MATERIEL_INFO_202608090,souris,modèle par défaut,5
Paris_MATERIEL_INFO_202608091,Vidéo projecteur,Pour amphi,200
Paris_MATERIEL_INFO_202608092,PC portable,Latitude 5xxx,300
Paris_MATERIEL_INFO_202608093,PC portable,EliteBook 8xx,290
Paris_MATERIEL_INFO_202608094,Station d'accueil,modèle par défaut,26
Paris_MATERIEL_INFO_202608095,Tablette,modèle par défaut,150
Paris_MATERIEL_INFO_202608096,Smartphone,modèle par défaut,63
Paris_MATERIEL_INFO_202608097,PC portable,ZBook Studio,379
Paris_MATERIEL_INFO_202608098,,modèle par défaut,350
Paris_MATERIEL_INFO_202608099,PC fixe tout-en-un,Optiplex All-in-One 3xxx,241
Paris_MATERIEL_INFO_2026080910,imprimante,Laser à poser (<40kg),430
Paris_MATERIEL_INFO_2026080911,,Pour amphi,200
Paris_MATERIEL_INFO_2026080912,PC fixe tout-en-un,Optiplex All-in-One 3xxx,241
Shanghai_MATERIEL_INFO_202608090,clavier,modèle par défaut,24
Shanghai_MATERIEL_INFO_202608091,PC fixe tout-en-un,iMac 27pouces retina,450
Shanghai_MATERIEL_INFO_202608092,PC portable,MacBook pro 13pouces,256
Shanghai_MATERIEL_INFO_202608093,PC fixe tout-en-un,iMac 21pouces retina,300
Shanghai_MATERIEL_INFO_202608094,,ProBook,226
Shanghai_MATERIEL_INFO_202608095,Disque dur,modèle par défaut,10
Shanghai_MATERIEL_INFO_202608096,clavier,modèle par défaut,24
Shanghai_MATERIEL_INFO_202608097,PC fixe sans ecran,,350
Shanghai_MATERIEL_INFO_202608098,,modèle par défaut,350
Shanghai_MATERIEL_INFO_202608099,clavier,,24
Shanghai_MATERIEL_INFO_2026080910,PC portable,Latitude 5xxx,300
Shanghai_MATERIEL_INFO_2026080911,PC portable,Chromebook 14-15pouces,170
Shanghai_MATERIEL_INFO_2026080912,PC portable,Moyenne 14/15pouces,294
BERLIN_MATERIEL_INFO_202608100,PC fixe tout-en-un,iMac 21pouces retina,300
BERLIN_MATERIEL_INFO_202608101,,iMac pro,700
BERLIN_MATERIEL_INFO_202608102,,MacBook pro 15/16pouces,330
LONDON_MATERIEL_INFO_202608100,PC portable,EliteBook 6xx,175
LONDON_MATERIEL_INFO_202608101,PC fixe sans ecran,EliteDesk DM,230
LONDON_MATERIEL_INFO_202608102,,Wyse thin client,69
LONDON_MATERIEL_INFO_202608103,PC portable,MacBook pro 13pouces,256
LONDON_MATERIEL_INFO_202608104,PC portable,Chromebook 11-13pouces,175
LONDON_MATERIEL_INFO_202608105,PC fixe sans ecran,ZHAN,264
LONDON_MATERIEL_INFO_202608106,PC portable,MacBook air retina,176
LONDON_MATERIEL_INFO_202608107,PC fixe tout-en-un,Optiplex All-in-One 7xxx,382
LONDON_MATERIEL_INFO_202608108,PC portable,MacBook air pre-retina,310
LONDON_MATERIEL_INFO_202608109,PC portable,EliteBook 8xx,290
LA_MATERIEL_INFO_202608100,,Optiplex tower,260
LA_MATERIEL_INFO_202608101,,Precision tower 7xxx,555
LA_MATERIEL_INFO_202608102,PC portable,EliteBook 8xx,290
LA_MATERIEL_INFO_202608103,imprimante,Laser A3 (40-99kg),960
LA_MATERIEL_INFO_202608104,PC fixe tout-en-un,Optiplex All-in-One 3xxx,241
LA_MATERIEL_INFO_202608105,PC fixe sans ecran,Precision tower 7xxx,555
LA_MATERIEL_INFO_202608106,,Precision 3xxx,266
LA_MATERIEL_INFO_202608107,clavier,,24
LA_MATERIEL_INFO_202608108,Serveur,Modèle par défaut,1300
LA_MATERIEL_INFO_202608109,PC portable,OMEN,290
LA_MATERIEL_INFO_2026081010,PC portable,ProBook,226
LA_MATERIEL_INFO_2026081011,PC portable,OMEN,290
LA_MATERIEL_INFO_2026081012,PC fixe sans ecran,Mac pro,900
LA_MATERIEL_INFO_2026081013,,Pour amphi,200
NewYork_MATERIEL_INFO_202608100,PC portable,Chromebook 14-15pouces,170
NewYork_MATERIEL_INFO_202608101,,"Elite (Tower, SFF, One)",393
NewYork_MATERIEL_INFO_202608102,,Precision 3xxx,266
NewYork_MATERIEL_INFO_202608103,PC fixe sans ecran,Elite mini,137
NewYork_MATERIEL_INFO_202608104,Serveur,Modèle par défaut,1300
NewYork_MATERIEL_INFO_202608105,,MacBook air retina,176
NewYork_MATERIEL_INFO_202608106,,Mac pro,900
NewYork_MATERIEL_INFO_202608107,PC fixe tout-en-un,iMac 21pouces retina,300
NewYork_MATERIEL_INFO_202608108,,modèle par défaut,350
NewYork_MATERIEL_INFO_202608109,imprimante,Laser A3 (40-99kg),960
NewYork_MATERIEL_INFO_2026081010,PC fixe sans ecran,ProDesk mini/DM,100
NewYork_MATERIEL_INFO_2026081011,PC fixe sans ecran,,350
NewYork_MATERIEL_INFO_2026081012,PC fixe sans ecran,"Elite (Tower, SFF, One)",393
Paris_MATERIEL_INFO_202608100,PC fixe sans ecran,modèle par défaut,350
Paris_MATERIEL_INFO_202608101,PC fixe sans ecran,"Elite (Tower, SFF, One)",393
Paris_MATERIEL_INFO_202608102,,Wyse thin client,69
Paris_MATERIEL_INFO_202608103,Serveur,Noeud de calcul,1300
Paris_MATERIEL_INFO_202608104,PC portable,OMEN,290
Paris_MATERIEL_INFO_202608105,Vidéo projecteur,Pour amphi,200
Shanghai_MATERIEL_INFO_202608100,Ecran,32pouces et plus,590
Shanghai_MATERIEL_INFO_202608101,PC fixe sans ecran,"EliteDesk (Tower, SFF, One)",393
Shanghai_MATERIEL_INFO_202608102,Tablette,modèle par défaut,150
Shanghai_MATERIEL_INFO_202608103,PC fixe tout-en-un,iMac 21pouces retina,300
Shanghai_MATERIEL_INFO_202608104,PC portable,EliteBook 10xx,223
Shanghai_MATERIEL_INFO_202608105,PC fixe sans ecran,,350
Shanghai_MATERIEL_INFO_202608106,PC fixe sans ecran,Optiplex small,240
Shanghai_MATERIEL_INFO_202608107,,Rasberry pi 4,15
Shanghai_MATERIEL_INFO_202608108,PC portable,,260
BERLIN_MATERIEL_INFO_202608110,Disque dur,modèle par défaut,10
BERLIN_MATERIEL_INFO_202608111,,modèle par défaut,350
BERLIN_MATERIEL_INFO_202608112,,modèle par défaut,350
BERLIN_MATERIEL_INFO_202608113,souris,,5
BERLIN_MATERIEL_INFO_202608114,PC fixe sans ecran,Elite mini,137
LONDON_MATERIEL_INFO_202608110,,iMac 27pouces retina,450
LONDON_MATERIEL_INFO_202608111,Vidéo projecteur,Pour salle,150
LONDON_MATERIEL_INFO_202608112,clavier,modèle par défaut,24
LONDON_MATERIEL_INFO_202608113,PC portable,EliteBook 8xx,290
LONDON_MATERIEL_INFO_202608114,,MacBook air pre-retina,310
LONDON_MATERIEL_INFO_202608115,PC fixe sans ecran,EliteDesk DM,230
LONDON_MATERIEL_INFO_202608116,,iMac pro,700
LONDON_MATERIEL_INFO_202608117,PC portable,ProBook,226
LA_MATERIEL_INFO_202608110,PC fixe sans ecran,"EliteDesk (Tower, SFF, One)",393
LA_MATERIEL_INFO_202608111,PC fixe sans ecran,,350
LA_MATERIEL_INFO_202608112,PC portable,ZBook Studio,379
LA_MATERIEL_INFO_202608113,PC portable,EliteBook 8xx,290
LA_MATERIEL_INFO_202608114,Vidéo projecteur,Transportable,94
LA_MATERIEL_INFO_202608115,PC fixe sans ecran,,350
LA_MATERIEL_INFO_202608116,PC portable,MacBook air,250
LA_MATERIEL_INFO_202608117,PC portable,Latitude 7xxx,264
NewYork_MATERIEL_INFO_202608110,,Noeud de calcul,1300
NewYork_MATERIEL_INFO_202608111,PC portable,MacBook pro 13pouces,256
Paris_MATERIEL_INFO_202608110,PC portable,Moyenne 17pouces,365
Paris_MATERIEL_INFO_202608111,Ecran,24pouces-31pouces,430
Paris_MATERIEL_INFO_202608112,PC fixe sans ecran,Precision tower 5xxx,440
Paris_MATERIEL_INFO_202608113,,ZHAN,264
Paris_MATERIEL_INFO_202608114,PC portable,,260
Paris_MATERIEL_INFO_202608115,,EliteBook 6xx,175
Paris_MATERIEL_INFO_202608116,Disque dur,modèle par défaut,10
Shanghai_MATERIEL_INFO_202608110,Ecran,jusqu'à 23pouces,350
Shanghai_MATERIEL_INFO_202608111,Ecran,modèle par défaut,430
Shanghai_MATERIEL_INFO_202608112,PC fixe tout-en-un,iMac pro,700
Shanghai_MATERIEL_INFO_202608113,PC fixe sans ecran,Z,409
Shanghai_MATERIEL_INFO_202608114,PC portable,Moyenne 13pouces,250
BERLIN_MATERIEL_INFO_202608120,Vidéo projecteur,Pour salle,150
BERLIN_MATERIEL_INFO_202608121,PC portable,,260
BERLIN_MATERIEL_INFO_202608122,Ecran,24pouces-31pouces,430
BERLIN_MATERIEL_INFO_202608123,,Rasberry pi 4,15
LONDON_MATERIEL_INFO_202608120,Vidéo projecteur,Transportable,94
LONDON_MATERIEL_INFO_202608121,,Modèle par défaut,350
LONDON_MATERIEL_INFO_202608122,PC fixe sans ecran,Elite mini,137
LA_MATERIEL_INFO_202608120,,modèle par défaut,350
LA_MATERIEL_INFO_202608121,Ecran,jusqu'à 23pouces,350
LA_MATERIEL_INFO_202608122,PC fixe sans ecran,"EliteDesk (Tower, SFF, One)",393
NewYork_MATERIEL_INFO_202608120,PC fixe sans ecran,Precision tower 7xxx,555
NewYork_MATERIEL_INFO_202608121,PC portable,ProBook,226
NewYork_MATERIEL_INFO_202608122,,Optiplex All-in-One 5xxx,318
NewYork_MATERIEL_INFO_202608123,PC fixe sans ecran,ZHAN,264
NewYork_MATERIEL_INFO_202608124,,EliteBook 10xx,223
NewYork_MATERIEL_INFO_202608125,PC portable,Moyenne 17pouces,365
NewYork_MATERIEL_INFO_202608126,PC portable,Chromebook 11-13pouces,175
NewYork_MATERIEL_INFO_202608127,PC portable,modèle par défaut,260
Paris_MATERIEL_INFO_202608120,PC fixe sans ecran,Station de travail (moy),600
Paris_MATERIEL_INFO_202608121,PC portable,OMEN,290
Paris_MATERIEL_INFO_202608122,,32pouces et plus,590
Paris_MATERIEL_INFO_202608123,imprimante,Laser A3 (>100kg),1800
Paris_MATERIEL_INFO_202608124,PC fixe tout-en-un,Optiplex All-in-One 5xxx,318
Paris_MATERIEL_INFO_202608125,PC fixe sans ecran,EliteDesk DM,230
Paris_MATERIEL_INFO_202608126,PC fixe tout-en-un,Optiplex All-in-One 3xxx,241
Paris_MATERIEL_INFO_202608127,PC fixe sans ecran,Precision tower 7xxx,555
Paris_MATERIEL_INFO_202608128,PC portable,EliteBook 8xx,290
Paris_MATERIEL_INFO_202608129,PC portable,,260
Paris_MATERIEL_INFO_2026081210,Borne wifi,modèle par défaut,10
Paris_MATERIEL_INFO_2026081211,PC fixe sans ecran,,350
Paris_MATERIEL_INFO_2026081212,Serveur,Modèle par défaut,1300
Shanghai_MATERIEL_INFO_202608120,Borne wifi,modèle par défaut,10
Shanghai_MATERIEL_INFO_202608121,,Elite mini,137
Shanghai_MATERIEL_INFO_202608122,,Pour amphi,200
Shanghai_MATERIEL_INFO_202608123,PC fixe sans ecran,Precision tower 3xxx,285
BERLIN_MATERIEL_INFO_202608130,PC fixe sans ecran,Optiplex tower,260
LONDON_MATERIEL_INFO_202608130,PC fixe sans ecran,"EliteDesk (Tower, SFF, One)",393
LONDON_MATERIEL_INFO_202608131,PC portable,MacBook air retina,176
LONDON_MATERIEL_INFO_202608132,PC portable,modèle par défaut,260
LONDON_MATERIEL_INFO_202608133,PC fixe sans ecran,Precision tower 5xxx,440
LONDON_MATERIEL_INFO_202608134,PC portable,modèle par défaut,260
LONDON_MATERIEL_INFO_202608135,,Precision 7xxx,304
LONDON_MATERIEL_INFO_202608136,PC fixe sans ecran,Mac mini,270
LONDON_MATERIEL_INFO_202608137,PC portable,Victus,267
LONDON_MATERIEL_INFO_202608138,PC fixe sans ecran,ProDesk mini/DM,100
LA_MATERIEL_INFO_202608130,PC portable,Moyenne 14/15pouces,294
LA_MATERIEL_INFO_202608131,PC portable,,260
LA_MATERIEL_INFO_202608132,,iMac 21pouces retina,300
LA_MATERIEL_INFO_202608133,Vidéo projecteur,Transportable,94
LA_MATERIEL_INFO_202608134,imprimante,Laser à poser (<40kg),430
LA_MATERIEL_INFO_202608135,PC fixe sans ecran,,350
LA_MATERIEL_INFO_202608136,Serveur,Serveur de stockage,2500
LA_MATERIEL_INFO_202608137,,Chromebook 11-13pouces,175
LA_MATERIEL_INFO_202608138,,Modèle par défaut,350
LA_MATERIEL_INFO_202608139,Disque dur,modèle par défaut,10
NewYork_MATERIEL_INFO_202608130,PC fixe sans ecran,Z,409
NewYork_MATERIEL_INFO_202608131,PC portable,MacBook air,250
NewYork_MATERIEL_INFO_202608132,PC fixe sans ecran,,350
NewYork_MATERIEL_INFO_202608133,PC fixe sans ecran,Z,409
NewYork_MATERIEL_INFO_202608134,PC fixe sans ecran,Optiplex small,240
NewYork_MATERIEL_INFO_202608135,Vidéo projecteur,Pour salle,150
Paris_MATERIEL_INFO_202608130,PC portable,,260
Paris_MATERIEL_INFO_202608131,Disque dur,modèle par défaut,10
Paris_MATERIEL_INFO_202608132,PC fixe sans ecran,ZHAN,264
Paris_MATERIEL_INFO_202608133,PC fixe sans ecran,Optiplex micro,174
Paris_MATERIEL_INFO_202608134,PC fixe tout-en-un,iMac 27pouces retina,450
Paris_MATERIEL_INFO_202608135,,Optiplex All-in-One 7xxx,382
Paris_MATERIEL_INFO_202608136,PC fixe tout-en-un,modèle par défaut,352
Paris_MATERIEL_INFO_202608137,,"EliteDesk (Tower, SFF, One)",393
Paris_MATERIEL_INFO_202608138,,"Prodesk (Tower, SFF)",322
Shanghai_MATERIEL_INFO_202608130,PC portable,Chromebook 14-15pouces,170
Shanghai_MATERIEL_INFO_202608131,PC portable,Chromebook 14-15pouces,170
Shanghai_MATERIEL_INFO_202608132,Ecran,32pouces et plus,590
Shanghai_MATERIEL_INFO_202608133,Vidéo projecteur,Pour salle,150
Shanghai_MATERIEL_INFO_202608134,PC portable,Precision 7xxx,304
Shanghai_MATERIEL_INFO_202608135,PC portable,Chromebook 14-15pouces,170
BERLIN_MATERIEL_INFO_202608140,Serveur,Serveur de stockage,2500
LONDON_MATERIEL_INFO_202608140,PC fixe sans ecran,,350
LONDON_MATERIEL_INFO_202608141,PC fixe sans ecran,Optiplex tower,260
LONDON_MATERIEL_INFO_202608142,Borne wifi,modèle par défaut,10
LONDON_MATERIEL_INFO_202608143,Borne wifi,modèle par défaut,10
LONDON_MATERIEL_INFO_202608144,Ecran,32pouces et plus,590
LA_MATERIEL_INFO_202608140,Vidéo projecteur,Transportable,94
LA_MATERIEL_INFO_202608141,Vidéo projecteur,Pour amphi,200
LA_MATERIEL_INFO_202608142,PC fixe sans ecran,Optiplex small,240
LA_MATERIEL_INFO_202608143,Tablette,modèle par défaut,150
LA_MATERIEL_INFO_202608144,Vidéo projecteur,Transportable,94
LA_MATERIEL_INFO_202608145,PC fixe sans ecran,Precision tower 7xxx,555
LA_MATERIEL_INFO_202608146,Vidéo projecteur,Pour amphi,200
LA_MATERIEL_INFO_202608147,PC portable,Moyenne 14/15pouces,294
LA_MATERIEL_INFO_202608148,PC portable,,260
LA_MATERIEL_INFO_202608149,PC portable,EliteBook 10xx,223
LA_MATERIEL_INFO_2026081410,Vidéo projecteur,Transportable,94
LA_MATERIEL_INFO_2026081411,Serveur,Noeud de calcul,1300
NewYork_MATERIEL_INFO_202608140,imprimante,modèle par défaut,500
NewYork_MATERIEL_INFO_202608141,PC fixe sans ecran,Optiplex small,240
NewYork_MATERIEL_INFO_202608142,PC portable,Chromebook 11-13pouces,175
NewYork_MATERIEL_INFO_202608143,PC fixe sans ecran,Optiplex micro,174
NewYork_MATERIEL_INFO_202608144,PC fixe sans ecran,Station de travail (moy),600
NewYork_MATERIEL_INFO_202608145,PC fixe tout-en-un,modèle par défaut,352
NewYork_MATERIEL_INFO_202608146,PC portable,Moyenne 13pouces,250
NewYork_MATERIEL_INFO_202608147,,Noeud de calcul,1300
NewYork_MATERIEL_INFO_202608148,Vidéo projecteur,modèle par défaut,94
NewYork_MATERIEL_INFO_202608149,PC fixe sans ecran,Optiplex tower,260
Paris_MATERIEL_INFO_202608140,PC fixe sans ecran,"Prodesk (Tower, SFF)",322
Paris_MATERIEL_INFO_202608141,Ecran,jusqu'à 23pouces,350
Paris_MATERIEL_INFO_202608142,,Pour salle,150
Paris_MATERIEL_INFO_202608143,PC portable,,260
Paris_MATERIEL_INFO_202608144,,Moyenne 14/15pouces,294
Paris_MATERIEL_INFO_202608145,PC fixe sans ecran,,350
Paris_MATERIEL_INFO_202608146,,Moyenne 14/15pouces,294
Shanghai_MATERIEL_INFO_202608140,PC portable,,260
Shanghai_MATERIEL_INFO_202608141,,32pouces et plus,590
Shanghai_MATERIEL_INFO_202608142,PC portable,Precision 7xxx,304
Shanghai_MATERIEL_INFO_202608143,Serveur,Modèle par défaut,1300
Shanghai_MATERIEL_INFO_202608144,,Precision 3xxx,266
BERLIN_MATERIEL_INFO_202608150,,Optiplex small,240
BERLIN_MATERIEL_INFO_202608151,PC fixe tout-en-un,Optiplex All-in-One 7xxx,382
LONDON_MATERIEL_INFO_202608150,Ecran,modèle par défaut,430
LA_MATERIEL_INFO_202608150,PC fixe sans ecran,"EliteDesk (Tower, SFF, One)",393
LA_MATERIEL_INFO_202608151,PC portable,Precision 5xxx,280
LA_MATERIEL_INFO_202608152,Ecran,24pouces-31pouces,430
LA_MATERIEL_INFO_202608153,PC fixe sans ecran,,350
LA_MATERIEL_INFO_202608154,PC fixe sans ecran,Optiplex micro,174
LA_MATERIEL_INFO_202608155,,32pouces et plus,590
LA_MATERIEL_INFO_202608156,Ecran,32pouces et plus,590
LA_MATERIEL_INFO_202608157,PC portable,,260
LA_MATERIEL_INFO_202608158,clavier,modèle par défaut,24
LA_MATERIEL_INFO_202608159,PC fixe tout-en-un,iMac pro,700
LA_MATERIEL_INFO_2026081510,,modèle par défaut,350
NewYork_MATERIEL_INFO_202608150,,ProBook,226
NewYork_MATERIEL_INFO_202608151,imprimante,Laser à poser (<40kg),430
NewYork_MATERIEL_INFO_202608152,PC fixe sans ecran,ZHAN,264
NewYork_MATERIEL_INFO_202608153,PC fixe sans ecran,Wyse thin client,69
NewYork_MATERIEL_INFO_202608154,imprimante,modèle par défaut,500
NewYork_MATERIEL_INFO_202608155,PC portable,Precision 7xxx,304
Paris_MATERIEL_INFO_202608150,PC portable,EliteBook 10xx,223
Paris_MATERIEL_INFO_202608151,,Laser à poser (<40kg),430
Paris_MATERIEL_INFO_202608152,PC portable,ZBook,303
Paris_MATERIEL_INFO_202608153,PC portable,modèle par défaut,260
Paris_MATERIEL_INFO_202608154,PC fixe sans ecran,ZHAN,264
Shanghai_MATERIEL_INFO_202608150,Ecran,modèle par défaut,430
Shanghai_MATERIEL_INFO_202608151,PC fixe sans ecran,Z,409
Shanghai_MATERIEL_INFO_202608152,Vidéo projecteur,Pour salle,150
Shanghai_MATERIEL_INFO_202608153,PC portable,Moyenne 17pouces,365
Shanghai_MATERIEL_INFO_202608154,PC portable,ZBook Studio,379
Shanghai_MATERIEL_INFO_202608155,,OMEN,290
Shanghai_MATERIEL_INFO_202608156,PC fixe sans ecran,OMEN,290
BERLIN_MATERIEL_INFO_202608160,Serveur,Modèle par défaut,1300
BERLIN_MATERIEL_INFO_202608161,PC fixe sans ecran,Station de travail (moy),600
BERLIN_MATERIEL_INFO_202608162,PC fixe sans ecran,Wyse thin client,69
BERLIN_MATERIEL_INFO_202608163,,ZBook,303
LONDON_MATERIEL_INFO_202608160,,MacBook air pre-retina,310
LONDON_MATERIEL_INFO_202608161,Ecran,24pouces-31pouces,430
LONDON_MATERIEL_INFO_202608162,Vidéo projecteur,Pour amphi,200
LONDON_MATERIEL_INFO_202608163,Vidéo projecteur,Transportable,94
LONDON_MATERIEL_INFO_202608164,PC fixe sans ecran,Rasberry pi 4,15
LONDON_MATERIEL_INFO_202608165,Ecran,32pouces et plus,590
LONDON_MATERIEL_INFO_202608166,Ecran,modèle par défaut,430
LONDON_MATERIEL_INFO_202608167,PC fixe sans ecran,EliteDesk DM,230
LONDON_MATERIEL_INFO_202608168,PC fixe sans ecran,,350
LONDON_MATERIEL_INFO_202608169,Vidéo projecteur,Pour amphi,200
LONDON_MATERIEL_INFO_2026081610,PC fixe sans ecran,Rasberry pi 4,15
LA_MATERIEL_INFO_202608160,PC fixe tout-en-un,iMac pro,700
LA_MATERIEL_INFO_202608161,,modèle par défaut,350
LA_MATERIEL_INFO_202608162,PC portable,ProBook,226
LA_MATERIEL_INFO_202608163,PC portable,Latitude 5xxx,300
LA_MATERIEL_INFO_202608164,,"Elite (Tower, SFF, One)",393
LA_MATERIEL_INFO_202608165,,Optiplex micro,174
LA_MATERIEL_INFO_202608166,imprimante,Laser à poser (<40kg),430
LA_MATERIEL_INFO_202608167,,24pouces-31pouces,430
NewYork_MATERIEL_INFO_202608160,PC fixe sans ecran,Optiplex tower,260
NewYork_MATERIEL_INFO_202608161,PC fixe sans ecran,Wyse thin client,69
NewYork_MATERIEL_INFO_202608162,Serveur,Serveur de stockage,2500
NewYork_MATERIEL_INFO_202608163,Serveur,Serveur de stockage,2500
NewYork_MATERIEL_INFO_202608164,PC fixe tout-en-un,modèle par défaut,352
NewYork_MATERIEL_INFO_202608165,imprimante,Laser à poser (<40kg),430
Paris_MATERIEL_INFO_202608160,PC portable,Latitude 7xxx,264
Paris_MATERIEL_INFO_202608161,Serveur,Serveur de stockage,2500
Paris_MATERIEL_INFO_202608162,PC portable,MacBook air pre-retina,310
Paris_MATERIEL_INFO_202608163,,modèle par défaut,350
Paris_MATERIEL_INFO_202608164,,Precision tower 5xxx,440
Paris_MATERIEL_INFO_202608165,PC fixe sans ecran,Mac mini,270
Paris_MATERIEL_INFO_202608166,PC portable,Latitude 7xxx,264
Paris_MATERIEL_INFO_202608167,PC portable,ZBook,303
Paris_MATERIEL_INFO_202608168,PC fixe tout-en-un,Mac pro,900
Shanghai_MATERIEL_INFO_202608160,imprimante,Laser A3 (>100kg),1800
Shanghai_MATERIEL_INFO_202608161,,modèle par défaut,350
Shanghai_MATERIEL_INFO_202608162,PC fixe tout-en-un,Optiplex All-in-One 7xxx,382
Shanghai_MATERIEL_INFO_202608163,,iMac 21pouces retina,300
Shanghai_MATERIEL_INFO_202608164,Vidéo projecteur,Pour salle,150
BERLIN_MATERIEL_INFO_202608170,Tablette,modèle par défaut,150
BERLIN_MATERIEL_INFO_202608171,,ZHAN,264
BERLIN_MATERIEL_INFO_202608172,PC fixe sans ecran,,350
BERLIN_MATERIEL_INFO_202608173,,Modèle par défaut,350
BERLIN_MATERIEL_INFO_202608174,PC fixe sans ecran,,350
BERLIN_MATERIEL_INFO_202608175,,modèle par défaut,350
LONDON_MATERIEL_INFO_202608170,Smartphone,modèle par défaut,63
LONDON_MATERIEL_INFO_202608171,PC fixe tout-en-un,iMac 27pouces retina,450
LONDON_MATERIEL_INFO_202608172,Borne wifi,,10
LONDON_MATERIEL_INFO_202608173,PC portable,Chromebook 11-13pouces,175
LONDON_MATERIEL_INFO_202608174,PC fixe tout-en-un,iMac 21pouces,290
LONDON_MATERIEL_INFO_202608175,,MacBook air retina,176
LA_MATERIEL_INFO_202608170,PC fixe sans ecran,,350
LA_MATERIEL_INFO_202608171,PC fixe sans ecran,Optiplex micro,174
LA_MATERIEL_INFO_202608172,PC portable,Moyenne 17pouces,365
LA_MATERIEL_INFO_202608173,,Latitude 7xxx,264
LA_MATERIEL_INFO_202608174,PC fixe sans ecran,ProDesk mini/DM,100
LA_MATERIEL_INFO_202608175,PC fixe sans ecran,Rasberry pi 4,15
LA_MATERIEL_INFO_202608176,PC portable,ProBook,226
LA_MATERIEL_INFO_202608177,PC portable,Latitude 3xxx,220
LA_MATERIEL_INFO_202608178,PC fixe tout-en-un,,352
LA_MATERIEL_INFO_202608179,PC fixe sans ecran,Optiplex tower,260
LA_MATERIEL_INFO_2026081710,PC portable,EliteBook 8xx,290
NewYork_MATERIEL_INFO_202608170,Serveur,Noeud de calcul,1300
NewYork_MATERIEL_INFO_202608171,PC fixe sans ecran,Optiplex micro,174
NewYork_MATERIEL_INFO_202608172,Serveur,Serveur de stockage,2500
NewYork_MATERIEL_INFO_202608173,Serveur,Modèle par défaut,1300
NewYork_MATERIEL_INFO_202608174,PC portable,MacBook pro 15/16pouces,330
NewYork_MATERIEL_INFO_202608175,PC portable,,260
NewYork_MATERIEL_INFO_202608176,,Precision tower 7xxx,555
NewYork_MATERIEL_INFO_202608177,PC fixe sans ecran,Optiplex tower,260
NewYork_MATERIEL_INFO_202608178,PC portable,Chromebook 11-13pouces,175
NewYork_MATERIEL_INFO_202608179,Telephone IP,modèle par défaut,17
Paris_MATERIEL_INFO_202608170,PC portable,Precision 7xxx,304
Paris_MATERIEL_INFO_202608171,,Laser A3 (40-99kg),960
Paris_MATERIEL_INFO_202608172,PC portable,Chromebook 14-15pouces,170
Paris_MATERIEL_INFO_202608173,PC portable,EliteBook 6xx,175
Paris_MATERIEL_INFO_202608174,PC fixe sans ecran,Optiplex micro,174
Paris_MATERIEL_INFO_202608175,PC portable,Chromebook 11-13pouces,175
Paris_MATERIEL_INFO_202608176,PC portable,Precision 3xxx,266
Paris_MATERIEL_INFO_202608177,PC portable,MacBook pro 15/16pouces,330
Paris_MATERIEL_INFO_202608178,Serveur,Noeud de calcul,1300
Paris_MATERIEL_INFO_202608179,PC fixe tout-en-un,iMac 21pouces,290
Paris_MATERIEL_INFO_2026081710,PC portable,Moyenne 13pouces,250
Shanghai_MATERIEL_INFO_202608170,PC portable,modèle par défaut,260
Shanghai_MATERIEL_INFO_202608171,PC fixe sans ecran,Optiplex small,240
Shanghai_MATERIEL_INFO_202608172,Tablette,modèle par défaut,150
Shanghai_MATERIEL_INFO_202608173,Disque dur,modèle par défaut,10
Shanghai_MATERIEL_INFO_202608174,,Precision 7xxx,304
Shanghai_MATERIEL_INFO_202608175,PC fixe tout-en-un,,352
Shanghai_MATERIEL_INFO_202608176,PC portable,Moyenne 14/15pouces,294
Shanghai_MATERIEL_INFO_202608177,Serveur,Serveur de stockage,2500
Shanghai_MATERIEL_INFO_202608178,PC portable,Latitude 5xxx,300
Shanghai_MATERIEL_INFO_202608179,PC portable,Latitude 3xxx,220
Shanghai_MATERIEL_INFO_2026081710,Smartphone,modèle par défaut,63
Shanghai_MATERIEL_INFO_2026081711,Vidéo projecteur,modèle par défaut,94
Shanghai_MATERIEL_INFO_2026081712,PC fixe sans ecran,Optiplex micro,174
Shanghai_MATERIEL_INFO_2026081713,,modèle par défaut,350
BERLIN_MATERIEL_INFO_202608180,PC portable,Moyenne 17pouces,365
BERLIN_MATERIEL_INFO_202608181,,modèle par défaut,350
BERLIN_MATERIEL_INFO_202608182,PC portable,MacBook air,250
BERLIN_MATERIEL_INFO_202608183,PC fixe tout-en-un,iMac 27pouces retina,450
LONDON_MATERIEL_INFO_202608180,,modèle par défaut,350
LONDON_MATERIEL_INFO_202608181,PC portable,EliteBook 6xx,175
LONDON_MATERIEL_INFO_202608182,,Mac pro,900
LONDON_MATERIEL_INFO_202608183,,Optiplex micro,174
LONDON_MATERIEL_INFO_202608184,PC fixe tout-en-un,,352
LONDON_MATERIEL_INFO_202608185,Vidéo projecteur,Transportable,94
LONDON_MATERIEL_INFO_202608186,Vidéo projecteur,modèle par défaut,94
LONDON_MATERIEL_INFO_202608187,PC fixe sans ecran,Precision tower 7xxx,555
LA_MATERIEL_INFO_202608180,,MacBook air,250
LA_MATERIEL_INFO_202608181,PC portable,MacBook pro 15/16pouces,330
LA_MATERIEL_INFO_202608182,PC fixe tout-en-un,Optiplex All-in-One 5xxx,318
LA_MATERIEL_INFO_202608183,,modèle par défaut,350
LA_MATERIEL_INFO_202608184,,Modèle par défaut,350
LA_MATERIEL_INFO_202608185,,modèle par défaut,350
LA_MATERIEL_INFO_202608186,PC portable,ZBook,303
LA_MATERIEL_INFO_202608187,Vidéo projecteur,Pour salle,150
LA_MATERIEL_INFO_202608188,,EliteBook 8xx,290
LA_MATERIEL_INFO_202608189,,iMac pro,700
LA_MATERIEL_INFO_2026081810,imprimante,Laser A3 (>100kg),1800
NewYork_MATERIEL_INFO_202608180,Vidéo projecteur,Pour salle,150
Paris_MATERIEL_INFO_202608180,Station d'accueil,modèle par défaut,26
Paris_MATERIEL_INFO_202608181,,Latitude 7xxx,264
Paris_MATERIEL_INFO_202608182,PC portable,EliteBook 8xx,290
Paris_MATERIEL_INFO_202608183,,modèle par défaut,350
Paris_MATERIEL_INFO_202608184,PC portable,Latitude 5xxx,300
Paris_MATERIEL_INFO_202608185,PC fixe tout-en-un,Optiplex All-in-One 7xxx,382
Paris_MATERIEL_INFO_202608186,Vidéo projecteur,Pour amphi,200
Paris_MATERIEL_INFO_202608187,Ecran,modèle par défaut,430
Paris_MATERIEL_INFO_202608188,PC portable,EliteBook 10xx,223
Paris_MATERIEL_INFO_202608189,PC portable,Latitude 5xxx,300
Paris_MATERIEL_INFO_2026081810,Vidéo projecteur,Transportable,94
Paris_MATERIEL_INFO_2026081811,PC fixe tout-en-un,iMac 21pouces retina,300
Paris_MATERIEL_INFO_2026081812,PC fixe sans ecran,Station de travail (moy),600
Shanghai_MATERIEL_INFO_202608180,PC portable,Moyenne 17pouces,365
Shanghai_MATERIEL_INFO_202608181,,Precision tower 3xxx,285
BERLIN_MATERIEL_INFO_202608190,PC portable,MacBook air pre-retina,310
BERLIN_MATERIEL_INFO_202608191,,MacBook pro 15/16pouces,330
BERLIN_MATERIEL_INFO_202608192,PC fixe sans ecran,Rasberry pi 4,15
LONDON_MATERIEL_INFO_202608190,PC fixe sans ecran,Optiplex tower,260
LONDON_MATERIEL_INFO_202608191,PC fixe sans ecran,,350
LONDON_MATERIEL_INFO_202608192,,Latitude 5xxx,300
LONDON_MATERIEL_INFO_202608193,PC portable,ZBook Studio,379
LONDON_MATERIEL_INFO_202608194,Station d'accueil,modèle par défaut,26
LONDON_MATERIEL_INFO_202608195,PC portable,Moyenne 13pouces,250
LA_MATERIEL_INFO_202608190,PC fixe tout-en-un,iMac 27pouces retina,450
LA_MATERIEL_INFO_202608191,,Precision 3xxx,266
NewYork_MATERIEL_INFO_202608190,PC portable,MacBook pro 13pouces,256
NewYork_MATERIEL_INFO_202608191,,Optiplex All-in-One 7xxx,382
NewYork_MATERIEL_INFO_202608192,Tablette,modèle par défaut,150
Paris_MATERIEL_INFO_202608190,PC fixe sans ecran,,350
Paris_MATERIEL_INFO_202608191,PC fixe sans ecran,ProDesk mini/DM,100
Paris_MATERIEL_INFO_202608192,,modèle par défaut,350
Paris_MATERIEL_INFO_202608193,PC portable,OMEN,290
Paris_MATERIEL_INFO_202608194,PC fixe sans ecran,modèle par défaut,350
Paris_MATERIEL_INFO_202608195,,Laser A3 (40-99kg),960
Paris_MATERIEL_INFO_202608196,,EliteDesk DM,230
Paris_MATERIEL_INFO_202608197,PC portable,Moyenne 13pouces,250
Paris_MATERIEL_INFO_202608198,imprimante,,500
Paris_MATERIEL_INFO_202608199,PC portable,ProBook,226
Paris_MATERIEL_INFO_2026081910,PC fixe sans ecran,modèle par défaut,350
Shanghai_MATERIEL_INFO_202608190,PC portable,Precision 3xxx,266
Shanghai_MATERIEL_INFO_202608191,PC fixe sans ecran,"EliteDesk (Tower, SFF, One)",393
Shanghai_MATERIEL_INFO_202608192,PC portable,Moyenne 14/15pouces,294
Shanghai_MATERIEL_INFO_202608193,,Mac pro,900
Shanghai_MATERIEL_INFO_202608194,PC portable,OMEN,290
Shanghai_MATERIEL_INFO_202608195,Station d'accueil,modèle par défaut,26
Shanghai_MATERIEL_INFO_202608196,,Mac mini,270
Shanghai_MATERIEL_INFO_202608197,PC portable,EliteBook 6xx,175
Shanghai_MATERIEL_INFO_202608198,,modèle par défaut,350
Shanghai_MATERIEL_INFO_202608199,PC portable,MacBook pro 15/16pouces,330
Shanghai_MATERIEL_INFO_2026081910,,Precision 3xxx,266
BERLIN_MATERIEL_INFO_202608200,Borne wifi,modèle par défaut,10
BERLIN_MATERIEL_INFO_202608201,PC portable,Latitude 5xxx,300
BERLIN_MATERIEL_INFO_202608202,PC fixe sans ecran,Rasberry pi 4,15
LONDON_MATERIEL_INFO_202608200,PC fixe sans ecran,Elite mini,137
LONDON_MATERIEL_INFO_202608201,PC portable,MacBook pro 15/16pouces,330
LONDON_MATERIEL_INFO_202608202,Tablette,,150
LONDON_MATERIEL_INFO_202608203,,OMEN,290
LONDON_MATERIEL_INFO_202608204,Telephone IP,modèle par défaut,17
LONDON_MATERIEL_INFO_202608205,PC fixe sans ecran,Precision tower 5xxx,440
LONDON_MATERIEL_INFO_202608206,,OMEN,290
LONDON_MATERIEL_INFO_202608207,,Modèle par défaut,350
LONDON_MATERIEL_INFO_202608208,Telephone IP,modèle par défaut,17
LONDON_MATERIEL_INFO_202608209,Ecran,jusqu'à 23pouces,350
LONDON_MATERIEL_INFO_2026082010,PC fixe sans ecran,Station de travail (moy),600
LONDON_MATERIEL_INFO_2026082011,,Pour amphi,200
LA_MATERIEL_INFO_202608200,PC portable,MacBook air pre-retina,310
LA_MATERIEL_INFO_202608201,PC fixe tout-en-un,,352
LA_MATERIEL_INFO_202608202,Vidéo projecteur,Transportable,94
LA_MATERIEL_INFO_202608203,PC fixe tout-en-un,modèle par défaut,352
LA_MATERIEL_INFO_202608204,PC fixe sans ecran,,350
LA_MATERIEL_INFO_202608205,Ecran,,430
LA_MATERIEL_INFO_202608206,PC fixe tout-en-un,iMac 21pouces,290
LA_MATERIEL_INFO_202608207,Vidéo projecteur,,94
LA_MATERIEL_INFO_202608208,PC portable,Latitude 3xxx,220
LA_MATERIEL_INFO_202608209,PC portable,Moyenne 17pouces,365
LA_MATERIEL_INFO_2026082010,PC fixe sans ecran,EliteDesk DM,230
NewYork_MATERIEL_INFO_202608200,PC fixe sans ecran,Wyse thin client,69
NewYork_MATERIEL_INFO_202608201,PC portable,Precision 3xxx,266
NewYork_MATERIEL_INFO_202608202,Serveur,Modèle par défaut,1300
NewYork_MATERIEL_INFO_202608203,PC portable,Latitude 7xxx,264
NewYork_MATERIEL_INFO_202608204,PC fixe tout-en-un,Optiplex All-in-One 3xxx,241
NewYork_MATERIEL_INFO_202608205,PC portable,Moyenne 13pouces,250
NewYork_MATERIEL_INFO_202608206,PC fixe sans ecran,"Prodesk (Tower, SFF)",322
NewYork_MATERIEL_INFO_202608207,PC portable,Chromebook 14-15pouces,170
NewYork_MATERIEL_INFO_202608208,imprimante,Laser A3 (>100kg),1800
NewYork_MATERIEL_INFO_202608209,,Station de travail (moy),600
NewYork_MATERIEL_INFO_2026082010,Ecran,,430
Paris_MATERIEL_INFO_202608200,PC fixe sans ecran,Precision tower 7xxx,555
Paris_MATERIEL_INFO_202608201,,MacBook air pre-retina,310
Paris_MATERIEL_INFO_202608202,PC portable,EliteBook 8xx,290
Shanghai_MATERIEL_INFO_202608200,,"EliteDesk (Tower, SFF, One)",393
Shanghai_MATERIEL_INFO_202608201,PC portable,OMEN,290
Shanghai_MATERIEL_INFO_202608202,PC portable,,260
Shanghai_MATERIEL_INFO_202608203,PC fixe sans ecran,Z,409
Shanghai_MATERIEL_INFO_202608204,PC portable,MacBook air,250
Shanghai_MATERIEL_INFO_202608205,PC fixe sans ecran,,350
Shanghai_MATERIEL_INFO_202608206,PC fixe sans ecran,Optiplex tower,260
Shanghai_MATERIEL_INFO_202608207,Serveur,Serveur de stockage,2500
Shanghai_MATERIEL_INFO_202608208,PC fixe tout-en-un,iMac 27pouces retina,450
Shanghai_MATERIEL_INFO_202608209,PC fixe tout-en-un,Optiplex All-in-One 5xxx,318
Shanghai_MATERIEL_INFO_2026082010,,Elite mini,137
Shanghai_MATERIEL_INFO_2026082011,Tablette,modèle par défaut,150
Shanghai_MATERIEL_INFO_2026082012,PC fixe tout-en-un,iMac 27pouces retina,450
BERLIN_MATERIEL_INFO_202608210,PC fixe sans ecran,Optiplex tower,260
BERLIN_MATERIEL_INFO_202608211,souris,modèle par défaut,5
BERLIN_MATERIEL_INFO_202608212,Serveur,Serveur de stockage,2500
BERLIN_MATERIEL_INFO_202608213,Telephone IP,modèle par défaut,17
LONDON_MATERIEL_INFO_202608210,Vidéo projecteur,modèle par défaut,94
LONDON_MATERIEL_INFO_202608211,PC fixe sans ecran,Station de travail (moy),600
LONDON_MATERIEL_INFO_202608212,Serveur,Serveur de stockage,2500
LONDON_MATERIEL_INFO_202608213,Ecran,24pouces-31pouces,430
LONDON_MATERIEL_INFO_202608214,,OMEN,290
LONDON_MATERIEL_INFO_202608215,PC portable,Moyenne 17pouces,365
LONDON_MATERIEL_INFO_202608216,Serveur,Serveur de stockage,2500
LONDON_MATERIEL_INFO_202608217,PC portable,,260
LONDON_MATERIEL_INFO_202608218,PC portable,,260
LONDON_MATERIEL_INFO_202608219,PC portable,,260
LONDON_MATERIEL_INFO_2026082110,PC fixe sans ecran,Z,409
LONDON_MATERIEL_INFO_2026082111,PC portable,OMEN,290
LONDON_MATERIEL_INFO_2026082112,Telephone IP,modèle par défaut,17
LONDON_MATERIEL_INFO_2026082113,PC fixe tout-en-un,iMac pro,700
LA_MATERIEL_INFO_202608210,PC portable,Chromebook 14-15pouces,170
LA_MATERIEL_INFO_202608211,Vidéo projecteur,Pour salle,150
LA_MATERIEL_INFO_202608212,PC portable,Chromebook 14-15pouces,170
NewYork_MATERIEL_INFO_202608210,Telephone IP,modèle par défaut,17
NewYork_MATERIEL_INFO_202608211,,iMac 27pouces retina,450
NewYork_MATERIEL_INFO_202608212,PC fixe sans ecran,Wyse thin client,69
NewYork_MATERIEL_INFO_202608213,PC fixe tout-en-un,Optiplex All-in-One 5xxx,318
NewYork_MATERIEL_INFO_202608214,Vidéo projecteur,Transportable,94
NewYork_MATERIEL_INFO_202608215,,OMEN,290
NewYork_MATERIEL_INFO_202608216,Vidéo projecteur,modèle par défaut,94
NewYork_MATERIEL_INFO_202608217,,PC Fixe (moy),300
Paris_MATERIEL_INFO_202608210,PC fixe sans ecran,Optiplex tower,260
Paris_MATERIEL_INFO_202608211,,modèle par défaut,350
Paris_MATERIEL_INFO_202608212,PC fixe tout-en-un,,352
Paris_MATERIEL_INFO_202608213,Tablette,modèle par défaut,150
Paris_MATERIEL_INFO_202608214,,iMac 21pouces,290
Paris_MATERIEL_INFO_202608215,,PC Fixe (moy),300
Paris_MATERIEL_INFO_202608216,PC fixe sans ecran,,350
Paris_MATERIEL_INFO_202608217,imprimante,modèle par défaut,500
Paris_MATERIEL_INFO_202608218,PC fixe tout-en-un,Optiplex All-in-One 3xxx,241
Paris_MATERIEL_INFO_202608219,Vidéo projecteur,Transportable,94
Paris_MATERIEL_INFO_2026082110,,Elite mini,137
Shanghai_MATERIEL_INFO_202608210,PC portable,Precision 5xxx,280
Shanghai_MATERIEL_INFO_202608211,PC portable,MacBook air pre-retina,310
Shanghai_MATERIEL_INFO_202608212,PC fixe sans ecran,modèle par défaut,350
Shanghai_MATERIEL_INFO_202608213,PC portable,Moyenne 17pouces,365
Shanghai_MATERIEL_INFO_202608214,PC fixe sans ecran,Optiplex tower,260
Shanghai_MATERIEL_INFO_202608215,imprimante,Laser A3 (>100kg),1800
Shanghai_MATERIEL_INFO_202608216,PC fixe sans ecran,ProDesk mini/DM,100
Shanghai_MATERIEL_INFO_202608217,Telephone IP,,17
Shanghai_MATERIEL_INFO_202608218,Ecran,32pouces et plus,590
Shanghai_MATERIEL_INFO_202608219,Smartphone,modèle par défaut,63
Shanghai_MATERIEL_INFO_2026082110,PC portable,MacBook air retina,176
Shanghai_MATERIEL_INFO_2026082111,PC fixe sans ecran,PC Fixe (moy),300
Shanghai_MATERIEL_INFO_2026082112,PC fixe sans ecran,Station de travail (moy),600
BERLIN_MATERIEL_INFO_202608220,,ProBook,226
BERLIN_MATERIEL_INFO_202608221,,modèle par défaut,350
BERLIN_MATERIEL_INFO_202608222,PC portable,,260
BERLIN_MATERIEL_INFO_202608223,PC portable,Chromebook 14-15pouces,170
BERLIN_MATERIEL_INFO_202608224,PC portable,MacBook air pre-retina,310
BERLIN_MATERIEL_INFO_202608225,Vidéo projecteur,Transportable,94
LONDON_MATERIEL_INFO_202608220,Ecran,modèle par défaut,430
LONDON_MATERIEL_INFO_202608221,PC portable,ZBook Studio,379
LONDON_MATERIEL_INFO_202608222,Vidéo projecteur,modèle par défaut,94
LONDON_MATERIEL_INFO_202608223,PC portable,Latitude 5xxx,300
LONDON_MATERIEL_INFO_202608224,PC portable,Precision 7xxx,304
LONDON_MATERIEL_INFO_202608225,PC portable,MacBook air pre-retina,310
LONDON_MATERIEL_INFO_202608226,,ZBook Studio,379
LA_MATERIEL_INFO_202608220,imprimante,,500
NewYork_MATERIEL_INFO_202608220,PC portable,Victus,267
NewYork_MATERIEL_INFO_202608221,PC portable,Victus,267
NewYork_MATERIEL_INFO_202608222,PC portable,EliteBook 10xx,223
NewYork_MATERIEL_INFO_202608223,imprimante,Laser A3 (>100kg),1800
NewYork_MATERIEL_INFO_202608224,PC fixe sans ecran,Optiplex small,240
NewYork_MATERIEL_INFO_202608225,Telephone IP,modèle par défaut,17
NewYork_MATERIEL_INFO_202608226,PC fixe sans ecran,"EliteDesk (Tower, SFF, One)",393
NewYork_MATERIEL_INFO_202608227,PC fixe sans ecran,EliteDesk DM,230
NewYork_MATERIEL_INFO_202608228,PC portable,ZBook Studio,379
NewYork_MATERIEL_INFO_202608229,PC fixe sans ecran,EliteDesk DM,230
NewYork_MATERIEL_INFO_2026082210,,OMEN,290
NewYork_MATERIEL_INFO_2026082211,PC fixe tout-en-un,iMac 21pouces,290
Paris_MATERIEL_INFO_202608220,PC fixe sans ecran,EliteDesk DM,230
Paris_MATERIEL_INFO_202608221,PC fixe sans ecran,EliteDesk DM,230
Paris_MATERIEL_INFO_202608222,PC portable,Chromebook 14-15pouces,170
Paris_MATERIEL_INFO_202608223,,Mac pro,900
Paris_MATERIEL_INFO_202608224,PC portable,ZBook Studio,379
Paris_MATERIEL_INFO_202608225,Vidéo projecteur,Pour salle,150
Paris_MATERIEL_INFO_202608226,PC portable,EliteBook 6xx,175
Paris_MATERIEL_INFO_202608227,,Noeud de calcul,1300
Shanghai_MATERIEL_INFO_202608220,PC portable,Precision 5xxx,280
BERLIN_MATERIEL_INFO_202608230,Station d'accueil,modèle par défaut,26
BERLIN_MATERIEL_INFO_202608231,Disque dur,modèle par défaut,10
BERLIN_MATERIEL_INFO_202608232,PC fixe sans ecran,Rasberry pi 4,15
BERLIN_MATERIEL_INFO_202608233,Telephone IP,modèle par défaut,17
BERLIN_MATERIEL_INFO_202608234,PC fixe tout-en-un,modèle par défaut,352
LONDON_MATERIEL_INFO_202608230,imprimante,Laser à poser (<40kg),430
LONDON_MATERIEL_INFO_202608231,PC fixe tout-en-un,iMac 21pouces,290
LONDON_MATERIEL_INFO_202608232,PC fixe sans ecran,Precision tower 7xxx,555
LONDON_MATERIEL_INFO_202608233,PC fixe sans ecran,Precision tower 7xxx,555
LONDON_MATERIEL_INFO_202608234,PC fixe tout-en-un,Optiplex All-in-One 5xxx,318
LONDON_MATERIEL_INFO_202608235,PC portable,MacBook air pre-retina,310
LONDON_MATERIEL_INFO_202608236,PC fixe sans ecran,,350
LA_MATERIEL_INFO_202608230,Ecran,24pouces-31pouces,430
LA_MATERIEL_INFO_202608231,Vidéo projecteur,Pour amphi,200
LA_MATERIEL_INFO_202608232,PC fixe tout-en-un,Optiplex All-in-One 7xxx,382
LA_MATERIEL_INFO_202608233,Tablette,modèle par défaut,150
LA_MATERIEL_INFO_202608234,Smartphone,modèle par défaut,63
LA_MATERIEL_INFO_202608235,PC fixe tout-en-un,modèle par défaut,352
LA_MATERIEL_INFO_202608236,PC portable,modèle par défaut,260
NewYork_MATERIEL_INFO_202608230,PC portable,modèle par défaut,260
NewYork_MATERIEL_INFO_202608231,PC fixe sans ecran,modèle par défaut,350
NewYork_MATERIEL_INFO_202608232,PC fixe sans ecran,"EliteDesk (Tower, SFF, One)",393
NewYork_MATERIEL_INFO_202608233,PC fixe tout-en-un,modèle par défaut,352
NewYork_MATERIEL_INFO_202608234,PC fixe tout-en-un,iMac 21pouces retina,300
NewYork_MATERIEL_INFO_202608235,PC portable,MacBook air pre-retina,310
NewYork_MATERIEL_INFO_202608236,PC portable,MacBook air pre-retina,310
Paris_MATERIEL_INFO_202608230,PC portable,ZBook,303
Paris_MATERIEL_INFO_202608231,Ecran,modèle par défaut,430
Paris_MATERIEL_INFO_202608232,Borne wifi,modèle par défaut,10
Paris_MATERIEL_INFO_202608233,imprimante,Laser A3 (40-99kg),960
Paris_MATERIEL_INFO_202608234,PC fixe sans ecran,ProDesk mini/DM,100
Paris_MATERIEL_INFO_202608235,,iMac pro,700
Shanghai_MATERIEL_INFO_202608230,PC fixe sans ecran,EliteDesk DM,230
Shanghai_MATERIEL_INFO_202608231,PC portable,,260
Shanghai_MATERIEL_INFO_202608232,Ecran,,430
Shanghai_MATERIEL_INFO_202608233,,modèle par défaut,350
Shanghai_MATERIEL_INFO_202608234,PC portable,Precision 5xxx,280
Shanghai_MATERIEL_INFO_202608235,PC fixe tout-en-un,modèle par défaut,352
Shanghai_MATERIEL_INFO_202608236,Station d'accueil,,26
BERLIN_MATERIEL_INFO_202608240,Telephone IP,modèle par défaut,17
BERLIN_MATERIEL_INFO_202608241,imprimante,Laser A3 (>100kg),1800
LONDON_MATERIEL_INFO_202608240,PC portable,Chromebook 14-15pouces,170
LONDON_MATERIEL_INFO_202608241,PC fixe sans ecran,Precision tower 5xxx,440
LONDON_MATERIEL_INFO_202608242,PC portable,Latitude 3xxx,220
LONDON_MATERIEL_INFO_202608243,,jusqu'à 23pouces,350
LONDON_MATERIEL_INFO_202608244,PC fixe sans ecran,Optiplex tower,260
LONDON_MATERIEL_INFO_202608245,,Moyenne 13pouces,250
LONDON_MATERIEL_INFO_202608246,Ecran,modèle par défaut,430
LONDON_MATERIEL_INFO_202608247,PC portable,Moyenne 13pouces,250
LONDON_MATERIEL_INFO_202608248,,Precision tower 5xxx,440
LONDON_MATERIEL_INFO_202608249,PC fixe tout-en-un,iMac 21pouces retina,300
LONDON_MATERIEL_INFO_2026082410,PC portable,EliteBook 10xx,223
LONDON_MATERIEL_INFO_2026082411,PC portable,modèle par défaut,260
LONDON_MATERIEL_INFO_2026082412,,Optiplex micro,174
LONDON_MATERIEL_INFO_2026082413,Station d'accueil,,26
LA_MATERIEL_INFO_202608240,PC fixe sans ecran,EliteDesk DM,230
NewYork_MATERIEL_INFO_202608240,Tablette,modèle par défaut,150
NewYork_MATERIEL_INFO_202608241,PC fixe sans ecran,"EliteDesk (Tower, SFF, One)",393
Paris_MATERIEL_INFO_202608240,PC portable,Latitude 7xxx,264
Paris_MATERIEL_INFO_202608241,PC portable,Chromebook 11-13pouces,175
Paris_MATERIEL_INFO_202608242,PC portable,,260
Paris_MATERIEL_INFO_202608243,Tablette,modèle par défaut,150
Paris_MATERIEL_INFO_202608244,PC portable,MacBook pro 13pouces,256
Paris_MATERIEL_INFO_202608245,Serveur,Serveur de stockage,2500
Paris_MATERIEL_INFO_202608246,,Pour salle,150
Paris_MATERIEL_INFO_202608247,,Mac mini,270
Paris_MATERIEL_INFO_202608248,,modèle par défaut,350
Paris_MATERIEL_INFO_202608249,Tablette,modèle par défaut,150
Paris_MATERIEL_INFO_2026082410,,Optiplex All-in-One 3xxx,241
Paris_MATERIEL_INFO_2026082411,PC portable,MacBook air pre-retina,310
Shanghai_MATERIEL_INFO_202608240,PC portable,Chromebook 14-15pouces,170
Shanghai_MATERIEL_INFO_202608241,Serveur,Noeud de calcul,1300
Shanghai_MATERIEL_INFO_202608242,imprimante,Laser A3 (>100kg),1800
Shanghai_MATERIEL_INFO_202608243,PC fixe sans ecran,Optiplex small,240
Shanghai_MATERIEL_INFO_202608244,PC fixe tout-en-un,Optiplex All-in-One 3xxx,241
Shanghai_MATERIEL_INFO_202608245,clavier,modèle par défaut,24
Shanghai_MATERIEL_INFO_202608246,,modèle par défaut,350
Shanghai_MATERIEL_INFO_202608247,PC fixe sans ecran,Precision tower 3xxx,285
Shanghai_MATERIEL_INFO_202608248,,modèle par défaut,350
BERLIN_MATERIEL_INFO_202608250,,modèle par défaut,350
LONDON_MATERIEL_INFO_202608250,Ecran,jusqu'à 23pouces,350
LONDON_MATERIEL_INFO_202608251,Ecran,jusqu'à 23pouces,350
LONDON_MATERIEL_INFO_202608252,PC portable,OMEN,290
LONDON_MATERIEL_INFO_202608253,,iMac 21pouces,290
LONDON_MATERIEL_INFO_202608254,,"Prodesk (Tower, SFF)",322
LONDON_MATERIEL_INFO_202608255,Ecran,,430
LONDON_MATERIEL_INFO_202608256,Serveur,,1300
LONDON_MATERIEL_INFO_202608257,PC portable,Chromebook 14-15pouces,170
LA_MATERIEL_INFO_202608250,,Pour amphi,200
LA_MATERIEL_INFO_202608251,PC fixe tout-en-un,iMac pro,700
LA_MATERIEL_INFO_202608252,PC portable,ZBook Studio,379
NewYork_MATERIEL_INFO_202608250,PC portable,Moyenne 14/15pouces,294
NewYork_MATERIEL_INFO_202608251,,Optiplex tower,260
NewYork_MATERIEL_INFO_202608252,Ecran,24pouces-31pouces,430
NewYork_MATERIEL_INFO_202608253,PC portable,,260
NewYork_MATERIEL_INFO_202608254,PC portable,,260
NewYork_MATERIEL_INFO_202608255,PC fixe tout-en-un,Optiplex All-in-One 5xxx,318
NewYork_MATERIEL_INFO_202608256,,ZBook Studio,379
NewYork_MATERIEL_INFO_202608257,PC fixe sans ecran,Mac mini,270
NewYork_MATERIEL_INFO_202608258,PC portable,,260
NewYork_MATERIEL_INFO_202608259,PC fixe sans ecran,Precision tower 3xxx,285
NewYork_MATERIEL_INFO_2026082510,PC portable,MacBook air pre-retina,310
Paris_MATERIEL_INFO_202608250,PC portable,EliteBook 6xx,175
Paris_MATERIEL_INFO_202608251,PC fixe sans ecran,Z,409
Paris_MATERIEL_INFO_202608252,PC portable,Moyenne 17pouces,365
Shanghai_MATERIEL_INFO_202608250,PC fixe sans ecran,Precision tower 3xxx,285
Shanghai_MATERIEL_INFO_202608251,PC portable,ZBook,303
Shanghai_MATERIEL_INFO_202608252,Vidéo projecteur,,94
BERLIN_MATERIEL_INFO_202608260,,modèle par défaut,350
BERLIN_MATERIEL_INFO_202608261,PC fixe tout-en-un,,352
BERLIN_MATERIEL_INFO_202608262,PC fixe sans ecran,Optiplex micro,174
LONDON_MATERIEL_INFO_202608260,PC fixe sans ecran,,350
LONDON_MATERIEL_INFO_202608261,PC fixe sans ecran,EliteDesk DM,230
LONDON_MATERIEL_INFO_202608262,,modèle par défaut,350
LONDON_MATERIEL_INFO_202608263,PC portable,MacBook air,250
LA_MATERIEL_INFO_202608260,Telephone IP,modèle par défaut,17
LA_MATERIEL_INFO_202608261,PC fixe sans ecran,Precision tower 7xxx,555
LA_MATERIEL_INFO_202608262,Serveur,Modèle par défaut,1300
LA_MATERIEL_INFO_202608263,,Mac pro,900
LA_MATERIEL_INFO_202608264,clavier,modèle par défaut,24
LA_MATERIEL_INFO_202608265,,Laser A3 (>100kg),1800
LA_MATERIEL_INFO_202608266,PC portable,EliteBook 8xx,290
LA_MATERIEL_INFO_202608267,PC fixe sans ecran,Precision tower 3xxx,285
LA_MATERIEL_INFO_202608268,PC portable,ProBook,226
NewYork_MATERIEL_INFO_202608260,,OMEN,290
NewYork_MATERIEL_INFO_202608261,PC portable,MacBook pro 15/16pouces,330
NewYork_MATERIEL_INFO_202608262,PC fixe sans ecran,OMEN,290
NewYork_MATERIEL_INFO_202608263,Serveur,Serveur de stockage,2500
Paris_MATERIEL_INFO_202608260,Serveur,Serveur de stockage,2500
Paris_MATERIEL_INFO_202608261,PC portable,Chromebook 14-15pouces,170
Paris_MATERIEL_INFO_202608262,PC fixe sans ecran,"Prodesk (Tower, SFF)",322
Shanghai_MATERIEL_INFO_202608260,PC portable,,260
Shanghai_MATERIEL_INFO_202608261,,modèle par défaut,350
Shanghai_MATERIEL_INFO_202608262,PC portable,MacBook pro 13pouces,256
Shanghai_MATERIEL_INFO_202608263,imprimante,Laser à poser (<40kg),430
Shanghai_MATERIEL_INFO_202608264,,Moyenne 13pouces,250
Shanghai_MATERIEL_INFO_202608265,PC portable,MacBook air retina,176
BERLIN_MATERIEL_INFO_202608270,PC portable,Moyenne 13pouces,250
BERLIN_MATERIEL_INFO_202608271,,Optiplex small,240
BERLIN_MATERIEL_INFO_202608272,PC fixe sans ecran,PC Fixe (moy),300
LONDON_MATERIEL_INFO_202608270,Smartphone,modèle par défaut,63
LONDON_MATERIEL_INFO_202608271,PC fixe sans ecran,modèle par défaut,350
LONDON_MATERIEL_INFO_202608272,,Moyenne 14/15pouces,294
LONDON_MATERIEL_INFO_202608273,PC fixe sans ecran,Optiplex small,240
LONDON_MATERIEL_INFO_202608274,PC portable,EliteBook 6xx,175
LONDON_MATERIEL_INFO_202608275,imprimante,Laser A3 (>100kg),1800
LONDON_MATERIEL_INFO_202608276,PC portable,Precision 5xxx,280
LONDON_MATERIEL_INFO_202608277,Serveur,Noeud de calcul,1300
LONDON_MATERIEL_INFO_202608278,Vidéo projecteur,modèle par défaut,94
LONDON_MATERIEL_INFO_202608279,PC portable,Moyenne 14/15pouces,294
LONDON_MATERIEL_INFO_2026082710,PC portable,MacBook pro 13pouces,256
LA_MATERIEL_INFO_202608270,Ecran,,430
LA_MATERIEL_INFO_202608271,Vidéo projecteur,Pour amphi,200
LA_MATERIEL_INFO_202608272,,Modèle par défaut,350
LA_MATERIEL_INFO_202608273,,modèle par défaut,350
LA_MATERIEL_INFO_202608274,PC fixe sans ecran,Station de travail (moy),600
NewYork_MATERIEL_INFO_202608270,,EliteBook 6xx,175
NewYork_MATERIEL_INFO_202608271,PC fixe sans ecran,Precision tower 7xxx,555
NewYork_MATERIEL_INFO_202608272,,Optiplex All-in-One 5xxx,318
NewYork_MATERIEL_INFO_202608273,PC fixe sans ecran,Mac pro,900
NewYork_MATERIEL_INFO_202608274,PC fixe sans ecran,,350
NewYork_MATERIEL_INFO_202608275,PC fixe sans ecran,EliteDesk DM,230
Paris_MATERIEL_INFO_202608270,,Mac pro,900
Paris_MATERIEL_INFO_202608271,Disque dur,,10
Paris_MATERIEL_INFO_202608272,Ecran,modèle par défaut,430
Shanghai_MATERIEL_INFO_202608270,,PC Fixe (moy),300
Shanghai_MATERIEL_INFO_202608271,Ecran,jusqu'à 23pouces,350
Shanghai_MATERIEL_INFO_202608272,PC portable,MacBook air pre-retina,310
Shanghai_MATERIEL_INFO_202608273,PC portable,Precision 3xxx,266
BERLIN_MATERIEL_INFO_202608280,PC fixe sans ecran,Optiplex small,240
BERLIN_MATERIEL_INFO_202608281,PC portable,modèle par défaut,260
BERLIN_MATERIEL_INFO_202608282,PC portable,ZBook,303
LONDON_MATERIEL_INFO_202608280,,Laser A3 (40-99kg),960
LONDON_MATERIEL_INFO_202608281,PC fixe sans ecran,"Prodesk (Tower, SFF)",322
LONDON_MATERIEL_INFO_202608282,PC fixe tout-en-un,,352
LONDON_MATERIEL_INFO_202608283,Serveur,Noeud de calcul,1300
LONDON_MATERIEL_INFO_202608284,PC fixe tout-en-un,iMac 21pouces retina,300
LONDON_MATERIEL_INFO_202608285,,modèle par défaut,350
LONDON_MATERIEL_INFO_202608286,PC portable,ProBook,226
LONDON_MATERIEL_INFO_202608287,PC fixe sans ecran,Optiplex micro,174
LONDON_MATERIEL_INFO_202608288,Tablette,modèle par défaut,150
LONDON_MATERIEL_INFO_202608289,PC fixe tout-en-un,modèle par défaut,352
LA_MATERIEL_INFO_202608280,Station d'accueil,modèle par défaut,26
LA_MATERIEL_INFO_202608281,Borne wifi,modèle par défaut,10
LA_MATERIEL_INFO_202608282,PC portable,Victus,267
LA_MATERIEL_INFO_202608283,PC fixe sans ecran,"Elite (Tower, SFF, One)",393
LA_MATERIEL_INFO_202608284,PC portable,ZBook Studio,379
LA_MATERIEL_INFO_202608285,Smartphone,modèle par défaut,63
LA_MATERIEL_INFO_202608286,PC fixe sans ecran,Mac mini,270
LA_MATERIEL_INFO_202608287,Telephone IP,modèle par défaut,17
LA_MATERIEL_INFO_202608288,PC fixe tout-en-un,iMac pro,700
LA_MATERIEL_INFO_202608289,,Mac mini,270
LA_MATERIEL_INFO_2026082810,PC fixe tout-en-un,iMac pro,700
LA_MATERIEL_INFO_2026082811,imprimante,Laser à poser (<40kg),430
NewYork_MATERIEL_INFO_202608280,clavier,modèle par défaut,24
NewYork_MATERIEL_INFO_202608281,PC fixe sans ecran,Z,409
NewYork_MATERIEL_INFO_202608282,PC fixe sans ecran,ProDesk mini/DM,100
NewYork_MATERIEL_INFO_202608283,PC fixe sans ecran,Precision tower 3xxx,285
NewYork_MATERIEL_INFO_202608284,PC fixe sans ecran,,350
NewYork_MATERIEL_INFO_202608285,Vidéo projecteur,Pour salle,150
NewYork_MATERIEL_INFO_202608286,PC fixe sans ecran,Wyse thin client,69
NewYork_MATERIEL_INFO_202608287,PC fixe sans ecran,Optiplex small,240
NewYork_MATERIEL_INFO_202608288,PC fixe sans ecran,Mac pro,900
NewYork_MATERIEL_INFO_202608289,PC portable,ProBook,226
NewYork_MATERIEL_INFO_2026082810,PC fixe sans ecran,Wyse thin client,69
Paris_MATERIEL_INFO_202608280,Vidéo projecteur,Pour salle,150
Paris_MATERIEL_INFO_202608281,,Wyse thin client,69
Paris_MATERIEL_INFO_202608282,,MacBook air pre-retina,310
Paris_MATERIEL_INFO_202608283,PC fixe sans ecran,modèle par défaut,350
Paris_MATERIEL_INFO_202608284,imprimante,Laser A3 (40-99kg),960
Paris_MATERIEL_INFO_202608285,,modèle par défaut,350
Paris_MATERIEL_INFO_202608286,PC portable,OMEN,290
Paris_MATERIEL_INFO_202608287,PC portable,MacBook pro 13pouces,256
Paris_MATERIEL_INFO_202608288,PC fixe tout-en-un,modèle par défaut,352
Paris_MATERIEL_INFO_202608289,PC fixe sans ecran,"Prodesk (Tower, SFF)",322
Paris_MATERIEL_INFO_2026082810,,Modèle par défaut,350
Shanghai_MATERIEL_INFO_202608280,PC fixe sans ecran,Precision tower 5xxx,440
Shanghai_MATERIEL_INFO_202608281,PC portable,Moyenne 17pouces,365
Shanghai_MATERIEL_INFO_202608282,PC portable,EliteBook 8xx,290
Shanghai_MATERIEL_INFO_202608283,PC fixe sans ecran,Z,409
Shanghai_MATERIEL_INFO_202608284,PC portable,Latitude 3xxx,220
Shanghai_MATERIEL_INFO_202608285,PC fixe sans ecran,Precision tower 3xxx,285
Shanghai_MATERIEL_INFO_202608286,PC fixe sans ecran,Z,409
Shanghai_MATERIEL_INFO_202608287,PC portable,,260
Shanghai_MATERIEL_INFO_202608288,Ecran,jusqu'à 23pouces,350
BERLIN_MATERIEL_INFO_202608290,PC portable,Latitude 7xxx,264
BERLIN_MATERIEL_INFO_202608291,PC fixe tout-en-un,iMac 21pouces retina,300
BERLIN_MATERIEL_INFO_202608292,PC portable,MacBook air,250
BERLIN_MATERIEL_INFO_202608293,,ZBook Studio,379
BERLIN_MATERIEL_INFO_202608294,PC portable,MacBook air,250
LONDON_MATERIEL_INFO_202608290,Vidéo projecteur,,94
LONDON_MATERIEL_INFO_202608291,Ecran,jusqu'à 23pouces,350
LONDON_MATERIEL_INFO_202608292,Ecran,modèle par défaut,430
LONDON_MATERIEL_INFO_202608293,,"Prodesk (Tower, SFF)",322
LONDON_MATERIEL_INFO_202608294,PC portable,EliteBook 8xx,290
LONDON_MATERIEL_INFO_202608295,Serveur,Noeud de calcul,1300
LONDON_MATERIEL_INFO_202608296,PC portable,EliteBook 6xx,175
LONDON_MATERIEL_INFO_202608297,PC portable,OMEN,290
LONDON_MATERIEL_INFO_202608298,PC fixe tout-en-un,modèle par défaut,352
LONDON_MATERIEL_INFO_202608299,,iMac 21pouces,290
LONDON_MATERIEL_INFO_2026082910,,Precision tower 3xxx,285
LA_MATERIEL_INFO_202608290,Ecran,24pouces-31pouces,430
LA_MATERIEL_INFO_202608291,Ecran,32pouces et plus,590
LA_MATERIEL_INFO_202608292,Disque dur,,10
LA_MATERIEL_INFO_202608293,PC portable,ZBook,303
LA_MATERIEL_INFO_202608294,Disque dur,modèle par défaut,10
LA_MATERIEL_INFO_202608295,PC fixe sans ecran,Mac pro,900
LA_MATERIEL_INFO_202608296,souris,modèle par défaut,5
NewYork_MATERIEL_INFO_202608290,PC portable,Latitude 3xxx,220
NewYork_MATERIEL_INFO_202608291,PC fixe sans ecran,"EliteDesk (Tower, SFF, One)",393
NewYork_MATERIEL_INFO_202608292,,modèle par défaut,350
Paris_MATERIEL_INFO_202608290,PC fixe tout-en-un,iMac 21pouces retina,300
Paris_MATERIEL_INFO_202608291,PC fixe sans ecran,Rasberry pi 4,15
Paris_MATERIEL_INFO_202608292,,ZHAN,264
Paris_MATERIEL_INFO_202608293,PC fixe sans ecran,Station de travail (moy),600
Paris_MATERIEL_INFO_202608294,Serveur,,1300
Paris_MATERIEL_INFO_202608295,,modèle par défaut,350
Paris_MATERIEL_INFO_202608296,Vidéo projecteur,,94
Shanghai_MATERIEL_INFO_202608290,PC portable,Precision 7xxx,304
Shanghai_MATERIEL_INFO_202608291,,EliteDesk DM,230
Shanghai_MATERIEL_INFO_202608292,PC portable,Moyenne 13pouces,250
Shanghai_MATERIEL_INFO_202608293,Telephone IP,modèle par défaut,17
Shanghai_MATERIEL_INFO_202608294,PC fixe sans ecran,Wyse thin client,69
Shanghai_MATERIEL_INFO_202608295,PC fixe tout-en-un,Optiplex All-in-One 3xxx,241
Shanghai_MATERIEL_INFO_202608296,Serveur,Modèle par défaut,1300
Shanghai_MATERIEL_INFO_202608297,imprimante,,500
Shanghai_MATERIEL_INFO_202608298,PC fixe sans ecran,Precision tower 7xxx,555
Shanghai_MATERIEL_INFO_202608299,,ProDesk mini/DM,100
Shanghai_MATERIEL_INFO_2026082910,PC fixe sans ecran,Rasberry pi 4,15
BERLIN_MATERIEL_INFO_202608300,Serveur,Serveur de stockage,2500
LONDON_MATERIEL_INFO_202608300,,modèle par défaut,350
LONDON_MATERIEL_INFO_202608301,Serveur,Modèle par défaut,1300
LONDON_MATERIEL_INFO_202608302,,Chromebook 14-15pouces,170
LA_MATERIEL_INFO_202608300,souris,modèle par défaut,5
LA_MATERIEL_INFO_202608301,Serveur,Modèle par défaut,1300
LA_MATERIEL_INFO_202608302,Ecran,32pouces et plus,590
LA_MATERIEL_INFO_202608303,PC portable,MacBook pro 15/16pouces,330
LA_MATERIEL_INFO_202608304,PC fixe sans ecran,ProDesk mini/DM,100
LA_MATERIEL_INFO_202608305,PC portable,Precision 5xxx,280
LA_MATERIEL_INFO_202608306,PC fixe tout-en-un,iMac 27pouces retina,450
LA_MATERIEL_INFO_202608307,PC portable,Latitude 7xxx,264
LA_MATERIEL_INFO_202608308,imprimante,Laser A3 (40-99kg),960
LA_MATERIEL_INFO_202608309,,Mac pro,900
LA_MATERIEL_INFO_2026083010,PC portable,Chromebook 14-15pouces,170
LA_MATERIEL_INFO_2026083011,,Mac pro,900
LA_MATERIEL_INFO_2026083012,PC fixe tout-en-un,modèle par défaut,352
LA_MATERIEL_INFO_2026083013,Serveur,Noeud de calcul,1300
NewYork_MATERIEL_INFO_202608300,Vidéo projecteur,Pour salle,150
Paris_MATERIEL_INFO_202608300,,Chromebook 14-15pouces,170
Paris_MATERIEL_INFO_202608301,PC fixe tout-en-un,iMac pro,700
Paris_MATERIEL_INFO_202608302,clavier,modèle par défaut,24
Paris_MATERIEL_INFO_202608303,PC fixe tout-en-un,iMac 21pouces,290
Paris_MATERIEL_INFO_202608304,PC fixe tout-en-un,Optiplex All-in-One 3xxx,241
Paris_MATERIEL_INFO_202608305,PC fixe sans ecran,Precision tower 5xxx,440
Paris_MATERIEL_INFO_202608306,PC fixe sans ecran,,350
Paris_MATERIEL_INFO_202608307,PC fixe sans ecran,Optiplex small,240
Paris_MATERIEL_INFO_202608308,PC fixe tout-en-un,Optiplex All-in-One 5xxx,318
Paris_MATERIEL_INFO_202608309,PC fixe tout-en-un,Optiplex All-in-One 7xxx,382
Paris_MATERIEL_INFO_2026083010,Serveur,Modèle par défaut,1300
Paris_MATERIEL_INFO_2026083011,,Optiplex small,240
Paris_MATERIEL_INFO_2026083012,PC fixe tout-en-un,modèle par défaut,352
Paris_MATERIEL_INFO_2026083013,PC portable,,260
Shanghai_MATERIEL_INFO_202608300,,modèle par défaut,350
Shanghai_MATERIEL_INFO_202608301,PC fixe tout-en-un,iMac pro,700
Shanghai_MATERIEL_INFO_202608302,PC portable,Precision 5xxx,280
Shanghai_MATERIEL_INFO_202608303,clavier,modèle par défaut,24
Shanghai_MATERIEL_INFO_202608304,,32pouces et plus,590
Shanghai_MATERIEL_INFO_202608305,PC portable,OMEN,290
Shanghai_MATERIEL_INFO_202608306,Disque dur,modèle par défaut,10
Shanghai_MATERIEL_INFO_202608307,PC portable,,260
Shanghai_MATERIEL_INFO_202608308,PC fixe sans ecran,"EliteDesk (Tower, SFF, One)",393
Shanghai_MATERIEL_INFO_202608309,PC fixe tout-en-un,iMac pro,700
Shanghai_MATERIEL_INFO_2026083010,Ecran,24pouces-31pouces,430
Shanghai_MATERIEL_INFO_2026083011,PC portable,Moyenne 17pouces,365
BERLIN_MATERIEL_INFO_202608310,,ZBook Studio,379
BERLIN_MATERIEL_INFO_202608311,PC portable,,260
BERLIN_MATERIEL_INFO_202608312,PC portable,Latitude 7xxx,264
LONDON_MATERIEL_INFO_202608310,PC fixe sans ecran,Optiplex tower,260
LONDON_MATERIEL_INFO_202608311,,Precision tower 5xxx,440
LONDON_MATERIEL_INFO_202608312,,Moyenne 13pouces,250
LONDON_MATERIEL_INFO_202608313,PC fixe sans ecran,Precision tower 5xxx,440
LONDON_MATERIEL_INFO_202608314,clavier,modèle par défaut,24
LONDON_MATERIEL_INFO_202608315,souris,modèle par défaut,5
LONDON_MATERIEL_INFO_202608316,PC portable,Precision 5xxx,280
LONDON_MATERIEL_INFO_202608317,PC fixe sans ecran,Precision tower 7xxx,555
LONDON_MATERIEL_INFO_202608318,PC fixe sans ecran,Optiplex micro,174
LA_MATERIEL_INFO_202608310,PC portable,Latitude 5xxx,300
LA_MATERIEL_INFO_202608311,Ecran,modèle par défaut,430
LA_MATERIEL_INFO_202608312,PC portable,,260
LA_MATERIEL_INFO_202608313,PC portable,Moyenne 17pouces,365
LA_MATERIEL_INFO_202608314,Ecran,jusqu'à 23pouces,350
LA_MATERIEL_INFO_202608315,PC fixe tout-en-un,iMac 27pouces retina,450
LA_MATERIEL_INFO_202608316,,Z,409
NewYork_MATERIEL_INFO_202608310,PC portable,ZBook Studio,379
NewYork_MATERIEL_INFO_202608311,PC portable,ZBook Studio,379
NewYork_MATERIEL_INFO_202608312,PC portable,,260
NewYork_MATERIEL_INFO_202608313,souris,modèle par défaut,5
NewYork_MATERIEL_INFO_202608314,Vidéo projecteur,Pour amphi,200
NewYork_MATERIEL_INFO_202608315,,Latitude 3xxx,220
NewYork_MATERIEL_INFO_202608316,Tablette,modèle par défaut,150
NewYork_MATERIEL_INFO_202608317,Ecran,,430
NewYork_MATERIEL_INFO_202608318,PC portable,ZBook Studio,379
NewYork_MATERIEL_INFO_202608319,,Mac pro,900
NewYork_MATERIEL_INFO_2026083110,PC fixe tout-en-un,modèle par défaut,352
NewYork_MATERIEL_INFO_2026083111,PC fixe sans ecran,Precision tower 5xxx,440
Paris_MATERIEL_INFO_202608310,PC fixe sans ecran,Elite mini,137
Paris_MATERIEL_INFO_202608311,imprimante,Laser à poser (<40kg),430
Paris_MATERIEL_INFO_202608312,PC fixe sans ecran,Precision tower 3xxx,285
Paris_MATERIEL_INFO_202608313,Tablette,,150
Paris_MATERIEL_INFO_202608314,PC portable,EliteBook 6xx,175
Paris_MATERIEL_INFO_202608315,Ecran,32pouces et plus,590
Shanghai_MATERIEL_INFO_202608310,PC portable,,260
Shanghai_MATERIEL_INFO_202608311,Borne wifi,modèle par défaut,10
Shanghai_MATERIEL_INFO_202608312,PC fixe tout-en-un,Optiplex All-in-One 5xxx,318
Shanghai_MATERIEL_INFO_202608313,PC fixe sans ecran,Z,409
Shanghai_MATERIEL_INFO_202608314,PC fixe sans ecran,Optiplex micro,174
Shanghai_MATERIEL_INFO_202608315,PC fixe sans ecran,ProDesk mini/DM,100
Shanghai_MATERIEL_INFO_202608316,,"EliteDesk (Tower, SFF, One)",393
Shanghai_MATERIEL_INFO_202608317,PC fixe sans ecran,Mac pro,900
Shanghai_MATERIEL_INFO_202608318,,Chromebook 11-13pouces,175
Shanghai_MATERIEL_INFO_202608319,Ecran,jusqu'à 23pouces,350
Shanghai_MATERIEL_INFO_2026083110,,PC Fixe (moy),300
Shanghai_MATERIEL_INFO_2026083111,PC portable,ZBook,303
BERLIN_MATERIEL_INFO_202609010,,modèle par défaut,350
BERLIN_MATERIEL_INFO_202609011,PC portable,Latitude 7xxx,264
BERLIN_MATERIEL_INFO_202609012,,Precision 3xxx,266
BERLIN_MATERIEL_INFO_202609013,,MacBook air retina,176
LONDON_MATERIEL_INFO_202609010,Vidéo projecteur,,94
LONDON_MATERIEL_INFO_202609011,PC portable,EliteBook 6xx,175
LONDON_MATERIEL_INFO_202609012,,modèle par défaut,350
LONDON_MATERIEL_INFO_202609013,PC fixe tout-en-un,iMac 21pouces retina,300
LONDON_MATERIEL_INFO_202609014,PC fixe sans ecran,"Prodesk (Tower, SFF)",322
LONDON_MATERIEL_INFO_202609015,,modèle par défaut,350
LONDON_MATERIEL_INFO_202609016,,EliteDesk DM,230
LONDON_MATERIEL_INFO_202609017,PC fixe sans ecran,"Elite (Tower, SFF, One)",393
LONDON_MATERIEL_INFO_202609018,Serveur,Modèle par défaut,1300
LONDON_MATERIEL_INFO_202609019,PC fixe sans ecran,Mac mini,270
LONDON_MATERIEL_INFO_2026090110,,Victus,267
LA_MATERIEL_INFO_202609010,Tablette,modèle par défaut,150
LA_MATERIEL_INFO_202609011,PC portable,,260
LA_MATERIEL_INFO_202609012,PC fixe tout-en-un,iMac pro,700
NewYork_MATERIEL_INFO_202609010,imprimante,Laser à poser (<40kg),430
NewYork_MATERIEL_INFO_202609011,,modèle par défaut,350
NewYork_MATERIEL_INFO_202609012,,ProBook,226
Paris_MATERIEL_INFO_202609010,PC fixe sans ecran,Optiplex micro,174
Paris_MATERIEL_INFO_202609011,Station d'accueil,modèle par défaut,26
Paris_MATERIEL_INFO_202609012,PC fixe sans ecran,Z,409
Paris_MATERIEL_INFO_202609013,PC fixe sans ecran,Rasberry pi 4,15
Paris_MATERIEL_INFO_202609014,,modèle par défaut,350
Shanghai_MATERIEL_INFO_202609010,,modèle par défaut,350
Shanghai_MATERIEL_INFO_202609011,PC portable,Chromebook 14-15pouces,170
Shanghai_MATERIEL_INFO_202609012,,"Prodesk (Tower, SFF)",322
Shanghai_MATERIEL_INFO_202609013,PC portable,MacBook pro 15/16pouces,330
BERLIN_MATERIEL_INFO_202609020,PC portable,Chromebook 14-15pouces,170
BERLIN_MATERIEL_INFO_202609021,PC fixe sans ecran,,350
BERLIN_MATERIEL_INFO_202609022,PC fixe tout-en-un,iMac 21pouces,290
LONDON_MATERIEL_INFO_202609020,PC portable,Moyenne 13pouces,250
LONDON_MATERIEL_INFO_202609021,PC portable,ProBook,226
LONDON_MATERIEL_INFO_202609022,PC fixe tout-en-un,iMac 21pouces retina,300
LONDON_MATERIEL_INFO_202609023,,EliteBook 6xx,175
LONDON_MATERIEL_INFO_202609024,PC portable,Latitude 5xxx,300
LONDON_MATERIEL_INFO_202609025,PC portable,Victus,267
LONDON_MATERIEL_INFO_202609026,Smartphone,modèle par défaut,63
LONDON_MATERIEL_INFO_202609027,PC fixe sans ecran,Elite mini,137
LA_MATERIEL_INFO_202609020,PC fixe sans ecran,Elite mini,137
LA_MATERIEL_INFO_202609021,PC fixe sans ecran,Rasberry pi 4,15
LA_MATERIEL_INFO_202609022,PC portable,MacBook pro 13pouces,256
LA_MATERIEL_INFO_202609023,imprimante,Laser à poser (<40kg),430
LA_MATERIEL_INFO_202609024,PC portable,EliteBook 10xx,223
LA_MATERIEL_INFO_202609025,PC fixe sans ecran,ZHAN,264
LA_MATERIEL_INFO_202609026,PC portable,modèle par défaut,260
LA_MATERIEL_INFO_202609027,Disque dur,modèle par défaut,10
LA_MATERIEL_INFO_202609028,PC fixe tout-en-un,Mac pro,900
LA_MATERIEL_INFO_202609029,PC fixe sans ecran,PC Fixe (moy),300
LA_MATERIEL_INFO_2026090210,PC portable,,260
LA_MATERIEL_INFO_2026090211,PC fixe sans ecran,ZHAN,264
LA_MATERIEL_INFO_2026090212,PC fixe sans ecran,Precision tower 5xxx,440
LA_MATERIEL_INFO_2026090213,,Pour salle,150
NewYork_MATERIEL_INFO_202609020,Tablette,modèle par défaut,150
NewYork_MATERIEL_INFO_202609021,PC fixe sans ecran,Mac pro,900
NewYork_MATERIEL_INFO_202609022,,MacBook air,250
NewYork_MATERIEL_INFO_202609023,,modèle par défaut,350
NewYork_MATERIEL_INFO_202609024,,EliteBook 6xx,175
NewYork_MATERIEL_INFO_202609025,imprimante,Laser A3 (>100kg),1800
NewYork_MATERIEL_INFO_202609026,PC fixe sans ecran,,350
NewYork_MATERIEL_INFO_202609027,PC fixe sans ecran,Optiplex tower,260
Paris_MATERIEL_INFO_202609020,PC portable,Moyenne 17pouces,365
Paris_MATERIEL_INFO_202609021,PC portable,modèle par défaut,260
Paris_MATERIEL_INFO_202609022,,Pour salle,150
Paris_MATERIEL_INFO_202609023,PC fixe sans ecran,modèle par défaut,350
Paris_MATERIEL_INFO_202609024,PC fixe sans ecran,Wyse thin client,69
Shanghai_MATERIEL_INFO_202609020,PC portable,ZBook,303
Shanghai_MATERIEL_INFO_202609021,PC fixe sans ecran,Optiplex micro,174
Shanghai_MATERIEL_INFO_202609022,PC fixe tout-en-un,iMac pro,700
Shanghai_MATERIEL_INFO_202609023,Smartphone,modèle par défaut,63
Shanghai_MATERIEL_INFO_202609024,Borne wifi,modèle par défaut,10
Shanghai_MATERIEL_INFO_202609025,,ZBook Studio,379
Shanghai_MATERIEL_INFO_202609026,,Optiplex tower,260
Shanghai_MATERIEL_INFO_202609027,,ZBook Studio,379
Shanghai_MATERIEL_INFO_202609028,PC portable,,260
Shanghai_MATERIEL_INFO_202609029,PC fixe sans ecran,Z,409
Shanghai_MATERIEL_INFO_2026090210,,ZBook Studio,379
Shanghai_MATERIEL_INFO_2026090211,PC portable,EliteBook 6xx,175
Shanghai_MATERIEL_INFO_2026090212,,modèle par défaut,350
BERLIN_MATERIEL_INFO_202609030,Ecran,jusqu'à 23pouces,350
BERLIN_MATERIEL_INFO_202609031,Ecran,modèle par défaut,430
BERLIN_MATERIEL_INFO_202609032,PC portable,Latitude 7xxx,264
BERLIN_MATERIEL_INFO_202609033,PC portable,Victus,267
BERLIN_MATERIEL_INFO_202609034,PC portable,EliteBook 10xx,223
BERLIN_MATERIEL_INFO_202609035,,Victus,267
LONDON_MATERIEL_INFO_202609030,Tablette,modèle par défaut,150
LONDON_MATERIEL_INFO_202609031,PC fixe sans ecran,Z,409
LONDON_MATERIEL_INFO_202609032,Borne wifi,,10
LONDON_MATERIEL_INFO_202609033,imprimante,Laser à poser (<40kg),430
LONDON_MATERIEL_INFO_202609034,,modèle par défaut,350
LONDON_MATERIEL_INFO_202609035,imprimante,,500
LA_MATERIEL_INFO_202609030,Disque dur,modèle par défaut,10
LA_MATERIEL_INFO_202609031,,Optiplex All-in-One 5xxx,318
LA_MATERIEL_INFO_202609032,PC portable,,260
LA_MATERIEL_INFO_202609033,PC fixe sans ecran,OMEN,290
LA_MATERIEL_INFO_202609034,,Z,409
LA_MATERIEL_INFO_202609035,,Pour salle,150
LA_MATERIEL_INFO_202609036,PC fixe sans ecran,Optiplex tower,260
LA_MATERIEL_INFO_202609037,PC fixe sans ecran,Elite mini,137
LA_MATERIEL_INFO_202609038,Ecran,jusqu'à 23pouces,350
LA_MATERIEL_INFO_202609039,PC fixe sans ecran,Optiplex tower,260
LA_MATERIEL_INFO_2026090310,Borne wifi,modèle par défaut,10
LA_MATERIEL_INFO_2026090311,,modèle par défaut,350
LA_MATERIEL_INFO_2026090312,,Precision 5xxx,280
NewYork_MATERIEL_INFO_202609030,PC portable,MacBook air,250
NewYork_MATERIEL_INFO_202609031,PC portable,ZBook,303
NewYork_MATERIEL_INFO_202609032,PC fixe sans ecran,ZHAN,264
NewYork_MATERIEL_INFO_202609033,,MacBook air pre-retina,310
NewYork_MATERIEL_INFO_202609034,PC fixe sans ecran,ZHAN,264
NewYork_MATERIEL_INFO_202609035,PC fixe sans ecran,"EliteDesk (Tower, SFF, One)",393
NewYork_MATERIEL_INFO_202609036,PC fixe sans ecran,Wyse thin client,69
Paris_MATERIEL_INFO_202609030,PC portable,ZBook Studio,379
Paris_MATERIEL_INFO_202609031,PC portable,Victus,267
Paris_MATERIEL_INFO_202609032,PC fixe sans ecran,Optiplex small,240
Paris_MATERIEL_INFO_202609033,PC fixe sans ecran,Mac pro,900
Paris_MATERIEL_INFO_202609034,PC portable,Precision 7xxx,304
Paris_MATERIEL_INFO_202609035,clavier,modèle par défaut,24
Paris_MATERIEL_INFO_202609036,,Latitude 7xxx,264
Paris_MATERIEL_INFO_202609037,PC portable,Latitude 5xxx,300
Paris_MATERIEL_INFO_202609038,Serveur,Modèle par défaut,1300
Paris_MATERIEL_INFO_202609039,PC fixe sans ecran,Precision tower 7xxx,555
Paris_MATERIEL_INFO_2026090310,PC portable,OMEN,290
Paris_MATERIEL_INFO_2026090311,,MacBook air retina,176
Paris_MATERIEL_INFO_2026090312,PC portable,ZBook Studio,379
Paris_MATERIEL_INFO_2026090313,PC fixe sans ecran,Optiplex small,240
Shanghai_MATERIEL_INFO_202609030,PC portable,EliteBook 8xx,290
Shanghai_MATERIEL_INFO_202609031,PC portable,Moyenne 17pouces,365
Shanghai_MATERIEL_INFO_202609032,,modèle par défaut,350
BERLIN_MATERIEL_INFO_202609040,PC portable,,260
BERLIN_MATERIEL_INFO_202609041,Vidéo projecteur,modèle par défaut,94
BERLIN_MATERIEL_INFO_202609042,,Precision 7xxx,304
LONDON_MATERIEL_INFO_202609040,,Precision 5xxx,280
LONDON_MATERIEL_INFO_202609041,PC portable,Chromebook 14-15pouces,170
LONDON_MATERIEL_INFO_202609042,Vidéo projecteur,Pour salle,150
LONDON_MATERIEL_INFO_202609043,,MacBook air,250
LONDON_MATERIEL_INFO_202609044,PC fixe tout-en-un,iMac 21pouces,290
LONDON_MATERIEL_INFO_202609045,PC fixe sans ecran,"Elite (Tower, SFF, One)",393
LONDON_MATERIEL_INFO_202609046,Ecran,24pouces-31pouces,430
LONDON_MATERIEL_INFO_202609047,Serveur,,1300
LONDON_MATERIEL_INFO_202609048,,modèle par défaut,350
LONDON_MATERIEL_INFO_202609049,PC fixe sans ecran,Precision tower 3xxx,285
LONDON_MATERIEL_INFO_2026090410,,Mac pro,900
LONDON_MATERIEL_INFO_2026090411,PC fixe sans ecran,,350
LA_MATERIEL_INFO_202609040,PC fixe sans ecran,Precision tower 7xxx,555
LA_MATERIEL_INFO_202609041,PC portable,OMEN,290
LA_MATERIEL_INFO_202609042,PC fixe sans ecran,modèle par défaut,350
LA_MATERIEL_INFO_202609043,PC fixe sans ecran,Precision tower 7xxx,555
LA_MATERIEL_INFO_202609044,imprimante,,500
LA_MATERIEL_INFO_202609045,PC fixe sans ecran,"Elite (Tower, SFF, One)",393
LA_MATERIEL_INFO_202609046,Vidéo projecteur,Pour salle,150
LA_MATERIEL_INFO_202609047,PC fixe tout-en-un,Optiplex All-in-One 5xxx,318
LA_MATERIEL_INFO_202609048,,iMac pro,700
LA_MATERIEL_INFO_202609049,PC fixe sans ecran,ProDesk mini/DM,100
NewYork_MATERIEL_INFO_202609040,souris,modèle par défaut,5
NewYork_MATERIEL_INFO_202609041,PC fixe tout-en-un,iMac 21pouces,290
NewYork_MATERIEL_INFO_202609042,Station d'accueil,modèle par défaut,26
NewYork_MATERIEL_INFO_202609043,Smartphone,modèle par défaut,63
NewYork_MATERIEL_INFO_202609044,Vidéo projecteur,modèle par défaut,94
NewYork_MATERIEL_INFO_202609045,PC fixe tout-en-un,iMac 27pouces retina,450
Paris_MATERIEL_INFO_202609040,PC fixe tout-en-un,modèle par défaut,352
Paris_MATERIEL_INFO_202609041,PC fixe sans ecran,Rasberry pi 4,15
Paris_MATERIEL_INFO_202609042,,Optiplex All-in-One 3xxx,241
Paris_MATERIEL_INFO_202609043,PC portable,Chromebook 11-13pouces,175
Paris_MATERIEL_INFO_202609044,PC fixe sans ecran,,350
Paris_MATERIEL_INFO_202609045,PC portable,MacBook air pre-retina,310
Paris_MATERIEL_INFO_202609046,,Precision 7xxx,304
Paris_MATERIEL_INFO_202609047,PC portable,modèle par défaut,260
Paris_MATERIEL_INFO_202609048,PC portable,MacBook air,250
Paris_MATERIEL_INFO_202609049,,modèle par défaut,350
Paris_MATERIEL_INFO_2026090410,PC fixe sans ecran,ProDesk mini/DM,100
Paris_MATERIEL_INFO_2026090411,souris,modèle par défaut,5
Shanghai_MATERIEL_INFO_202609040,PC fixe sans ecran,Elite mini,137
Shanghai_MATERIEL_INFO_202609041,PC portable,,260
Shanghai_MATERIEL_INFO_202609042,PC fixe sans ecran,modèle par défaut,350
Shanghai_MATERIEL_INFO_202609043,PC fixe sans ecran,Optiplex micro,174
Shanghai_MATERIEL_INFO_202609044,PC portable,Chromebook 14-15pouces,170
Shanghai_MATERIEL_INFO_202609045,PC fixe sans ecran,ZHAN,264
Shanghai_MATERIEL_INFO_202609046,souris,modèle par défaut,5
Shanghai_MATERIEL_INFO_202609047,,EliteDesk DM,230
Shanghai_MATERIEL_INFO_202609048,PC fixe sans ecran,"Prodesk (Tower, SFF)",322
Shanghai_MATERIEL_INFO_202609049,Borne wifi,modèle par défaut,10
Shanghai_MATERIEL_INFO_2026090410,Serveur,Serveur de stockage,2500
Shanghai_MATERIEL_INFO_2026090411,,Moyenne 14/15pouces,294
Shanghai_MATERIEL_INFO_2026090412,,Chromebook 11-13pouces,175
BERLIN_MATERIEL_INFO_202609050,PC portable,Precision 3xxx,266
BERLIN_MATERIEL_INFO_202609051,PC portable,Victus,267
BERLIN_MATERIEL_INFO_202609052,PC portable,modèle par défaut,260
BERLIN_MATERIEL_INFO_202609053,PC fixe sans ecran,,350
BERLIN_MATERIEL_INFO_202609054,PC portable,,260
BERLIN_MATERIEL_INFO_202609055,,MacBook air pre-retina,310
LONDON_MATERIEL_INFO_202609050,Disque dur,modèle par défaut,10
LONDON_MATERIEL_INFO_202609051,Ecran,modèle par défaut,430
LONDON_MATERIEL_INFO_202609052,,"Elite (Tower, SFF, One)",393
LA_MATERIEL_INFO_202609050,PC fixe sans ecran,Optiplex tower,260
LA_MATERIEL_INFO_202609051,PC portable,Latitude 7xxx,264
LA_MATERIEL_INFO_202609052,PC fixe tout-en-un,iMac 21pouces retina,300
LA_MATERIEL_INFO_202609053,Ecran,,430
LA_MATERIEL_INFO_202609054,PC fixe sans ecran,,350
LA_MATERIEL_INFO_202609055,PC fixe sans ecran,,350
LA_MATERIEL_INFO_202609056,Tablette,modèle par défaut,150
NewYork_MATERIEL_INFO_202609050,PC portable,MacBook air,250
NewYork_MATERIEL_INFO_202609051,PC fixe tout-en-un,Mac pro,900
NewYork_MATERIEL_INFO_202609052,PC fixe sans ecran,Rasberry pi 4,15
NewYork_MATERIEL_INFO_202609053,,Optiplex All-in-One 3xxx,241
NewYork_MATERIEL_INFO_202609054,PC fixe sans ecran,Station de travail (moy),600
NewYork_MATERIEL_INFO_202609055,PC fixe sans ecran,Elite mini,137
NewYork_MATERIEL_INFO_202609056,,ZHAN,264
NewYork_MATERIEL_INFO_202609057,PC portable,MacBook air pre-retina,310
NewYork_MATERIEL_INFO_202609058,PC fixe sans ecran,Station de travail (moy),600
NewYork_MATERIEL_INFO_202609059,,Station de travail (moy),600
NewYork_MATERIEL_INFO_2026090510,PC fixe tout-en-un,iMac 21pouces retina,300
NewYork_MATERIEL_INFO_2026090511,Serveur,,1300
NewYork_MATERIEL_INFO_2026090512,PC portable,EliteBook 8xx,290
NewYork_MATERIEL_INFO_2026090513,PC fixe tout-en-un,Mac pro,900
Paris_MATERIEL_INFO_202609050,PC fixe sans ecran,ProDesk mini/DM,100
Paris_MATERIEL_INFO_202609051,,Precision tower 7xxx,555
Paris_MATERIEL_INFO_202609052,PC portable,MacBook air pre-retina,310
Paris_MATERIEL_INFO_202609053,PC fixe sans ecran,Precision tower 7xxx,555
Paris_MATERIEL_INFO_202609054,PC portable,Victus,267
Paris_MATERIEL_INFO_202609055,Serveur,,1300
Paris_MATERIEL_INFO_202609056,PC fixe sans ecran,Precision tower 7xxx,555
Paris_MATERIEL_INFO_202609057,,iMac pro,700
Paris_MATERIEL_INFO_202609058,,Precision tower 3xxx,285
Paris_MATERIEL_INFO_202609059,PC fixe sans ecran,Optiplex micro,174
Paris_MATERIEL_INFO_2026090510,PC fixe tout-en-un,,352
Paris_MATERIEL_INFO_2026090511,PC fixe sans ecran,Elite mini,137
Paris_MATERIEL_INFO_2026090512,,modèle par défaut,350
Paris_MATERIEL_INFO_2026090513,Serveur,Noeud de calcul,1300
Shanghai_MATERIEL_INFO_202609050,PC fixe tout-en-un,modèle par défaut,352
Shanghai_MATERIEL_INFO_202609051,,"EliteDesk (Tower, SFF, One)",393
Shanghai_MATERIEL_INFO_202609052,PC portable,,260
Shanghai_MATERIEL_INFO_202609053,imprimante,Laser A3 (>100kg),1800
Shanghai_MATERIEL_INFO_202609054,,Optiplex All-in-One 3xxx,241
Shanghai_MATERIEL_INFO_202609055,Telephone IP,modèle par défaut,17
Shanghai_MATERIEL_INFO_202609056,PC portable,ZBook Studio,379
Shanghai_MATERIEL_INFO_202609057,PC portable,modèle par défaut,260
Shanghai_MATERIEL_INFO_202609058,,Laser A3 (40-99kg),960
Shanghai_MATERIEL_INFO_202609059,Serveur,,1300
Shanghai_MATERIEL_INFO_2026090510,PC portable,MacBook air retina,176
Shanghai_MATERIEL_INFO_2026090511,PC portable,Moyenne 14/15pouces,294
Shanghai_MATERIEL_INFO_2026090512,PC portable,Latitude 5xxx,300
Shanghai_MATERIEL_INFO_2026090513,Ecran,,430
BERLIN_MATERIEL_INFO_202609060,Tablette,modèle par défaut,150
BERLIN_MATERIEL_INFO_202609061,PC portable,modèle par défaut,260
BERLIN_MATERIEL_INFO_202609062,PC fixe tout-en-un,Optiplex All-in-One 3xxx,241
BERLIN_MATERIEL_INFO_202609063,PC fixe tout-en-un,modèle par défaut,352
BERLIN_MATERIEL_INFO_202609064,,modèle par défaut,350
LONDON_MATERIEL_INFO_202609060,PC portable,EliteBook 6xx,175
LONDON_MATERIEL_INFO_202609061,,jusqu'à 23pouces,350
LONDON_MATERIEL_INFO_202609062,PC fixe sans ecran,Precision tower 5xxx,440
LONDON_MATERIEL_INFO_202609063,Station d'accueil,modèle par défaut,26
LONDON_MATERIEL_INFO_202609064,PC fixe sans ecran,EliteDesk DM,230
LONDON_MATERIEL_INFO_202609065,clavier,modèle par défaut,24
LONDON_MATERIEL_INFO_202609066,PC fixe sans ecran,Elite mini,137
LONDON_MATERIEL_INFO_202609067,PC fixe sans ecran,Rasberry pi 4,15
LONDON_MATERIEL_INFO_202609068,PC portable,MacBook air pre-retina,310
LA_MATERIEL_INFO_202609060,PC fixe tout-en-un,Optiplex All-in-One 7xxx,382
LA_MATERIEL_INFO_202609061,Station d'accueil,modèle par défaut,26
LA_MATERIEL_INFO_202609062,,Laser A3 (40-99kg),960
LA_MATERIEL_INFO_202609063,imprimante,modèle par défaut,500
LA_MATERIEL_INFO_202609064,PC fixe sans ecran,Precision tower 7xxx,555
LA_MATERIEL_INFO_202609065,PC portable,Precision 7xxx,304
LA_MATERIEL_INFO_202609066,,MacBook pro 13pouces,256
LA_MATERIEL_INFO_202609067,PC portable,ProBook,226
LA_MATERIEL_INFO_202609068,,ZBook Studio,379
NewYork_MATERIEL_INFO_202609060,PC portable,EliteBook 8xx,290
Paris_MATERIEL_INFO_202609060,PC fixe tout-en-un,Optiplex All-in-One 7xxx,382
Paris_MATERIEL_INFO_202609061,PC portable,Chromebook 11-13pouces,175
Paris_MATERIEL_INFO_202609062,PC portable,Chromebook 11-13pouces,175
Paris_MATERIEL_INFO_202609063,PC fixe sans ecran,OMEN,290
Paris_MATERIEL_INFO_202609064,PC portable,Precision 7xxx,304
Paris_MATERIEL_INFO_202609065,PC fixe sans ecran,Mac pro,900
Paris_MATERIEL_INFO_202609066,PC fixe sans ecran,Optiplex small,240
Paris_MATERIEL_INFO_202609067,PC fixe tout-en-un,modèle par défaut,352
Shanghai_MATERIEL_INFO_202609060,PC fixe sans ecran,Rasberry pi 4,15
Shanghai_MATERIEL_INFO_202609061,PC portable,OMEN,290
Shanghai_MATERIEL_INFO_202609062,PC portable,,260
Shanghai_MATERIEL_INFO_202609063,Serveur,,1300
BERLIN_MATERIEL_INFO_202609070,Ecran,24pouces-31pouces,430
BERLIN_MATERIEL_INFO_202609071,PC portable,MacBook air retina,176
BERLIN_MATERIEL_INFO_202609072,PC portable,Moyenne 17pouces,365
BERLIN_MATERIEL_INFO_202609073,PC portable,Latitude 5xxx,300
BERLIN_MATERIEL_INFO_202609074,,EliteDesk DM,230
LONDON_MATERIEL_INFO_202609070,PC fixe sans ecran,OMEN,290
LONDON_MATERIEL_INFO_202609071,Serveur,Modèle par défaut,1300
LONDON_MATERIEL_INFO_202609072,PC portable,MacBook air retina,176
LA_MATERIEL_INFO_202609070,Borne wifi,,10
LA_MATERIEL_INFO_202609071,,Moyenne 13pouces,250
LA_MATERIEL_INFO_202609072,PC fixe sans ecran,Z,409
LA_MATERIEL_INFO_202609073,PC fixe sans ecran,Precision tower 3xxx,285
LA_MATERIEL_INFO_202609074,PC fixe tout-en-un,,352
LA_MATERIEL_INFO_202609075,PC fixe tout-en-un,iMac pro,700
LA_MATERIEL_INFO_202609076,PC portable,ZBook Studio,379
LA_MATERIEL_INFO_202609077,PC portable,Moyenne 17pouces,365
LA_MATERIEL_INFO_202609078,PC portable,MacBook air,250
LA_MATERIEL_INFO_202609079,,Optiplex small,240
NewYork_MATERIEL_INFO_202609070,PC portable,Moyenne 13pouces,250
NewYork_MATERIEL_INFO_202609071,Vidéo projecteur,,94
NewYork_MATERIEL_INFO_202609072,,Noeud de calcul,1300
NewYork_MATERIEL_INFO_202609073,PC fixe sans ecran,,350
NewYork_MATERIEL_INFO_202609074,PC fixe tout-en-un,iMac 21pouces retina,300
Paris_MATERIEL_INFO_202609070,,Optiplex tower,260
Paris_MATERIEL_INFO_202609071,Ecran,24pouces-31pouces,430
Paris_MATERIEL_INFO_202609072,PC portable,,260
Paris_MATERIEL_INFO_202609073,Telephone IP,modèle par défaut,17
Paris_MATERIEL_INFO_202609074,PC portable,,260
Paris_MATERIEL_INFO_202609075,PC fixe sans ecran,"Prodesk (Tower, SFF)",322
Paris_MATERIEL_INFO_202609076,,MacBook air,250
Paris_MATERIEL_INFO_202609077,PC fixe sans ecran,Wyse thin client,69
Paris_MATERIEL_INFO_202609078,PC fixe sans ecran,modèle par défaut,350
Shanghai_MATERIEL_INFO_202609070,clavier,modèle par défaut,24
Shanghai_MATERIEL_INFO_202609071,,PC Fixe (moy),300
Shanghai_MATERIEL_INFO_202609072,PC portable,Precision 7xxx,304
Shanghai_MATERIEL_INFO_202609073,PC fixe sans ecran,Wyse thin client,69
Shanghai_MATERIEL_INFO_202609074,PC portable,Latitude 7xxx,264
Shanghai_MATERIEL_INFO_202609075,PC portable,OMEN,290
Shanghai_MATERIEL_INFO_202609076,,Z,409
Shanghai_MATERIEL_INFO_202609077,PC portable,MacBook air pre-retina,310
Shanghai_MATERIEL_INFO_202609078,PC portable,EliteBook 8xx,290
BERLIN_MATERIEL_INFO_202609080,imprimante,modèle par défaut,500
BERLIN_MATERIEL_INFO_202609081,,modèle par défaut,350
BERLIN_MATERIEL_INFO_202609082,imprimante,Laser A3 (>100kg),1800
LONDON_MATERIEL_INFO_202609080,Vidéo projecteur,Pour salle,150
LONDON_MATERIEL_INFO_202609081,,modèle par défaut,350
LONDON_MATERIEL_INFO_202609082,PC portable,Moyenne 14/15pouces,294
LA_MATERIEL_INFO_202609080,PC fixe sans ecran,Optiplex small,240
LA_MATERIEL_INFO_202609081,PC fixe sans ecran,"Elite (Tower, SFF, One)",393
LA_MATERIEL_INFO_202609082,PC fixe sans ecran,Optiplex micro,174
LA_MATERIEL_INFO_202609083,PC portable,Precision 5xxx,280
LA_MATERIEL_INFO_202609084,PC fixe tout-en-un,iMac 21pouces,290
LA_MATERIEL_INFO_202609085,,Chromebook 14-15pouces,170
LA_MATERIEL_INFO_202609086,imprimante,modèle par défaut,500
LA_MATERIEL_INFO_202609087,PC fixe sans ecran,PC Fixe (moy),300
LA_MATERIEL_INFO_202609088,PC fixe tout-en-un,iMac 27pouces retina,450
LA_MATERIEL_INFO_202609089,PC portable,MacBook pro 15/16pouces,330
LA_MATERIEL_INFO_2026090810,Serveur,Serveur de stockage,2500
NewYork_MATERIEL_INFO_202609080,PC portable,ZBook,303
NewYork_MATERIEL_INFO_202609081,,PC Fixe (moy),300
NewYork_MATERIEL_INFO_202609082,Vidéo projecteur,Pour amphi,200
NewYork_MATERIEL_INFO_202609083,,Rasberry pi 4,15
Paris_MATERIEL_INFO_202609080,PC portable,EliteBook 8xx,290
Shanghai_MATERIEL_INFO_202609080,PC fixe tout-en-un,iMac 21pouces retina,300
Shanghai_MATERIEL_INFO_202609081,PC portable,Latitude 7xxx,264
Shanghai_MATERIEL_INFO_202609082,PC fixe sans ecran,OMEN,290
Shanghai_MATERIEL_INFO_202609083,PC fixe tout-en-un,iMac 21pouces retina,300
Shanghai_MATERIEL_INFO_202609084,PC portable,ProBook,226
Shanghai_MATERIEL_INFO_202609085,,24pouces-31pouces,430
BERLIN_MATERIEL_INFO_202609090,PC fixe sans ecran,,350
BERLIN_MATERIEL_INFO_202609091,PC fixe sans ecran,Station de travail (moy),600
BERLIN_MATERIEL_INFO_202609092,PC fixe sans ecran,Station de travail (moy),600
BERLIN_MATERIEL_INFO_202609093,Serveur,Serveur de stockage,2500
BERLIN_MATERIEL_INFO_202609094,PC fixe tout-en-un,Optiplex All-in-One 7xxx,382
LONDON_MATERIEL_INFO_202609090,PC fixe tout-en-un,Mac pro,900
LONDON_MATERIEL_INFO_202609091,Vidéo projecteur,Transportable,94
LONDON_MATERIEL_INFO_202609092,PC fixe sans ecran,,350
LONDON_MATERIEL_INFO_202609093,PC fixe tout-en-un,,352
LONDON_MATERIEL_INFO_202609094,PC portable,EliteBook 8xx,290
LONDON_MATERIEL_INFO_202609095,PC fixe sans ecran,"Prodesk (Tower, SFF)",322
LA_MATERIEL_INFO_202609090,PC fixe sans ecran,Elite mini,137
LA_MATERIEL_INFO_202609091,,iMac 21pouces,290
LA_MATERIEL_INFO_202609092,PC portable,ZBook Studio,379
LA_MATERIEL_INFO_202609093,imprimante,Laser à poser (<40kg),430
LA_MATERIEL_INFO_202609094,PC portable,Precision 5xxx,280
LA_MATERIEL_INFO_202609095,PC portable,Latitude 7xxx,264
LA_MATERIEL_INFO_202609096,PC fixe sans ecran,Rasberry pi 4,15
LA_MATERIEL_INFO_202609097,PC portable,MacBook air,250
LA_MATERIEL_INFO_202609098,,EliteBook 8xx,290
LA_MATERIEL_INFO_202609099,PC fixe sans ecran,EliteDesk DM,230
LA_MATERIEL_INFO_2026090910,,"EliteDesk (Tower, SFF, One)",393
LA_MATERIEL_INFO_2026090911,PC fixe sans ecran,Optiplex micro,174
LA_MATERIEL_INFO_2026090912,PC portable,Moyenne 13pouces,250
NewYork_MATERIEL_INFO_202609090,Disque dur,modèle par défaut,10
NewYork_MATERIEL_INFO_202609091,PC fixe sans ecran,Mac pro,900
NewYork_MATERIEL_INFO_202609092,,"EliteDesk (Tower, SFF, One)",393
NewYork_MATERIEL_INFO_202609093,PC portable,ZBook Studio,379
NewYork_MATERIEL_INFO_202609094,PC fixe sans ecran,Precision tower 5xxx,440
NewYork_MATERIEL_INFO_202609095,PC fixe tout-en-un,iMac 21pouces retina,300
NewYork_MATERIEL_INFO_202609096,PC fixe sans ecran,Mac pro,900
NewYork_MATERIEL_INFO_202609097,,MacBook pro 15/16pouces,330
NewYork_MATERIEL_INFO_202609098,PC portable,Precision 7xxx,304
NewYork_MATERIEL_INFO_202609099,Smartphone,modèle par défaut,63
Paris_MATERIEL_INFO_202609090,PC fixe sans ecran,,350
Paris_MATERIEL_INFO_202609091,PC portable,MacBook air pre-retina,310
Paris_MATERIEL_INFO_202609092,PC portable,ZBook,303
Paris_MATERIEL_INFO_202609093,Smartphone,modèle par défaut,63
Shanghai_MATERIEL_INFO_202609090,PC portable,,260
Shanghai_MATERIEL_INFO_202609091,PC portable,Latitude 5xxx,300
Shanghai_MATERIEL_INFO_202609092,PC fixe sans ecran,,350
Shanghai_MATERIEL_INFO_202609093,PC fixe sans ecran,Elite mini,137
BERLIN_MATERIEL_INFO_202609100,,modèle par défaut,350
BERLIN_MATERIEL_INFO_202609101,PC portable,EliteBook 6xx,175
BERLIN_MATERIEL_INFO_202609102,Ecran,modèle par défaut,430
BERLIN_MATERIEL_INFO_202609103,PC portable,MacBook air retina,176
BERLIN_MATERIEL_INFO_202609104,Smartphone,,63
LONDON_MATERIEL_INFO_202609100,PC fixe sans ecran,,350
LONDON_MATERIEL_INFO_202609101,PC portable,OMEN,290
LONDON_MATERIEL_INFO_202609102,PC fixe tout-en-un,Optiplex All-in-One 5xxx,318
LONDON_MATERIEL_INFO_202609103,PC fixe tout-en-un,modèle par défaut,352
LONDON_MATERIEL_INFO_202609104,PC portable,MacBook pro 15/16pouces,330
LONDON_MATERIEL_INFO_202609105,PC fixe sans ecran,PC Fixe (moy),300
LONDON_MATERIEL_INFO_202609106,PC portable,Chromebook 14-15pouces,170
LA_MATERIEL_INFO_202609100,Serveur,Noeud de calcul,1300
LA_MATERIEL_INFO_202609101,souris,modèle par défaut,5
LA_MATERIEL_INFO_202609102,PC fixe sans ecran,Elite mini,137
LA_MATERIEL_INFO_202609103,Smartphone,modèle par défaut,63
LA_MATERIEL_INFO_202609104,PC fixe sans ecran,Precision tower 7xxx,555
LA_MATERIEL_INFO_202609105,PC fixe sans ecran,OMEN,290
LA_MATERIEL_INFO_202609106,,Rasberry pi 4,15
LA_MATERIEL_INFO_202609107,Vidéo projecteur,Pour salle,150
LA_MATERIEL_INFO_202609108,PC fixe sans ecran,Optiplex micro,174
LA_MATERIEL_INFO_202609109,,Precision 7xxx,304
LA_MATERIEL_INFO_2026091010,PC portable,,260
LA_MATERIEL_INFO_2026091011,PC portable,Moyenne 14/15pouces,294
NewYork_MATERIEL_INFO_202609100,PC fixe sans ecran,ProDesk mini/DM,100
NewYork_MATERIEL_INFO_202609101,PC fixe tout-en-un,iMac pro,700
NewYork_MATERIEL_INFO_202609102,PC portable,EliteBook 6xx,175
NewYork_MATERIEL_INFO_202609103,PC fixe sans ecran,,350
NewYork_MATERIEL_INFO_202609104,,"Prodesk (Tower, SFF)",322
NewYork_MATERIEL_INFO_202609105,,Optiplex All-in-One 7xxx,382
NewYork_MATERIEL_INFO_202609106,PC fixe sans ecran,EliteDesk DM,230
NewYork_MATERIEL_INFO_202609107,imprimante,modèle par défaut,500
NewYork_MATERIEL_INFO_202609108,Smartphone,modèle par défaut,63
NewYork_MATERIEL_INFO_202609109,PC portable,Precision 5xxx,280
NewYork_MATERIEL_INFO_2026091010,Tablette,modèle par défaut,150
NewYork_MATERIEL_INFO_2026091011,,Chromebook 14-15pouces,170
NewYork_MATERIEL_INFO_2026091012,PC fixe tout-en-un,modèle par défaut,352
Paris_MATERIEL_INFO_202609100,,Elite mini,137
Paris_MATERIEL_INFO_202609101,PC fixe tout-en-un,Optiplex All-in-One 7xxx,382
Paris_MATERIEL_INFO_202609102,PC fixe sans ecran,Rasberry pi 4,15
Paris_MATERIEL_INFO_202609103,PC portable,EliteBook 8xx,290
Paris_MATERIEL_INFO_202609104,Telephone IP,modèle par défaut,17
Shanghai_MATERIEL_INFO_202609100,clavier,modèle par défaut,24
Shanghai_MATERIEL_INFO_202609101,,ZHAN,264
Shanghai_MATERIEL_INFO_202609102,,Moyenne 17pouces,365
Shanghai_MATERIEL_INFO_202609103,PC fixe sans ecran,Optiplex micro,174
Shanghai_MATERIEL_INFO_202609104,PC portable,MacBook air,250
Shanghai_MATERIEL_INFO_202609105,PC fixe sans ecran,Rasberry pi 4,15
Shanghai_MATERIEL_INFO_202609106,,Noeud de calcul,1300
Shanghai_MATERIEL_INFO_202609107,PC portable,EliteBook 10xx,223
Shanghai_MATERIEL_INFO_202609108,PC portable,MacBook air retina,176
Shanghai_MATERIEL_INFO_202609109,,MacBook air,250
BERLIN_MATERIEL_INFO_202609110,PC portable,EliteBook 10xx,223
BERLIN_MATERIEL_INFO_202609111,PC fixe tout-en-un,Optiplex All-in-One 7xxx,382
BERLIN_MATERIEL_INFO_202609112,PC fixe tout-en-un,Mac pro,900
LONDON_MATERIEL_INFO_202609110,Station d'accueil,modèle par défaut,26
LONDON_MATERIEL_INFO_202609111,,24pouces-31pouces,430
LONDON_MATERIEL_INFO_202609112,,Moyenne 17pouces,365
LONDON_MATERIEL_INFO_202609113,PC fixe sans ecran,Optiplex tower,260
LONDON_MATERIEL_INFO_202609114,PC fixe sans ecran,Wyse thin client,69
LONDON_MATERIEL_INFO_202609115,PC portable,EliteBook 10xx,223
LONDON_MATERIEL_INFO_202609116,PC portable,Victus,267
LA_MATERIEL_INFO_202609110,imprimante,Laser A3 (40-99kg),960
LA_MATERIEL_INFO_202609111,PC fixe sans ecran,,350
NewYork_MATERIEL_INFO_202609110,PC fixe sans ecran,modèle par défaut,350
NewYork_MATERIEL_INFO_202609111,Ecran,modèle par défaut,430
NewYork_MATERIEL_INFO_202609112,PC portable,,260
NewYork_MATERIEL_INFO_202609113,PC portable,Chromebook 14-15pouces,170
Paris_MATERIEL_INFO_202609110,,Optiplex tower,260
Paris_MATERIEL_INFO_202609111,PC portable,modèle par défaut,260
Paris_MATERIEL_INFO_202609112,PC fixe sans ecran,ZHAN,264
Paris_MATERIEL_INFO_202609113,PC fixe tout-en-un,iMac 21pouces retina,300
Paris_MATERIEL_INFO_202609114,PC fixe sans ecran,Wyse thin client,69
Shanghai_MATERIEL_INFO_202609110,PC portable,Latitude 5xxx,300
Shanghai_MATERIEL_INFO_202609111,Vidéo projecteur,,94
Shanghai_MATERIEL_INFO_202609112,PC fixe sans ecran,EliteDesk DM,230
Shanghai_MATERIEL_INFO_202609113,PC fixe sans ecran,EliteDesk DM,230
BERLIN_MATERIEL_INFO_202609120,PC portable,MacBook air pre-retina,310
BERLIN_MATERIEL_INFO_202609121,,Mac mini,270
BERLIN_MATERIEL_INFO_202609122,PC fixe sans ecran,Optiplex tower,260
LONDON_MATERIEL_INFO_202609120,PC fixe sans ecran,Precision tower 3xxx,285
LONDON_MATERIEL_INFO_202609121,PC fixe sans ecran,Mac pro,900
LONDON_MATERIEL_INFO_202609122,,EliteBook 8xx,290
LONDON_MATERIEL_INFO_202609123,imprimante,Laser A3 (40-99kg),960
LONDON_MATERIEL_INFO_202609124,Station d'accueil,modèle par défaut,26
LONDON_MATERIEL_INFO_202609125,PC portable,Latitude 5xxx,300
LONDON_MATERIEL_INFO_202609126,PC portable,MacBook air retina,176
LONDON_MATERIEL_INFO_202609127,PC portable,Moyenne 14/15pouces,294
LONDON_MATERIEL_INFO_202609128,PC fixe sans ecran,"Elite (Tower, SFF, One)",393
LA_MATERIEL_INFO_202609120,PC portable,Moyenne 13pouces,250
LA_MATERIEL_INFO_202609121,,ZHAN,264
LA_MATERIEL_INFO_202609122,Serveur,Modèle par défaut,1300
LA_MATERIEL_INFO_202609123,PC fixe sans ecran,ProDesk mini/DM,100
LA_MATERIEL_INFO_202609124,,Laser A3 (>100kg),1800
LA_MATERIEL_INFO_202609125,PC fixe sans ecran,Elite mini,137
LA_MATERIEL_INFO_202609126,Vidéo projecteur,,94
LA_MATERIEL_INFO_202609127,PC portable,EliteBook 10xx,223
LA_MATERIEL_INFO_202609128,,OMEN,290
NewYork_MATERIEL_INFO_202609120,PC fixe sans ecran,Mac pro,900
Paris_MATERIEL_INFO_202609120,Ecran,modèle par défaut,430
Paris_MATERIEL_INFO_202609121,PC fixe sans ecran,Mac mini,270
Paris_MATERIEL_INFO_202609122,PC portable,OMEN,290
Paris_MATERIEL_INFO_202609123,PC fixe tout-en-un,Optiplex All-in-One 5xxx,318
Paris_MATERIEL_INFO_202609124,PC fixe sans ecran,Optiplex tower,260
Paris_MATERIEL_INFO_202609125,PC fixe sans ecran,modèle par défaut,350
Paris_MATERIEL_INFO_202609126,,modèle par défaut,350
Shanghai_MATERIEL_INFO_202609120,PC portable,,260
BERLIN_MATERIEL_INFO_202609130,PC fixe tout-en-un,Optiplex All-in-One 3xxx,241
LONDON_MATERIEL_INFO_202609130,PC portable,Precision 7xxx,304
LONDON_MATERIEL_INFO_202609131,,Victus,267
LONDON_MATERIEL_INFO_202609132,PC portable,Precision 3xxx,266
LONDON_MATERIEL_INFO_202609133,PC portable,Precision 3xxx,266
LONDON_MATERIEL_INFO_202609134,,EliteDesk DM,230
LONDON_MATERIEL_INFO_202609135,PC fixe sans ecran,Precision tower 7xxx,555
LONDON_MATERIEL_INFO_202609136,PC portable,modèle par défaut,260
LONDON_MATERIEL_INFO_202609137,imprimante,Laser à poser (<40kg),430
LA_MATERIEL_INFO_202609130,,MacBook pro 13pouces,256
LA_MATERIEL_INFO_202609131,PC portable,ProBook,226
LA_MATERIEL_INFO_202609132,,jusqu'à 23pouces,350
LA_MATERIEL_INFO_202609133,PC fixe sans ecran,EliteDesk DM,230
LA_MATERIEL_INFO_202609134,PC fixe sans ecran,ZHAN,264
LA_MATERIEL_INFO_202609135,,MacBook pro 13pouces,256
LA_MATERIEL_INFO_202609136,,Serveur de stockage,2500
LA_MATERIEL_INFO_202609137,PC fixe tout-en-un,iMac 21pouces,290
LA_MATERIEL_INFO_202609138,Telephone IP,,17
LA_MATERIEL_INFO_202609139,PC portable,MacBook air retina,176
LA_MATERIEL_INFO_2026091310,PC fixe sans ecran,"Prodesk (Tower, SFF)",322
LA_MATERIEL_INFO_2026091311,PC fixe sans ecran,Precision tower 5xxx,440
NewYork_MATERIEL_INFO_202609130,,iMac 21pouces,290
Paris_MATERIEL_INFO_202609130,PC fixe sans ecran,Elite mini,137
Paris_MATERIEL_INFO_202609131,PC fixe sans ecran,ProDesk mini/DM,100
Paris_MATERIEL_INFO_202609132,PC fixe sans ecran,"EliteDesk (Tower, SFF, One)",393
Paris_MATERIEL_INFO_202609133,PC fixe sans ecran,Precision tower 3xxx,285
Paris_MATERIEL_INFO_202609134,,OMEN,290
Paris_MATERIEL_INFO_202609135,PC fixe sans ecran,,350
Paris_MATERIEL_INFO_202609136,PC fixe sans ecran,Z,409
Paris_MATERIEL_INFO_202609137,,modèle par défaut,350
Paris_MATERIEL_INFO_202609138,PC fixe sans ecran,modèle par défaut,350
Shanghai_MATERIEL_INFO_202609130,PC portable,,260
Shanghai_MATERIEL_INFO_202609131,,"Elite (Tower, SFF, One)",393
Shanghai_MATERIEL_INFO_202609132,PC portable,EliteBook 10xx,223
BERLIN_MATERIEL_INFO_202609140,PC portable,EliteBook 8xx,290
BERLIN_MATERIEL_INFO_202609141,PC portable,Latitude 3xxx,220
BERLIN_MATERIEL_INFO_202609142,PC fixe sans ecran,Precision tower 3xxx,285
BERLIN_MATERIEL_INFO_202609143,PC portable,Precision 7xxx,304
BERLIN_MATERIEL_INFO_202609144,PC fixe sans ecran,ZHAN,264
LONDON_MATERIEL_INFO_202609140,Serveur,Serveur de stockage,2500
LONDON_MATERIEL_INFO_202609141,,iMac 21pouces,290
LA_MATERIEL_INFO_202609140,PC portable,OMEN,290
LA_MATERIEL_INFO_202609141,PC portable,Precision 3xxx,266
LA_MATERIEL_INFO_202609142,PC fixe sans ecran,Station de travail (moy),600
LA_MATERIEL_INFO_202609143,PC portable,modèle par défaut,260
NewYork_MATERIEL_INFO_202609140,PC fixe tout-en-un,,352
NewYork_MATERIEL_INFO_202609141,PC fixe tout-en-un,Optiplex All-in-One 7xxx,382
NewYork_MATERIEL_INFO_202609142,Station d'accueil,modèle par défaut,26
NewYork_MATERIEL_INFO_202609143,,Precision tower 5xxx,440
NewYork_MATERIEL_INFO_202609144,PC fixe tout-en-un,iMac 27pouces retina,450
NewYork_MATERIEL_INFO_202609145,PC portable,,260
NewYork_MATERIEL_INFO_202609146,imprimante,Laser à poser (<40kg),430
NewYork_MATERIEL_INFO_202609147,PC portable,Latitude 5xxx,300
NewYork_MATERIEL_INFO_202609148,PC fixe sans ecran,ZHAN,264
NewYork_MATERIEL_INFO_202609149,,modèle par défaut,350
NewYork_MATERIEL_INFO_2026091410,PC portable,,260
Paris_MATERIEL_INFO_202609140,Ecran,32pouces et plus,590
Paris_MATERIEL_INFO_202609141,PC portable,Chromebook 11-13pouces,175
Paris_MATERIEL_INFO_202609142,Serveur,Modèle par défaut,1300
Paris_MATERIEL_INFO_202609143,PC portable,OMEN,290
Paris_MATERIEL_INFO_202609144,,Optiplex micro,174
Paris_MATERIEL_INFO_202609145,PC fixe sans ecran,"EliteDesk (Tower, SFF, One)",393
Paris_MATERIEL_INFO_202609146,Borne wifi,modèle par défaut,10
Paris_MATERIEL_INFO_202609147,PC fixe sans ecran,,350
Paris_MATERIEL_INFO_202609148,,modèle par défaut,350
Paris_MATERIEL_INFO_202609149,,Precision 7xxx,304
Paris_MATERIEL_INFO_2026091410,PC portable,MacBook pro 13pouces,256
Paris_MATERIEL_INFO_2026091411,PC fixe sans ecran,Precision tower 3xxx,285
Paris_MATERIEL_INFO_2026091412,PC fixe sans ecran,"EliteDesk (Tower, SFF, One)",393
Paris_MATERIEL_INFO_2026091413,PC portable,Moyenne 14/15pouces,294
Shanghai_MATERIEL_INFO_202609140,,modèle par défaut,350
Shanghai_MATERIEL_INFO_202609141,PC portable,Moyenne 14/15pouces,294
Shanghai_MATERIEL_INFO_202609142,Vidéo projecteur,Pour amphi,200
Shanghai_MATERIEL_INFO_202609143,PC fixe sans ecran,"Elite (Tower, SFF, One)",393
Shanghai_MATERIEL_INFO_202609144,PC portable,Moyenne 17pouces,365
Shanghai_MATERIEL_INFO_202609145,,Precision tower 7xxx,555
Shanghai_MATERIEL_INFO_202609146,PC portable,Precision 3xxx,266
Shanghai_MATERIEL_INFO_202609147,Telephone IP,modèle par défaut,17
Shanghai_MATERIEL_INFO_202609148,PC portable,OMEN,290
Shanghai_MATERIEL_INFO_202609149,PC fixe sans ecran,"EliteDesk (Tower, SFF, One)",393
Shanghai_MATERIEL_INFO_2026091410,PC fixe tout-en-un,Mac pro,900
Shanghai_MATERIEL_INFO_2026091411,imprimante,Laser à poser (<40kg),430
Shanghai_MATERIEL_INFO_2026091412,,Victus,267
BERLIN_MATERIEL_INFO_202609150,imprimante,Laser A3 (>100kg),1800
BERLIN_MATERIEL_INFO_202609151,PC portable,Latitude 3xxx,220
BERLIN_MATERIEL_INFO_202609152,Serveur,Serveur de stockage,2500
BERLIN_MATERIEL_INFO_202609153,PC portable,EliteBook 8xx,290
BERLIN_MATERIEL_INFO_202609154,PC portable,Latitude 3xxx,220
LONDON_MATERIEL_INFO_202609150,PC portable,Moyenne 14/15pouces,294
LONDON_MATERIEL_INFO_202609151,PC fixe tout-en-un,iMac 21pouces,290
LONDON_MATERIEL_INFO_202609152,PC fixe sans ecran,,350
LONDON_MATERIEL_INFO_202609153,,MacBook air,250
LONDON_MATERIEL_INFO_202609154,PC portable,Precision 7xxx,304
LONDON_MATERIEL_INFO_202609155,PC portable,EliteBook 6xx,175
LONDON_MATERIEL_INFO_202609156,PC fixe tout-en-un,iMac 21pouces,290
LONDON_MATERIEL_INFO_202609157,Ecran,24pouces-31pouces,430
LONDON_MATERIEL_INFO_202609158,PC portable,ZBook,303
LONDON_MATERIEL_INFO_202609159,Tablette,modèle par défaut,150
LONDON_MATERIEL_INFO_2026091510,imprimante,Laser A3 (40-99kg),960
LONDON_MATERIEL_INFO_2026091511,PC fixe tout-en-un,Optiplex All-in-One 3xxx,241
LONDON_MATERIEL_INFO_2026091512,PC portable,Latitude 5xxx,300
LA_MATERIEL_INFO_202609150,,modèle par défaut,350
LA_MATERIEL_INFO_202609151,PC fixe sans ecran,EliteDesk DM,230
LA_MATERIEL_INFO_202609152,PC portable,Precision 3xxx,266
LA_MATERIEL_INFO_202609153,imprimante,Laser à poser (<40kg),430
LA_MATERIEL_INFO_202609154,Station d'accueil,,26
LA_MATERIEL_INFO_202609155,,Station de travail (moy),600
LA_MATERIEL_INFO_202609156,PC portable,Precision 3xxx,266
LA_MATERIEL_INFO_202609157,PC portable,Moyenne 13pouces,250
LA_MATERIEL_INFO_202609158,Smartphone,modèle par défaut,63
LA_MATERIEL_INFO_202609159,PC portable,Victus,267
LA_MATERIEL_INFO_2026091510,PC portable,MacBook pro 15/16pouces,330
NewYork_MATERIEL_INFO_202609150,PC portable,OMEN,290
NewYork_MATERIEL_INFO_202609151,Vidéo projecteur,Transportable,94
NewYork_MATERIEL_INFO_202609152,PC portable,Latitude 7xxx,264
NewYork_MATERIEL_INFO_202609153,PC fixe sans ecran,Mac pro,900
NewYork_MATERIEL_INFO_202609154,,Pour salle,150
NewYork_MATERIEL_INFO_202609155,Vidéo projecteur,modèle par défaut,94
NewYork_MATERIEL_INFO_202609156,PC fixe sans ecran,Station de travail (moy),600
NewYork_MATERIEL_INFO_202609157,PC portable,Chromebook 11-13pouces,175
NewYork_MATERIEL_INFO_202609158,PC fixe tout-en-un,modèle par défaut,352
NewYork_MATERIEL_INFO_202609159,PC fixe sans ecran,"EliteDesk (Tower, SFF, One)",393
NewYork_MATERIEL_INFO_2026091510,,Precision 3xxx,266
NewYork_MATERIEL_INFO_2026091511,,Precision 7xxx,304
Paris_MATERIEL_INFO_202609150,Disque dur,modèle par défaut,10
Paris_MATERIEL_INFO_202609151,Tablette,modèle par défaut,150
Paris_MATERIEL_INFO_202609152,imprimante,Laser à poser (<40kg),430
Paris_MATERIEL_INFO_202609153,PC fixe sans ecran,,350
Paris_MATERIEL_INFO_202609154,,Mac pro,900
Paris_MATERIEL_INFO_202609155,PC fixe sans ecran,,350
Paris_MATERIEL_INFO_202609156,,modèle par défaut,350
Paris_MATERIEL_INFO_202609157,PC fixe tout-en-un,,352
Paris_MATERIEL_INFO_202609158,Serveur,Noeud de calcul,1300
Paris_MATERIEL_INFO_202609159,PC fixe sans ecran,"Prodesk (Tower, SFF)",322
Paris_MATERIEL_INFO_2026091510,PC fixe tout-en-un,iMac pro,700
Paris_MATERIEL_INFO_2026091511,Smartphone,modèle par défaut,63
Paris_MATERIEL_INFO_2026091512,PC fixe sans ecran,Mac mini,270
Paris_MATERIEL_INFO_2026091513,PC fixe sans ecran,Precision tower 7xxx,555
Shanghai_MATERIEL_INFO_202609150,PC fixe tout-en-un,Optiplex All-in-One 3xxx,241
Shanghai_MATERIEL_INFO_202609151,Vidéo projecteur,Pour amphi,200
Shanghai_MATERIEL_INFO_202609152,PC fixe sans ecran,Optiplex micro,174
Shanghai_MATERIEL_INFO_202609153,PC portable,,260
Shanghai_MATERIEL_INFO_202609154,PC portable,modèle par défaut,260
Shanghai_MATERIEL_INFO_202609155,PC portable,Latitude 3xxx,220
Shanghai_MATERIEL_INFO_202609156,Vidéo projecteur,modèle par défaut,94
Shanghai_MATERIEL_INFO_202609157,PC fixe sans ecran,EliteDesk DM,230
Shanghai_MATERIEL_INFO_202609158,PC portable,EliteBook 10xx,223
Shanghai_MATERIEL_INFO_202609159,,Serveur de stockage,2500
Shanghai_MATERIEL_INFO_2026091510,PC portable,OMEN,290
Shanghai_MATERIEL_INFO_2026091511,PC fixe tout-en-un,iMac 21pouces retina,300
Shanghai_MATERIEL_INFO_2026091512,Disque dur,modèle par défaut,10
BERLIN_MATERIEL_INFO_202609160,PC fixe sans ecran,Optiplex small,240
BERLIN_MATERIEL_INFO_202609161,PC portable,Victus,267
BERLIN_MATERIEL_INFO_202609162,,Mac pro,900
BERLIN_MATERIEL_INFO_202609163,PC portable,Precision 3xxx,266
BERLIN_MATERIEL_INFO_202609164,PC portable,,260
BERLIN_MATERIEL_INFO_202609165,PC fixe sans ecran,Mac pro,900
LONDON_MATERIEL_INFO_202609160,PC fixe tout-en-un,,352
LONDON_MATERIEL_INFO_202609161,PC portable,Latitude 7xxx,264
LONDON_MATERIEL_INFO_202609162,PC portable,MacBook air retina,176
LONDON_MATERIEL_INFO_202609163,PC portable,Moyenne 17pouces,365
LA_MATERIEL_INFO_202609160,Ecran,modèle par défaut,430
LA_MATERIEL_INFO_202609161,,Optiplex All-in-One 7xxx,382
LA_MATERIEL_INFO_202609162,PC fixe tout-en-un,modèle par défaut,352
LA_MATERIEL_INFO_202609163,PC fixe sans ecran,"EliteDesk (Tower, SFF, One)",393
LA_MATERIEL_INFO_202609164,PC portable,modèle par défaut,260
LA_MATERIEL_INFO_202609165,PC portable,MacBook air,250
LA_MATERIEL_INFO_202609166,,EliteBook 10xx,223
LA_MATERIEL_INFO_202609167,PC fixe tout-en-un,modèle par défaut,352
LA_MATERIEL_INFO_202609168,PC fixe sans ecran,OMEN,290
LA_MATERIEL_INFO_202609169,PC fixe tout-en-un,Optiplex All-in-One 3xxx,241
LA_MATERIEL_INFO_2026091610,PC fixe sans ecran,Mac pro,900
LA_MATERIEL_INFO_2026091611,,EliteBook 6xx,175
LA_MATERIEL_INFO_2026091612,PC fixe sans ecran,ProDesk mini/DM,100
LA_MATERIEL_INFO_2026091613,PC portable,Latitude 3xxx,220
NewYork_MATERIEL_INFO_202609160,PC fixe tout-en-un,iMac 27pouces retina,450
NewYork_MATERIEL_INFO_202609161,PC fixe sans ecran,"EliteDesk (Tower, SFF, One)",393
NewYork_MATERIEL_INFO_202609162,PC fixe tout-en-un,iMac pro,700
Paris_MATERIEL_INFO_202609160,PC portable,Latitude 3xxx,220
Paris_MATERIEL_INFO_202609161,PC portable,EliteBook 6xx,175
Paris_MATERIEL_INFO_202609162,PC fixe sans ecran,Optiplex tower,260
Paris_MATERIEL_INFO_202609163,PC portable,MacBook air pre-retina,310
Paris_MATERIEL_INFO_202609164,PC portable,MacBook air pre-retina,310
Paris_MATERIEL_INFO_202609165,PC fixe tout-en-un,Optiplex All-in-One 5xxx,318
Paris_MATERIEL_INFO_202609166,Ecran,modèle par défaut,430
Paris_MATERIEL_INFO_202609167,,iMac 21pouces,290
Shanghai_MATERIEL_INFO_202609160,PC portable,modèle par défaut,260
Shanghai_MATERIEL_INFO_202609161,PC portable,Precision 3xxx,266
Shanghai_MATERIEL_INFO_202609162,PC portable,Chromebook 11-13pouces,175
Shanghai_MATERIEL_INFO_202609163,imprimante,Laser à poser (<40kg),430
Shanghai_MATERIEL_INFO_202609164,Vidéo projecteur,Pour amphi,200
Shanghai_MATERIEL_INFO_202609165,Telephone IP,modèle par défaut,17
BERLIN_MATERIEL_INFO_202609170,PC portable,,260
LONDON_MATERIEL_INFO_202609170,Serveur,Modèle par défaut,1300
LONDON_MATERIEL_INFO_202609171,souris,modèle par défaut,5
LONDON_MATERIEL_INFO_202609172,PC fixe tout-en-un,modèle par défaut,352
LONDON_MATERIEL_INFO_202609173,PC fixe sans ecran,Optiplex micro,174
LONDON_MATERIEL_INFO_202609174,PC fixe tout-en-un,iMac 21pouces retina,300
LONDON_MATERIEL_INFO_202609175,PC portable,Latitude 5xxx,300
LONDON_MATERIEL_INFO_202609176,Telephone IP,modèle par défaut,17
LONDON_MATERIEL_INFO_202609177,PC portable,ZBook,303
LA_MATERIEL_INFO_202609170,PC portable,ProBook,226
LA_MATERIEL_INFO_202609171,PC fixe sans ecran,ProDesk mini/DM,100
LA_MATERIEL_INFO_202609172,,Precision 3xxx,266
LA_MATERIEL_INFO_202609173,,MacBook air retina,176
LA_MATERIEL_INFO_202609174,Smartphone,modèle par défaut,63
NewYork_MATERIEL_INFO_202609170,PC portable,EliteBook 10xx,223
NewYork_MATERIEL_INFO_202609171,PC portable,Chromebook 14-15pouces,170
NewYork_MATERIEL_INFO_202609172,PC fixe sans ecran,Precision tower 7xxx,555
NewYork_MATERIEL_INFO_202609173,Serveur,Modèle par défaut,1300
NewYork_MATERIEL_INFO_202609174,PC fixe tout-en-un,Optiplex All-in-One 5xxx,318
NewYork_MATERIEL_INFO_202609175,Ecran,modèle par défaut,430
NewYork_MATERIEL_INFO_202609176,PC fixe tout-en-un,iMac 27pouces retina,450
NewYork_MATERIEL_INFO_202609177,PC portable,ProBook,226
Paris_MATERIEL_INFO_202609170,,Precision tower 3xxx,285
Paris_MATERIEL_INFO_202609171,PC fixe sans ecran,Rasberry pi 4,15
Paris_MATERIEL_INFO_202609172,PC portable,Moyenne 13pouces,250
Paris_MATERIEL_INFO_202609173,,Precision tower 3xxx,285
Paris_MATERIEL_INFO_202609174,Tablette,modèle par défaut,150
Paris_MATERIEL_INFO_202609175,PC fixe tout-en-un,iMac 27pouces retina,450
Paris_MATERIEL_INFO_202609176,Vidéo projecteur,Pour amphi,200
Paris_MATERIEL_INFO_202609177,,Chromebook 14-15pouces,170
Paris_MATERIEL_INFO_202609178,PC fixe tout-en-un,,352
Paris_MATERIEL_INFO_202609179,PC portable,Victus,267
Paris_MATERIEL_INFO_2026091710,PC fixe sans ecran,ZHAN,264
Paris_MATERIEL_INFO_2026091711,souris,modèle par défaut,5
Paris_MATERIEL_INFO_2026091712,Serveur,Modèle par défaut,1300
Shanghai_MATERIEL_INFO_202609170,PC portable,,260
Shanghai_MATERIEL_INFO_202609171,PC fixe tout-en-un,Optiplex All-in-One 3xxx,241
Shanghai_MATERIEL_INFO_202609172,,Optiplex small,240
Shanghai_MATERIEL_INFO_202609173,PC portable,ZBook,303
Shanghai_MATERIEL_INFO_202609174,,iMac 21pouces retina,300
Shanghai_MATERIEL_INFO_202609175,PC portable,ZBook,303
Shanghai_MATERIEL_INFO_202609176,PC portable,MacBook pro 15/16pouces,330
Shanghai_MATERIEL_INFO_202609177,PC fixe sans ecran,Optiplex small,240
Shanghai_MATERIEL_INFO_202609178,,iMac pro,700
Shanghai_MATERIEL_INFO_202609179,,jusqu'à 23pouces,350
Shanghai_MATERIEL_INFO_2026091710,Serveur,,1300
BERLIN_MATERIEL_INFO_202609180,,Precision 5xxx,280
BERLIN_MATERIEL_INFO_202609181,PC fixe sans ecran,,350
BERLIN_MATERIEL_INFO_202609182,Serveur,Modèle par défaut,1300
BERLIN_MATERIEL_INFO_202609183,,Transportable,94
LONDON_MATERIEL_INFO_202609180,PC fixe tout-en-un,Optiplex All-in-One 3xxx,241
LONDON_MATERIEL_INFO_202609181,PC fixe sans ecran,ZHAN,264
LONDON_MATERIEL_INFO_202609182,Vidéo projecteur,Transportable,94
LONDON_MATERIEL_INFO_202609183,,modèle par défaut,350
LONDON_MATERIEL_INFO_202609184,PC fixe tout-en-un,,352
LONDON_MATERIEL_INFO_202609185,Ecran,modèle par défaut,430
LONDON_MATERIEL_INFO_202609186,PC portable,Moyenne 14/15pouces,294
LONDON_MATERIEL_INFO_202609187,PC portable,Latitude 7xxx,264
LONDON_MATERIEL_INFO_202609188,PC portable,MacBook pro 15/16pouces,330
LONDON_MATERIEL_INFO_202609189,Serveur,Modèle par défaut,1300
LONDON_MATERIEL_INFO_2026091810,,Latitude 7xxx,264
LA_MATERIEL_INFO_202609180,,Precision tower 7xxx,555
LA_MATERIEL_INFO_202609181,PC fixe sans ecran,OMEN,290
LA_MATERIEL_INFO_202609182,Ecran,jusqu'à 23pouces,350
LA_MATERIEL_INFO_202609183,imprimante,modèle par défaut,500
LA_MATERIEL_INFO_202609184,PC fixe sans ecran,Mac mini,270
LA_MATERIEL_INFO_202609185,PC fixe sans ecran,"Elite (Tower, SFF, One)",393
LA_MATERIEL_INFO_202609186,PC fixe sans ecran,Precision tower 7xxx,555
LA_MATERIEL_INFO_202609187,Ecran,32pouces et plus,590
LA_MATERIEL_INFO_202609188,PC fixe sans ecran,Precision tower 5xxx,440
LA_MATERIEL_INFO_202609189,,Chromebook 11-13pouces,175
NewYork_MATERIEL_INFO_202609180,PC portable,ZBook Studio,379
NewYork_MATERIEL_INFO_202609181,PC fixe sans ecran,Precision tower 5xxx,440
NewYork_MATERIEL_INFO_202609182,,modèle par défaut,350
NewYork_MATERIEL_INFO_202609183,PC fixe tout-en-un,modèle par défaut,352
NewYork_MATERIEL_INFO_202609184,PC fixe sans ecran,Mac pro,900
Paris_MATERIEL_INFO_202609180,,Noeud de calcul,1300
Paris_MATERIEL_INFO_202609181,PC portable,Victus,267
Shanghai_MATERIEL_INFO_202609180,PC portable,MacBook pro 15/16pouces,330
Shanghai_MATERIEL_INFO_202609181,PC portable,,260
Shanghai_MATERIEL_INFO_202609182,PC fixe tout-en-un,modèle par défaut,352
Shanghai_MATERIEL_INFO_202609183,PC fixe sans ecran,PC Fixe (moy),300
Shanghai_MATERIEL_INFO_202609184,PC portable,EliteBook 8xx,290
Shanghai_MATERIEL_INFO_202609185,PC portable,Precision 3xxx,266
Shanghai_MATERIEL_INFO_202609186,,Precision tower 3xxx,285
Shanghai_MATERIEL_INFO_202609187,,Elite mini,137
Shanghai_MATERIEL_INFO_202609188,PC fixe tout-en-un,iMac 21pouces retina,300
BERLIN_MATERIEL_INFO_202609190,Tablette,modèle par défaut,150
BERLIN_MATERIEL_INFO_202609191,PC fixe sans ecran,Precision tower 5xxx,440
LONDON_MATERIEL_INFO_202609190,PC portable,,260
LONDON_MATERIEL_INFO_202609191,,modèle par défaut,350
LONDON_MATERIEL_INFO_202609192,PC portable,MacBook pro 15/16pouces,330
LA_MATERIEL_INFO_202609190,Serveur,Serveur de stockage,2500
LA_MATERIEL_INFO_202609191,Serveur,Modèle par défaut,1300
LA_MATERIEL_INFO_202609192,imprimante,Laser A3 (40-99kg),960
LA_MATERIEL_INFO_202609193,Vidéo projecteur,Pour salle,150
NewYork_MATERIEL_INFO_202609190,PC portable,MacBook pro 13pouces,256
NewYork_MATERIEL_INFO_202609191,PC fixe sans ecran,ZHAN,264
NewYork_MATERIEL_INFO_202609192,Disque dur,modèle par défaut,10
NewYork_MATERIEL_INFO_202609193,,modèle par défaut,350
NewYork_MATERIEL_INFO_202609194,PC portable,Moyenne 14/15pouces,294
NewYork_MATERIEL_INFO_202609195,Ecran,24pouces-31pouces,430
Paris_MATERIEL_INFO_202609190,,modèle par défaut,350
Paris_MATERIEL_INFO_202609191,Ecran,jusqu'à 23pouces,350
Paris_MATERIEL_INFO_202609192,,MacBook air,250
Paris_MATERIEL_INFO_202609193,PC fixe tout-en-un,iMac 21pouces,290
Shanghai_MATERIEL_INFO_202609190,PC fixe sans ecran,Elite mini,137
Shanghai_MATERIEL_INFO_202609191,,modèle par défaut,350
Shanghai_MATERIEL_INFO_202609192,PC fixe sans ecran,Z,409
Shanghai_MATERIEL_INFO_202609193,PC portable,MacBook air pre-retina,310
Shanghai_MATERIEL_INFO_202609194,,modèle par défaut,350
Shanghai_MATERIEL_INFO_202609195,PC fixe sans ecran,Mac mini,270
Shanghai_MATERIEL_INFO_202609196,Tablette,modèle par défaut,150
Shanghai_MATERIEL_INFO_202609197,PC portable,ZBook,303
Shanghai_MATERIEL_INFO_202609198,PC fixe sans ecran,Station de travail (moy),600
Shanghai_MATERIEL_INFO_202609199,PC portable,EliteBook 6xx,175
Shanghai_MATERIEL_INFO_2026091910,,MacBook air pre-retina,310
BERLIN_MATERIEL_INFO_202609200,imprimante,Laser A3 (>100kg),1800
BERLIN_MATERIEL_INFO_202609201,PC fixe tout-en-un,iMac 21pouces,290
BERLIN_MATERIEL_INFO_202609202,PC portable,ZBook,303
BERLIN_MATERIEL_INFO_202609203,PC fixe sans ecran,Precision tower 5xxx,440
LONDON_MATERIEL_INFO_202609200,,modèle par défaut,350
LONDON_MATERIEL_INFO_202609201,imprimante,,500
LONDON_MATERIEL_INFO_202609202,Station d'accueil,modèle par défaut,26
LONDON_MATERIEL_INFO_202609203,PC portable,Moyenne 14/15pouces,294
LONDON_MATERIEL_INFO_202609204,souris,modèle par défaut,5
LONDON_MATERIEL_INFO_202609205,Serveur,Noeud de calcul,1300
LONDON_MATERIEL_INFO_202609206,PC fixe tout-en-un,iMac 21pouces retina,300
LONDON_MATERIEL_INFO_202609207,Disque dur,modèle par défaut,10
LA_MATERIEL_INFO_202609200,,ProDesk mini/DM,100
LA_MATERIEL_INFO_202609201,,modèle par défaut,350
LA_MATERIEL_INFO_202609202,PC portable,Precision 7xxx,304
LA_MATERIEL_INFO_202609203,PC fixe sans ecran,ZHAN,264
LA_MATERIEL_INFO_202609204,PC portable,MacBook air retina,176
LA_MATERIEL_INFO_202609205,PC fixe sans ecran,Optiplex tower,260
LA_MATERIEL_INFO_202609206,souris,modèle par défaut,5
LA_MATERIEL_INFO_202609207,,modèle par défaut,350
LA_MATERIEL_INFO_202609208,PC portable,Chromebook 11-13pouces,175
LA_MATERIEL_INFO_202609209,PC portable,Victus,267
LA_MATERIEL_INFO_2026092010,,24pouces-31pouces,430
LA_MATERIEL_INFO_2026092011,,Precision tower 3xxx,285
LA_MATERIEL_INFO_2026092012,PC portable,ZBook Studio,379
NewYork_MATERIEL_INFO_202609200,Telephone IP,modèle par défaut,17
NewYork_MATERIEL_INFO_202609201,Serveur,Serveur de stockage,2500
NewYork_MATERIEL_INFO_202609202,clavier,modèle par défaut,24
NewYork_MATERIEL_INFO_202609203,PC portable,Precision 7xxx,304
NewYork_MATERIEL_INFO_202609204,Ecran,modèle par défaut,430
NewYork_MATERIEL_INFO_202609205,Borne wifi,modèle par défaut,10
NewYork_MATERIEL_INFO_202609206,PC fixe sans ecran,OMEN,290
NewYork_MATERIEL_INFO_202609207,PC fixe sans ecran,modèle par défaut,350
NewYork_MATERIEL_INFO_202609208,Ecran,jusqu'à 23pouces,350
NewYork_MATERIEL_INFO_202609209,PC portable,ProBook,226
NewYork_MATERIEL_INFO_2026092010,imprimante,modèle par défaut,500
NewYork_MATERIEL_INFO_2026092011,PC fixe sans ecran,"Elite (Tower, SFF, One)",393
NewYork_MATERIEL_INFO_2026092012,,modèle par défaut,350
Paris_MATERIEL_INFO_202609200,PC fixe sans ecran,Precision tower 7xxx,555
Paris_MATERIEL_INFO_202609201,Serveur,Serveur de stockage,2500
Paris_MATERIEL_INFO_202609202,PC fixe sans ecran,Precision tower 7xxx,555
Paris_MATERIEL_INFO_202609203,PC fixe sans ecran,Wyse thin client,69
Paris_MATERIEL_INFO_202609204,,modèle par défaut,350
Paris_MATERIEL_INFO_202609205,PC fixe sans ecran,ProDesk mini/DM,100
Paris_MATERIEL_INFO_202609206,,iMac 21pouces,290
Paris_MATERIEL_INFO_202609207,imprimante,Laser à poser (<40kg),430
Paris_MATERIEL_INFO_202609208,PC portable,Latitude 7xxx,264
Paris_MATERIEL_INFO_202609209,,32pouces et plus,590
Paris_MATERIEL_INFO_2026092010,PC portable,MacBook air pre-retina,310
Paris_MATERIEL_INFO_2026092011,PC portable,Precision 3xxx,266
Paris_MATERIEL_INFO_2026092012,PC fixe sans ecran,Optiplex tower,260
Shanghai_MATERIEL_INFO_202609200,PC fixe sans ecran,ProDesk mini/DM,100
Shanghai_MATERIEL_INFO_202609201,PC fixe sans ecran,Rasberry pi 4,15
Shanghai_MATERIEL_INFO_202609202,,Z,409
Shanghai_MATERIEL_INFO_202609203,PC fixe sans ecran,ZHAN,264
Shanghai_MATERIEL_INFO_202609204,Ecran,32pouces et plus,590
Shanghai_MATERIEL_INFO_202609205,Ecran,24pouces-31pouces,430
Shanghai_MATERIEL_INFO_202609206,PC portable,Chromebook 11-13pouces,175
Shanghai_MATERIEL_INFO_202609207,PC fixe tout-en-un,Optiplex All-in-One 3xxx,241
Shanghai_MATERIEL_INFO_202609208,PC fixe sans ecran,Z,409
BERLIN_MATERIEL_INFO_202609210,PC portable,ZBook,303
LONDON_MATERIEL_INFO_202609210,,Moyenne 13pouces,250
LONDON_MATERIEL_INFO_202609211,Ecran,modèle par défaut,430
LONDON_MATERIEL_INFO_202609212,PC portable,Precision 7xxx,304
LONDON_MATERIEL_INFO_202609213,PC portable,OMEN,290
LONDON_MATERIEL_INFO_202609214,PC fixe sans ecran,,350
LONDON_MATERIEL_INFO_202609215,,Pour salle,150
LONDON_MATERIEL_INFO_202609216,,iMac 21pouces retina,300
LONDON_MATERIEL_INFO_202609217,imprimante,Laser à poser (<40kg),430
LONDON_MATERIEL_INFO_202609218,PC fixe sans ecran,"EliteDesk (Tower, SFF, One)",393
LONDON_MATERIEL_INFO_202609219,Station d'accueil,modèle par défaut,26
LONDON_MATERIEL_INFO_2026092110,Vidéo projecteur,Transportable,94
LA_MATERIEL_INFO_202609210,Vidéo projecteur,Transportable,94
LA_MATERIEL_INFO_202609211,PC portable,EliteBook 6xx,175
LA_MATERIEL_INFO_202609212,PC portable,Moyenne 13pouces,250
LA_MATERIEL_INFO_202609213,PC portable,ZBook,303
LA_MATERIEL_INFO_202609214,,Z,409
LA_MATERIEL_INFO_202609215,PC fixe sans ecran,ProDesk mini/DM,100
LA_MATERIEL_INFO_202609216,PC portable,Moyenne 14/15pouces,294
LA_MATERIEL_INFO_202609217,clavier,modèle par défaut,24
LA_MATERIEL_INFO_202609218,PC portable,ZBook,303
NewYork_MATERIEL_INFO_202609210,PC fixe sans ecran,modèle par défaut,350
NewYork_MATERIEL_INFO_202609211,PC fixe tout-en-un,,352
NewYork_MATERIEL_INFO_202609212,PC portable,Latitude 7xxx,264
NewYork_MATERIEL_INFO_202609213,PC portable,ZBook,303
NewYork_MATERIEL_INFO_202609214,PC portable,EliteBook 8xx,290
NewYork_MATERIEL_INFO_202609215,PC portable,MacBook air,250
NewYork_MATERIEL_INFO_202609216,PC fixe tout-en-un,iMac 21pouces retina,300
NewYork_MATERIEL_INFO_202609217,PC fixe sans ecran,ZHAN,264
NewYork_MATERIEL_INFO_202609218,PC portable,OMEN,290
NewYork_MATERIEL_INFO_202609219,PC fixe sans ecran,"Elite (Tower, SFF, One)",393
NewYork_MATERIEL_INFO_2026092110,souris,modèle par défaut,5
Paris_MATERIEL_INFO_202609210,,ZHAN,264
Paris_MATERIEL_INFO_202609211,PC portable,modèle par défaut,260
Paris_MATERIEL_INFO_202609212,Smartphone,modèle par défaut,63
Paris_MATERIEL_INFO_202609213,PC fixe tout-en-un,Optiplex All-in-One 3xxx,241
Paris_MATERIEL_INFO_202609214,PC portable,Precision 3xxx,266
Paris_MATERIEL_INFO_202609215,PC portable,EliteBook 8xx,290
Paris_MATERIEL_INFO_202609216,Ecran,32pouces et plus,590
Paris_MATERIEL_INFO_202609217,PC fixe sans ecran,Mac pro,900
Paris_MATERIEL_INFO_202609218,clavier,,24
Paris_MATERIEL_INFO_202609219,Serveur,,1300
Shanghai_MATERIEL_INFO_202609210,PC portable,,260
BERLIN_MATERIEL_INFO_202609220,PC fixe tout-en-un,iMac 27pouces retina,450
BERLIN_MATERIEL_INFO_202609221,PC portable,MacBook air retina,176
BERLIN_MATERIEL_INFO_202609222,imprimante,modèle par défaut,500
BERLIN_MATERIEL_INFO_202609223,PC fixe sans ecran,ZHAN,264
LONDON_MATERIEL_INFO_202609220,Telephone IP,modèle par défaut,17
LONDON_MATERIEL_INFO_202609221,PC fixe sans ecran,Optiplex tower,260
LONDON_MATERIEL_INFO_202609222,Vidéo projecteur,Pour amphi,200
LONDON_MATERIEL_INFO_202609223,,MacBook air retina,176
LONDON_MATERIEL_INFO_202609224,,modèle par défaut,350
LONDON_MATERIEL_INFO_202609225,Smartphone,modèle par défaut,63
LA_MATERIEL_INFO_202609220,PC portable,Moyenne 14/15pouces,294
LA_MATERIEL_INFO_202609221,imprimante,Laser A3 (40-99kg),960
LA_MATERIEL_INFO_202609222,,Pour salle,150
LA_MATERIEL_INFO_202609223,PC fixe sans ecran,Precision tower 7xxx,555
NewYork_MATERIEL_INFO_202609220,Serveur,Serveur de stockage,2500
NewYork_MATERIEL_INFO_202609221,Ecran,32pouces et plus,590
NewYork_MATERIEL_INFO_202609222,PC portable,Precision 7xxx,304
NewYork_MATERIEL_INFO_202609223,PC fixe sans ecran,ZHAN,264
NewYork_MATERIEL_INFO_202609224,PC fixe sans ecran,Optiplex tower,260
NewYork_MATERIEL_INFO_202609225,PC fixe tout-en-un,Mac pro,900
NewYork_MATERIEL_INFO_202609226,PC fixe sans ecran,Station de travail (moy),600
NewYork_MATERIEL_INFO_202609227,PC fixe sans ecran,Optiplex tower,260
NewYork_MATERIEL_INFO_202609228,Serveur,Serveur de stockage,2500
Paris_MATERIEL_INFO_202609220,,Z,409
Paris_MATERIEL_INFO_202609221,,Optiplex All-in-One 7xxx,382
Paris_MATERIEL_INFO_202609222,Disque dur,modèle par défaut,10
Paris_MATERIEL_INFO_202609223,,Transportable,94
Paris_MATERIEL_INFO_202609224,PC portable,Moyenne 14/15pouces,294
Paris_MATERIEL_INFO_202609225,PC fixe tout-en-un,iMac 21pouces,290
Shanghai_MATERIEL_INFO_202609220,,modèle par défaut,350
Shanghai_MATERIEL_INFO_202609221,PC portable,Latitude 7xxx,264
Shanghai_MATERIEL_INFO_202609222,PC fixe sans ecran,Mac pro,900
Shanghai_MATERIEL_INFO_202609223,PC fixe tout-en-un,iMac 21pouces retina,300
Shanghai_MATERIEL_INFO_202609224,,"Elite (Tower, SFF, One)",393
Shanghai_MATERIEL_INFO_202609225,,OMEN,290
Shanghai_MATERIEL_INFO_202609226,PC portable,MacBook air retina,176
Shanghai_MATERIEL_INFO_202609227,PC portable,Chromebook 11-13pouces,175
Shanghai_MATERIEL_INFO_202609228,PC fixe sans ecran,Optiplex small,240
Shanghai_MATERIEL_INFO_202609229,,Laser A3 (>100kg),1800
Shanghai_MATERIEL_INFO_2026092210,Vidéo projecteur,Pour salle,150
Shanghai_MATERIEL_INFO_2026092211,PC fixe sans ecran,Z,409
BERLIN_MATERIEL_INFO_202609230,PC portable,Moyenne 17pouces,365
BERLIN_MATERIEL_INFO_202609231,,EliteBook 10xx,223
LONDON_MATERIEL_INFO_202609230,,modèle par défaut,350
LONDON_MATERIEL_INFO_202609231,PC portable,MacBook air,250
LONDON_MATERIEL_INFO_202609232,PC portable,Victus,267
LONDON_MATERIEL_INFO_202609233,PC portable,Precision 7xxx,304
LONDON_MATERIEL_INFO_202609234,,ProDesk mini/DM,100
LONDON_MATERIEL_INFO_202609235,PC fixe sans ecran,Precision tower 5xxx,440
LONDON_MATERIEL_INFO_202609236,PC portable,MacBook pro 13pouces,256
LONDON_MATERIEL_INFO_202609237,,Precision tower 5xxx,440
LONDON_MATERIEL_INFO_202609238,PC fixe sans ecran,Mac pro,900
LONDON_MATERIEL_INFO_202609239,PC fixe tout-en-un,Mac pro,900
LA_MATERIEL_INFO_202609230,PC portable,modèle par défaut,260
LA_MATERIEL_INFO_202609231,PC fixe sans ecran,Optiplex tower,260
LA_MATERIEL_INFO_202609232,,Noeud de calcul,1300
LA_MATERIEL_INFO_202609233,,Optiplex All-in-One 7xxx,382
LA_MATERIEL_INFO_202609234,PC fixe sans ecran,Mac mini,270
LA_MATERIEL_INFO_202609235,clavier,modèle par défaut,24
LA_MATERIEL_INFO_202609236,Serveur,,1300
LA_MATERIEL_INFO_202609237,PC portable,Precision 3xxx,266
LA_MATERIEL_INFO_202609238,,Latitude 5xxx,300
LA_MATERIEL_INFO_202609239,PC fixe tout-en-un,iMac 21pouces,290
LA_MATERIEL_INFO_2026092310,PC portable,MacBook pro 13pouces,256
LA_MATERIEL_INFO_2026092311,PC portable,Moyenne 14/15pouces,294
NewYork_MATERIEL_INFO_202609230,,MacBook air pre-retina,310
NewYork_MATERIEL_INFO_202609231,,Z,409
NewYork_MATERIEL_INFO_202609232,PC portable,MacBook air,250
NewYork_MATERIEL_INFO_202609233,PC portable,Precision 7xxx,304
NewYork_MATERIEL_INFO_202609234,PC fixe tout-en-un,iMac 21pouces retina,300
NewYork_MATERIEL_INFO_202609235,PC fixe tout-en-un,iMac 27pouces retina,450
NewYork_MATERIEL_INFO_202609236,,OMEN,290
NewYork_MATERIEL_INFO_202609237,PC fixe sans ecran,OMEN,290
NewYork_MATERIEL_INFO_202609238,PC fixe sans ecran,,350
Paris_MATERIEL_INFO_202609230,,Z,409
Paris_MATERIEL_INFO_202609231,PC fixe sans ecran,PC Fixe (moy),300
Paris_MATERIEL_INFO_202609232,PC portable,Moyenne 17pouces,365
Paris_MATERIEL_INFO_202609233,PC portable,,260
Paris_MATERIEL_INFO_202609234,,Chromebook 14-15pouces,170
Paris_MATERIEL_INFO_202609235,PC fixe sans ecran,Precision tower 3xxx,285
Paris_MATERIEL_INFO_202609236,PC fixe tout-en-un,Optiplex All-in-One 3xxx,241
Shanghai_MATERIEL_INFO_202609230,PC fixe tout-en-un,Mac pro,900
Shanghai_MATERIEL_INFO_202609231,Serveur,Serveur de stockage,2500
Shanghai_MATERIEL_INFO_202609232,Borne wifi,modèle par défaut,10
BERLIN_MATERIEL_INFO_202609240,PC portable,,260
BERLIN_MATERIEL_INFO_202609241,Vidéo projecteur,modèle par défaut,94
BERLIN_MATERIEL_INFO_202609242,,modèle par défaut,350
BERLIN_MATERIEL_INFO_202609243,PC portable,MacBook air,250
BERLIN_MATERIEL_INFO_202609244,Serveur,Noeud de calcul,1300
BERLIN_MATERIEL_INFO_202609245,PC fixe sans ecran,Rasberry pi 4,15
LONDON_MATERIEL_INFO_202609240,PC portable,MacBook pro 15/16pouces,330
LONDON_MATERIEL_INFO_202609241,,modèle par défaut,350
LONDON_MATERIEL_INFO_202609242,Vidéo projecteur,modèle par défaut,94
LONDON_MATERIEL_INFO_202609243,PC fixe tout-en-un,Optiplex All-in-One 5xxx,318
LONDON_MATERIEL_INFO_202609244,,ZBook Studio,379
LONDON_MATERIEL_INFO_202609245,PC portable,Latitude 7xxx,264
LONDON_MATERIEL_INFO_202609246,,Noeud de calcul,1300
LONDON_MATERIEL_INFO_202609247,PC fixe sans ecran,,350
LONDON_MATERIEL_INFO_202609248,Telephone IP,modèle par défaut,17
LONDON_MATERIEL_INFO_202609249,Telephone IP,modèle par défaut,17
LONDON_MATERIEL_INFO_2026092410,,modèle par défaut,350
LONDON_MATERIEL_INFO_2026092411,Smartphone,modèle par défaut,63
LONDON_MATERIEL_INFO_2026092412,clavier,modèle par défaut,24
LA_MATERIEL_INFO_202609240,Serveur,Modèle par défaut,1300
LA_MATERIEL_INFO_202609241,PC fixe tout-en-un,iMac pro,700
LA_MATERIEL_INFO_202609242,PC portable,EliteBook 6xx,175
LA_MATERIEL_INFO_202609243,PC portable,ZBook Studio,379
LA_MATERIEL_INFO_202609244,imprimante,,500
LA_MATERIEL_INFO_202609245,Vidéo projecteur,modèle par défaut,94
LA_MATERIEL_INFO_202609246,PC fixe sans ecran,OMEN,290
LA_MATERIEL_INFO_202609247,,MacBook air,250
LA_MATERIEL_INFO_202609248,PC fixe sans ecran,Mac mini,270
NewYork_MATERIEL_INFO_202609240,Vidéo projecteur,Transportable,94
NewYork_MATERIEL_INFO_202609241,PC fixe sans ecran,"Prodesk (Tower, SFF)",322
NewYork_MATERIEL_INFO_202609242,Serveur,Modèle par défaut,1300
NewYork_MATERIEL_INFO_202609243,PC portable,ZBook Studio,379
NewYork_MATERIEL_INFO_202609244,clavier,modèle par défaut,24
NewYork_MATERIEL_INFO_202609245,PC fixe sans ecran,ProDesk mini/DM,100
Paris_MATERIEL_INFO_202609240,,Moyenne 14/15pouces,294
Paris_MATERIEL_INFO_202609241,PC fixe sans ecran,Elite mini,137
Shanghai_MATERIEL_INFO_202609240,,Pour amphi,200
Shanghai_MATERIEL_INFO_202609241,PC fixe sans ecran,ZHAN,264
BERLIN_MATERIEL_INFO_202609250,,modèle par défaut,350
LONDON_MATERIEL_INFO_202609250,Tablette,modèle par défaut,150
LONDON_MATERIEL_INFO_202609251,PC fixe tout-en-un,iMac 27pouces retina,450
LONDON_MATERIEL_INFO_202609252,,Laser A3 (40-99kg),960
LONDON_MATERIEL_INFO_202609253,Ecran,jusqu'à 23pouces,350
LONDON_MATERIEL_INFO_202609254,,Precision tower 3xxx,285
LONDON_MATERIEL_INFO_202609255,Telephone IP,modèle par défaut,17
LONDON_MATERIEL_INFO_202609256,PC fixe tout-en-un,Optiplex All-in-One 3xxx,241
LONDON_MATERIEL_INFO_202609257,Tablette,modèle par défaut,150
LONDON_MATERIEL_INFO_202609258,Vidéo projecteur,Pour amphi,200
LONDON_MATERIEL_INFO_202609259,PC fixe tout-en-un,Mac pro,900
LA_MATERIEL_INFO_202609250,PC portable,Moyenne 17pouces,365
NewYork_MATERIEL_INFO_202609250,PC fixe tout-en-un,Mac pro,900
NewYork_MATERIEL_INFO_202609251,,Laser A3 (>100kg),1800
NewYork_MATERIEL_INFO_202609252,PC fixe tout-en-un,iMac 21pouces retina,300
NewYork_MATERIEL_INFO_202609253,,EliteDesk DM,230
NewYork_MATERIEL_INFO_202609254,PC portable,MacBook air retina,176
NewYork_MATERIEL_INFO_202609255,PC portable,,260
NewYork_MATERIEL_INFO_202609256,,Noeud de calcul,1300
NewYork_MATERIEL_INFO_202609257,PC fixe sans ecran,PC Fixe (moy),300
Paris_MATERIEL_INFO_202609250,Ecran,jusqu'à 23pouces,350
Paris_MATERIEL_INFO_202609251,PC fixe sans ecran,Precision tower 7xxx,555
Paris_MATERIEL_INFO_202609252,imprimante,Laser A3 (>100kg),1800
Paris_MATERIEL_INFO_202609253,PC fixe tout-en-un,iMac 21pouces,290
Paris_MATERIEL_INFO_202609254,,Laser A3 (40-99kg),960
Paris_MATERIEL_INFO_202609255,PC portable,EliteBook 10xx,223
Shanghai_MATERIEL_INFO_202609250,PC fixe sans ecran,OMEN,290
Shanghai_MATERIEL_INFO_202609251,PC fixe sans ecran,PC Fixe (moy),300
Shanghai_MATERIEL_INFO_202609252,,ZBook,303
Shanghai_MATERIEL_INFO_202609253,PC portable,,260
Shanghai_MATERIEL_INFO_202609254,PC fixe sans ecran,Precision tower 3xxx,285
Shanghai_MATERIEL_INFO_202609255,PC portable,Moyenne 14/15pouces,294
BERLIN_MATERIEL_INFO_202609260,,Moyenne 13pouces,250
BERLIN_MATERIEL_INFO_202609261,PC portable,Latitude 3xxx,220
BERLIN_MATERIEL_INFO_202609262,PC fixe sans ecran,Station de travail (moy),600
BERLIN_MATERIEL_INFO_202609263,PC fixe sans ecran,Precision tower 5xxx,440
LONDON_MATERIEL_INFO_202609260,Vidéo projecteur,,94
LONDON_MATERIEL_INFO_202609261,Ecran,,430
LONDON_MATERIEL_INFO_202609262,PC fixe sans ecran,Wyse thin client,69
LA_MATERIEL_INFO_202609260,PC fixe tout-en-un,iMac 27pouces retina,450
LA_MATERIEL_INFO_202609261,,modèle par défaut,350
LA_MATERIEL_INFO_202609262,,MacBook air retina,176
LA_MATERIEL_INFO_202609263,PC fixe sans ecran,Precision tower 5xxx,440
LA_MATERIEL_INFO_202609264,PC fixe sans ecran,,350
LA_MATERIEL_INFO_202609265,,modèle par défaut,350
LA_MATERIEL_INFO_202609266,PC fixe sans ecran,Precision tower 5xxx,440
NewYork_MATERIEL_INFO_202609260,PC portable,Precision 3xxx,266
NewYork_MATERIEL_INFO_202609261,,Elite mini,137
Paris_MATERIEL_INFO_202609260,PC fixe tout-en-un,iMac 21pouces retina,300
Paris_MATERIEL_INFO_202609261,,modèle par défaut,350
Paris_MATERIEL_INFO_202609262,,modèle par défaut,350
Paris_MATERIEL_INFO_202609263,Ecran,32pouces et plus,590
Paris_MATERIEL_INFO_202609264,,iMac pro,700
Paris_MATERIEL_INFO_202609265,PC fixe sans ecran,Precision tower 3xxx,285
Paris_MATERIEL_INFO_202609266,PC fixe tout-en-un,iMac pro,700
Paris_MATERIEL_INFO_202609267,Serveur,Noeud de calcul,1300
Paris_MATERIEL_INFO_202609268,PC portable,MacBook air retina,176
Paris_MATERIEL_INFO_202609269,PC fixe tout-en-un,Optiplex All-in-One 3xxx,241
Shanghai_MATERIEL_INFO_202609260,clavier,modèle par défaut,24
Shanghai_MATERIEL_INFO_202609261,Serveur,,1300
Shanghai_MATERIEL_INFO_202609262,Tablette,modèle par défaut,150
Shanghai_MATERIEL_INFO_202609263,PC fixe tout-en-un,Optiplex All-in-One 7xxx,382
BERLIN_MATERIEL_INFO_202609270,PC portable,Latitude 5xxx,300
BERLIN_MATERIEL_INFO_202609271,PC portable,Victus,267
BERLIN_MATERIEL_INFO_202609272,PC portable,Precision 7xxx,304
BERLIN_MATERIEL_INFO_202609273,imprimante,modèle par défaut,500
LONDON_MATERIEL_INFO_202609270,Disque dur,modèle par défaut,10
LA_MATERIEL_INFO_202609270,Serveur,,1300
LA_MATERIEL_INFO_202609271,,OMEN,290
LA_MATERIEL_INFO_202609272,Vidéo projecteur,modèle par défaut,94
LA_MATERIEL_INFO_202609273,,32pouces et plus,590
LA_MATERIEL_INFO_202609274,PC fixe tout-en-un,Optiplex All-in-One 3xxx,241
LA_MATERIEL_INFO_202609275,PC portable,ZBook Studio,379
LA_MATERIEL_INFO_202609276,PC fixe tout-en-un,Mac pro,900
LA_MATERIEL_INFO_202609277,PC portable,Precision 5xxx,280
LA_MATERIEL_INFO_202609278,imprimante,Laser A3 (>100kg),1800
LA_MATERIEL_INFO_202609279,,Pour salle,150
LA_MATERIEL_INFO_2026092710,,modèle par défaut,350
LA_MATERIEL_INFO_2026092711,,Moyenne 14/15pouces,294
LA_MATERIEL_INFO_2026092712,PC fixe tout-en-un,Optiplex All-in-One 3xxx,241
NewYork_MATERIEL_INFO_202609270,PC fixe tout-en-un,iMac pro,700
NewYork_MATERIEL_INFO_202609271,PC portable,MacBook pro 15/16pouces,330
NewYork_MATERIEL_INFO_202609272,Serveur,Serveur de stockage,2500
NewYork_MATERIEL_INFO_202609273,PC fixe sans ecran,Optiplex micro,174
NewYork_MATERIEL_INFO_202609274,PC fixe sans ecran,,350
NewYork_MATERIEL_INFO_202609275,PC fixe sans ecran,Precision tower 5xxx,440
NewYork_MATERIEL_INFO_202609276,,Pour salle,150
NewYork_MATERIEL_INFO_202609277,PC portable,ZBook,303
NewYork_MATERIEL_INFO_202609278,PC portable,,260
NewYork_MATERIEL_INFO_202609279,PC portable,Precision 7xxx,304
Paris_MATERIEL_INFO_202609270,Borne wifi,modèle par défaut,10
Paris_MATERIEL_INFO_202609271,PC portable,ZBook,303
Paris_MATERIEL_INFO_202609272,Station d'accueil,modèle par défaut,26
Paris_MATERIEL_INFO_202609273,PC portable,Moyenne 17pouces,365
Paris_MATERIEL_INFO_202609274,PC fixe sans ecran,Optiplex small,240
Paris_MATERIEL_INFO_202609275,,iMac pro,700
Paris_MATERIEL_INFO_202609276,PC portable,MacBook pro 15/16pouces,330
Paris_MATERIEL_INFO_202609277,,modèle par défaut,350
Paris_MATERIEL_INFO_202609278,PC portable,Victus,267
Paris_MATERIEL_INFO_202609279,imprimante,modèle par défaut,500
Paris_MATERIEL_INFO_2026092710,PC portable,Latitude 3xxx,220
Paris_MATERIEL_INFO_2026092711,Borne wifi,modèle par défaut,10
Paris_MATERIEL_INFO_2026092712,PC portable,EliteBook 10xx,223
Shanghai_MATERIEL_INFO_202609270,,MacBook air pre-retina,310
Shanghai_MATERIEL_INFO_202609271,,Transportable,94
Shanghai_MATERIEL_INFO_202609272,PC portable,MacBook air pre-retina,310
Shanghai_MATERIEL_INFO_202609273,PC fixe sans ecran,"Prodesk (Tower, SFF)",322
Shanghai_MATERIEL_INFO_202609274,,Latitude 3xxx,220
Shanghai_MATERIEL_INFO_202609275,Ecran,24pouces-31pouces,430
Shanghai_MATERIEL_INFO_202609276,PC portable,MacBook air retina,176
Shanghai_MATERIEL_INFO_202609277,PC portable,EliteBook 10xx,223
Shanghai_MATERIEL_INFO_202609278,PC portable,Victus,267
BERLIN_MATERIEL_INFO_202609280,,EliteBook 10xx,223
BERLIN_MATERIEL_INFO_202609281,souris,modèle par défaut,5
BERLIN_MATERIEL_INFO_202609282,,Modèle par défaut,350
BERLIN_MATERIEL_INFO_202609283,,Optiplex small,240
LONDON_MATERIEL_INFO_202609280,PC portable,EliteBook 6xx,175
LONDON_MATERIEL_INFO_202609281,PC fixe sans ecran,"Elite (Tower, SFF, One)",393
LONDON_MATERIEL_INFO_202609282,PC portable,MacBook air pre-retina,310
LONDON_MATERIEL_INFO_202609283,Telephone IP,modèle par défaut,17
LONDON_MATERIEL_INFO_202609284,PC portable,,260
LONDON_MATERIEL_INFO_202609285,,PC Fixe (moy),300
LA_MATERIEL_INFO_202609280,PC portable,Chromebook 11-13pouces,175
LA_MATERIEL_INFO_202609281,Ecran,jusqu'à 23pouces,350
NewYork_MATERIEL_INFO_202609280,PC fixe tout-en-un,iMac 27pouces retina,450
NewYork_MATERIEL_INFO_202609281,,modèle par défaut,350
NewYork_MATERIEL_INFO_202609282,PC portable,EliteBook 6xx,175
NewYork_MATERIEL_INFO_202609283,PC fixe sans ecran,Rasberry pi 4,15
NewYork_MATERIEL_INFO_202609284,PC fixe tout-en-un,Optiplex All-in-One 3xxx,241
NewYork_MATERIEL_INFO_202609285,PC fixe sans ecran,Rasberry pi 4,15
NewYork_MATERIEL_INFO_202609286,,EliteBook 6xx,175
NewYork_MATERIEL_INFO_202609287,PC portable,,260
NewYork_MATERIEL_INFO_202609288,Vidéo projecteur,Transportable,94
NewYork_MATERIEL_INFO_202609289,PC fixe sans ecran,,350
NewYork_MATERIEL_INFO_2026092810,PC portable,Precision 7xxx,304
NewYork_MATERIEL_INFO_2026092811,,iMac 21pouces,290
NewYork_MATERIEL_INFO_2026092812,PC fixe tout-en-un,Mac pro,900
NewYork_MATERIEL_INFO_2026092813,,MacBook air retina,176
Paris_MATERIEL_INFO_202609280,PC fixe sans ecran,Station de travail (moy),600
Paris_MATERIEL_INFO_202609281,PC fixe sans ecran,EliteDesk DM,230
Paris_MATERIEL_INFO_202609282,,Moyenne 13pouces,250
Paris_MATERIEL_INFO_202609283,PC portable,,260
Paris_MATERIEL_INFO_202609284,imprimante,Laser A3 (>100kg),1800
Paris_MATERIEL_INFO_202609285,,MacBook air,250
Paris_MATERIEL_INFO_202609286,Vidéo projecteur,,94
Paris_MATERIEL_INFO_202609287,souris,modèle par défaut,5
Shanghai_MATERIEL_INFO_202609280,Serveur,Noeud de calcul,1300
Shanghai_MATERIEL_INFO_202609281,PC fixe tout-en-un,Optiplex All-in-One 3xxx,241
BERLIN_MATERIEL_INFO_202609290,,modèle par défaut,350
BERLIN_MATERIEL_INFO_202609291,PC fixe tout-en-un,iMac 21pouces,290
BERLIN_MATERIEL_INFO_202609292,Vidéo projecteur,Pour amphi,200
BERLIN_MATERIEL_INFO_202609293,PC portable,MacBook air pre-retina,310
BERLIN_MATERIEL_INFO_202609294,Vidéo projecteur,Pour salle,150
BERLIN_MATERIEL_INFO_202609295,Vidéo projecteur,Pour salle,150
LONDON_MATERIEL_INFO_202609290,Vidéo projecteur,Pour salle,150
LONDON_MATERIEL_INFO_202609291,PC fixe sans ecran,Mac mini,270
LONDON_MATERIEL_INFO_202609292,Telephone IP,modèle par défaut,17
LA_MATERIEL_INFO_202609290,,Mac pro,900
LA_MATERIEL_INFO_202609291,imprimante,modèle par défaut,500
LA_MATERIEL_INFO_202609292,PC portable,ZBook Studio,379
LA_MATERIEL_INFO_202609293,,Latitude 3xxx,220
LA_MATERIEL_INFO_202609294,imprimante,Laser A3 (>100kg),1800
LA_MATERIEL_INFO_202609295,,PC Fixe (moy),300
LA_MATERIEL_INFO_202609296,PC portable,MacBook pro 13pouces,256
LA_MATERIEL_INFO_202609297,Ecran,32pouces et plus,590
LA_MATERIEL_INFO_202609298,PC fixe tout-en-un,iMac 21pouces,290
LA_MATERIEL_INFO_202609299,PC fixe tout-en-un,iMac 21pouces,290
LA_MATERIEL_INFO_2026092910,Disque dur,modèle par défaut,10
LA_MATERIEL_INFO_2026092911,PC fixe sans ecran,modèle par défaut,350
NewYork_MATERIEL_INFO_202609290,PC portable,,260
NewYork_MATERIEL_INFO_202609291,,Laser A3 (>100kg),1800
NewYork_MATERIEL_INFO_202609292,PC portable,Latitude 7xxx,264
NewYork_MATERIEL_INFO_202609293,souris,modèle par défaut,5
NewYork_MATERIEL_INFO_202609294,Serveur,Modèle par défaut,1300
NewYork_MATERIEL_INFO_202609295,Serveur,Serveur de stockage,2500
NewYork_MATERIEL_INFO_202609296,PC portable,ZBook Studio,379
NewYork_MATERIEL_INFO_202609297,,modèle par défaut,350
Paris_MATERIEL_INFO_202609290,Vidéo projecteur,Pour salle,150
Paris_MATERIEL_INFO_202609291,PC fixe tout-en-un,iMac 27pouces retina,450
Paris_MATERIEL_INFO_202609292,,Rasberry pi 4,15
Paris_MATERIEL_INFO_202609293,souris,modèle par défaut,5
Paris_MATERIEL_INFO_202609294,PC portable,ZBook Studio,379
Paris_MATERIEL_INFO_202609295,PC fixe sans ecran,,350
Paris_MATERIEL_INFO_202609296,,Chromebook 14-15pouces,170
Shanghai_MATERIEL_INFO_202609290,PC portable,ProBook,226
Shanghai_MATERIEL_INFO_202609291,,Precision 3xxx,266
Shanghai_MATERIEL_INFO_202609292,Vidéo projecteur,Pour salle,150
Shanghai_MATERIEL_INFO_202609293,,modèle par défaut,350
Shanghai_MATERIEL_INFO_202609294,PC fixe tout-en-un,iMac 27pouces retina,450
Shanghai_MATERIEL_INFO_202609295,,modèle par défaut,350
Shanghai_MATERIEL_INFO_202609296,Smartphone,,63
BERLIN_MATERIEL_INFO_202609300,PC portable,Moyenne 17pouces,365
BERLIN_MATERIEL_INFO_202609301,PC portable,MacBook air retina,176
BERLIN_MATERIEL_INFO_202609302,PC fixe sans ecran,PC Fixe (moy),300
BERLIN_MATERIEL_INFO_202609303,PC fixe sans ecran,Elite mini,137
LONDON_MATERIEL_INFO_202609300,PC fixe sans ecran,OMEN,290
LONDON_MATERIEL_INFO_202609301,PC fixe sans ecran,ProDesk mini/DM,100
LONDON_MATERIEL_INFO_202609302,PC fixe sans ecran,,350
LONDON_MATERIEL_INFO_202609303,,jusqu'à 23pouces,350
LONDON_MATERIEL_INFO_202609304,PC portable,MacBook air pre-retina,310
LONDON_MATERIEL_INFO_202609305,PC fixe sans ecran,Optiplex small,240
LONDON_MATERIEL_INFO_202609306,PC portable,OMEN,290
LONDON_MATERIEL_INFO_202609307,,EliteBook 8xx,290
LONDON_MATERIEL_INFO_202609308,,Precision tower 3xxx,285
LA_MATERIEL_INFO_202609300,Serveur,Serveur de stockage,2500
LA_MATERIEL_INFO_202609301,Ecran,modèle par défaut,430
LA_MATERIEL_INFO_202609302,PC portable,Precision 7xxx,304
LA_MATERIEL_INFO_202609303,Ecran,modèle par défaut,430
LA_MATERIEL_INFO_202609304,PC fixe sans ecran,,350
LA_MATERIEL_INFO_202609305,,ProBook,226
LA_MATERIEL_INFO_202609306,clavier,,24
NewYork_MATERIEL_INFO_202609300,PC fixe sans ecran,Mac mini,270
NewYork_MATERIEL_INFO_202609301,PC fixe sans ecran,ProDesk mini/DM,100
NewYork_MATERIEL_INFO_202609302,,modèle par défaut,350
Paris_MATERIEL_INFO_202609300,PC fixe tout-en-un,modèle par défaut,352
Paris_MATERIEL_INFO_202609301,PC fixe sans ecran,PC Fixe (moy),300
Shanghai_MATERIEL_INFO_202609300,Serveur,Serveur de stockage,2500
Shanghai_MATERIEL_INFO_202609301,,ZHAN,264
Shanghai_MATERIEL_INFO_202609302,PC portable,MacBook air,250
Shanghai_MATERIEL_INFO_202609303,PC portable,MacBook air pre-retina,310
BERLIN_MATERIEL_INFO_202610010,,EliteBook 8xx,290
BERLIN_MATERIEL_INFO_202610011,PC fixe sans ecran,"EliteDesk (Tower, SFF, One)",393
BERLIN_MATERIEL_INFO_202610012,PC fixe tout-en-un,Optiplex All-in-One 3xxx,241
BERLIN_MATERIEL_INFO_202610013,Tablette,modèle par défaut,150
LONDON_MATERIEL_INFO_202610010,Vidéo projecteur,modèle par défaut,94
LONDON_MATERIEL_INFO_202610011,clavier,modèle par défaut,24
LONDON_MATERIEL_INFO_202610012,PC fixe sans ecran,Station de travail (moy),600
LONDON_MATERIEL_INFO_202610013,PC fixe sans ecran,Mac mini,270
LONDON_MATERIEL_INFO_202610014,PC fixe sans ecran,Precision tower 5xxx,440
LONDON_MATERIEL_INFO_202610015,PC portable,Latitude 5xxx,300
LA_MATERIEL_INFO_202610010,Station d'accueil,modèle par défaut,26
LA_MATERIEL_INFO_202610011,PC fixe tout-en-un,Optiplex All-in-One 3xxx,241
LA_MATERIEL_INFO_202610012,PC fixe sans ecran,Precision tower 5xxx,440
LA_MATERIEL_INFO_202610013,,Precision tower 5xxx,440
LA_MATERIEL_INFO_202610014,Tablette,modèle par défaut,150
LA_MATERIEL_INFO_202610015,Vidéo projecteur,modèle par défaut,94
LA_MATERIEL_INFO_202610016,PC portable,EliteBook 8xx,290
LA_MATERIEL_INFO_202610017,imprimante,modèle par défaut,500
LA_MATERIEL_INFO_202610018,PC portable,MacBook pro 13pouces,256
LA_MATERIEL_INFO_202610019,PC fixe sans ecran,ZHAN,264
NewYork_MATERIEL_INFO_202610010,Vidéo projecteur,modèle par défaut,94
NewYork_MATERIEL_INFO_202610011,PC fixe sans ecran,Z,409
NewYork_MATERIEL_INFO_202610012,PC fixe sans ecran,Precision tower 5xxx,440
NewYork_MATERIEL_INFO_202610013,PC fixe tout-en-un,iMac 21pouces,290
NewYork_MATERIEL_INFO_202610014,PC fixe sans ecran,Precision tower 7xxx,555
NewYork_MATERIEL_INFO_202610015,imprimante,,500
NewYork_MATERIEL_INFO_202610016,PC portable,ProBook,226
NewYork_MATERIEL_INFO_202610017,PC fixe sans ecran,Rasberry pi 4,15
NewYork_MATERIEL_INFO_202610018,Serveur,Modèle par défaut,1300
NewYork_MATERIEL_INFO_202610019,,Optiplex All-in-One 7xxx,382
NewYork_MATERIEL_INFO_2026100110,PC portable,OMEN,290
NewYork_MATERIEL_INFO_2026100111,Vidéo projecteur,modèle par défaut,94
NewYork_MATERIEL_INFO_2026100112,PC portable,MacBook pro 15/16pouces,330
NewYork_MATERIEL_INFO_2026100113,PC portable,MacBook pro 15/16pouces,330
Paris_MATERIEL_INFO_202610010,PC fixe tout-en-un,Optiplex All-in-One 3xxx,241
Paris_MATERIEL_INFO_202610011,Smartphone,modèle par défaut,63
Paris_MATERIEL_INFO_202610012,,ZHAN,264
Paris_MATERIEL_INFO_202610013,PC portable,ProBook,226
Paris_MATERIEL_INFO_202610014,PC portable,Moyenne 14/15pouces,294
Paris_MATERIEL_INFO_202610015,Station d'accueil,modèle par défaut,26
Paris_MATERIEL_INFO_202610016,PC portable,MacBook air,250
Paris_MATERIEL_INFO_202610017,Ecran,jusqu'à 23pouces,350
Paris_MATERIEL_INFO_202610018,PC fixe sans ecran,ZHAN,264
Paris_MATERIEL_INFO_202610019,PC portable,,260
Paris_MATERIEL_INFO_2026100110,PC portable,,260
Paris_MATERIEL_INFO_2026100111,PC portable,MacBook air,250
Paris_MATERIEL_INFO_2026100112,PC portable,,260
Shanghai_MATERIEL_INFO_202610010,PC fixe sans ecran,Precision tower 5xxx,440
Shanghai_MATERIEL_INFO_202610011,PC fixe tout-en-un,iMac 21pouces retina,300
Shanghai_MATERIEL_INFO_202610012,,Optiplex tower,260
Shanghai_MATERIEL_INFO_202610013,PC portable,Latitude 7xxx,264
Shanghai_MATERIEL_INFO_202610014,,"EliteDesk (Tower, SFF, One)",393
Shanghai_MATERIEL_INFO_202610015,Ecran,modèle par défaut,430
Shanghai_MATERIEL_INFO_202610016,Borne wifi,modèle par défaut,10
Shanghai_MATERIEL_INFO_202610017,PC fixe sans ecran,EliteDesk DM,230
Shanghai_MATERIEL_INFO_202610018,clavier,modèle par défaut,24
BERLIN_MATERIEL_INFO_202610020,PC fixe tout-en-un,modèle par défaut,352
BERLIN_MATERIEL_INFO_202610021,PC fixe sans ecran,EliteDesk DM,230
LONDON_MATERIEL_INFO_202610020,PC fixe tout-en-un,Optiplex All-in-One 7xxx,382
LONDON_MATERIEL_INFO_202610021,,Victus,267
LA_MATERIEL_INFO_202610020,PC portable,Moyenne 17pouces,365
LA_MATERIEL_INFO_202610021,PC fixe tout-en-un,iMac 21pouces retina,300
LA_MATERIEL_INFO_202610022,PC fixe sans ecran,,350
LA_MATERIEL_INFO_202610023,PC portable,Chromebook 14-15pouces,170
LA_MATERIEL_INFO_202610024,PC fixe sans ecran,,350
LA_MATERIEL_INFO_202610025,Serveur,,1300
LA_MATERIEL_INFO_202610026,PC portable,MacBook air pre-retina,310
LA_MATERIEL_INFO_202610027,PC fixe sans ecran,Optiplex micro,174
LA_MATERIEL_INFO_202610028,PC fixe sans ecran,Optiplex micro,174
LA_MATERIEL_INFO_202610029,PC portable,OMEN,290
LA_MATERIEL_INFO_2026100210,PC fixe tout-en-un,modèle par défaut,352
LA_MATERIEL_INFO_2026100211,PC portable,Latitude 3xxx,220
NewYork_MATERIEL_INFO_202610020,PC portable,MacBook air,250
NewYork_MATERIEL_INFO_202610021,,modèle par défaut,350
NewYork_MATERIEL_INFO_202610022,PC portable,Latitude 3xxx,220
NewYork_MATERIEL_INFO_202610023,PC portable,Victus,267
Paris_MATERIEL_INFO_202610020,PC fixe sans ecran,Optiplex micro,174
Paris_MATERIEL_INFO_202610021,,Precision tower 7xxx,555
Paris_MATERIEL_INFO_202610022,PC portable,ProBook,226
Paris_MATERIEL_INFO_202610023,Serveur,Serveur de stockage,2500
Paris_MATERIEL_INFO_202610024,PC portable,Moyenne 14/15pouces,294
Paris_MATERIEL_INFO_202610025,PC fixe sans ecran,Precision tower 3xxx,285
Paris_MATERIEL_INFO_202610026,PC fixe sans ecran,"EliteDesk (Tower, SFF, One)",393
Paris_MATERIEL_INFO_202610027,Ecran,modèle par défaut,430
Paris_MATERIEL_INFO_202610028,Ecran,32pouces et plus,590
Paris_MATERIEL_INFO_202610029,PC portable,Latitude 7xxx,264
Paris_MATERIEL_INFO_2026100210,PC portable,Moyenne 17pouces,365
Paris_MATERIEL_INFO_2026100211,PC fixe sans ecran,Optiplex micro,174
Paris_MATERIEL_INFO_2026100212,Station d'accueil,modèle par défaut,26
Paris_MATERIEL_INFO_2026100213,,Optiplex tower,260
Shanghai_MATERIEL_INFO_202610020,PC portable,OMEN,290
Shanghai_MATERIEL_INFO_202610021,PC portable,Precision 7xxx,304
Shanghai_MATERIEL_INFO_202610022,PC portable,modèle par défaut,260
Shanghai_MATERIEL_INFO_202610023,,modèle par défaut,350
Shanghai_MATERIEL_INFO_202610024,PC fixe sans ecran,,350
Shanghai_MATERIEL_INFO_202610025,Smartphone,modèle par défaut,63
Shanghai_MATERIEL_INFO_202610026,PC fixe tout-en-un,Optiplex All-in-One 3xxx,241
BERLIN_MATERIEL_INFO_202610030,PC fixe sans ecran,Z,409
LONDON_MATERIEL_INFO_202610030,PC portable,Chromebook 11-13pouces,175
LONDON_MATERIEL_INFO_202610031,Smartphone,modèle par défaut,63
LONDON_MATERIEL_INFO_202610032,souris,modèle par défaut,5
LA_MATERIEL_INFO_202610030,PC fixe tout-en-un,Optiplex All-in-One 3xxx,241
LA_MATERIEL_INFO_202610031,PC fixe tout-en-un,Optiplex All-in-One 5xxx,318
LA_MATERIEL_INFO_202610032,,Laser A3 (>100kg),1800
LA_MATERIEL_INFO_202610033,PC fixe tout-en-un,Mac pro,900
LA_MATERIEL_INFO_202610034,PC fixe sans ecran,ZHAN,264
LA_MATERIEL_INFO_202610035,PC portable,EliteBook 10xx,223
LA_MATERIEL_INFO_202610036,,Laser A3 (>100kg),1800
LA_MATERIEL_INFO_202610037,Ecran,jusqu'à 23pouces,350
LA_MATERIEL_INFO_202610038,PC fixe tout-en-un,Optiplex All-in-One 3xxx,241
LA_MATERIEL_INFO_202610039,PC portable,Moyenne 13pouces,250
LA_MATERIEL_INFO_2026100310,PC portable,EliteBook 10xx,223
LA_MATERIEL_INFO_2026100311,,Wyse thin client,69
LA_MATERIEL_INFO_2026100312,Vidéo projecteur,Transportable,94
NewYork_MATERIEL_INFO_202610030,PC fixe sans ecran,Mac mini,270
NewYork_MATERIEL_INFO_202610031,PC portable,Latitude 3xxx,220
NewYork_MATERIEL_INFO_202610032,,Precision 7xxx,304
NewYork_MATERIEL_INFO_202610033,PC portable,Moyenne 17pouces,365
NewYork_MATERIEL_INFO_202610034,PC portable,Precision 5xxx,280
NewYork_MATERIEL_INFO_202610035,PC fixe sans ecran,Station de travail (moy),600
NewYork_MATERIEL_INFO_202610036,,modèle par défaut,350
NewYork_MATERIEL_INFO_202610037,Borne wifi,modèle par défaut,10
NewYork_MATERIEL_INFO_202610038,PC fixe sans ecran,PC Fixe (moy),300
NewYork_MATERIEL_INFO_202610039,PC fixe tout-en-un,Mac pro,900
NewYork_MATERIEL_INFO_2026100310,PC fixe sans ecran,Z,409
Paris_MATERIEL_INFO_202610030,Station d'accueil,modèle par défaut,26
Paris_MATERIEL_INFO_202610031,,Precision tower 5xxx,440
Paris_MATERIEL_INFO_202610032,PC fixe sans ecran,Precision tower 7xxx,555
Paris_MATERIEL_INFO_202610033,PC fixe tout-en-un,modèle par défaut,352
Shanghai_MATERIEL_INFO_202610030,,Elite mini,137
Shanghai_MATERIEL_INFO_202610031,Vidéo projecteur,Pour salle,150
Shanghai_MATERIEL_INFO_202610032,,modèle par défaut,350
Shanghai_MATERIEL_INFO_202610033,clavier,modèle par défaut,24
Shanghai_MATERIEL_INFO_202610034,PC portable,modèle par défaut,260
Shanghai_MATERIEL_INFO_202610035,PC fixe tout-en-un,Optiplex All-in-One 7xxx,382
Shanghai_MATERIEL_INFO_202610036,PC portable,MacBook pro 13pouces,256
Shanghai_MATERIEL_INFO_202610037,PC portable,,260
Shanghai_MATERIEL_INFO_202610038,,Mac mini,270
Shanghai_MATERIEL_INFO_202610039,PC portable,MacBook pro 15/16pouces,330
BERLIN_MATERIEL_INFO_202610040,PC fixe sans ecran,ProDesk mini/DM,100
BERLIN_MATERIEL_INFO_202610041,,Chromebook 14-15pouces,170
BERLIN_MATERIEL_INFO_202610042,Serveur,Serveur de stockage,2500
BERLIN_MATERIEL_INFO_202610043,PC portable,Latitude 7xxx,264
LONDON_MATERIEL_INFO_202610040,PC fixe tout-en-un,iMac pro,700
LONDON_MATERIEL_INFO_202610041,PC fixe tout-en-un,iMac pro,700
LONDON_MATERIEL_INFO_202610042,PC portable,Latitude 7xxx,264
LONDON_MATERIEL_INFO_202610043,PC portable,Precision 3xxx,266
LONDON_MATERIEL_INFO_202610044,Ecran,24pouces-31pouces,430
LONDON_MATERIEL_INFO_202610045,,Laser à poser (<40kg),430
LONDON_MATERIEL_INFO_202610046,Borne wifi,modèle par défaut,10
LONDON_MATERIEL_INFO_202610047,PC fixe sans ecran,Mac pro,900
LONDON_MATERIEL_INFO_202610048,PC fixe sans ecran,"Elite (Tower, SFF, One)",393
LA_MATERIEL_INFO_202610040,PC portable,Precision 3xxx,266
LA_MATERIEL_INFO_202610041,PC fixe tout-en-un,modèle par défaut,352
LA_MATERIEL_INFO_202610042,,Transportable,94
LA_MATERIEL_INFO_202610043,,Station de travail (moy),600
LA_MATERIEL_INFO_202610044,PC fixe sans ecran,,350
LA_MATERIEL_INFO_202610045,PC fixe tout-en-un,modèle par défaut,352
LA_MATERIEL_INFO_202610046,PC fixe sans ecran,Optiplex tower,260
LA_MATERIEL_INFO_202610047,,modèle par défaut,350
LA_MATERIEL_INFO_202610048,Ecran,24pouces-31pouces,430
LA_MATERIEL_INFO_202610049,PC fixe sans ecran,Mac mini,270
NewYork_MATERIEL_INFO_202610040,PC fixe sans ecran,"Elite (Tower, SFF, One)",393
NewYork_MATERIEL_INFO_202610041,PC portable,Latitude 7xxx,264
NewYork_MATERIEL_INFO_202610042,PC fixe tout-en-un,iMac 21pouces retina,300
Paris_MATERIEL_INFO_202610040,PC fixe sans ecran,Optiplex small,240
Paris_MATERIEL_INFO_202610041,PC fixe sans ecran,Optiplex small,240
Paris_MATERIEL_INFO_202610042,imprimante,Laser A3 (40-99kg),960
Paris_MATERIEL_INFO_202610043,PC fixe sans ecran,EliteDesk DM,230
Paris_MATERIEL_INFO_202610044,PC fixe tout-en-un,iMac 21pouces,290
Paris_MATERIEL_INFO_202610045,,iMac 21pouces,290
Paris_MATERIEL_INFO_202610046,PC fixe sans ecran,Wyse thin client,69
Paris_MATERIEL_INFO_202610047,imprimante,Laser A3 (40-99kg),960
Paris_MATERIEL_INFO_202610048,Station d'accueil,modèle par défaut,26
Paris_MATERIEL_INFO_202610049,PC fixe tout-en-un,Optiplex All-in-One 5xxx,318
Paris_MATERIEL_INFO_2026100410,,Precision 3xxx,266
Paris_MATERIEL_INFO_2026100411,PC portable,Latitude 7xxx,264
Shanghai_MATERIEL_INFO_202610040,,Moyenne 17pouces,365
Shanghai_MATERIEL_INFO_202610041,PC fixe sans ecran,,350
Shanghai_MATERIEL_INFO_202610042,PC portable,EliteBook 6xx,175
Shanghai_MATERIEL_INFO_202610043,,Laser à poser (<40kg),430
Shanghai_MATERIEL_INFO_202610044,PC portable,EliteBook 8xx,290
Shanghai_MATERIEL_INFO_202610045,PC fixe sans ecran,Rasberry pi 4,15
Shanghai_MATERIEL_INFO_202610046,,Laser A3 (40-99kg),960
Shanghai_MATERIEL_INFO_202610047,PC portable,OMEN,290
Shanghai_MATERIEL_INFO_202610048,PC portable,,260
Shanghai_MATERIEL_INFO_202610049,Ecran,jusqu'à 23pouces,350
Shanghai_MATERIEL_INFO_2026100410,imprimante,modèle par défaut,500
Shanghai_MATERIEL_INFO_2026100411,Vidéo projecteur,Pour amphi,200
BERLIN_MATERIEL_INFO_202610050,PC fixe sans ecran,,350
BERLIN_MATERIEL_INFO_202610051,PC portable,Latitude 3xxx,220
LONDON_MATERIEL_INFO_202610050,PC fixe sans ecran,"Elite (Tower, SFF, One)",393
LONDON_MATERIEL_INFO_202610051,Vidéo projecteur,,94
LONDON_MATERIEL_INFO_202610052,PC portable,Precision 3xxx,266
LONDON_MATERIEL_INFO_202610053,PC portable,Latitude 3xxx,220
LONDON_MATERIEL_INFO_202610054,,Precision tower 3xxx,285
LONDON_MATERIEL_INFO_202610055,PC fixe sans ecran,"EliteDesk (Tower, SFF, One)",393
LONDON_MATERIEL_INFO_202610056,PC portable,,260
LONDON_MATERIEL_INFO_202610057,PC fixe tout-en-un,iMac 21pouces retina,300
LONDON_MATERIEL_INFO_202610058,PC portable,EliteBook 6xx,175
LONDON_MATERIEL_INFO_202610059,Tablette,modèle par défaut,150
LONDON_MATERIEL_INFO_2026100510,Disque dur,modèle par défaut,10
LONDON_MATERIEL_INFO_2026100511,,"Elite (Tower, SFF, One)",393
LONDON_MATERIEL_INFO_2026100512,PC portable,OMEN,290
LONDON_MATERIEL_INFO_2026100513,PC portable,EliteBook 10xx,223
LA_MATERIEL_INFO_202610050,Vidéo projecteur,Pour amphi,200
LA_MATERIEL_INFO_202610051,PC portable,MacBook air retina,176
LA_MATERIEL_INFO_202610052,Ecran,24pouces-31pouces,430
LA_MATERIEL_INFO_202610053,PC fixe sans ecran,EliteDesk DM,230
LA_MATERIEL_INFO_202610054,PC fixe sans ecran,Z,409
LA_MATERIEL_INFO_202610055,PC portable,Moyenne 14/15pouces,294
NewYork_MATERIEL_INFO_202610050,Borne wifi,modèle par défaut,10
NewYork_MATERIEL_INFO_202610051,PC fixe sans ecran,ProDesk mini/DM,100
NewYork_MATERIEL_INFO_202610052,PC portable,Precision 7xxx,304
NewYork_MATERIEL_INFO_202610053,PC portable,ZBook,303
NewYork_MATERIEL_INFO_202610054,,Serveur de stockage,2500
NewYork_MATERIEL_INFO_202610055,PC fixe tout-en-un,Optiplex All-in-One 3xxx,241
NewYork_MATERIEL_INFO_202610056,PC fixe sans ecran,Precision tower 3xxx,285
NewYork_MATERIEL_INFO_202610057,PC fixe sans ecran,PC Fixe (moy),300
NewYork_MATERIEL_INFO_202610058,PC portable,OMEN,290
NewYork_MATERIEL_INFO_202610059,,jusqu'à 23pouces,350
NewYork_MATERIEL_INFO_2026100510,Serveur,Modèle par défaut,1300
Paris_MATERIEL_INFO_202610050,PC fixe tout-en-un,iMac 27pouces retina,450
Paris_MATERIEL_INFO_202610051,,modèle par défaut,350
Paris_MATERIEL_INFO_202610052,PC portable,Precision 7xxx,304
Paris_MATERIEL_INFO_202610053,PC fixe sans ecran,OMEN,290
Paris_MATERIEL_INFO_202610054,imprimante,Laser A3 (40-99kg),960
Paris_MATERIEL_INFO_202610055,PC fixe sans ecran,ZHAN,264
Paris_MATERIEL_INFO_202610056,PC portable,MacBook air,250
Paris_MATERIEL_INFO_202610057,,Optiplex All-in-One 3xxx,241
Paris_MATERIEL_INFO_202610058,Vidéo projecteur,Pour amphi,200
Paris_MATERIEL_INFO_202610059,PC portable,,260
Shanghai_MATERIEL_INFO_202610050,,EliteBook 6xx,175
Shanghai_MATERIEL_INFO_202610051,,Moyenne 17pouces,365
Shanghai_MATERIEL_INFO_202610052,Ecran,,430
Shanghai_MATERIEL_INFO_202610053,PC fixe tout-en-un,Optiplex All-in-One 5xxx,318
Shanghai_MATERIEL_INFO_202610054,PC portable,MacBook air,250
Shanghai_MATERIEL_INFO_202610055,,EliteBook 10xx,223
Shanghai_MATERIEL_INFO_202610056,PC fixe tout-en-un,iMac 27pouces retina,450
Shanghai_MATERIEL_INFO_202610057,PC fixe tout-en-un,modèle par défaut,352
Shanghai_MATERIEL_INFO_202610058,PC portable,Precision 7xxx,304
Shanghai_MATERIEL_INFO_202610059,Vidéo projecteur,modèle par défaut,94
Shanghai_MATERIEL_INFO_2026100510,PC fixe sans ecran,Precision tower 5xxx,440
Shanghai_MATERIEL_INFO_2026100511,Serveur,Modèle par défaut,1300
Shanghai_MATERIEL_INFO_2026100512,PC fixe tout-en-un,iMac pro,700
BERLIN_MATERIEL_INFO_202610060,PC portable,Moyenne 17pouces,365
BERLIN_MATERIEL_INFO_202610061,PC fixe sans ecran,Precision tower 7xxx,555
BERLIN_MATERIEL_INFO_202610062,PC portable,,260
BERLIN_MATERIEL_INFO_202610063,,Pour salle,150
BERLIN_MATERIEL_INFO_202610064,,EliteBook 10xx,223
LONDON_MATERIEL_INFO_202610060,,ProDesk mini/DM,100
LONDON_MATERIEL_INFO_202610061,,Moyenne 17pouces,365
LONDON_MATERIEL_INFO_202610062,Telephone IP,modèle par défaut,17
LONDON_MATERIEL_INFO_202610063,PC portable,Moyenne 13pouces,250
LONDON_MATERIEL_INFO_202610064,,Chromebook 11-13pouces,175
LONDON_MATERIEL_INFO_202610065,PC fixe sans ecran,"EliteDesk (Tower, SFF, One)",393
LA_MATERIEL_INFO_202610060,PC portable,ZBook,303
NewYork_MATERIEL_INFO_202610060,PC portable,EliteBook 6xx,175
NewYork_MATERIEL_INFO_202610061,PC fixe sans ecran,"Elite (Tower, SFF, One)",393
NewYork_MATERIEL_INFO_202610062,PC portable,ZBook,303
NewYork_MATERIEL_INFO_202610063,PC portable,Precision 5xxx,280
Paris_MATERIEL_INFO_202610060,Serveur,Noeud de calcul,1300
Paris_MATERIEL_INFO_202610061,imprimante,modèle par défaut,500
Paris_MATERIEL_INFO_202610062,PC fixe tout-en-un,Optiplex All-in-One 7xxx,382
Shanghai_MATERIEL_INFO_202610060,PC fixe sans ecran,Optiplex micro,174
Shanghai_MATERIEL_INFO_202610061,PC fixe sans ecran,ZHAN,264
Shanghai_MATERIEL_INFO_202610062,,Rasberry pi 4,15
Shanghai_MATERIEL_INFO_202610063,Ecran,modèle par défaut,430
BERLIN_MATERIEL_INFO_202610070,PC fixe sans ecran,"Prodesk (Tower, SFF)",322
LONDON_MATERIEL_INFO_202610070,PC fixe tout-en-un,Optiplex All-in-One 5xxx,318
LONDON_MATERIEL_INFO_202610071,PC portable,EliteBook 10xx,223
LONDON_MATERIEL_INFO_202610072,PC fixe sans ecran,Optiplex tower,260
LONDON_MATERIEL_INFO_202610073,PC fixe tout-en-un,,352
LONDON_MATERIEL_INFO_202610074,Vidéo projecteur,Pour amphi,200
LONDON_MATERIEL_INFO_202610075,PC fixe tout-en-un,iMac 27pouces retina,450
LONDON_MATERIEL_INFO_202610076,PC portable,EliteBook 6xx,175
LONDON_MATERIEL_INFO_202610077,,modèle par défaut,350
LONDON_MATERIEL_INFO_202610078,,Optiplex tower,260
LONDON_MATERIEL_INFO_202610079,,modèle par défaut,350
LONDON_MATERIEL_INFO_2026100710,,24pouces-31pouces,430
LA_MATERIEL_INFO_202610070,Ecran,modèle par défaut,430
LA_MATERIEL_INFO_202610071,Disque dur,,10
LA_MATERIEL_INFO_202610072,,iMac 27pouces retina,450
LA_MATERIEL_INFO_202610073,Disque dur,modèle par défaut,10
LA_MATERIEL_INFO_202610074,PC fixe sans ecran,Precision tower 3xxx,285
LA_MATERIEL_INFO_202610075,,Laser A3 (40-99kg),960
LA_MATERIEL_INFO_202610076,PC portable,Victus,267
LA_MATERIEL_INFO_202610077,PC fixe sans ecran,Precision tower 5xxx,440
NewYork_MATERIEL_INFO_202610070,PC portable,MacBook pro 15/16pouces,330
NewYork_MATERIEL_INFO_202610071,PC fixe sans ecran,Precision tower 3xxx,285
NewYork_MATERIEL_INFO_202610072,PC fixe sans ecran,PC Fixe (moy),300
NewYork_MATERIEL_INFO_202610073,PC fixe tout-en-un,modèle par défaut,352
NewYork_MATERIEL_INFO_202610074,PC portable,,260
NewYork_MATERIEL_INFO_202610075,PC fixe sans ecran,Mac mini,270
NewYork_MATERIEL_INFO_202610076,Telephone IP,modèle par défaut,17
NewYork_MATERIEL_INFO_202610077,Vidéo projecteur,Pour salle,150
NewYork_MATERIEL_INFO_202610078,,Serveur de stockage,2500
NewYork_MATERIEL_INFO_202610079,,Optiplex small,240
Paris_MATERIEL_INFO_202610070,PC fixe tout-en-un,,352
Paris_MATERIEL_INFO_202610071,Tablette,modèle par défaut,150
Paris_MATERIEL_INFO_202610072,PC fixe tout-en-un,iMac 21pouces retina,300
Paris_MATERIEL_INFO_202610073,PC fixe sans ecran,Wyse thin client,69
Shanghai_MATERIEL_INFO_202610070,PC portable,ZBook,303
Shanghai_MATERIEL_INFO_202610071,PC portable,,260
Shanghai_MATERIEL_INFO_202610072,,EliteBook 10xx,223
Shanghai_MATERIEL_INFO_202610073,Vidéo projecteur,,94
Shanghai_MATERIEL_INFO_202610074,,Moyenne 14/15pouces,294
Shanghai_MATERIEL_INFO_202610075,PC fixe sans ecran,Precision tower 7xxx,555
Shanghai_MATERIEL_INFO_202610076,PC portable,Latitude 3xxx,220
Shanghai_MATERIEL_INFO_202610077,PC portable,MacBook pro 13pouces,256
Shanghai_MATERIEL_INFO_202610078,Tablette,modèle par défaut,150
BERLIN_MATERIEL_INFO_202610080,Vidéo projecteur,modèle par défaut,94
BERLIN_MATERIEL_INFO_202610081,,Moyenne 17pouces,365
BERLIN_MATERIEL_INFO_202610082,PC fixe sans ecran,"Elite (Tower, SFF, One)",393
BERLIN_MATERIEL_INFO_202610083,,Serveur de stockage,2500
BERLIN_MATERIEL_INFO_202610084,PC portable,Latitude 5xxx,300
LONDON_MATERIEL_INFO_202610080,,Optiplex micro,174
LONDON_MATERIEL_INFO_202610081,PC portable,MacBook air retina,176
LONDON_MATERIEL_INFO_202610082,,Moyenne 14/15pouces,294
LONDON_MATERIEL_INFO_202610083,PC portable,MacBook pro 15/16pouces,330
LONDON_MATERIEL_INFO_202610084,PC fixe tout-en-un,modèle par défaut,352
LONDON_MATERIEL_INFO_202610085,imprimante,Laser A3 (40-99kg),960
LONDON_MATERIEL_INFO_202610086,,Victus,267
LONDON_MATERIEL_INFO_202610087,PC fixe sans ecran,Z,409
LONDON_MATERIEL_INFO_202610088,,Mac pro,900
LA_MATERIEL_INFO_202610080,,Transportable,94
LA_MATERIEL_INFO_202610081,,Moyenne 17pouces,365
LA_MATERIEL_INFO_202610082,Serveur,,1300
LA_MATERIEL_INFO_202610083,PC portable,Precision 5xxx,280
NewYork_MATERIEL_INFO_202610080,,Precision tower 5xxx,440
NewYork_MATERIEL_INFO_202610081,PC portable,Victus,267
NewYork_MATERIEL_INFO_202610082,PC portable,Victus,267
Paris_MATERIEL_INFO_202610080,PC fixe sans ecran,Mac pro,900
Paris_MATERIEL_INFO_202610081,Serveur,Noeud de calcul,1300
Paris_MATERIEL_INFO_202610082,imprimante,modèle par défaut,500
Paris_MATERIEL_INFO_202610083,PC portable,EliteBook 6xx,175
Paris_MATERIEL_INFO_202610084,PC portable,Precision 3xxx,266
Paris_MATERIEL_INFO_202610085,,modèle par défaut,350
Paris_MATERIEL_INFO_202610086,Ecran,32pouces et plus,590
Paris_MATERIEL_INFO_202610087,PC fixe sans ecran,Optiplex micro,174
Paris_MATERIEL_INFO_202610088,PC portable,MacBook pro 13pouces,256
Shanghai_MATERIEL_INFO_202610080,PC fixe sans ecran,Precision tower 3xxx,285
Shanghai_MATERIEL_INFO_202610081,,modèle par défaut,350
Shanghai_MATERIEL_INFO_202610082,PC fixe tout-en-un,iMac 27pouces retina,450
Shanghai_MATERIEL_INFO_202610083,PC portable,Moyenne 13pouces,250
Shanghai_MATERIEL_INFO_202610084,PC fixe sans ecran,OMEN,290
BERLIN_MATERIEL_INFO_202610090,imprimante,Laser A3 (40-99kg),960
BERLIN_MATERIEL_INFO_202610091,PC fixe tout-en-un,Optiplex All-in-One 7xxx,382
LONDON_MATERIEL_INFO_202610090,PC portable,ProBook,226
LONDON_MATERIEL_INFO_202610091,PC portable,modèle par défaut,260
LONDON_MATERIEL_INFO_202610092,PC portable,MacBook pro 15/16pouces,330
LONDON_MATERIEL_INFO_202610093,PC fixe sans ecran,modèle par défaut,350
LONDON_MATERIEL_INFO_202610094,PC fixe sans ecran,OMEN,290
LONDON_MATERIEL_INFO_202610095,,Modèle par défaut,350
LA_MATERIEL_INFO_202610090,,MacBook pro 13pouces,256
LA_MATERIEL_INFO_202610091,,Latitude 7xxx,264
LA_MATERIEL_INFO_202610092,Telephone IP,modèle par défaut,17
LA_MATERIEL_INFO_202610093,,Station de travail (moy),600
LA_MATERIEL_INFO_202610094,PC portable,EliteBook 6xx,175
LA_MATERIEL_INFO_202610095,Smartphone,modèle par défaut,63
LA_MATERIEL_INFO_202610096,Ecran,24pouces-31pouces,430
LA_MATERIEL_INFO_202610097,PC fixe sans ecran,Mac pro,900
LA_MATERIEL_INFO_202610098,,OMEN,290
NewYork_MATERIEL_INFO_202610090,Ecran,modèle par défaut,430
NewYork_MATERIEL_INFO_202610091,Vidéo projecteur,Transportable,94
NewYork_MATERIEL_INFO_202610092,,Precision tower 7xxx,555
NewYork_MATERIEL_INFO_202610093,Vidéo projecteur,Transportable,94
NewYork_MATERIEL_INFO_202610094,Ecran,jusqu'à 23pouces,350
NewYork_MATERIEL_INFO_202610095,,"Elite (Tower, SFF, One)",393
NewYork_MATERIEL_INFO_202610096,PC portable,Latitude 5xxx,300
NewYork_MATERIEL_INFO_202610097,,iMac 21pouces retina,300
Paris_MATERIEL_INFO_202610090,PC portable,EliteBook 8xx,290
Paris_MATERIEL_INFO_202610091,PC portable,OMEN,290
Paris_MATERIEL_INFO_202610092,PC portable,MacBook air retina,176
Paris_MATERIEL_INFO_202610093,Telephone IP,,17
Paris_MATERIEL_INFO_202610094,PC fixe sans ecran,Precision tower 3xxx,285
Paris_MATERIEL_INFO_202610095,PC fixe sans ecran,Optiplex micro,174
Paris_MATERIEL_INFO_202610096,,ZHAN,264
Paris_MATERIEL_INFO_202610097,PC fixe sans ecran,PC Fixe (moy),300
Paris_MATERIEL_INFO_202610098,PC portable,ZBook Studio,379
Paris_MATERIEL_INFO_202610099,Telephone IP,modèle par défaut,17
Paris_MATERIEL_INFO_2026100910,PC fixe tout-en-un,Optiplex All-in-One 5xxx,318
Paris_MATERIEL_INFO_2026100911,PC fixe sans ecran,,350
Paris_MATERIEL_INFO_2026100912,,ZBook Studio,379
Shanghai_MATERIEL_INFO_202610090,PC portable,Latitude 3xxx,220
Shanghai_MATERIEL_INFO_202610091,PC fixe sans ecran,Elite mini,137
Shanghai_MATERIEL_INFO_202610092,PC portable,Chromebook 11-13pouces,175
BERLIN_MATERIEL_INFO_202610100,Borne wifi,modèle par défaut,10
BERLIN_MATERIEL_INFO_202610101,PC fixe tout-en-un,iMac pro,700
BERLIN_MATERIEL_INFO_202610102,PC portable,Precision 7xxx,304
BERLIN_MATERIEL_INFO_202610103,,Latitude 3xxx,220
BERLIN_MATERIEL_INFO_202610104,PC portable,ZBook Studio,379
BERLIN_MATERIEL_INFO_202610105,Smartphone,modèle par défaut,63
LONDON_MATERIEL_INFO_202610100,,Latitude 7xxx,264
LONDON_MATERIEL_INFO_202610101,PC fixe tout-en-un,iMac 21pouces,290
LONDON_MATERIEL_INFO_202610102,PC portable,EliteBook 8xx,290
LONDON_MATERIEL_INFO_202610103,,modèle par défaut,350
LONDON_MATERIEL_INFO_202610104,,Latitude 7xxx,264
LONDON_MATERIEL_INFO_202610105,,Z,409
LONDON_MATERIEL_INFO_202610106,PC portable,MacBook air pre-retina,310
LONDON_MATERIEL_INFO_202610107,PC fixe tout-en-un,Mac pro,900
LONDON_MATERIEL_INFO_202610108,Smartphone,,63
LONDON_MATERIEL_INFO_202610109,PC fixe sans ecran,Wyse thin client,69
LONDON_MATERIEL_INFO_2026101010,PC fixe tout-en-un,Mac pro,900
LA_MATERIEL_INFO_202610100,PC fixe tout-en-un,iMac 27pouces retina,450
LA_MATERIEL_INFO_202610101,,EliteDesk DM,230
LA_MATERIEL_INFO_202610102,PC portable,ZBook,303
LA_MATERIEL_INFO_202610103,Vidéo projecteur,Transportable,94
LA_MATERIEL_INFO_202610104,PC fixe sans ecran,ZHAN,264
LA_MATERIEL_INFO_202610105,,Elite mini,137
LA_MATERIEL_INFO_202610106,Telephone IP,modèle par défaut,17
LA_MATERIEL_INFO_202610107,PC fixe sans ecran,"Elite (Tower, SFF, One)",393
LA_MATERIEL_INFO_202610108,Telephone IP,,17
LA_MATERIEL_INFO_202610109,Serveur,Modèle par défaut,1300
NewYork_MATERIEL_INFO_202610100,PC fixe sans ecran,,350
NewYork_MATERIEL_INFO_202610101,Ecran,,430
NewYork_MATERIEL_INFO_202610102,Ecran,24pouces-31pouces,430
NewYork_MATERIEL_INFO_202610103,,"EliteDesk (Tower, SFF, One)",393
NewYork_MATERIEL_INFO_202610104,PC fixe sans ecran,Precision tower 7xxx,555
NewYork_MATERIEL_INFO_202610105,,modèle par défaut,350
NewYork_MATERIEL_INFO_202610106,PC portable,Precision 5xxx,280
Paris_MATERIEL_INFO_202610100,Serveur,Serveur de stockage,2500
Paris_MATERIEL_INFO_202610101,PC portable,Latitude 7xxx,264
Shanghai_MATERIEL_INFO_202610100,,Rasberry pi 4,15
Shanghai_MATERIEL_INFO_202610101,PC portable,Precision 5xxx,280
Shanghai_MATERIEL_INFO_202610102,PC fixe tout-en-un,,352
Shanghai_MATERIEL_INFO_202610103,PC portable,MacBook air pre-retina,310
Shanghai_MATERIEL_INFO_202610104,Serveur,Serveur de stockage,2500
Shanghai_MATERIEL_INFO_202610105,,Laser A3 (>100kg),1800
Shanghai_MATERIEL_INFO_202610106,PC portable,Victus,267
Shanghai_MATERIEL_INFO_202610107,PC fixe sans ecran,Precision tower 5xxx,440
Shanghai_MATERIEL_INFO_202610108,PC fixe sans ecran,Wyse thin client,69
Shanghai_MATERIEL_INFO_202610109,,modèle par défaut,350
Shanghai_MATERIEL_INFO_2026101010,PC portable,Chromebook 11-13pouces,175
Shanghai_MATERIEL_INFO_2026101011,PC portable,Latitude 5xxx,300
Shanghai_MATERIEL_INFO_2026101012,,MacBook air retina,176
BERLIN_MATERIEL_INFO_202610110,PC fixe sans ecran,"EliteDesk (Tower, SFF, One)",393
LONDON_MATERIEL_INFO_202610110,PC portable,MacBook air pre-retina,310
LONDON_MATERIEL_INFO_202610111,PC portable,MacBook pro 13pouces,256
LA_MATERIEL_INFO_202610110,Serveur,,1300
LA_MATERIEL_INFO_202610111,Ecran,32pouces et plus,590
LA_MATERIEL_INFO_202610112,PC portable,ProBook,226
LA_MATERIEL_INFO_202610113,PC fixe tout-en-un,Optiplex All-in-One 7xxx,382
LA_MATERIEL_INFO_202610114,Ecran,jusqu'à 23pouces,350
LA_MATERIEL_INFO_202610115,,ProDesk mini/DM,100
NewYork_MATERIEL_INFO_202610110,PC fixe tout-en-un,iMac 27pouces retina,450
NewYork_MATERIEL_INFO_202610111,,jusqu'à 23pouces,350
NewYork_MATERIEL_INFO_202610112,Station d'accueil,modèle par défaut,26
NewYork_MATERIEL_INFO_202610113,,Moyenne 13pouces,250
NewYork_MATERIEL_INFO_202610114,PC fixe tout-en-un,Optiplex All-in-One 3xxx,241
NewYork_MATERIEL_INFO_202610115,PC fixe sans ecran,Mac pro,900
NewYork_MATERIEL_INFO_202610116,Smartphone,modèle par défaut,63
NewYork_MATERIEL_INFO_202610117,Vidéo projecteur,,94
NewYork_MATERIEL_INFO_202610118,PC fixe sans ecran,Rasberry pi 4,15
Paris_MATERIEL_INFO_202610110,Ecran,,430
Paris_MATERIEL_INFO_202610111,PC fixe sans ecran,,350
Paris_MATERIEL_INFO_202610112,PC fixe sans ecran,Rasberry pi 4,15
Paris_MATERIEL_INFO_202610113,,modèle par défaut,350
Paris_MATERIEL_INFO_202610114,PC portable,MacBook pro 15/16pouces,330
Shanghai_MATERIEL_INFO_202610110,Vidéo projecteur,Transportable,94
Shanghai_MATERIEL_INFO_202610111,PC portable,modèle par défaut,260
Shanghai_MATERIEL_INFO_202610112,PC fixe sans ecran,,350
BERLIN_MATERIEL_INFO_202610120,PC portable,,260
BERLIN_MATERIEL_INFO_202610121,PC fixe sans ecran,"Prodesk (Tower, SFF)",322
BERLIN_MATERIEL_INFO_202610122,,Precision tower 3xxx,285
BERLIN_MATERIEL_INFO_202610123,,OMEN,290
BERLIN_MATERIEL_INFO_202610124,imprimante,Laser A3 (40-99kg),960
BERLIN_MATERIEL_INFO_202610125,Serveur,Noeud de calcul,1300
LONDON_MATERIEL_INFO_202610120,,Noeud de calcul,1300
LONDON_MATERIEL_INFO_202610121,PC portable,MacBook pro 15/16pouces,330
LONDON_MATERIEL_INFO_202610122,PC portable,EliteBook 10xx,223
LONDON_MATERIEL_INFO_202610123,,Laser A3 (40-99kg),960
LONDON_MATERIEL_INFO_202610124,Borne wifi,modèle par défaut,10
LONDON_MATERIEL_INFO_202610125,PC portable,Precision 5xxx,280
LONDON_MATERIEL_INFO_202610126,PC fixe sans ecran,Elite mini,137
LONDON_MATERIEL_INFO_202610127,,Chromebook 11-13pouces,175
LONDON_MATERIEL_INFO_202610128,,Precision tower 7xxx,555
LA_MATERIEL_INFO_202610120,,Victus,267
LA_MATERIEL_INFO_202610121,Tablette,modèle par défaut,150
LA_MATERIEL_INFO_202610122,Station d'accueil,modèle par défaut,26
LA_MATERIEL_INFO_202610123,Borne wifi,modèle par défaut,10
LA_MATERIEL_INFO_202610124,,EliteBook 10xx,223
LA_MATERIEL_INFO_202610125,,Precision tower 3xxx,285
NewYork_MATERIEL_INFO_202610120,imprimante,Laser A3 (40-99kg),960
NewYork_MATERIEL_INFO_202610121,PC fixe sans ecran,Mac mini,270
NewYork_MATERIEL_INFO_202610122,,ZHAN,264
NewYork_MATERIEL_INFO_202610123,PC fixe sans ecran,,350
NewYork_MATERIEL_INFO_202610124,PC fixe sans ecran,Mac pro,900
NewYork_MATERIEL_INFO_202610125,PC portable,OMEN,290
NewYork_MATERIEL_INFO_202610126,PC portable,Moyenne 13pouces,250
NewYork_MATERIEL_INFO_202610127,,ZBook,303
NewYork_MATERIEL_INFO_202610128,Tablette,modèle par défaut,150
NewYork_MATERIEL_INFO_202610129,PC fixe sans ecran,,350
NewYork_MATERIEL_INFO_2026101210,PC fixe sans ecran,,350
NewYork_MATERIEL_INFO_2026101211,Serveur,Serveur de stockage,2500
Paris_MATERIEL_INFO_202610120,PC portable,Moyenne 14/15pouces,294
Paris_MATERIEL_INFO_202610121,PC fixe sans ecran,Precision tower 5xxx,440
Paris_MATERIEL_INFO_202610122,,modèle par défaut,350
Shanghai_MATERIEL_INFO_202610120,PC portable,Precision 5xxx,280
Shanghai_MATERIEL_INFO_202610121,PC fixe sans ecran,Station de travail (moy),600
Shanghai_MATERIEL_INFO_202610122,Ecran,jusqu'à 23pouces,350
Shanghai_MATERIEL_INFO_202610123,PC fixe sans ecran,OMEN,290
Shanghai_MATERIEL_INFO_202610124,PC portable,EliteBook 10xx,223
Shanghai_MATERIEL_INFO_202610125,PC fixe tout-en-un,Optiplex All-in-One 3xxx,241
Shanghai_MATERIEL_INFO_202610126,PC portable,OMEN,290
Shanghai_MATERIEL_INFO_202610127,PC fixe sans ecran,Mac pro,900
BERLIN_MATERIEL_INFO_202610130,Ecran,modèle par défaut,430
BERLIN_MATERIEL_INFO_202610131,PC fixe sans ecran,Station de travail (moy),600
BERLIN_MATERIEL_INFO_202610132,PC fixe tout-en-un,Mac pro,900
BERLIN_MATERIEL_INFO_202610133,PC portable,Latitude 3xxx,220
LONDON_MATERIEL_INFO_202610130,PC fixe sans ecran,,350
LONDON_MATERIEL_INFO_202610131,PC portable,Precision 7xxx,304
LONDON_MATERIEL_INFO_202610132,,Mac pro,900
LONDON_MATERIEL_INFO_202610133,Station d'accueil,modèle par défaut,26
LONDON_MATERIEL_INFO_202610134,,Elite mini,137
LONDON_MATERIEL_INFO_202610135,,Elite mini,137
LONDON_MATERIEL_INFO_202610136,PC fixe sans ecran,Mac mini,270
LONDON_MATERIEL_INFO_202610137,,MacBook air,250
LONDON_MATERIEL_INFO_202610138,Vidéo projecteur,modèle par défaut,94
LONDON_MATERIEL_INFO_202610139,Smartphone,modèle par défaut,63
LONDON_MATERIEL_INFO_2026101310,PC fixe tout-en-un,iMac 21pouces,290
LONDON_MATERIEL_INFO_2026101311,PC portable,Precision 3xxx,266
LONDON_MATERIEL_INFO_2026101312,PC fixe sans ecran,Optiplex micro,174
LA_MATERIEL_INFO_202610130,,Optiplex All-in-One 7xxx,382
LA_MATERIEL_INFO_202610131,PC fixe tout-en-un,Optiplex All-in-One 5xxx,318
LA_MATERIEL_INFO_202610132,,modèle par défaut,350
LA_MATERIEL_INFO_202610133,PC fixe tout-en-un,,352
LA_MATERIEL_INFO_202610134,clavier,modèle par défaut,24
NewYork_MATERIEL_INFO_202610130,PC portable,Precision 5xxx,280
NewYork_MATERIEL_INFO_202610131,,MacBook pro 13pouces,256
NewYork_MATERIEL_INFO_202610132,PC portable,Precision 5xxx,280
NewYork_MATERIEL_INFO_202610133,PC portable,MacBook air,250
NewYork_MATERIEL_INFO_202610134,PC fixe tout-en-un,,352
NewYork_MATERIEL_INFO_202610135,,MacBook air pre-retina,310
NewYork_MATERIEL_INFO_202610136,PC fixe sans ecran,"Prodesk (Tower, SFF)",322
Paris_MATERIEL_INFO_202610130,Tablette,modèle par défaut,150
Paris_MATERIEL_INFO_202610131,PC portable,Chromebook 14-15pouces,170
Paris_MATERIEL_INFO_202610132,PC portable,Precision 5xxx,280
Shanghai_MATERIEL_INFO_202610130,PC fixe sans ecran,Optiplex tower,260
Shanghai_MATERIEL_INFO_202610131,Serveur,Serveur de stockage,2500
Shanghai_MATERIEL_INFO_202610132,,EliteBook 10xx,223
Shanghai_MATERIEL_INFO_202610133,,EliteBook 10xx,223
Shanghai_MATERIEL_INFO_202610134,PC portable,MacBook pro 13pouces,256
Shanghai_MATERIEL_INFO_202610135,PC portable,Moyenne 14/15pouces,294
Shanghai_MATERIEL_INFO_202610136,,Chromebook 11-13pouces,175
BERLIN_MATERIEL_INFO_202610140,,modèle par défaut,350
BERLIN_MATERIEL_INFO_202610141,PC fixe sans ecran,EliteDesk DM,230
BERLIN_MATERIEL_INFO_202610142,,Optiplex All-in-One 5xxx,318
BERLIN_MATERIEL_INFO_202610143,PC fixe sans ecran,Mac pro,900
BERLIN_MATERIEL_INFO_202610144,PC portable,,260
LONDON_MATERIEL_INFO_202610140,imprimante,Laser A3 (>100kg),1800
LONDON_MATERIEL_INFO_202610141,souris,modèle par défaut,5
LONDON_MATERIEL_INFO_202610142,PC fixe tout-en-un,iMac pro,700
LONDON_MATERIEL_INFO_202610143,PC fixe sans ecran,,350
LONDON_MATERIEL_INFO_202610144,PC portable,MacBook air pre-retina,310
LONDON_MATERIEL_INFO_202610145,,Precision tower 7xxx,555
LONDON_MATERIEL_INFO_202610146,PC fixe sans ecran,Station de travail (moy),600
LA_MATERIEL_INFO_202610140,Tablette,,150
LA_MATERIEL_INFO_202610141,,Precision 7xxx,304
LA_MATERIEL_INFO_202610142,PC fixe sans ecran,Precision tower 7xxx,555
LA_MATERIEL_INFO_202610143,PC fixe sans ecran,Mac pro,900
LA_MATERIEL_INFO_202610144,Ecran,24pouces-31pouces,430
LA_MATERIEL_INFO_202610145,PC portable,MacBook pro 13pouces,256
LA_MATERIEL_INFO_202610146,PC fixe sans ecran,Elite mini,137
NewYork_MATERIEL_INFO_202610140,Borne wifi,,10
NewYork_MATERIEL_INFO_202610141,Ecran,24pouces-31pouces,430
NewYork_MATERIEL_INFO_202610142,,ZBook,303
NewYork_MATERIEL_INFO_202610143,Station d'accueil,modèle par défaut,26
NewYork_MATERIEL_INFO_202610144,PC fixe sans ecran,EliteDesk DM,230
NewYork_MATERIEL_INFO_202610145,clavier,modèle par défaut,24
NewYork_MATERIEL_INFO_202610146,PC fixe sans ecran,ProDesk mini/DM,100
NewYork_MATERIEL_INFO_202610147,,EliteBook 6xx,175
NewYork_MATERIEL_INFO_202610148,Vidéo projecteur,Pour amphi,200
NewYork_MATERIEL_INFO_202610149,Tablette,modèle par défaut,150
NewYork_MATERIEL_INFO_2026101410,Ecran,32pouces et plus,590
NewYork_MATERIEL_INFO_2026101411,PC fixe sans ecran,Mac pro,900
NewYork_MATERIEL_INFO_2026101412,PC fixe sans ecran,Z,409
Paris_MATERIEL_INFO_202610140,Disque dur,modèle par défaut,10
Paris_MATERIEL_INFO_202610141,PC portable,,260
Shanghai_MATERIEL_INFO_202610140,PC fixe sans ecran,Optiplex small,240
Shanghai_MATERIEL_INFO_202610141,PC fixe tout-en-un,Mac pro,900
Shanghai_MATERIEL_INFO_202610142,PC fixe tout-en-un,Optiplex All-in-One 5xxx,318
BERLIN_MATERIEL_INFO_202610150,PC portable,Latitude 5xxx,300
BERLIN_MATERIEL_INFO_202610151,Ecran,jusqu'à 23pouces,350
BERLIN_MATERIEL_INFO_202610152,PC fixe sans ecran,Precision tower 3xxx,285
BERLIN_MATERIEL_INFO_202610153,PC fixe sans ecran,Optiplex tower,260
BERLIN_MATERIEL_INFO_202610154,PC portable,MacBook pro 15/16pouces,330
BERLIN_MATERIEL_INFO_202610155,,ZHAN,264
LONDON_MATERIEL_INFO_202610150,imprimante,Laser A3 (>100kg),1800
LONDON_MATERIEL_INFO_202610151,,Rasberry pi 4,15
LONDON_MATERIEL_INFO_202610152,Ecran,jusqu'à 23pouces,350
LONDON_MATERIEL_INFO_202610153,PC portable,,260
LONDON_MATERIEL_INFO_202610154,PC portable,EliteBook 6xx,175
LONDON_MATERIEL_INFO_202610155,PC portable,Chromebook 11-13pouces,175
LONDON_MATERIEL_INFO_202610156,PC portable,Latitude 7xxx,264
LONDON_MATERIEL_INFO_202610157,Smartphone,modèle par défaut,63
LONDON_MATERIEL_INFO_202610158,PC fixe sans ecran,Z,409
LONDON_MATERIEL_INFO_202610159,,Serveur de stockage,2500
LONDON_MATERIEL_INFO_2026101510,PC fixe tout-en-un,Optiplex All-in-One 3xxx,241
LONDON_MATERIEL_INFO_2026101511,PC fixe tout-en-un,iMac 27pouces retina,450
LONDON_MATERIEL_INFO_2026101512,PC fixe sans ecran,OMEN,290
LONDON_MATERIEL_INFO_2026101513,PC fixe tout-en-un,Optiplex All-in-One 5xxx,318
LA_MATERIEL_INFO_202610150,,Z,409
LA_MATERIEL_INFO_202610151,PC portable,MacBook pro 15/16pouces,330
LA_MATERIEL_INFO_202610152,,modèle par défaut,350
LA_MATERIEL_INFO_202610153,Vidéo projecteur,Pour salle,150
LA_MATERIEL_INFO_202610154,PC fixe sans ecran,Precision tower 3xxx,285
LA_MATERIEL_INFO_202610155,PC portable,Latitude 7xxx,264
LA_MATERIEL_INFO_202610156,PC fixe tout-en-un,iMac pro,700
LA_MATERIEL_INFO_202610157,PC portable,,260
LA_MATERIEL_INFO_202610158,,"Elite (Tower, SFF, One)",393
LA_MATERIEL_INFO_202610159,PC portable,Moyenne 14/15pouces,294
NewYork_MATERIEL_INFO_202610150,PC portable,Precision 7xxx,304
NewYork_MATERIEL_INFO_202610151,PC fixe tout-en-un,Optiplex All-in-One 7xxx,382
NewYork_MATERIEL_INFO_202610152,PC portable,OMEN,290
NewYork_MATERIEL_INFO_202610153,Telephone IP,modèle par défaut,17
NewYork_MATERIEL_INFO_202610154,PC fixe tout-en-un,Optiplex All-in-One 7xxx,382
NewYork_MATERIEL_INFO_202610155,PC portable,,260
NewYork_MATERIEL_INFO_202610156,PC portable,EliteBook 6xx,175
NewYork_MATERIEL_INFO_202610157,PC fixe sans ecran,ProDesk mini/DM,100
NewYork_MATERIEL_INFO_202610158,PC portable,MacBook air retina,176
NewYork_MATERIEL_INFO_202610159,PC portable,Chromebook 14-15pouces,170
NewYork_MATERIEL_INFO_2026101510,imprimante,Laser à poser (<40kg),430
NewYork_MATERIEL_INFO_2026101511,PC portable,Latitude 7xxx,264
Paris_MATERIEL_INFO_202610150,PC portable,Moyenne 13pouces,250
Paris_MATERIEL_INFO_202610151,souris,,5
Paris_MATERIEL_INFO_202610152,PC fixe sans ecran,,350
Paris_MATERIEL_INFO_202610153,PC fixe sans ecran,,350
Paris_MATERIEL_INFO_202610154,Serveur,Serveur de stockage,2500
Paris_MATERIEL_INFO_202610155,PC fixe tout-en-un,Optiplex All-in-One 5xxx,318
Paris_MATERIEL_INFO_202610156,PC fixe sans ecran,"Elite (Tower, SFF, One)",393
Paris_MATERIEL_INFO_202610157,imprimante,Laser A3 (40-99kg),960
Shanghai_MATERIEL_INFO_202610150,,Precision 3xxx,266
Shanghai_MATERIEL_INFO_202610151,PC portable,MacBook pro 13pouces,256
Shanghai_MATERIEL_INFO_202610152,PC fixe sans ecran,OMEN,290
Shanghai_MATERIEL_INFO_202610153,PC portable,EliteBook 10xx,223
Shanghai_MATERIEL_INFO_202610154,,modèle par défaut,350
Shanghai_MATERIEL_INFO_202610155,Vidéo projecteur,Transportable,94
Shanghai_MATERIEL_INFO_202610156,,Optiplex tower,260
Shanghai_MATERIEL_INFO_202610157,PC portable,,260
Shanghai_MATERIEL_INFO_202610158,PC portable,ProBook,226
Shanghai_MATERIEL_INFO_202610159,PC portable,Precision 3xxx,266
Shanghai_MATERIEL_INFO_2026101510,PC portable,modèle par défaut,260
BERLIN_MATERIEL_INFO_202610160,,ProDesk mini/DM,100
BERLIN_MATERIEL_INFO_202610161,PC fixe sans ecran,Optiplex small,240
LONDON_MATERIEL_INFO_202610160,Serveur,Modèle par défaut,1300
LONDON_MATERIEL_INFO_202610161,PC fixe sans ecran,,350
LONDON_MATERIEL_INFO_202610162,PC fixe sans ecran,ZHAN,264
LONDON_MATERIEL_INFO_202610163,PC fixe tout-en-un,iMac pro,700
LONDON_MATERIEL_INFO_202610164,PC fixe sans ecran,ProDesk mini/DM,100
LONDON_MATERIEL_INFO_202610165,,Z,409
LONDON_MATERIEL_INFO_202610166,imprimante,Laser A3 (>100kg),1800
LA_MATERIEL_INFO_202610160,,MacBook pro 13pouces,256
LA_MATERIEL_INFO_202610161,PC fixe sans ecran,PC Fixe (moy),300
LA_MATERIEL_INFO_202610162,,Noeud de calcul,1300
NewYork_MATERIEL_INFO_202610160,,Latitude 3xxx,220
NewYork_MATERIEL_INFO_202610161,PC portable,Precision 7xxx,304
NewYork_MATERIEL_INFO_202610162,Ecran,jusqu'à 23pouces,350
NewYork_MATERIEL_INFO_202610163,PC portable,Latitude 3xxx,220
NewYork_MATERIEL_INFO_202610164,PC fixe sans ecran,OMEN,290
Paris_MATERIEL_INFO_202610160,PC fixe sans ecran,,350
Paris_MATERIEL_INFO_202610161,PC portable,MacBook pro 13pouces,256
Shanghai_MATERIEL_INFO_202610160,PC portable,EliteBook 10xx,223
Shanghai_MATERIEL_INFO_202610161,PC portable,ZBook,303
BERLIN_MATERIEL_INFO_202610170,PC portable,EliteBook 10xx,223
BERLIN_MATERIEL_INFO_202610171,PC portable,EliteBook 6xx,175
BERLIN_MATERIEL_INFO_202610172,PC fixe sans ecran,PC Fixe (moy),300
BERLIN_MATERIEL_INFO_202610173,,Serveur de stockage,2500
BERLIN_MATERIEL_INFO_202610174,PC fixe sans ecran,Mac pro,900
BERLIN_MATERIEL_INFO_202610175,,Pour amphi,200
LONDON_MATERIEL_INFO_202610170,PC fixe sans ecran,ZHAN,264
LONDON_MATERIEL_INFO_202610171,Vidéo projecteur,modèle par défaut,94
LONDON_MATERIEL_INFO_202610172,PC portable,ZBook,303
LONDON_MATERIEL_INFO_202610173,PC fixe sans ecran,Rasberry pi 4,15
LONDON_MATERIEL_INFO_202610174,,iMac 27pouces retina,450
LONDON_MATERIEL_INFO_202610175,Borne wifi,modèle par défaut,10
LONDON_MATERIEL_INFO_202610176,PC portable,Latitude 5xxx,300
LONDON_MATERIEL_INFO_202610177,PC fixe sans ecran,Precision tower 7xxx,555
LONDON_MATERIEL_INFO_202610178,,modèle par défaut,350
LONDON_MATERIEL_INFO_202610179,,Optiplex tower,260
LONDON_MATERIEL_INFO_2026101710,Station d'accueil,modèle par défaut,26
LA_MATERIEL_INFO_202610170,PC portable,Latitude 7xxx,264
LA_MATERIEL_INFO_202610171,PC fixe tout-en-un,iMac 27pouces retina,450
LA_MATERIEL_INFO_202610172,Vidéo projecteur,,94
LA_MATERIEL_INFO_202610173,Serveur,Noeud de calcul,1300
LA_MATERIEL_INFO_202610174,Vidéo projecteur,Pour salle,150
LA_MATERIEL_INFO_202610175,PC fixe sans ecran,Precision tower 3xxx,285
LA_MATERIEL_INFO_202610176,,Station de travail (moy),600
LA_MATERIEL_INFO_202610177,PC fixe sans ecran,Optiplex small,240
LA_MATERIEL_INFO_202610178,PC fixe sans ecran,PC Fixe (moy),300
LA_MATERIEL_INFO_202610179,,Serveur de stockage,2500
LA_MATERIEL_INFO_2026101710,PC fixe tout-en-un,Optiplex All-in-One 5xxx,318
LA_MATERIEL_INFO_2026101711,Borne wifi,modèle par défaut,10
NewYork_MATERIEL_INFO_202610170,PC fixe sans ecran,Mac mini,270
NewYork_MATERIEL_INFO_202610171,Station d'accueil,,26
NewYork_MATERIEL_INFO_202610172,,Victus,267
NewYork_MATERIEL_INFO_202610173,,Serveur de stockage,2500
NewYork_MATERIEL_INFO_202610174,Borne wifi,modèle par défaut,10
NewYork_MATERIEL_INFO_202610175,PC portable,ZBook Studio,379
NewYork_MATERIEL_INFO_202610176,Ecran,,430
NewYork_MATERIEL_INFO_202610177,,iMac 27pouces retina,450
NewYork_MATERIEL_INFO_202610178,,Moyenne 13pouces,250
NewYork_MATERIEL_INFO_202610179,PC portable,Latitude 7xxx,264
NewYork_MATERIEL_INFO_2026101710,PC fixe sans ecran,PC Fixe (moy),300
NewYork_MATERIEL_INFO_2026101711,PC portable,MacBook air,250
NewYork_MATERIEL_INFO_2026101712,PC fixe tout-en-un,Mac pro,900
Paris_MATERIEL_INFO_202610170,PC fixe sans ecran,ProDesk mini/DM,100
Paris_MATERIEL_INFO_202610171,PC portable,,260
Paris_MATERIEL_INFO_202610172,Vidéo projecteur,Pour amphi,200
Paris_MATERIEL_INFO_202610173,PC portable,ProBook,226
Paris_MATERIEL_INFO_202610174,Vidéo projecteur,modèle par défaut,94
Paris_MATERIEL_INFO_202610175,PC fixe tout-en-un,,352
Paris_MATERIEL_INFO_202610176,PC fixe sans ecran,Z,409
Shanghai_MATERIEL_INFO_202610170,PC fixe sans ecran,Optiplex small,240
Shanghai_MATERIEL_INFO_202610171,PC portable,EliteBook 10xx,223
Shanghai_MATERIEL_INFO_202610172,PC portable,EliteBook 8xx,290
Shanghai_MATERIEL_INFO_202610173,,24pouces-31pouces,430
Shanghai_MATERIEL_INFO_202610174,PC portable,Precision 7xxx,304
Shanghai_MATERIEL_INFO_202610175,PC fixe sans ecran,Optiplex small,240
Shanghai_MATERIEL_INFO_202610176,Vidéo projecteur,Pour salle,150
Shanghai_MATERIEL_INFO_202610177,,modèle par défaut,350
Shanghai_MATERIEL_INFO_202610178,PC fixe sans ecran,EliteDesk DM,230
Shanghai_MATERIEL_INFO_202610179,PC fixe sans ecran,Optiplex tower,260
Shanghai_MATERIEL_INFO_2026101710,PC portable,modèle par défaut,260
Shanghai_MATERIEL_INFO_2026101711,PC fixe sans ecran,ProDesk mini/DM,100
BERLIN_MATERIEL_INFO_202610180,Vidéo projecteur,Pour amphi,200
BERLIN_MATERIEL_INFO_202610181,PC portable,OMEN,290
BERLIN_MATERIEL_INFO_202610182,PC portable,ZBook Studio,379
BERLIN_MATERIEL_INFO_202610183,PC portable,Chromebook 11-13pouces,175
BERLIN_MATERIEL_INFO_202610184,PC portable,Latitude 5xxx,300
BERLIN_MATERIEL_INFO_202610185,,iMac pro,700
LONDON_MATERIEL_INFO_202610180,PC fixe tout-en-un,Optiplex All-in-One 3xxx,241
LONDON_MATERIEL_INFO_202610181,PC fixe sans ecran,Z,409
LONDON_MATERIEL_INFO_202610182,,Mac pro,900
LONDON_MATERIEL_INFO_202610183,imprimante,Laser à poser (<40kg),430
LONDON_MATERIEL_INFO_202610184,PC fixe tout-en-un,Mac pro,900
LONDON_MATERIEL_INFO_202610185,,32pouces et plus,590
LA_MATERIEL_INFO_202610180,PC fixe sans ecran,modèle par défaut,350
LA_MATERIEL_INFO_202610181,PC portable,Chromebook 14-15pouces,170
LA_MATERIEL_INFO_202610182,,OMEN,290
LA_MATERIEL_INFO_202610183,,EliteBook 8xx,290
LA_MATERIEL_INFO_202610184,imprimante,Laser à poser (<40kg),430
LA_MATERIEL_INFO_202610185,,ZBook Studio,379
LA_MATERIEL_INFO_202610186,,modèle par défaut,350
NewYork_MATERIEL_INFO_202610180,PC portable,MacBook pro 15/16pouces,330
NewYork_MATERIEL_INFO_202610181,PC fixe sans ecran,Optiplex micro,174
NewYork_MATERIEL_INFO_202610182,,MacBook pro 15/16pouces,330
NewYork_MATERIEL_INFO_202610183,PC fixe sans ecran,Optiplex micro,174
NewYork_MATERIEL_INFO_202610184,PC portable,MacBook air,250
NewYork_MATERIEL_INFO_202610185,Ecran,jusqu'à 23pouces,350
NewYork_MATERIEL_INFO_202610186,PC portable,,260
NewYork_MATERIEL_INFO_202610187,Serveur,Serveur de stockage,2500
NewYork_MATERIEL_INFO_202610188,PC portable,Moyenne 14/15pouces,294
NewYork_MATERIEL_INFO_202610189,PC fixe tout-en-un,iMac 27pouces retina,450
NewYork_MATERIEL_INFO_2026101810,PC fixe sans ecran,Mac pro,900
Paris_MATERIEL_INFO_202610180,Serveur,Modèle par défaut,1300
Paris_MATERIEL_INFO_202610181,PC fixe sans ecran,Optiplex small,240
Paris_MATERIEL_INFO_202610182,PC portable,MacBook pro 15/16pouces,330
Shanghai_MATERIEL_INFO_202610180,PC portable,EliteBook 6xx,175
BERLIN_MATERIEL_INFO_202610190,,Precision 3xxx,266
BERLIN_MATERIEL_INFO_202610191,,Latitude 3xxx,220
BERLIN_MATERIEL_INFO_202610192,Smartphone,modèle par défaut,63
BERLIN_MATERIEL_INFO_202610193,PC fixe sans ecran,ProDesk mini/DM,100
BERLIN_MATERIEL_INFO_202610194,PC fixe tout-en-un,,352
LONDON_MATERIEL_INFO_202610190,PC fixe sans ecran,,350
LONDON_MATERIEL_INFO_202610191,,Optiplex All-in-One 7xxx,382
LONDON_MATERIEL_INFO_202610192,PC fixe sans ecran,Mac mini,270
LONDON_MATERIEL_INFO_202610193,Vidéo projecteur,modèle par défaut,94
LONDON_MATERIEL_INFO_202610194,Disque dur,modèle par défaut,10
LONDON_MATERIEL_INFO_202610195,PC fixe sans ecran,Z,409
LONDON_MATERIEL_INFO_202610196,PC portable,ProBook,226
LONDON_MATERIEL_INFO_202610197,PC portable,Victus,267
LONDON_MATERIEL_INFO_202610198,,Wyse thin client,69
LA_MATERIEL_INFO_202610190,,jusqu'à 23pouces,350
LA_MATERIEL_INFO_202610191,PC portable,ZBook,303
LA_MATERIEL_INFO_202610192,,EliteBook 8xx,290
LA_MATERIEL_INFO_202610193,PC fixe tout-en-un,modèle par défaut,352
LA_MATERIEL_INFO_202610194,PC fixe sans ecran,Elite mini,137
LA_MATERIEL_INFO_202610195,PC fixe sans ecran,Precision tower 5xxx,440
LA_MATERIEL_INFO_202610196,,modèle par défaut,350
LA_MATERIEL_INFO_202610197,,modèle par défaut,350
NewYork_MATERIEL_INFO_202610190,PC portable,EliteBook 8xx,290
NewYork_MATERIEL_INFO_202610191,,PC Fixe (moy),300
NewYork_MATERIEL_INFO_202610192,PC fixe sans ecran,Optiplex tower,260
NewYork_MATERIEL_INFO_202610193,PC portable,EliteBook 8xx,290
NewYork_MATERIEL_INFO_202610194,Serveur,Noeud de calcul,1300
NewYork_MATERIEL_INFO_202610195,PC portable,,260
NewYork_MATERIEL_INFO_202610196,PC fixe tout-en-un,Optiplex All-in-One 7xxx,382
NewYork_MATERIEL_INFO_202610197,PC portable,MacBook air,250
NewYork_MATERIEL_INFO_202610198,PC fixe tout-en-un,iMac 21pouces retina,300
NewYork_MATERIEL_INFO_202610199,PC fixe tout-en-un,Optiplex All-in-One 3xxx,241
NewYork_MATERIEL_INFO_2026101910,PC portable,MacBook pro 15/16pouces,330
Paris_MATERIEL_INFO_202610190,PC fixe sans ecran,PC Fixe (moy),300
Paris_MATERIEL_INFO_202610191,PC portable,Moyenne 14/15pouces,294
Paris_MATERIEL_INFO_202610192,PC fixe tout-en-un,Optiplex All-in-One 5xxx,318
Paris_MATERIEL_INFO_202610193,PC fixe tout-en-un,,352
Paris_MATERIEL_INFO_202610194,PC fixe sans ecran,EliteDesk DM,230
Paris_MATERIEL_INFO_202610195,clavier,modèle par défaut,24
Paris_MATERIEL_INFO_202610196,imprimante,modèle par défaut,500
Paris_MATERIEL_INFO_202610197,imprimante,modèle par défaut,500
Paris_MATERIEL_INFO_202610198,,Rasberry pi 4,15
Paris_MATERIEL_INFO_202610199,,iMac pro,700
Paris_MATERIEL_INFO_2026101910,PC fixe tout-en-un,iMac pro,700
Paris_MATERIEL_INFO_2026101911,Ecran,24pouces-31pouces,430
Paris_MATERIEL_INFO_2026101912,PC portable,Chromebook 14-15pouces,170
Shanghai_MATERIEL_INFO_202610190,PC fixe sans ecran,Z,409
Shanghai_MATERIEL_INFO_202610191,PC portable,EliteBook 6xx,175
Shanghai_MATERIEL_INFO_202610192,PC fixe sans ecran,OMEN,290
Shanghai_MATERIEL_INFO_202610193,,Wyse thin client,69
Shanghai_MATERIEL_INFO_202610194,PC fixe sans ecran,Wyse thin client,69
Shanghai_MATERIEL_INFO_202610195,Vidéo projecteur,Pour amphi,200
Shanghai_MATERIEL_INFO_202610196,Ecran,modèle par défaut,430
Shanghai_MATERIEL_INFO_202610197,,Rasberry pi 4,15
Shanghai_MATERIEL_INFO_202610198,PC fixe sans ecran,Wyse thin client,69
Shanghai_MATERIEL_INFO_202610199,,ProDesk mini/DM,100
Shanghai_MATERIEL_INFO_2026101910,PC fixe tout-en-un,iMac pro,700
Shanghai_MATERIEL_INFO_2026101911,PC fixe sans ecran,Mac mini,270
BERLIN_MATERIEL_INFO_202610200,Vidéo projecteur,modèle par défaut,94
LONDON_MATERIEL_INFO_202610200,PC portable,ZBook Studio,379
LONDON_MATERIEL_INFO_202610201,PC fixe sans ecran,Rasberry pi 4,15
LONDON_MATERIEL_INFO_202610202,PC portable,Moyenne 13pouces,250
LONDON_MATERIEL_INFO_202610203,PC portable,OMEN,290
LA_MATERIEL_INFO_202610200,PC portable,,260
LA_MATERIEL_INFO_202610201,Vidéo projecteur,Transportable,94
LA_MATERIEL_INFO_202610202,Vidéo projecteur,modèle par défaut,94
LA_MATERIEL_INFO_202610203,PC fixe sans ecran,Mac mini,270
LA_MATERIEL_INFO_202610204,Ecran,24pouces-31pouces,430
NewYork_MATERIEL_INFO_202610200,PC portable,,260
NewYork_MATERIEL_INFO_202610201,PC portable,Latitude 5xxx,300
NewYork_MATERIEL_INFO_202610202,PC fixe sans ecran,Optiplex micro,174
NewYork_MATERIEL_INFO_202610203,PC fixe sans ecran,Precision tower 5xxx,440
NewYork_MATERIEL_INFO_202610204,PC fixe sans ecran,Precision tower 5xxx,440
NewYork_MATERIEL_INFO_202610205,Telephone IP,modèle par défaut,17
NewYork_MATERIEL_INFO_202610206,PC fixe sans ecran,Optiplex tower,260
NewYork_MATERIEL_INFO_202610207,PC fixe tout-en-un,Optiplex All-in-One 3xxx,241
Paris_MATERIEL_INFO_202610200,PC fixe tout-en-un,Optiplex All-in-One 3xxx,241
Paris_MATERIEL_INFO_202610201,Disque dur,modèle par défaut,10
Paris_MATERIEL_INFO_202610202,PC fixe sans ecran,Precision tower 5xxx,440
Shanghai_MATERIEL_INFO_202610200,PC portable,modèle par défaut,260
Shanghai_MATERIEL_INFO_202610201,,EliteBook 10xx,223
Shanghai_MATERIEL_INFO_202610202,PC fixe sans ecran,Rasberry pi 4,15
Shanghai_MATERIEL_INFO_202610203,,iMac 21pouces retina,300
Shanghai_MATERIEL_INFO_202610204,PC fixe sans ecran,"EliteDesk (Tower, SFF, One)",393
Shanghai_MATERIEL_INFO_202610205,PC portable,,260
Shanghai_MATERIEL_INFO_202610206,Disque dur,modèle par défaut,10
Shanghai_MATERIEL_INFO_202610207,,modèle par défaut,350
Shanghai_MATERIEL_INFO_202610208,PC fixe sans ecran,Precision tower 3xxx,285
Shanghai_MATERIEL_INFO_202610209,PC portable,Precision 5xxx,280
Shanghai_MATERIEL_INFO_2026102010,PC fixe sans ecran,Z,409
BERLIN_MATERIEL_INFO_202610210,,Mac mini,270
BERLIN_MATERIEL_INFO_202610211,PC portable,MacBook pro 13pouces,256
BERLIN_MATERIEL_INFO_202610212,PC portable,Chromebook 11-13pouces,175
BERLIN_MATERIEL_INFO_202610213,Telephone IP,modèle par défaut,17
LONDON_MATERIEL_INFO_202610210,imprimante,,500
LONDON_MATERIEL_INFO_202610211,PC fixe sans ecran,EliteDesk DM,230
LONDON_MATERIEL_INFO_202610212,Tablette,modèle par défaut,150
LONDON_MATERIEL_INFO_202610213,PC portable,Moyenne 14/15pouces,294
LONDON_MATERIEL_INFO_202610214,,MacBook air,250
LONDON_MATERIEL_INFO_202610215,PC fixe sans ecran,modèle par défaut,350
LONDON_MATERIEL_INFO_202610216,,Chromebook 14-15pouces,170
LONDON_MATERIEL_INFO_202610217,Vidéo projecteur,Pour amphi,200
LONDON_MATERIEL_INFO_202610218,PC fixe sans ecran,Mac pro,900
LONDON_MATERIEL_INFO_202610219,,Transportable,94
LONDON_MATERIEL_INFO_2026102110,,Optiplex tower,260
LONDON_MATERIEL_INFO_2026102111,PC fixe sans ecran,ProDesk mini/DM,100
LONDON_MATERIEL_INFO_2026102112,Ecran,modèle par défaut,430
LONDON_MATERIEL_INFO_2026102113,Disque dur,modèle par défaut,10
LA_MATERIEL_INFO_202610210,PC fixe sans ecran,Precision tower 5xxx,440
LA_MATERIEL_INFO_202610211,PC portable,,260
LA_MATERIEL_INFO_202610212,,"Elite (Tower, SFF, One)",393
LA_MATERIEL_INFO_202610213,PC fixe tout-en-un,iMac 27pouces retina,450
LA_MATERIEL_INFO_202610214,PC fixe sans ecran,"Prodesk (Tower, SFF)",322
LA_MATERIEL_INFO_202610215,PC fixe sans ecran,Precision tower 3xxx,285
LA_MATERIEL_INFO_202610216,Serveur,Serveur de stockage,2500
LA_MATERIEL_INFO_202610217,,modèle par défaut,350
LA_MATERIEL_INFO_202610218,PC portable,,260
NewYork_MATERIEL_INFO_202610210,souris,,5
NewYork_MATERIEL_INFO_202610211,,"Elite (Tower, SFF, One)",393
NewYork_MATERIEL_INFO_202610212,imprimante,Laser A3 (40-99kg),960
NewYork_MATERIEL_INFO_202610213,PC fixe tout-en-un,Optiplex All-in-One 3xxx,241
NewYork_MATERIEL_INFO_202610214,PC portable,Latitude 7xxx,264
NewYork_MATERIEL_INFO_202610215,Serveur,Serveur de stockage,2500
NewYork_MATERIEL_INFO_202610216,,iMac 21pouces retina,300
NewYork_MATERIEL_INFO_202610217,,modèle par défaut,350
NewYork_MATERIEL_INFO_202610218,PC portable,Precision 7xxx,304
NewYork_MATERIEL_INFO_202610219,imprimante,Laser A3 (>100kg),1800
NewYork_MATERIEL_INFO_2026102110,Serveur,Noeud de calcul,1300
Paris_MATERIEL_INFO_202610210,PC portable,modèle par défaut,260
Paris_MATERIEL_INFO_202610211,PC fixe sans ecran,ProDesk mini/DM,100
Paris_MATERIEL_INFO_202610212,,Pour salle,150
Paris_MATERIEL_INFO_202610213,imprimante,modèle par défaut,500
Paris_MATERIEL_INFO_202610214,Vidéo projecteur,Pour amphi,200
Paris_MATERIEL_INFO_202610215,Vidéo projecteur,modèle par défaut,94
Paris_MATERIEL_INFO_202610216,PC portable,ZBook Studio,379
Paris_MATERIEL_INFO_202610217,PC fixe sans ecran,modèle par défaut,350
Paris_MATERIEL_INFO_202610218,Vidéo projecteur,Pour amphi,200
Paris_MATERIEL_INFO_202610219,PC fixe tout-en-un,,352
Paris_MATERIEL_INFO_2026102110,imprimante,Laser A3 (>100kg),1800
Paris_MATERIEL_INFO_2026102111,,Laser à poser (<40kg),430
Paris_MATERIEL_INFO_2026102112,Ecran,modèle par défaut,430
Paris_MATERIEL_INFO_2026102113,Vidéo projecteur,Pour salle,150
Shanghai_MATERIEL_INFO_202610210,PC fixe sans ecran,Optiplex small,240
Shanghai_MATERIEL_INFO_202610211,Vidéo projecteur,,94
Shanghai_MATERIEL_INFO_202610212,PC portable,EliteBook 8xx,290
BERLIN_MATERIEL_INFO_202610220,,Mac pro,900
BERLIN_MATERIEL_INFO_202610221,Smartphone,modèle par défaut,63
BERLIN_MATERIEL_INFO_202610222,Vidéo projecteur,modèle par défaut,94
BERLIN_MATERIEL_INFO_202610223,Vidéo projecteur,modèle par défaut,94
BERLIN_MATERIEL_INFO_202610224,PC fixe tout-en-un,Optiplex All-in-One 5xxx,318
LONDON_MATERIEL_INFO_202610220,PC fixe sans ecran,Precision tower 7xxx,555
LONDON_MATERIEL_INFO_202610221,PC fixe sans ecran,Elite mini,137
LONDON_MATERIEL_INFO_202610222,Serveur,Noeud de calcul,1300
LA_MATERIEL_INFO_202610220,,Mac pro,900
LA_MATERIEL_INFO_202610221,,Moyenne 13pouces,250
LA_MATERIEL_INFO_202610222,,"Elite (Tower, SFF, One)",393
LA_MATERIEL_INFO_202610223,PC portable,Precision 7xxx,304
LA_MATERIEL_INFO_202610224,,ZHAN,264
LA_MATERIEL_INFO_202610225,PC fixe tout-en-un,,352
LA_MATERIEL_INFO_202610226,PC portable,OMEN,290
LA_MATERIEL_INFO_202610227,,modèle par défaut,350
LA_MATERIEL_INFO_202610228,PC fixe tout-en-un,Mac pro,900
LA_MATERIEL_INFO_202610229,PC portable,,260
NewYork_MATERIEL_INFO_202610220,PC portable,,260
NewYork_MATERIEL_INFO_202610221,,"EliteDesk (Tower, SFF, One)",393
NewYork_MATERIEL_INFO_202610222,PC portable,OMEN,290
NewYork_MATERIEL_INFO_202610223,PC fixe tout-en-un,Mac pro,900
NewYork_MATERIEL_INFO_202610224,PC fixe sans ecran,Station de travail (moy),600
NewYork_MATERIEL_INFO_202610225,PC portable,MacBook air,250
Paris_MATERIEL_INFO_202610220,PC portable,Latitude 7xxx,264
Paris_MATERIEL_INFO_202610221,,Laser à poser (<40kg),430
Paris_MATERIEL_INFO_202610222,PC portable,Precision 5xxx,280
Paris_MATERIEL_INFO_202610223,PC portable,Latitude 3xxx,220
Paris_MATERIEL_INFO_202610224,Ecran,32pouces et plus,590
Paris_MATERIEL_INFO_202610225,PC fixe sans ecran,Elite mini,137
Paris_MATERIEL_INFO_202610226,,modèle par défaut,350
Paris_MATERIEL_INFO_202610227,PC portable,Victus,267
Paris_MATERIEL_INFO_202610228,,Precision 5xxx,280
Paris_MATERIEL_INFO_202610229,PC portable,Precision 7xxx,304
Paris_MATERIEL_INFO_2026102210,Ecran,32pouces et plus,590
Shanghai_MATERIEL_INFO_202610220,PC fixe sans ecran,OMEN,290
Shanghai_MATERIEL_INFO_202610221,Ecran,,430
Shanghai_MATERIEL_INFO_202610222,imprimante,modèle par défaut,500
Shanghai_MATERIEL_INFO_202610223,clavier,modèle par défaut,24
Shanghai_MATERIEL_INFO_202610224,,modèle par défaut,350
Shanghai_MATERIEL_INFO_202610225,PC portable,,260
Shanghai_MATERIEL_INFO_202610226,PC fixe sans ecran,"Prodesk (Tower, SFF)",322
Shanghai_MATERIEL_INFO_202610227,,Precision tower 3xxx,285
Shanghai_MATERIEL_INFO_202610228,PC fixe tout-en-un,Optiplex All-in-One 3xxx,241
BERLIN_MATERIEL_INFO_202610230,PC fixe sans ecran,Optiplex small,240
BERLIN_MATERIEL_INFO_202610231,PC fixe tout-en-un,,352
BERLIN_MATERIEL_INFO_202610232,PC fixe sans ecran,,350
BERLIN_MATERIEL_INFO_202610233,PC fixe sans ecran,"Prodesk (Tower, SFF)",322
BERLIN_MATERIEL_INFO_202610234,imprimante,,500
LONDON_MATERIEL_INFO_202610230,PC fixe sans ecran,Precision tower 7xxx,555
LONDON_MATERIEL_INFO_202610231,Serveur,Modèle par défaut,1300
LONDON_MATERIEL_INFO_202610232,PC portable,Latitude 3xxx,220
LONDON_MATERIEL_INFO_202610233,PC portable,Latitude 5xxx,300
LONDON_MATERIEL_INFO_202610234,,MacBook air,250
LONDON_MATERIEL_INFO_202610235,PC portable,Moyenne 17pouces,365
LONDON_MATERIEL_INFO_202610236,PC fixe sans ecran,"EliteDesk (Tower, SFF, One)",393
LA_MATERIEL_INFO_202610230,Station d'accueil,modèle par défaut,26
LA_MATERIEL_INFO_202610231,PC portable,Precision 5xxx,280
LA_MATERIEL_INFO_202610232,Station d'accueil,modèle par défaut,26
LA_MATERIEL_INFO_202610233,PC portable,ZBook Studio,379
LA_MATERIEL_INFO_202610234,Serveur,Modèle par défaut,1300
LA_MATERIEL_INFO_202610235,clavier,,24
LA_MATERIEL_INFO_202610236,Vidéo projecteur,,94
LA_MATERIEL_INFO_202610237,souris,modèle par défaut,5
NewYork_MATERIEL_INFO_202610230,,Precision 7xxx,304
NewYork_MATERIEL_INFO_202610231,PC fixe sans ecran,Precision tower 7xxx,555
NewYork_MATERIEL_INFO_202610232,PC portable,Moyenne 14/15pouces,294
NewYork_MATERIEL_INFO_202610233,clavier,modèle par défaut,24
NewYork_MATERIEL_INFO_202610234,PC fixe sans ecran,Rasberry pi 4,15
Paris_MATERIEL_INFO_202610230,,Optiplex small,240
Paris_MATERIEL_INFO_202610231,,MacBook air retina,176
Paris_MATERIEL_INFO_202610232,Serveur,Modèle par défaut,1300
Paris_MATERIEL_INFO_202610233,,"Prodesk (Tower, SFF)",322
Paris_MATERIEL_INFO_202610234,Serveur,Serveur de stockage,2500
Paris_MATERIEL_INFO_202610235,PC portable,,260
Paris_MATERIEL_INFO_202610236,PC portable,EliteBook 8xx,290
Paris_MATERIEL_INFO_202610237,PC portable,Latitude 7xxx,264
Paris_MATERIEL_INFO_202610238,PC portable,,260
Paris_MATERIEL_INFO_202610239,PC fixe sans ecran,,350
Paris_MATERIEL_INFO_2026102310,PC portable,,260
Shanghai_MATERIEL_INFO_202610230,,Chromebook 11-13pouces,175
Shanghai_MATERIEL_INFO_202610231,,MacBook pro 15/16pouces,330
Shanghai_MATERIEL_INFO_202610232,PC fixe sans ecran,Rasberry pi 4,15
Shanghai_MATERIEL_INFO_202610233,PC fixe tout-en-un,iMac 21pouces,290
Shanghai_MATERIEL_INFO_202610234,Serveur,Modèle par défaut,1300
Shanghai_MATERIEL_INFO_202610235,PC fixe sans ecran,,350
Shanghai_MATERIEL_INFO_202610236,,Pour salle,150
Shanghai_MATERIEL_INFO_202610237,PC portable,Moyenne 13pouces,250
Shanghai_MATERIEL_INFO_202610238,PC fixe sans ecran,Z,409
Shanghai_MATERIEL_INFO_202610239,PC fixe tout-en-un,iMac 27pouces retina,450
BERLIN_MATERIEL_INFO_202610240,PC portable,Moyenne 13pouces,250
BERLIN_MATERIEL_INFO_202610241,PC fixe sans ecran,Optiplex small,240
BERLIN_MATERIEL_INFO_202610242,PC fixe tout-en-un,iMac 21pouces retina,300
LONDON_MATERIEL_INFO_202610240,PC portable,ZBook,303
LONDON_MATERIEL_INFO_202610241,PC fixe sans ecran,Optiplex micro,174
LONDON_MATERIEL_INFO_202610242,PC fixe sans ecran,"Prodesk (Tower, SFF)",322
LONDON_MATERIEL_INFO_202610243,PC fixe tout-en-un,Optiplex All-in-One 3xxx,241
LONDON_MATERIEL_INFO_202610244,PC portable,MacBook air retina,176
LONDON_MATERIEL_INFO_202610245,PC fixe sans ecran,OMEN,290
LONDON_MATERIEL_INFO_202610246,PC fixe sans ecran,,350
LA_MATERIEL_INFO_202610240,,modèle par défaut,350
LA_MATERIEL_INFO_202610241,PC fixe sans ecran,Optiplex micro,174
LA_MATERIEL_INFO_202610242,PC fixe tout-en-un,modèle par défaut,352
LA_MATERIEL_INFO_202610243,Serveur,Serveur de stockage,2500
NewYork_MATERIEL_INFO_202610240,,iMac 21pouces retina,300
NewYork_MATERIEL_INFO_202610241,,OMEN,290
NewYork_MATERIEL_INFO_202610242,,jusqu'à 23pouces,350
NewYork_MATERIEL_INFO_202610243,Vidéo projecteur,,94
NewYork_MATERIEL_INFO_202610244,,modèle par défaut,350
NewYork_MATERIEL_INFO_202610245,PC fixe tout-en-un,modèle par défaut,352
NewYork_MATERIEL_INFO_202610246,Telephone IP,modèle par défaut,17
NewYork_MATERIEL_INFO_202610247,PC fixe tout-en-un,iMac 27pouces retina,450
Paris_MATERIEL_INFO_202610240,Station d'accueil,modèle par défaut,26
Paris_MATERIEL_INFO_202610241,imprimante,,500
Paris_MATERIEL_INFO_202610242,PC fixe sans ecran,Optiplex tower,260
Paris_MATERIEL_INFO_202610243,PC fixe sans ecran,OMEN,290
Paris_MATERIEL_INFO_202610244,Vidéo projecteur,Pour amphi,200
Paris_MATERIEL_INFO_202610245,clavier,modèle par défaut,24
Paris_MATERIEL_INFO_202610246,PC fixe tout-en-un,iMac 21pouces retina,300
Shanghai_MATERIEL_INFO_202610240,,modèle par défaut,350
Shanghai_MATERIEL_INFO_202610241,PC fixe sans ecran,Precision tower 5xxx,440
Shanghai_MATERIEL_INFO_202610242,Vidéo projecteur,modèle par défaut,94
Shanghai_MATERIEL_INFO_202610243,,MacBook air retina,176
Shanghai_MATERIEL_INFO_202610244,,jusqu'à 23pouces,350
Shanghai_MATERIEL_INFO_202610245,Borne wifi,modèle par défaut,10
Shanghai_MATERIEL_INFO_202610246,Tablette,modèle par défaut,150
Shanghai_MATERIEL_INFO_202610247,PC fixe sans ecran,Optiplex micro,174
Shanghai_MATERIEL_INFO_202610248,PC portable,Chromebook 11-13pouces,175
Shanghai_MATERIEL_INFO_202610249,,EliteBook 8xx,290
Shanghai_MATERIEL_INFO_2026102410,PC fixe sans ecran,PC Fixe (moy),300
Shanghai_MATERIEL_INFO_2026102411,PC portable,ProBook,226
Shanghai_MATERIEL_INFO_2026102412,PC portable,Moyenne 14/15pouces,294
BERLIN_MATERIEL_INFO_202610250,Ecran,,430
LONDON_MATERIEL_INFO_202610250,,ProBook,226
LONDON_MATERIEL_INFO_202610251,imprimante,Laser A3 (40-99kg),960
LONDON_MATERIEL_INFO_202610252,Tablette,,150
LONDON_MATERIEL_INFO_202610253,PC fixe tout-en-un,,352
LONDON_MATERIEL_INFO_202610254,PC portable,MacBook pro 15/16pouces,330
LONDON_MATERIEL_INFO_202610255,PC fixe sans ecran,"Prodesk (Tower, SFF)",322
LONDON_MATERIEL_INFO_202610256,PC fixe tout-en-un,iMac 21pouces,290
LA_MATERIEL_INFO_202610250,PC fixe sans ecran,modèle par défaut,350
LA_MATERIEL_INFO_202610251,PC fixe sans ecran,ProDesk mini/DM,100
LA_MATERIEL_INFO_202610252,imprimante,Laser à poser (<40kg),430
NewYork_MATERIEL_INFO_202610250,PC fixe sans ecran,PC Fixe (moy),300
NewYork_MATERIEL_INFO_202610251,,modèle par défaut,350
NewYork_MATERIEL_INFO_202610252,PC portable,MacBook air retina,176
Paris_MATERIEL_INFO_202610250,,PC Fixe (moy),300
Paris_MATERIEL_INFO_202610251,imprimante,,500
Paris_MATERIEL_INFO_202610252,Tablette,modèle par défaut,150
Paris_MATERIEL_INFO_202610253,PC fixe sans ecran,"EliteDesk (Tower, SFF, One)",393
Paris_MATERIEL_INFO_202610254,PC fixe sans ecran,Mac mini,270
Paris_MATERIEL_INFO_202610255,Vidéo projecteur,Transportable,94
Paris_MATERIEL_INFO_202610256,PC fixe sans ecran,ProDesk mini/DM,100
Shanghai_MATERIEL_INFO_202610250,,Optiplex tower,260
Shanghai_MATERIEL_INFO_202610251,,modèle par défaut,350
Shanghai_MATERIEL_INFO_202610252,PC portable,EliteBook 8xx,290
Shanghai_MATERIEL_INFO_202610253,PC portable,Latitude 5xxx,300
Shanghai_MATERIEL_INFO_202610254,PC fixe sans ecran,"EliteDesk (Tower, SFF, One)",393
Shanghai_MATERIEL_INFO_202610255,,modèle par défaut,350
Shanghai_MATERIEL_INFO_202610256,,modèle par défaut,350
Shanghai_MATERIEL_INFO_202610257,PC fixe sans ecran,ZHAN,264
Shanghai_MATERIEL_INFO_202610258,PC fixe tout-en-un,Optiplex All-in-One 5xxx,318
Shanghai_MATERIEL_INFO_202610259,PC fixe sans ecran,Optiplex small,240
Shanghai_MATERIEL_INFO_2026102510,PC fixe sans ecran,EliteDesk DM,230
Shanghai_MATERIEL_INFO_2026102511,,Mac mini,270
BERLIN_MATERIEL_INFO_202610260,,modèle par défaut,350
BERLIN_MATERIEL_INFO_202610261,,modèle par défaut,350
BERLIN_MATERIEL_INFO_202610262,PC portable,EliteBook 8xx,290
BERLIN_MATERIEL_INFO_202610263,,MacBook air pre-retina,310
BERLIN_MATERIEL_INFO_202610264,,OMEN,290
BERLIN_MATERIEL_INFO_202610265,Vidéo projecteur,Transportable,94
LONDON_MATERIEL_INFO_202610260,PC fixe sans ecran,Wyse thin client,69
LONDON_MATERIEL_INFO_202610261,PC fixe sans ecran,Station de travail (moy),600
LONDON_MATERIEL_INFO_202610262,PC portable,,260
LONDON_MATERIEL_INFO_202610263,PC fixe sans ecran,Wyse thin client,69
LA_MATERIEL_INFO_202610260,,Moyenne 17pouces,365
LA_MATERIEL_INFO_202610261,,Moyenne 14/15pouces,294
LA_MATERIEL_INFO_202610262,,modèle par défaut,350
LA_MATERIEL_INFO_202610263,PC portable,MacBook pro 15/16pouces,330
LA_MATERIEL_INFO_202610264,,Wyse thin client,69
LA_MATERIEL_INFO_202610265,PC fixe sans ecran,Mac mini,270
LA_MATERIEL_INFO_202610266,Disque dur,modèle par défaut,10
LA_MATERIEL_INFO_202610267,imprimante,Laser à poser (<40kg),430
LA_MATERIEL_INFO_202610268,PC portable,ProBook,226
LA_MATERIEL_INFO_202610269,,Laser à poser (<40kg),430
LA_MATERIEL_INFO_2026102610,,Elite mini,137
LA_MATERIEL_INFO_2026102611,PC fixe tout-en-un,modèle par défaut,352
LA_MATERIEL_INFO_2026102612,PC fixe sans ecran,Rasberry pi 4,15
LA_MATERIEL_INFO_2026102613,,Z,409
NewYork_MATERIEL_INFO_202610260,PC fixe sans ecran,Precision tower 5xxx,440
NewYork_MATERIEL_INFO_202610261,,MacBook air retina,176
NewYork_MATERIEL_INFO_202610262,Ecran,modèle par défaut,430
NewYork_MATERIEL_INFO_202610263,PC fixe tout-en-un,modèle par défaut,352
NewYork_MATERIEL_INFO_202610264,PC fixe tout-en-un,modèle par défaut,352
NewYork_MATERIEL_INFO_202610265,PC portable,ZBook Studio,379
NewYork_MATERIEL_INFO_202610266,PC portable,Chromebook 14-15pouces,170
NewYork_MATERIEL_INFO_202610267,PC portable,,260
Paris_MATERIEL_INFO_202610260,Ecran,modèle par défaut,430
Paris_MATERIEL_INFO_202610261,PC fixe sans ecran,Z,409
Paris_MATERIEL_INFO_202610262,Disque dur,modèle par défaut,10
Paris_MATERIEL_INFO_202610263,imprimante,modèle par défaut,500
Paris_MATERIEL_INFO_202610264,PC fixe sans ecran,"Prodesk (Tower, SFF)",322
Paris_MATERIEL_INFO_202610265,PC portable,Precision 3xxx,266
Shanghai_MATERIEL_INFO_202610260,,Mac pro,900
Shanghai_MATERIEL_INFO_202610261,PC fixe sans ecran,Optiplex tower,260
BERLIN_MATERIEL_INFO_202610270,Borne wifi,modèle par défaut,10
BERLIN_MATERIEL_INFO_202610271,PC fixe sans ecran,,350
BERLIN_MATERIEL_INFO_202610272,PC portable,Moyenne 13pouces,250
BERLIN_MATERIEL_INFO_202610273,PC portable,Latitude 7xxx,264
BERLIN_MATERIEL_INFO_202610274,,32pouces et plus,590
LONDON_MATERIEL_INFO_202610270,,Latitude 7xxx,264
LONDON_MATERIEL_INFO_202610271,PC fixe sans ecran,"Prodesk (Tower, SFF)",322
LONDON_MATERIEL_INFO_202610272,,Precision 7xxx,304
LONDON_MATERIEL_INFO_202610273,,modèle par défaut,350
LONDON_MATERIEL_INFO_202610274,PC portable,Precision 7xxx,304
LONDON_MATERIEL_INFO_202610275,Serveur,Serveur de stockage,2500
LONDON_MATERIEL_INFO_202610276,PC portable,MacBook pro 15/16pouces,330
LONDON_MATERIEL_INFO_202610277,PC portable,MacBook pro 13pouces,256
LONDON_MATERIEL_INFO_202610278,PC fixe sans ecran,Optiplex small,240
LONDON_MATERIEL_INFO_202610279,PC portable,MacBook air pre-retina,310
LONDON_MATERIEL_INFO_2026102710,PC portable,Chromebook 14-15pouces,170
LA_MATERIEL_INFO_202610270,PC fixe sans ecran,Rasberry pi 4,15
LA_MATERIEL_INFO_202610271,,MacBook air pre-retina,310
LA_MATERIEL_INFO_202610272,PC fixe tout-en-un,Optiplex All-in-One 3xxx,241
LA_MATERIEL_INFO_202610273,PC portable,MacBook pro 15/16pouces,330
LA_MATERIEL_INFO_202610274,,Precision tower 7xxx,555
LA_MATERIEL_INFO_202610275,Serveur,Noeud de calcul,1300
LA_MATERIEL_INFO_202610276,,modèle par défaut,350
LA_MATERIEL_INFO_202610277,Smartphone,modèle par défaut,63
NewYork_MATERIEL_INFO_202610270,Station d'accueil,modèle par défaut,26
NewYork_MATERIEL_INFO_202610271,PC fixe tout-en-un,Optiplex All-in-One 5xxx,318
NewYork_MATERIEL_INFO_202610272,Ecran,,430
NewYork_MATERIEL_INFO_202610273,PC fixe sans ecran,"Elite (Tower, SFF, One)",393
NewYork_MATERIEL_INFO_202610274,PC fixe sans ecran,Precision tower 5xxx,440
NewYork_MATERIEL_INFO_202610275,PC portable,Victus,267
NewYork_MATERIEL_INFO_202610276,souris,modèle par défaut,5
NewYork_MATERIEL_INFO_202610277,PC portable,Latitude 3xxx,220
NewYork_MATERIEL_INFO_202610278,PC fixe sans ecran,,350
NewYork_MATERIEL_INFO_202610279,PC portable,Precision 5xxx,280
NewYork_MATERIEL_INFO_2026102710,,Modèle par défaut,350
NewYork_MATERIEL_INFO_2026102711,,MacBook air,250
NewYork_MATERIEL_INFO_2026102712,Serveur,Modèle par défaut,1300
NewYork_MATERIEL_INFO_2026102713,Smartphone,modèle par défaut,63
Paris_MATERIEL_INFO_202610270,PC portable,modèle par défaut,260
Paris_MATERIEL_INFO_202610271,PC fixe sans ecran,Optiplex tower,260
Paris_MATERIEL_INFO_202610272,,Victus,267
Paris_MATERIEL_INFO_202610273,,modèle par défaut,350
Paris_MATERIEL_INFO_202610274,PC fixe sans ecran,,350
Shanghai_MATERIEL_INFO_202610270,,Rasberry pi 4,15
BERLIN_MATERIEL_INFO_202610280,,Station de travail (moy),600
BERLIN_MATERIEL_INFO_202610281,PC portable,MacBook air pre-retina,310
BERLIN_MATERIEL_INFO_202610282,PC portable,EliteBook 10xx,223
BERLIN_MATERIEL_INFO_202610283,,OMEN,290
BERLIN_MATERIEL_INFO_202610284,PC fixe sans ecran,Elite mini,137
BERLIN_MATERIEL_INFO_202610285,Ecran,modèle par défaut,430
LONDON_MATERIEL_INFO_202610280,PC portable,Chromebook 11-13pouces,175
LONDON_MATERIEL_INFO_202610281,,iMac 21pouces retina,300
LONDON_MATERIEL_INFO_202610282,PC fixe sans ecran,Precision tower 7xxx,555
LONDON_MATERIEL_INFO_202610283,Serveur,Modèle par défaut,1300
LONDON_MATERIEL_INFO_202610284,PC fixe sans ecran,,350
LA_MATERIEL_INFO_202610280,clavier,modèle par défaut,24
LA_MATERIEL_INFO_202610281,,Station de travail (moy),600
LA_MATERIEL_INFO_202610282,PC portable,Moyenne 17pouces,365
NewYork_MATERIEL_INFO_202610280,,Victus,267
NewYork_MATERIEL_INFO_202610281,PC portable,MacBook pro 15/16pouces,330
NewYork_MATERIEL_INFO_202610282,PC fixe sans ecran,,350
NewYork_MATERIEL_INFO_202610283,PC fixe sans ecran,Wyse thin client,69
NewYork_MATERIEL_INFO_202610284,PC portable,modèle par défaut,260
NewYork_MATERIEL_INFO_202610285,PC portable,Latitude 7xxx,264
Paris_MATERIEL_INFO_202610280,,ProDesk mini/DM,100
Paris_MATERIEL_INFO_202610281,Serveur,Modèle par défaut,1300
Paris_MATERIEL_INFO_202610282,PC fixe sans ecran,"Elite (Tower, SFF, One)",393
Paris_MATERIEL_INFO_202610283,,Mac pro,900
Paris_MATERIEL_INFO_202610284,Serveur,Modèle par défaut,1300
Paris_MATERIEL_INFO_202610285,,Optiplex All-in-One 7xxx,382
Paris_MATERIEL_INFO_202610286,PC fixe sans ecran,OMEN,290
Paris_MATERIEL_INFO_202610287,PC fixe sans ecran,Optiplex micro,174
Paris_MATERIEL_INFO_202610288,,Laser à poser (<40kg),430
Shanghai_MATERIEL_INFO_202610280,PC fixe sans ecran,PC Fixe (moy),300
Shanghai_MATERIEL_INFO_202610281,PC portable,Moyenne 13pouces,250
Shanghai_MATERIEL_INFO_202610282,Serveur,Noeud de calcul,1300
Shanghai_MATERIEL_INFO_202610283,PC portable,,260
Shanghai_MATERIEL_INFO_202610284,Serveur,Serveur de stockage,2500
Shanghai_MATERIEL_INFO_202610285,PC fixe sans ecran,Optiplex small,240
Shanghai_MATERIEL_INFO_202610286,Ecran,jusqu'à 23pouces,350
Shanghai_MATERIEL_INFO_202610287,PC portable,Moyenne 13pouces,250
Shanghai_MATERIEL_INFO_202610288,PC portable,Moyenne 14/15pouces,294
Shanghai_MATERIEL_INFO_202610289,Ecran,24pouces-31pouces,430
Shanghai_MATERIEL_INFO_2026102810,,Precision tower 5xxx,440
Shanghai_MATERIEL_INFO_2026102811,PC fixe sans ecran,Optiplex small,240
Shanghai_MATERIEL_INFO_2026102812,,32pouces et plus,590
BERLIN_MATERIEL_INFO_202610290,,Latitude 5xxx,300
LONDON_MATERIEL_INFO_202610290,,Optiplex All-in-One 5xxx,318
LONDON_MATERIEL_INFO_202610291,PC fixe sans ecran,Station de travail (moy),600
LONDON_MATERIEL_INFO_202610292,,Z,409
LONDON_MATERIEL_INFO_202610293,,Optiplex All-in-One 3xxx,241
LONDON_MATERIEL_INFO_202610294,PC portable,Latitude 7xxx,264
LONDON_MATERIEL_INFO_202610295,imprimante,Laser A3 (40-99kg),960
LONDON_MATERIEL_INFO_202610296,PC portable,Moyenne 14/15pouces,294
LONDON_MATERIEL_INFO_202610297,PC fixe sans ecran,ProDesk mini/DM,100
LONDON_MATERIEL_INFO_202610298,PC fixe tout-en-un,,352
LA_MATERIEL_INFO_202610290,PC fixe sans ecran,Mac mini,270
LA_MATERIEL_INFO_202610291,PC portable,Moyenne 17pouces,365
LA_MATERIEL_INFO_202610292,Tablette,,150
LA_MATERIEL_INFO_202610293,PC fixe sans ecran,Wyse thin client,69
LA_MATERIEL_INFO_202610294,PC portable,ZBook,303
LA_MATERIEL_INFO_202610295,PC fixe sans ecran,ZHAN,264
NewYork_MATERIEL_INFO_202610290,imprimante,Laser A3 (40-99kg),960
NewYork_MATERIEL_INFO_202610291,souris,modèle par défaut,5
NewYork_MATERIEL_INFO_202610292,PC fixe sans ecran,"EliteDesk (Tower, SFF, One)",393
NewYork_MATERIEL_INFO_202610293,PC portable,MacBook pro 13pouces,256
NewYork_MATERIEL_INFO_202610294,,iMac pro,700
NewYork_MATERIEL_INFO_202610295,Borne wifi,modèle par défaut,10
Paris_MATERIEL_INFO_202610290,PC fixe tout-en-un,iMac pro,700
Paris_MATERIEL_INFO_202610291,,Precision 3xxx,266
Paris_MATERIEL_INFO_202610292,PC fixe sans ecran,OMEN,290
Paris_MATERIEL_INFO_202610293,,Wyse thin client,69
Paris_MATERIEL_INFO_202610294,PC portable,EliteBook 10xx,223
Paris_MATERIEL_INFO_202610295,imprimante,Laser A3 (>100kg),1800
Paris_MATERIEL_INFO_202610296,PC portable,MacBook air retina,176
Paris_MATERIEL_INFO_202610297,PC portable,,260
Paris_MATERIEL_INFO_202610298,,ZHAN,264
Paris_MATERIEL_INFO_202610299,PC fixe sans ecran,EliteDesk DM,230
Shanghai_MATERIEL_INFO_202610290,imprimante,modèle par défaut,500
BERLIN_MATERIEL_INFO_202610300,imprimante,Laser à poser (<40kg),430
BERLIN_MATERIEL_INFO_202610301,PC fixe sans ecran,PC Fixe (moy),300
BERLIN_MATERIEL_INFO_202610302,Ecran,jusqu'à 23pouces,350
LONDON_MATERIEL_INFO_202610300,,modèle par défaut,350
LONDON_MATERIEL_INFO_202610301,Ecran,modèle par défaut,430
LONDON_MATERIEL_INFO_202610302,PC portable,Latitude 5xxx,300
LONDON_MATERIEL_INFO_202610303,Ecran,,430
LONDON_MATERIEL_INFO_202610304,PC portable,Latitude 5xxx,300
LONDON_MATERIEL_INFO_202610305,imprimante,modèle par défaut,500
LONDON_MATERIEL_INFO_202610306,,Pour amphi,200
LONDON_MATERIEL_INFO_202610307,PC portable,Chromebook 14-15pouces,170
LONDON_MATERIEL_INFO_202610308,Vidéo projecteur,Transportable,94
LONDON_MATERIEL_INFO_202610309,PC portable,Precision 3xxx,266
LONDON_MATERIEL_INFO_2026103010,PC fixe sans ecran,EliteDesk DM,230
LONDON_MATERIEL_INFO_2026103011,PC portable,,260
LONDON_MATERIEL_INFO_2026103012,PC portable,,260
LA_MATERIEL_INFO_202610300,PC fixe sans ecran,Optiplex micro,174
LA_MATERIEL_INFO_202610301,PC portable,modèle par défaut,260
LA_MATERIEL_INFO_202610302,PC portable,MacBook air,250
LA_MATERIEL_INFO_202610303,PC fixe sans ecran,,350
LA_MATERIEL_INFO_202610304,Vidéo projecteur,Pour amphi,200
LA_MATERIEL_INFO_202610305,PC fixe sans ecran,"EliteDesk (Tower, SFF, One)",393
LA_MATERIEL_INFO_202610306,PC portable,EliteBook 6xx,175
LA_MATERIEL_INFO_202610307,PC portable,,260
LA_MATERIEL_INFO_202610308,PC portable,Moyenne 13pouces,250
LA_MATERIEL_INFO_202610309,PC fixe sans ecran,Mac pro,900
LA_MATERIEL_INFO_2026103010,,Station de travail (moy),600
LA_MATERIEL_INFO_2026103011,PC fixe sans ecran,Mac pro,900
LA_MATERIEL_INFO_2026103012,PC fixe tout-en-un,iMac 21pouces,290
LA_MATERIEL_INFO_2026103013,PC fixe sans ecran,modèle par défaut,350
NewYork_MATERIEL_INFO_202610300,PC portable,Precision 3xxx,266
NewYork_MATERIEL_INFO_202610301,souris,modèle par défaut,5
NewYork_MATERIEL_INFO_202610302,PC portable,OMEN,290
NewYork_MATERIEL_INFO_202610303,PC portable,modèle par défaut,260
NewYork_MATERIEL_INFO_202610304,,MacBook pro 13pouces,256
NewYork_MATERIEL_INFO_202610305,,modèle par défaut,350
NewYork_MATERIEL_INFO_202610306,PC portable,ProBook,226
NewYork_MATERIEL_INFO_202610307,PC portable,,260
NewYork_MATERIEL_INFO_202610308,PC fixe sans ecran,modèle par défaut,350
NewYork_MATERIEL_INFO_202610309,,EliteBook 6xx,175
NewYork_MATERIEL_INFO_2026103010,,Chromebook 11-13pouces,175
NewYork_MATERIEL_INFO_2026103011,Station d'accueil,modèle par défaut,26
NewYork_MATERIEL_INFO_2026103012,Vidéo projecteur,Pour salle,150
Paris_MATERIEL_INFO_202610300,Serveur,Serveur de stockage,2500
Paris_MATERIEL_INFO_202610301,,modèle par défaut,350
Paris_MATERIEL_INFO_202610302,PC portable,,260
Paris_MATERIEL_INFO_202610303,PC portable,EliteBook 8xx,290
Paris_MATERIEL_INFO_202610304,,Precision tower 3xxx,285
Paris_MATERIEL_INFO_202610305,PC portable,MacBook pro 15/16pouces,330
Paris_MATERIEL_INFO_202610306,,Optiplex All-in-One 5xxx,318
Paris_MATERIEL_INFO_202610307,,Precision tower 5xxx,440
Paris_MATERIEL_INFO_202610308,clavier,modèle par défaut,24
Shanghai_MATERIEL_INFO_202610300,PC fixe sans ecran,"EliteDesk (Tower, SFF, One)",393
Shanghai_MATERIEL_INFO_202610301,PC fixe sans ecran,ZHAN,264
Shanghai_MATERIEL_INFO_202610302,PC portable,EliteBook 6xx,175
Shanghai_MATERIEL_INFO_202610303,Serveur,Noeud de calcul,1300
Shanghai_MATERIEL_INFO_202610304,,Pour amphi,200
Shanghai_MATERIEL_INFO_202610305,Vidéo projecteur,Pour salle,150
Shanghai_MATERIEL_INFO_202610306,PC portable,Latitude 5xxx,300
Shanghai_MATERIEL_INFO_202610307,PC fixe sans ecran,Rasberry pi 4,15
Shanghai_MATERIEL_INFO_202610308,Vidéo projecteur,Transportable,94
Shanghai_MATERIEL_INFO_202610309,PC portable,Moyenne 14/15pouces,294
Shanghai_MATERIEL_INFO_2026103010,imprimante,modèle par défaut,500
Shanghai_MATERIEL_INFO_2026103011,PC fixe tout-en-un,iMac pro,700
Shanghai_MATERIEL_INFO_2026103012,Station d'accueil,modèle par défaut,26
BERLIN_MATERIEL_INFO_202610310,,Precision tower 5xxx,440
BERLIN_MATERIEL_INFO_202610311,PC portable,Precision 3xxx,266
BERLIN_MATERIEL_INFO_202610312,PC portable,Moyenne 13pouces,250
BERLIN_MATERIEL_INFO_202610313,,Precision 5xxx,280
LONDON_MATERIEL_INFO_202610310,Serveur,Modèle par défaut,1300
LONDON_MATERIEL_INFO_202610311,PC portable,MacBook pro 13pouces,256
LONDON_MATERIEL_INFO_202610312,PC fixe tout-en-un,Optiplex All-in-One 5xxx,318
LONDON_MATERIEL_INFO_202610313,PC fixe tout-en-un,iMac 21pouces retina,300
LONDON_MATERIEL_INFO_202610314,PC portable,EliteBook 10xx,223
LONDON_MATERIEL_INFO_202610315,,Rasberry pi 4,15
LONDON_MATERIEL_INFO_202610316,,Optiplex All-in-One 7xxx,382
LA_MATERIEL_INFO_202610310,PC portable,MacBook air,250
LA_MATERIEL_INFO_202610311,PC portable,ZBook,303
LA_MATERIEL_INFO_202610312,,MacBook pro 15/16pouces,330
NewYork_MATERIEL_INFO_202610310,Ecran,jusqu'à 23pouces,350
NewYork_MATERIEL_INFO_202610311,PC portable,ZBook,303
NewYork_MATERIEL_INFO_202610312,PC fixe tout-en-un,modèle par défaut,352
NewYork_MATERIEL_INFO_202610313,Serveur,Serveur de stockage,2500
NewYork_MATERIEL_INFO_202610314,souris,,5
Paris_MATERIEL_INFO_202610310,PC fixe sans ecran,"Prodesk (Tower, SFF)",322
Paris_MATERIEL_INFO_202610311,PC portable,EliteBook 10xx,223
Paris_MATERIEL_INFO_202610312,Telephone IP,modèle par défaut,17
Paris_MATERIEL_INFO_202610313,PC fixe tout-en-un,iMac pro,700
Paris_MATERIEL_INFO_202610314,,Mac mini,270
Paris_MATERIEL_INFO_202610315,,Optiplex All-in-One 5xxx,318
Paris_MATERIEL_INFO_202610316,,modèle par défaut,350
Paris_MATERIEL_INFO_202610317,Vidéo projecteur,Pour salle,150
Paris_MATERIEL_INFO_202610318,PC fixe sans ecran,Precision tower 3xxx,285
Paris_MATERIEL_INFO_202610319,PC fixe sans ecran,Precision tower 3xxx,285
Paris_MATERIEL_INFO_2026103110,PC fixe sans ecran,ZHAN,264
Paris_MATERIEL_INFO_2026103111,PC portable,ZBook,303
Shanghai_MATERIEL_INFO_202610310,Disque dur,modèle par défaut,10
BERLIN_MATERIEL_INFO_202611010,Smartphone,modèle par défaut,63
BERLIN_MATERIEL_INFO_202611011,PC fixe sans ecran,Wyse thin client,69
BERLIN_MATERIEL_INFO_202611012,,Elite mini,137
LONDON_MATERIEL_INFO_202611010,Ecran,jusqu'à 23pouces,350
LONDON_MATERIEL_INFO_202611011,,Optiplex micro,174
LONDON_MATERIEL_INFO_202611012,,Modèle par défaut,350
LONDON_MATERIEL_INFO_202611013,PC fixe sans ecran,Optiplex tower,260
LONDON_MATERIEL_INFO_202611014,PC portable,EliteBook 6xx,175
LONDON_MATERIEL_INFO_202611015,PC fixe sans ecran,EliteDesk DM,230
LONDON_MATERIEL_INFO_202611016,,Mac mini,270
LONDON_MATERIEL_INFO_202611017,Ecran,32pouces et plus,590
LA_MATERIEL_INFO_202611010,PC fixe sans ecran,ProDesk mini/DM,100
LA_MATERIEL_INFO_202611011,PC portable,EliteBook 10xx,223
LA_MATERIEL_INFO_202611012,PC fixe sans ecran,Precision tower 3xxx,285
LA_MATERIEL_INFO_202611013,Serveur,Noeud de calcul,1300
LA_MATERIEL_INFO_202611014,souris,modèle par défaut,5
LA_MATERIEL_INFO_202611015,,32pouces et plus,590
NewYork_MATERIEL_INFO_202611010,PC fixe tout-en-un,,352
Paris_MATERIEL_INFO_202611010,PC fixe sans ecran,Rasberry pi 4,15
Paris_MATERIEL_INFO_202611011,PC portable,ZBook Studio,379
Paris_MATERIEL_INFO_202611012,PC portable,EliteBook 10xx,223
Paris_MATERIEL_INFO_202611013,PC fixe sans ecran,Mac pro,900
Paris_MATERIEL_INFO_202611014,PC fixe sans ecran,,350
Paris_MATERIEL_INFO_202611015,PC fixe sans ecran,Precision tower 3xxx,285
Paris_MATERIEL_INFO_202611016,Vidéo projecteur,Pour salle,150
Paris_MATERIEL_INFO_202611017,,Latitude 7xxx,264
Shanghai_MATERIEL_INFO_202611010,PC fixe sans ecran,Rasberry pi 4,15
BERLIN_MATERIEL_INFO_202611020,,modèle par défaut,350
BERLIN_MATERIEL_INFO_202611021,PC fixe sans ecran,"EliteDesk (Tower, SFF, One)",393
BERLIN_MATERIEL_INFO_202611022,PC portable,Moyenne 13pouces,250
BERLIN_MATERIEL_INFO_202611023,souris,modèle par défaut,5
BERLIN_MATERIEL_INFO_202611024,PC fixe sans ecran,EliteDesk DM,230
LONDON_MATERIEL_INFO_202611020,PC fixe tout-en-un,modèle par défaut,352
LONDON_MATERIEL_INFO_202611021,PC fixe tout-en-un,iMac 21pouces retina,300
LONDON_MATERIEL_INFO_202611022,PC fixe tout-en-un,iMac 21pouces retina,300
LONDON_MATERIEL_INFO_202611023,PC fixe sans ecran,Mac mini,270
LONDON_MATERIEL_INFO_202611024,PC fixe sans ecran,Z,409
LONDON_MATERIEL_INFO_202611025,PC fixe sans ecran,Precision tower 7xxx,555
LONDON_MATERIEL_INFO_202611026,Borne wifi,modèle par défaut,10
LONDON_MATERIEL_INFO_202611027,Vidéo projecteur,Transportable,94
LONDON_MATERIEL_INFO_202611028,souris,modèle par défaut,5
LONDON_MATERIEL_INFO_202611029,PC portable,,260
LA_MATERIEL_INFO_202611020,PC fixe tout-en-un,modèle par défaut,352
LA_MATERIEL_INFO_202611021,,Latitude 3xxx,220
LA_MATERIEL_INFO_202611022,Serveur,Serveur de stockage,2500
LA_MATERIEL_INFO_202611023,PC portable,EliteBook 6xx,175
LA_MATERIEL_INFO_202611024,PC fixe tout-en-un,modèle par défaut,352
LA_MATERIEL_INFO_202611025,Serveur,Serveur de stockage,2500
NewYork_MATERIEL_INFO_202611020,PC fixe sans ecran,Z,409
Paris_MATERIEL_INFO_202611020,Disque dur,modèle par défaut,10
Paris_MATERIEL_INFO_202611021,PC fixe sans ecran,Z,409
Paris_MATERIEL_INFO_202611022,PC portable,EliteBook 6xx,175
Paris_MATERIEL_INFO_202611023,PC fixe sans ecran,EliteDesk DM,230
Paris_MATERIEL_INFO_202611024,PC portable,,260
Shanghai_MATERIEL_INFO_202611020,,Precision 3xxx,266
BERLIN_MATERIEL_INFO_202611030,PC fixe sans ecran,Z,409
BERLIN_MATERIEL_INFO_202611031,PC fixe tout-en-un,Optiplex All-in-One 5xxx,318
LONDON_MATERIEL_INFO_202611030,PC fixe sans ecran,,350
LONDON_MATERIEL_INFO_202611031,Ecran,24pouces-31pouces,430
LA_MATERIEL_INFO_202611030,PC fixe sans ecran,Mac mini,270
LA_MATERIEL_INFO_202611031,Ecran,jusqu'à 23pouces,350
LA_MATERIEL_INFO_202611032,clavier,modèle par défaut,24
LA_MATERIEL_INFO_202611033,souris,modèle par défaut,5
LA_MATERIEL_INFO_202611034,,ZHAN,264
LA_MATERIEL_INFO_202611035,Telephone IP,modèle par défaut,17
LA_MATERIEL_INFO_202611036,,modèle par défaut,350
LA_MATERIEL_INFO_202611037,souris,modèle par défaut,5
NewYork_MATERIEL_INFO_202611030,PC fixe tout-en-un,iMac 27pouces retina,450
NewYork_MATERIEL_INFO_202611031,PC portable,modèle par défaut,260
NewYork_MATERIEL_INFO_202611032,PC fixe sans ecran,"Elite (Tower, SFF, One)",393
NewYork_MATERIEL_INFO_202611033,PC portable,ZBook Studio,379
NewYork_MATERIEL_INFO_202611034,PC portable,Precision 7xxx,304
NewYork_MATERIEL_INFO_202611035,,Mac pro,900
NewYork_MATERIEL_INFO_202611036,PC portable,MacBook air retina,176
NewYork_MATERIEL_INFO_202611037,PC fixe tout-en-un,iMac 27pouces retina,450
NewYork_MATERIEL_INFO_202611038,PC fixe sans ecran,Precision tower 7xxx,555
NewYork_MATERIEL_INFO_202611039,PC fixe sans ecran,Rasberry pi 4,15
NewYork_MATERIEL_INFO_2026110310,PC portable,Precision 7xxx,304
NewYork_MATERIEL_INFO_2026110311,PC fixe sans ecran,Elite mini,137
Paris_MATERIEL_INFO_202611030,Tablette,modèle par défaut,150
Paris_MATERIEL_INFO_202611031,PC fixe tout-en-un,,352
Paris_MATERIEL_INFO_202611032,PC fixe sans ecran,"Prodesk (Tower, SFF)",322
Paris_MATERIEL_INFO_202611033,Disque dur,modèle par défaut,10
Paris_MATERIEL_INFO_202611034,PC portable,EliteBook 8xx,290
Paris_MATERIEL_INFO_202611035,PC fixe tout-en-un,Mac pro,900
Paris_MATERIEL_INFO_202611036,PC fixe sans ecran,Optiplex small,240
Shanghai_MATERIEL_INFO_202611030,,Chromebook 11-13pouces,175
Shanghai_MATERIEL_INFO_202611031,PC portable,EliteBook 6xx,175
BERLIN_MATERIEL_INFO_202611040,,OMEN,290
BERLIN_MATERIEL_INFO_202611041,Disque dur,,10
BERLIN_MATERIEL_INFO_202611042,PC fixe tout-en-un,iMac 21pouces retina,300
BERLIN_MATERIEL_INFO_202611043,PC portable,ProBook,226
BERLIN_MATERIEL_INFO_202611044,PC portable,Moyenne 13pouces,250
BERLIN_MATERIEL_INFO_202611045,,Z,409
LONDON_MATERIEL_INFO_202611040,PC fixe sans ecran,,350
LONDON_MATERIEL_INFO_202611041,PC fixe tout-en-un,modèle par défaut,352
LONDON_MATERIEL_INFO_202611042,PC fixe sans ecran,ProDesk mini/DM,100
LONDON_MATERIEL_INFO_202611043,PC fixe sans ecran,Precision tower 3xxx,285
LA_MATERIEL_INFO_202611040,Disque dur,modèle par défaut,10
LA_MATERIEL_INFO_202611041,PC fixe tout-en-un,iMac 21pouces,290
LA_MATERIEL_INFO_202611042,Smartphone,modèle par défaut,63
LA_MATERIEL_INFO_202611043,PC portable,MacBook pro 13pouces,256
LA_MATERIEL_INFO_202611044,Telephone IP,modèle par défaut,17
LA_MATERIEL_INFO_202611045,imprimante,Laser A3 (40-99kg),960
LA_MATERIEL_INFO_202611046,PC portable,,260
LA_MATERIEL_INFO_202611047,PC portable,ZBook,303
LA_MATERIEL_INFO_202611048,PC fixe sans ecran,Station de travail (moy),600
LA_MATERIEL_INFO_202611049,,modèle par défaut,350
LA_MATERIEL_INFO_2026110410,PC fixe sans ecran,PC Fixe (moy),300
LA_MATERIEL_INFO_2026110411,PC portable,Chromebook 11-13pouces,175
NewYork_MATERIEL_INFO_202611040,PC portable,Precision 7xxx,304
NewYork_MATERIEL_INFO_202611041,Telephone IP,modèle par défaut,17
NewYork_MATERIEL_INFO_202611042,PC portable,,260
NewYork_MATERIEL_INFO_202611043,PC fixe tout-en-un,Mac pro,900
NewYork_MATERIEL_INFO_202611044,PC fixe tout-en-un,iMac 21pouces,290
NewYork_MATERIEL_INFO_202611045,,Serveur de stockage,2500
NewYork_MATERIEL_INFO_202611046,PC fixe tout-en-un,iMac pro,700
NewYork_MATERIEL_INFO_202611047,PC portable,Chromebook 14-15pouces,170
NewYork_MATERIEL_INFO_202611048,,modèle par défaut,350
NewYork_MATERIEL_INFO_202611049,imprimante,Laser A3 (40-99kg),960
NewYork_MATERIEL_INFO_2026110410,Disque dur,modèle par défaut,10
NewYork_MATERIEL_INFO_2026110411,PC portable,,260
NewYork_MATERIEL_INFO_2026110412,Serveur,Modèle par défaut,1300
NewYork_MATERIEL_INFO_2026110413,PC fixe tout-en-un,iMac 21pouces,290
Paris_MATERIEL_INFO_202611040,Vidéo projecteur,Transportable,94
Paris_MATERIEL_INFO_202611041,souris,modèle par défaut,5
Paris_MATERIEL_INFO_202611042,PC fixe sans ecran,Mac pro,900
Paris_MATERIEL_INFO_202611043,,iMac 21pouces retina,300
Paris_MATERIEL_INFO_202611044,PC portable,EliteBook 10xx,223
Paris_MATERIEL_INFO_202611045,Telephone IP,modèle par défaut,17
Paris_MATERIEL_INFO_202611046,imprimante,Laser A3 (40-99kg),960
Shanghai_MATERIEL_INFO_202611040,PC fixe sans ecran,Rasberry pi 4,15
Shanghai_MATERIEL_INFO_202611041,PC fixe sans ecran,Optiplex tower,260
Shanghai_MATERIEL_INFO_202611042,imprimante,modèle par défaut,500
Shanghai_MATERIEL_INFO_202611043,PC portable,Precision 5xxx,280
Shanghai_MATERIEL_INFO_202611044,PC fixe sans ecran,Optiplex tower,260
Shanghai_MATERIEL_INFO_202611045,PC fixe tout-en-un,iMac 27pouces retina,450
Shanghai_MATERIEL_INFO_202611046,,Latitude 5xxx,300
Shanghai_MATERIEL_INFO_202611047,,OMEN,290
Shanghai_MATERIEL_INFO_202611048,Telephone IP,modèle par défaut,17
Shanghai_MATERIEL_INFO_202611049,PC portable,,260
Shanghai_MATERIEL_INFO_2026110410,PC fixe sans ecran,"Prodesk (Tower, SFF)",322
BERLIN_MATERIEL_INFO_202611050,clavier,modèle par défaut,24
BERLIN_MATERIEL_INFO_202611051,Ecran,24pouces-31pouces,430
BERLIN_MATERIEL_INFO_202611052,Borne wifi,modèle par défaut,10
BERLIN_MATERIEL_INFO_202611053,PC fixe sans ecran,"EliteDesk (Tower, SFF, One)",393
BERLIN_MATERIEL_INFO_202611054,,Latitude 3xxx,220
LONDON_MATERIEL_INFO_202611050,Borne wifi,modèle par défaut,10
LONDON_MATERIEL_INFO_202611051,PC fixe sans ecran,Wyse thin client,69
LONDON_MATERIEL_INFO_202611052,PC fixe sans ecran,,350
LONDON_MATERIEL_INFO_202611053,,ProBook,226
LONDON_MATERIEL_INFO_202611054,PC portable,MacBook pro 15/16pouces,330
LONDON_MATERIEL_INFO_202611055,PC portable,OMEN,290
LONDON_MATERIEL_INFO_202611056,PC fixe tout-en-un,,352
LONDON_MATERIEL_INFO_202611057,imprimante,modèle par défaut,500
LONDON_MATERIEL_INFO_202611058,PC fixe sans ecran,,350
LA_MATERIEL_INFO_202611050,PC fixe tout-en-un,Optiplex All-in-One 5xxx,318
LA_MATERIEL_INFO_202611051,PC portable,MacBook air,250
LA_MATERIEL_INFO_202611052,PC fixe sans ecran,OMEN,290
LA_MATERIEL_INFO_202611053,PC portable,MacBook pro 15/16pouces,330
LA_MATERIEL_INFO_202611054,,ProBook,226
LA_MATERIEL_INFO_202611055,,Latitude 3xxx,220
LA_MATERIEL_INFO_202611056,Station d'accueil,modèle par défaut,26
LA_MATERIEL_INFO_202611057,Disque dur,modèle par défaut,10
LA_MATERIEL_INFO_202611058,PC fixe sans ecran,,350
LA_MATERIEL_INFO_202611059,Serveur,Serveur de stockage,2500
LA_MATERIEL_INFO_2026110510,PC portable,modèle par défaut,260
LA_MATERIEL_INFO_2026110511,PC fixe sans ecran,"Prodesk (Tower, SFF)",322
LA_MATERIEL_INFO_2026110512,PC fixe sans ecran,OMEN,290
NewYork_MATERIEL_INFO_202611050,PC fixe tout-en-un,Optiplex All-in-One 7xxx,382
NewYork_MATERIEL_INFO_202611051,Ecran,modèle par défaut,430
NewYork_MATERIEL_INFO_202611052,PC fixe tout-en-un,Optiplex All-in-One 5xxx,318
Paris_MATERIEL_INFO_202611050,PC fixe sans ecran,PC Fixe (moy),300
Paris_MATERIEL_INFO_202611051,Ecran,32pouces et plus,590
Paris_MATERIEL_INFO_202611052,clavier,modèle par défaut,24
Paris_MATERIEL_INFO_202611053,PC portable,Moyenne 17pouces,365
Paris_MATERIEL_INFO_202611054,PC fixe sans ecran,,350
Paris_MATERIEL_INFO_202611055,Serveur,,1300
Paris_MATERIEL_INFO_202611056,PC portable,Moyenne 17pouces,365
Paris_MATERIEL_INFO_202611057,Vidéo projecteur,Pour amphi,200
Paris_MATERIEL_INFO_202611058,Ecran,modèle par défaut,430
Paris_MATERIEL_INFO_202611059,PC portable,ZBook Studio,379
Paris_MATERIEL_INFO_2026110510,,Mac pro,900
Paris_MATERIEL_INFO_2026110511,imprimante,Laser à poser (<40kg),430
Paris_MATERIEL_INFO_2026110512,,MacBook pro 15/16pouces,330
Paris_MATERIEL_INFO_2026110513,PC portable,Precision 3xxx,266
Shanghai_MATERIEL_INFO_202611050,souris,modèle par défaut,5
Shanghai_MATERIEL_INFO_202611051,clavier,,24
Shanghai_MATERIEL_INFO_202611052,Serveur,Serveur de stockage,2500
Shanghai_MATERIEL_INFO_202611053,Vidéo projecteur,Pour amphi,200
Shanghai_MATERIEL_INFO_202611054,PC fixe sans ecran,Precision tower 5xxx,440
Shanghai_MATERIEL_INFO_202611055,,Mac pro,900
Shanghai_MATERIEL_INFO_202611056,,EliteBook 8xx,290
Shanghai_MATERIEL_INFO_202611057,PC fixe sans ecran,Mac pro,900
Shanghai_MATERIEL_INFO_202611058,,modèle par défaut,350
BERLIN_MATERIEL_INFO_202611060,,MacBook pro 15/16pouces,330
BERLIN_MATERIEL_INFO_202611061,souris,modèle par défaut,5
BERLIN_MATERIEL_INFO_202611062,imprimante,Laser A3 (>100kg),1800
BERLIN_MATERIEL_INFO_202611063,PC portable,Moyenne 14/15pouces,294
BERLIN_MATERIEL_INFO_202611064,imprimante,,500
BERLIN_MATERIEL_INFO_202611065,,iMac 27pouces retina,450
LONDON_MATERIEL_INFO_202611060,imprimante,modèle par défaut,500
LONDON_MATERIEL_INFO_202611061,PC fixe sans ecran,Precision tower 3xxx,285
LONDON_MATERIEL_INFO_202611062,,Latitude 3xxx,220
LONDON_MATERIEL_INFO_202611063,PC fixe tout-en-un,Optiplex All-in-One 5xxx,318
LONDON_MATERIEL_INFO_202611064,PC portable,modèle par défaut,260
LONDON_MATERIEL_INFO_202611065,PC fixe tout-en-un,modèle par défaut,352
LONDON_MATERIEL_INFO_202611066,PC fixe tout-en-un,Mac pro,900
LA_MATERIEL_INFO_202611060,,modèle par défaut,350
LA_MATERIEL_INFO_202611061,PC portable,Latitude 7xxx,264
LA_MATERIEL_INFO_202611062,,MacBook air pre-retina,310
LA_MATERIEL_INFO_202611063,Disque dur,modèle par défaut,10
LA_MATERIEL_INFO_202611064,PC fixe sans ecran,"EliteDesk (Tower, SFF, One)",393
LA_MATERIEL_INFO_202611065,PC fixe sans ecran,OMEN,290
LA_MATERIEL_INFO_202611066,PC portable,Precision 5xxx,280
NewYork_MATERIEL_INFO_202611060,PC fixe sans ecran,ProDesk mini/DM,100
NewYork_MATERIEL_INFO_202611061,,Optiplex All-in-One 3xxx,241
NewYork_MATERIEL_INFO_202611062,PC portable,,260
NewYork_MATERIEL_INFO_202611063,,Precision 5xxx,280
NewYork_MATERIEL_INFO_202611064,PC portable,Moyenne 14/15pouces,294
NewYork_MATERIEL_INFO_202611065,PC fixe sans ecran,"EliteDesk (Tower, SFF, One)",393
NewYork_MATERIEL_INFO_202611066,,modèle par défaut,350
NewYork_MATERIEL_INFO_202611067,Tablette,,150
NewYork_MATERIEL_INFO_202611068,,Precision tower 3xxx,285
Paris_MATERIEL_INFO_202611060,PC portable,Latitude 7xxx,264
Paris_MATERIEL_INFO_202611061,,Victus,267
Shanghai_MATERIEL_INFO_202611060,,Laser à poser (<40kg),430
Shanghai_MATERIEL_INFO_202611061,Borne wifi,modèle par défaut,10
Shanghai_MATERIEL_INFO_202611062,PC fixe sans ecran,ProDesk mini/DM,100
Shanghai_MATERIEL_INFO_202611063,PC portable,MacBook air retina,176
Shanghai_MATERIEL_INFO_202611064,Serveur,Modèle par défaut,1300
Shanghai_MATERIEL_INFO_202611065,PC portable,Victus,267
Shanghai_MATERIEL_INFO_202611066,PC fixe sans ecran,Optiplex micro,174
Shanghai_MATERIEL_INFO_202611067,,iMac 21pouces,290
Shanghai_MATERIEL_INFO_202611068,PC fixe tout-en-un,,352
Shanghai_MATERIEL_INFO_202611069,,ProBook,226
Shanghai_MATERIEL_INFO_2026110610,Smartphone,modèle par défaut,63
Shanghai_MATERIEL_INFO_2026110611,Serveur,Noeud de calcul,1300
Shanghai_MATERIEL_INFO_2026110612,,Optiplex All-in-One 5xxx,318
BERLIN_MATERIEL_INFO_202611070,PC portable,MacBook air,250
BERLIN_MATERIEL_INFO_202611071,,Precision tower 3xxx,285
BERLIN_MATERIEL_INFO_202611072,PC portable,Moyenne 17pouces,365
LONDON_MATERIEL_INFO_202611070,PC portable,Precision 5xxx,280
LONDON_MATERIEL_INFO_202611071,Vidéo projecteur,Transportable,94
LONDON_MATERIEL_INFO_202611072,PC portable,Latitude 5xxx,300
LONDON_MATERIEL_INFO_202611073,PC fixe sans ecran,ProDesk mini/DM,100
LONDON_MATERIEL_INFO_202611074,PC fixe tout-en-un,Optiplex All-in-One 5xxx,318
LONDON_MATERIEL_INFO_202611075,,Z,409
LONDON_MATERIEL_INFO_202611076,PC portable,Victus,267
LONDON_MATERIEL_INFO_202611077,Vidéo projecteur,Pour amphi,200
LONDON_MATERIEL_INFO_202611078,PC portable,EliteBook 8xx,290
LONDON_MATERIEL_INFO_202611079,clavier,,24
LONDON_MATERIEL_INFO_2026110710,imprimante,Laser à poser (<40kg),430
LONDON_MATERIEL_INFO_2026110711,PC portable,MacBook pro 15/16pouces,330
LA_MATERIEL_INFO_202611070,PC fixe sans ecran,OMEN,290
LA_MATERIEL_INFO_202611071,PC portable,MacBook pro 15/16pouces,330
LA_MATERIEL_INFO_202611072,PC fixe sans ecran,Optiplex small,240
LA_MATERIEL_INFO_202611073,imprimante,Laser A3 (>100kg),1800
LA_MATERIEL_INFO_202611074,PC fixe sans ecran,"Elite (Tower, SFF, One)",393
LA_MATERIEL_INFO_202611075,,MacBook air retina,176
LA_MATERIEL_INFO_202611076,PC portable,Victus,267
LA_MATERIEL_INFO_202611077,,modèle par défaut,350
LA_MATERIEL_INFO_202611078,imprimante,Laser à poser (<40kg),430
NewYork_MATERIEL_INFO_202611070,,modèle par défaut,350
NewYork_MATERIEL_INFO_202611071,,MacBook air,250
NewYork_MATERIEL_INFO_202611072,PC portable,MacBook air,250
NewYork_MATERIEL_INFO_202611073,PC fixe sans ecran,Precision tower 5xxx,440
NewYork_MATERIEL_INFO_202611074,PC fixe sans ecran,Precision tower 5xxx,440
NewYork_MATERIEL_INFO_202611075,PC portable,,260
NewYork_MATERIEL_INFO_202611076,PC portable,Precision 3xxx,266
NewYork_MATERIEL_INFO_202611077,,"Elite (Tower, SFF, One)",393
Paris_MATERIEL_INFO_202611070,Smartphone,modèle par défaut,63
Paris_MATERIEL_INFO_202611071,PC fixe sans ecran,Mac mini,270
Paris_MATERIEL_INFO_202611072,PC fixe tout-en-un,,352
Paris_MATERIEL_INFO_202611073,,Mac pro,900
Paris_MATERIEL_INFO_202611074,PC fixe sans ecran,Precision tower 3xxx,285
Paris_MATERIEL_INFO_202611075,Serveur,Serveur de stockage,2500
Paris_MATERIEL_INFO_202611076,PC fixe sans ecran,modèle par défaut,350
Paris_MATERIEL_INFO_202611077,Smartphone,modèle par défaut,63
Shanghai_MATERIEL_INFO_202611070,,iMac 21pouces,290
Shanghai_MATERIEL_INFO_202611071,Vidéo projecteur,modèle par défaut,94
Shanghai_MATERIEL_INFO_202611072,PC fixe sans ecran,Rasberry pi 4,15
Shanghai_MATERIEL_INFO_202611073,Tablette,modèle par défaut,150
Shanghai_MATERIEL_INFO_202611074,PC portable,EliteBook 8xx,290
Shanghai_MATERIEL_INFO_202611075,Station d'accueil,modèle par défaut,26
BERLIN_MATERIEL_INFO_202611080,PC fixe tout-en-un,Optiplex All-in-One 3xxx,241
BERLIN_MATERIEL_INFO_202611081,,EliteBook 10xx,223
BERLIN_MATERIEL_INFO_202611082,PC fixe sans ecran,EliteDesk DM,230
BERLIN_MATERIEL_INFO_202611083,PC fixe sans ecran,Optiplex small,240
BERLIN_MATERIEL_INFO_202611084,PC fixe tout-en-un,Mac pro,900
LONDON_MATERIEL_INFO_202611080,,Mac pro,900
LA_MATERIEL_INFO_202611080,,Laser à poser (<40kg),430
NewYork_MATERIEL_INFO_202611080,PC portable,Moyenne 17pouces,365
NewYork_MATERIEL_INFO_202611081,Tablette,modèle par défaut,150
NewYork_MATERIEL_INFO_202611082,,modèle par défaut,350
NewYork_MATERIEL_INFO_202611083,Serveur,,1300
NewYork_MATERIEL_INFO_202611084,PC fixe sans ecran,Mac pro,900
NewYork_MATERIEL_INFO_202611085,PC portable,Chromebook 11-13pouces,175
NewYork_MATERIEL_INFO_202611086,Smartphone,modèle par défaut,63
NewYork_MATERIEL_INFO_202611087,,modèle par défaut,350
NewYork_MATERIEL_INFO_202611088,PC portable,Latitude 5xxx,300
NewYork_MATERIEL_INFO_202611089,,Optiplex tower,260
NewYork_MATERIEL_INFO_2026110810,Vidéo projecteur,modèle par défaut,94
NewYork_MATERIEL_INFO_2026110811,PC fixe sans ecran,Optiplex micro,174
NewYork_MATERIEL_INFO_2026110812,PC fixe sans ecran,"Prodesk (Tower, SFF)",322
NewYork_MATERIEL_INFO_2026110813,PC fixe tout-en-un,Optiplex All-in-One 7xxx,382
Paris_MATERIEL_INFO_202611080,Ecran,32pouces et plus,590
Paris_MATERIEL_INFO_202611081,PC portable,Chromebook 14-15pouces,170
Paris_MATERIEL_INFO_202611082,Borne wifi,modèle par défaut,10
Paris_MATERIEL_INFO_202611083,Serveur,Serveur de stockage,2500
Paris_MATERIEL_INFO_202611084,PC portable,,260
Paris_MATERIEL_INFO_202611085,PC fixe sans ecran,,350
Paris_MATERIEL_INFO_202611086,PC fixe tout-en-un,Mac pro,900
Shanghai_MATERIEL_INFO_202611080,,modèle par défaut,350
Shanghai_MATERIEL_INFO_202611081,,Wyse thin client,69
Shanghai_MATERIEL_INFO_202611082,,PC Fixe (moy),300
Shanghai_MATERIEL_INFO_202611083,PC portable,Latitude 5xxx,300
Shanghai_MATERIEL_INFO_202611084,PC fixe sans ecran,Precision tower 3xxx,285
Shanghai_MATERIEL_INFO_202611085,Telephone IP,modèle par défaut,17
Shanghai_MATERIEL_INFO_202611086,PC fixe sans ecran,OMEN,290
Shanghai_MATERIEL_INFO_202611087,Serveur,Modèle par défaut,1300
BERLIN_MATERIEL_INFO_202611090,PC fixe tout-en-un,,352
BERLIN_MATERIEL_INFO_202611091,PC fixe sans ecran,ProDesk mini/DM,100
BERLIN_MATERIEL_INFO_202611092,,modèle par défaut,350
LONDON_MATERIEL_INFO_202611090,,modèle par défaut,350
LONDON_MATERIEL_INFO_202611091,PC portable,EliteBook 8xx,290
LONDON_MATERIEL_INFO_202611092,,Mac pro,900
LONDON_MATERIEL_INFO_202611093,Telephone IP,modèle par défaut,17
LONDON_MATERIEL_INFO_202611094,Ecran,,430
LONDON_MATERIEL_INFO_202611095,,Optiplex small,240
LONDON_MATERIEL_INFO_202611096,,Optiplex All-in-One 5xxx,318
LA_MATERIEL_INFO_202611090,Serveur,Modèle par défaut,1300
LA_MATERIEL_INFO_202611091,,MacBook air pre-retina,310
LA_MATERIEL_INFO_202611092,PC fixe sans ecran,,350
LA_MATERIEL_INFO_202611093,PC portable,Precision 7xxx,304
LA_MATERIEL_INFO_202611094,PC fixe sans ecran,Precision tower 7xxx,555
LA_MATERIEL_INFO_202611095,Ecran,,430
LA_MATERIEL_INFO_202611096,PC portable,ZBook Studio,379
LA_MATERIEL_INFO_202611097,,Optiplex tower,260
NewYork_MATERIEL_INFO_202611090,PC portable,,260
NewYork_MATERIEL_INFO_202611091,Borne wifi,modèle par défaut,10
NewYork_MATERIEL_INFO_202611092,souris,modèle par défaut,5
NewYork_MATERIEL_INFO_202611093,,Precision tower 7xxx,555
NewYork_MATERIEL_INFO_202611094,PC fixe tout-en-un,Optiplex All-in-One 3xxx,241
NewYork_MATERIEL_INFO_202611095,PC portable,MacBook pro 13pouces,256
Paris_MATERIEL_INFO_202611090,Ecran,24pouces-31pouces,430
Paris_MATERIEL_INFO_202611091,PC fixe sans ecran,,350
Paris_MATERIEL_INFO_202611092,,modèle par défaut,350
Paris_MATERIEL_INFO_202611093,PC fixe tout-en-un,Optiplex All-in-One 5xxx,318
Paris_MATERIEL_INFO_202611094,PC fixe sans ecran,Rasberry pi 4,15
Paris_MATERIEL_INFO_202611095,,Latitude 3xxx,220
Paris_MATERIEL_INFO_202611096,PC fixe sans ecran,Mac pro,900
Paris_MATERIEL_INFO_202611097,PC fixe sans ecran,,350
Paris_MATERIEL_INFO_202611098,,Serveur de stockage,2500
Paris_MATERIEL_INFO_202611099,PC fixe sans ecran,Precision tower 3xxx,285
Paris_MATERIEL_INFO_2026110910,,modèle par défaut,350
Paris_MATERIEL_INFO_2026110911,Serveur,Serveur de stockage,2500
Paris_MATERIEL_INFO_2026110912,PC portable,Latitude 3xxx,220
Shanghai_MATERIEL_INFO_202611090,,Precision tower 3xxx,285
Shanghai_MATERIEL_INFO_202611091,imprimante,modèle par défaut,500
Shanghai_MATERIEL_INFO_202611092,PC fixe tout-en-un,iMac 21pouces retina,300
Shanghai_MATERIEL_INFO_202611093,,Precision 3xxx,266
Shanghai_MATERIEL_INFO_202611094,,24pouces-31pouces,430
Shanghai_MATERIEL_INFO_202611095,imprimante,modèle par défaut,500
Shanghai_MATERIEL_INFO_202611096,Serveur,Modèle par défaut,1300
BERLIN_MATERIEL_INFO_202611100,Ecran,24pouces-31pouces,430
BERLIN_MATERIEL_INFO_202611101,PC portable,Chromebook 11-13pouces,175
BERLIN_MATERIEL_INFO_202611102,,Laser A3 (40-99kg),960
LONDON_MATERIEL_INFO_202611100,PC portable,Precision 3xxx,266
LONDON_MATERIEL_INFO_202611101,PC portable,,260
LONDON_MATERIEL_INFO_202611102,,Laser A3 (40-99kg),960
LONDON_MATERIEL_INFO_202611103,imprimante,modèle par défaut,500
LONDON_MATERIEL_INFO_202611104,PC portable,Moyenne 13pouces,250
LONDON_MATERIEL_INFO_202611105,Serveur,Noeud de calcul,1300
LONDON_MATERIEL_INFO_202611106,Tablette,modèle par défaut,150
LONDON_MATERIEL_INFO_202611107,PC fixe sans ecran,"EliteDesk (Tower, SFF, One)",393
LONDON_MATERIEL_INFO_202611108,PC portable,Moyenne 17pouces,365
LONDON_MATERIEL_INFO_202611109,PC portable,Chromebook 11-13pouces,175
LONDON_MATERIEL_INFO_2026111010,Serveur,Noeud de calcul,1300
LONDON_MATERIEL_INFO_2026111011,,Optiplex All-in-One 7xxx,382
LONDON_MATERIEL_INFO_2026111012,PC portable,Moyenne 17pouces,365
LONDON_MATERIEL_INFO_2026111013,PC portable,EliteBook 10xx,223
LA_MATERIEL_INFO_202611100,PC portable,ZBook,303
NewYork_MATERIEL_INFO_202611100,PC portable,MacBook air retina,176
NewYork_MATERIEL_INFO_202611101,,Moyenne 17pouces,365
NewYork_MATERIEL_INFO_202611102,,24pouces-31pouces,430
NewYork_MATERIEL_INFO_202611103,PC fixe sans ecran,Wyse thin client,69
NewYork_MATERIEL_INFO_202611104,PC fixe tout-en-un,Mac pro,900
NewYork_MATERIEL_INFO_202611105,Borne wifi,modèle par défaut,10
NewYork_MATERIEL_INFO_202611106,PC portable,Latitude 7xxx,264
NewYork_MATERIEL_INFO_202611107,PC fixe sans ecran,Precision tower 3xxx,285
NewYork_MATERIEL_INFO_202611108,PC fixe tout-en-un,Optiplex All-in-One 7xxx,382
NewYork_MATERIEL_INFO_202611109,PC fixe sans ecran,Precision tower 5xxx,440
NewYork_MATERIEL_INFO_2026111010,Borne wifi,modèle par défaut,10
NewYork_MATERIEL_INFO_2026111011,PC fixe sans ecran,,350
Paris_MATERIEL_INFO_202611100,PC fixe sans ecran,ZHAN,264
Paris_MATERIEL_INFO_202611101,PC portable,ProBook,226
Paris_MATERIEL_INFO_202611102,Vidéo projecteur,modèle par défaut,94
Paris_MATERIEL_INFO_202611103,PC fixe sans ecran,"EliteDesk (Tower, SFF, One)",393
Paris_MATERIEL_INFO_202611104,Ecran,24pouces-31pouces,430
Paris_MATERIEL_INFO_202611105,PC fixe sans ecran,modèle par défaut,350
Paris_MATERIEL_INFO_202611106,PC fixe tout-en-un,Mac pro,900
Paris_MATERIEL_INFO_202611107,imprimante,Laser A3 (40-99kg),960
Paris_MATERIEL_INFO_202611108,,Optiplex All-in-One 5xxx,318
Paris_MATERIEL_INFO_202611109,Vidéo projecteur,Pour salle,150
Paris_MATERIEL_INFO_2026111010,PC fixe tout-en-un,,352
Shanghai_MATERIEL_INFO_202611100,PC fixe sans ecran,PC Fixe (moy),300
Shanghai_MATERIEL_INFO_202611101,PC portable,Moyenne 14/15pouces,294
Shanghai_MATERIEL_INFO_202611102,PC fixe sans ecran,Optiplex micro,174
Shanghai_MATERIEL_INFO_202611103,Smartphone,modèle par défaut,63
Shanghai_MATERIEL_INFO_202611104,PC portable,MacBook air retina,176
Shanghai_MATERIEL_INFO_202611105,PC portable,ProBook,226
Shanghai_MATERIEL_INFO_202611106,Serveur,Serveur de stockage,2500
Shanghai_MATERIEL_INFO_202611107,PC portable,Precision 5xxx,280
Shanghai_MATERIEL_INFO_202611108,PC fixe sans ecran,Rasberry pi 4,15
Shanghai_MATERIEL_INFO_202611109,PC fixe sans ecran,Optiplex small,240
BERLIN_MATERIEL_INFO_202611110,PC fixe sans ecran,Mac pro,900
BERLIN_MATERIEL_INFO_202611111,PC portable,Victus,267
BERLIN_MATERIEL_INFO_202611112,PC fixe sans ecran,,350
BERLIN_MATERIEL_INFO_202611113,,EliteBook 10xx,223
LONDON_MATERIEL_INFO_202611110,PC portable,modèle par défaut,260
LONDON_MATERIEL_INFO_202611111,PC fixe sans ecran,ProDesk mini/DM,100
LONDON_MATERIEL_INFO_202611112,PC fixe tout-en-un,iMac 21pouces,290
LONDON_MATERIEL_INFO_202611113,PC fixe sans ecran,Z,409
LONDON_MATERIEL_INFO_202611114,PC portable,Precision 3xxx,266
LONDON_MATERIEL_INFO_202611115,PC fixe tout-en-un,Optiplex All-in-One 5xxx,318
LONDON_MATERIEL_INFO_202611116,,"EliteDesk (Tower, SFF, One)",393
LONDON_MATERIEL_INFO_202611117,,Optiplex All-in-One 3xxx,241
LONDON_MATERIEL_INFO_202611118,Vidéo projecteur,Pour amphi,200
LONDON_MATERIEL_INFO_202611119,,ProDesk mini/DM,100
LONDON_MATERIEL_INFO_2026111110,clavier,modèle par défaut,24
LONDON_MATERIEL_INFO_2026111111,PC portable,Precision 3xxx,266
LONDON_MATERIEL_INFO_2026111112,PC portable,,260
LONDON_MATERIEL_INFO_2026111113,PC portable,Victus,267
LA_MATERIEL_INFO_202611110,PC portable,Victus,267
LA_MATERIEL_INFO_202611111,,Pour salle,150
LA_MATERIEL_INFO_202611112,,Chromebook 14-15pouces,170
LA_MATERIEL_INFO_202611113,PC fixe sans ecran,Optiplex small,240
LA_MATERIEL_INFO_202611114,PC fixe sans ecran,Elite mini,137
LA_MATERIEL_INFO_202611115,PC fixe sans ecran,OMEN,290
LA_MATERIEL_INFO_202611116,Borne wifi,modèle par défaut,10
LA_MATERIEL_INFO_202611117,PC portable,EliteBook 8xx,290
LA_MATERIEL_INFO_202611118,PC portable,EliteBook 10xx,223
LA_MATERIEL_INFO_202611119,Vidéo projecteur,Transportable,94
LA_MATERIEL_INFO_2026111110,PC portable,Victus,267
NewYork_MATERIEL_INFO_202611110,Station d'accueil,,26
NewYork_MATERIEL_INFO_202611111,,modèle par défaut,350
NewYork_MATERIEL_INFO_202611112,PC portable,EliteBook 10xx,223
Paris_MATERIEL_INFO_202611110,PC portable,Moyenne 13pouces,250
Paris_MATERIEL_INFO_202611111,PC fixe sans ecran,Precision tower 3xxx,285
Paris_MATERIEL_INFO_202611112,Smartphone,modèle par défaut,63
Paris_MATERIEL_INFO_202611113,PC portable,Latitude 3xxx,220
Paris_MATERIEL_INFO_202611114,PC fixe sans ecran,ZHAN,264
Paris_MATERIEL_INFO_202611115,,modèle par défaut,350
Paris_MATERIEL_INFO_202611116,PC portable,Precision 7xxx,304
Paris_MATERIEL_INFO_202611117,PC fixe sans ecran,,350
Shanghai_MATERIEL_INFO_202611110,PC fixe tout-en-un,Mac pro,900
Shanghai_MATERIEL_INFO_202611111,PC fixe sans ecran,Z,409
Shanghai_MATERIEL_INFO_202611112,Station d'accueil,modèle par défaut,26
Shanghai_MATERIEL_INFO_202611113,PC fixe sans ecran,,350
Shanghai_MATERIEL_INFO_202611114,Serveur,Noeud de calcul,1300
Shanghai_MATERIEL_INFO_202611115,,Optiplex tower,260
BERLIN_MATERIEL_INFO_202611120,,Mac mini,270
BERLIN_MATERIEL_INFO_202611121,,OMEN,290
BERLIN_MATERIEL_INFO_202611122,PC portable,MacBook pro 13pouces,256
LONDON_MATERIEL_INFO_202611120,Vidéo projecteur,Pour salle,150
LONDON_MATERIEL_INFO_202611121,Ecran,modèle par défaut,430
LONDON_MATERIEL_INFO_202611122,PC fixe sans ecran,Mac mini,270
LONDON_MATERIEL_INFO_202611123,Serveur,Modèle par défaut,1300
LONDON_MATERIEL_INFO_202611124,Serveur,Noeud de calcul,1300
LONDON_MATERIEL_INFO_202611125,PC portable,MacBook pro 15/16pouces,330
LONDON_MATERIEL_INFO_202611126,PC fixe sans ecran,Rasberry pi 4,15
LA_MATERIEL_INFO_202611120,Ecran,jusqu'à 23pouces,350
LA_MATERIEL_INFO_202611121,,MacBook air retina,176
LA_MATERIEL_INFO_202611122,PC portable,Precision 7xxx,304
LA_MATERIEL_INFO_202611123,,Rasberry pi 4,15
LA_MATERIEL_INFO_202611124,PC fixe sans ecran,Precision tower 3xxx,285
LA_MATERIEL_INFO_202611125,imprimante,Laser à poser (<40kg),430
LA_MATERIEL_INFO_202611126,Serveur,Serveur de stockage,2500
LA_MATERIEL_INFO_202611127,PC fixe sans ecran,"Elite (Tower, SFF, One)",393
LA_MATERIEL_INFO_202611128,PC portable,MacBook air,250
LA_MATERIEL_INFO_202611129,PC fixe sans ecran,Station de travail (moy),600
LA_MATERIEL_INFO_2026111210,PC fixe sans ecran,Rasberry pi 4,15
LA_MATERIEL_INFO_2026111211,,modèle par défaut,350
NewYork_MATERIEL_INFO_202611120,PC portable,Chromebook 11-13pouces,175
NewYork_MATERIEL_INFO_202611121,PC portable,MacBook pro 13pouces,256
NewYork_MATERIEL_INFO_202611122,,24pouces-31pouces,430
NewYork_MATERIEL_INFO_202611123,PC fixe sans ecran,PC Fixe (moy),300
NewYork_MATERIEL_INFO_202611124,PC fixe sans ecran,"EliteDesk (Tower, SFF, One)",393
NewYork_MATERIEL_INFO_202611125,PC fixe tout-en-un,Mac pro,900
NewYork_MATERIEL_INFO_202611126,Station d'accueil,modèle par défaut,26
NewYork_MATERIEL_INFO_202611127,PC fixe tout-en-un,iMac 21pouces retina,300
NewYork_MATERIEL_INFO_202611128,PC fixe sans ecran,Z,409
NewYork_MATERIEL_INFO_202611129,PC portable,,260
NewYork_MATERIEL_INFO_2026111210,PC portable,MacBook air retina,176
NewYork_MATERIEL_INFO_2026111211,PC portable,MacBook air pre-retina,310
NewYork_MATERIEL_INFO_2026111212,Ecran,24pouces-31pouces,430
Paris_MATERIEL_INFO_202611120,PC fixe tout-en-un,Optiplex All-in-One 5xxx,318
Paris_MATERIEL_INFO_202611121,imprimante,modèle par défaut,500
Paris_MATERIEL_INFO_202611122,PC portable,Precision 5xxx,280
Paris_MATERIEL_INFO_202611123,Vidéo projecteur,Transportable,94
Paris_MATERIEL_INFO_202611124,PC fixe sans ecran,"Elite (Tower, SFF, One)",393
Paris_MATERIEL_INFO_202611125,souris,modèle par défaut,5
Paris_MATERIEL_INFO_202611126,,Moyenne 17pouces,365
Paris_MATERIEL_INFO_202611127,,modèle par défaut,350
Shanghai_MATERIEL_INFO_202611120,,EliteDesk DM,230
Shanghai_MATERIEL_INFO_202611121,PC fixe sans ecran,Optiplex small,240
Shanghai_MATERIEL_INFO_202611122,Ecran,24pouces-31pouces,430
Shanghai_MATERIEL_INFO_202611123,,Optiplex tower,260
BERLIN_MATERIEL_INFO_202611130,PC fixe tout-en-un,Optiplex All-in-One 3xxx,241
BERLIN_MATERIEL_INFO_202611131,PC portable,Moyenne 13pouces,250
LONDON_MATERIEL_INFO_202611130,,ProBook,226
LA_MATERIEL_INFO_202611130,PC fixe sans ecran,ZHAN,264
LA_MATERIEL_INFO_202611131,PC fixe tout-en-un,Optiplex All-in-One 7xxx,382
LA_MATERIEL_INFO_202611132,Ecran,jusqu'à 23pouces,350
LA_MATERIEL_INFO_202611133,Vidéo projecteur,Pour salle,150
LA_MATERIEL_INFO_202611134,,modèle par défaut,350
LA_MATERIEL_INFO_202611135,PC portable,ZBook,303
LA_MATERIEL_INFO_202611136,Station d'accueil,modèle par défaut,26
LA_MATERIEL_INFO_202611137,PC portable,ZBook,303
LA_MATERIEL_INFO_202611138,,OMEN,290
NewYork_MATERIEL_INFO_202611130,,EliteDesk DM,230
NewYork_MATERIEL_INFO_202611131,PC portable,ProBook,226
NewYork_MATERIEL_INFO_202611132,PC fixe sans ecran,EliteDesk DM,230
NewYork_MATERIEL_INFO_202611133,,"EliteDesk (Tower, SFF, One)",393
NewYork_MATERIEL_INFO_202611134,PC fixe sans ecran,OMEN,290
NewYork_MATERIEL_INFO_202611135,,EliteBook 8xx,290
NewYork_MATERIEL_INFO_202611136,,OMEN,290
NewYork_MATERIEL_INFO_202611137,PC fixe tout-en-un,Optiplex All-in-One 3xxx,241
NewYork_MATERIEL_INFO_202611138,,modèle par défaut,350
NewYork_MATERIEL_INFO_202611139,PC fixe sans ecran,,350
Paris_MATERIEL_INFO_202611130,PC fixe sans ecran,EliteDesk DM,230
Paris_MATERIEL_INFO_202611131,PC fixe sans ecran,Rasberry pi 4,15
Paris_MATERIEL_INFO_202611132,PC fixe sans ecran,Precision tower 3xxx,285
Paris_MATERIEL_INFO_202611133,,Victus,267
Paris_MATERIEL_INFO_202611134,PC portable,Victus,267
Paris_MATERIEL_INFO_202611135,,Victus,267
Paris_MATERIEL_INFO_202611136,,"EliteDesk (Tower, SFF, One)",393
Paris_MATERIEL_INFO_202611137,PC portable,MacBook air pre-retina,310
Paris_MATERIEL_INFO_202611138,PC portable,Precision 5xxx,280
Paris_MATERIEL_INFO_202611139,PC fixe sans ecran,Mac pro,900
Paris_MATERIEL_INFO_2026111310,,modèle par défaut,350
Shanghai_MATERIEL_INFO_202611130,imprimante,Laser A3 (>100kg),1800
Shanghai_MATERIEL_INFO_202611131,PC fixe sans ecran,,350
Shanghai_MATERIEL_INFO_202611132,imprimante,Laser à poser (<40kg),430
Shanghai_MATERIEL_INFO_202611133,imprimante,Laser A3 (40-99kg),960
Shanghai_MATERIEL_INFO_202611134,Disque dur,modèle par défaut,10
Shanghai_MATERIEL_INFO_202611135,Ecran,modèle par défaut,430
Shanghai_MATERIEL_INFO_202611136,Ecran,32pouces et plus,590
Shanghai_MATERIEL_INFO_202611137,Smartphone,modèle par défaut,63
Shanghai_MATERIEL_INFO_202611138,PC fixe sans ecran,Optiplex micro,174
Shanghai_MATERIEL_INFO_202611139,PC fixe sans ecran,Optiplex micro,174
Shanghai_MATERIEL_INFO_2026111310,Ecran,jusqu'à 23pouces,350
Shanghai_MATERIEL_INFO_2026111311,Station d'accueil,modèle par défaut,26
Shanghai_MATERIEL_INFO_2026111312,PC fixe tout-en-un,iMac 21pouces,290
Shanghai_MATERIEL_INFO_2026111313,PC fixe sans ecran,,350
BERLIN_MATERIEL_INFO_202611140,PC portable,Moyenne 14/15pouces,294
BERLIN_MATERIEL_INFO_202611141,PC portable,Precision 5xxx,280
BERLIN_MATERIEL_INFO_202611142,Ecran,modèle par défaut,430
LONDON_MATERIEL_INFO_202611140,PC fixe tout-en-un,Optiplex All-in-One 7xxx,382
LONDON_MATERIEL_INFO_202611141,,OMEN,290
LONDON_MATERIEL_INFO_202611142,PC fixe sans ecran,PC Fixe (moy),300
LONDON_MATERIEL_INFO_202611143,PC fixe sans ecran,Precision tower 3xxx,285
LONDON_MATERIEL_INFO_202611144,,EliteBook 6xx,175
LONDON_MATERIEL_INFO_202611145,,Transportable,94
LONDON_MATERIEL_INFO_202611146,PC fixe sans ecran,Wyse thin client,69
LONDON_MATERIEL_INFO_202611147,,ZBook Studio,379
LONDON_MATERIEL_INFO_202611148,Vidéo projecteur,modèle par défaut,94
LA_MATERIEL_INFO_202611140,,"Elite (Tower, SFF, One)",393
LA_MATERIEL_INFO_202611141,,modèle par défaut,350
LA_MATERIEL_INFO_202611142,Vidéo projecteur,modèle par défaut,94
LA_MATERIEL_INFO_202611143,PC fixe sans ecran,"Elite (Tower, SFF, One)",393
LA_MATERIEL_INFO_202611144,,Wyse thin client,69
LA_MATERIEL_INFO_202611145,,Mac pro,900
LA_MATERIEL_INFO_202611146,PC fixe sans ecran,Elite mini,137
LA_MATERIEL_INFO_202611147,PC fixe tout-en-un,iMac 21pouces,290
LA_MATERIEL_INFO_202611148,PC portable,Precision 5xxx,280
LA_MATERIEL_INFO_202611149,,MacBook air retina,176
LA_MATERIEL_INFO_2026111410,,OMEN,290
NewYork_MATERIEL_INFO_202611140,,modèle par défaut,350
NewYork_MATERIEL_INFO_202611141,PC portable,EliteBook 10xx,223
Paris_MATERIEL_INFO_202611140,PC fixe sans ecran,Optiplex small,240
Paris_MATERIEL_INFO_202611141,Ecran,32pouces et plus,590
Shanghai_MATERIEL_INFO_202611140,PC portable,Precision 7xxx,304
Shanghai_MATERIEL_INFO_202611141,PC fixe sans ecran,"Elite (Tower, SFF, One)",393
Shanghai_MATERIEL_INFO_202611142,PC fixe tout-en-un,,352
Shanghai_MATERIEL_INFO_202611143,,Precision tower 3xxx,285
Shanghai_MATERIEL_INFO_202611144,PC portable,Moyenne 14/15pouces,294
Shanghai_MATERIEL_INFO_202611145,,Optiplex tower,260
Shanghai_MATERIEL_INFO_202611146,PC fixe tout-en-un,Mac pro,900
Shanghai_MATERIEL_INFO_202611147,Ecran,32pouces et plus,590
Shanghai_MATERIEL_INFO_202611148,Borne wifi,modèle par défaut,10
Shanghai_MATERIEL_INFO_202611149,PC portable,MacBook pro 15/16pouces,330
Shanghai_MATERIEL_INFO_2026111410,PC portable,Victus,267
Shanghai_MATERIEL_INFO_2026111411,Telephone IP,modèle par défaut,17
Shanghai_MATERIEL_INFO_2026111412,,Optiplex All-in-One 3xxx,241
