ID_PERSONNEL,FONCTION_PERSONNEL,ID_SITE,AGE
KeyPers_Berlin_1230000,Ingénieur Data,Berlin,77
KeyPers_Berlin_1230001,Cadre,Berlin,85
KeyPers_Berlin_1230002,Ingénieur Informaticien,Berlin,67
KeyPers_Berlin_1230003,Ingénieur Informaticien,Berlin,65
KeyPers_Berlin_1230004,Ingénieur Data,Berlin,75
KeyPers_Berlin_1230005,Ingénieur Informaticien,Berlin,48
KeyPers_Berlin_1230006,Ingénieur Informaticien,Berlin,25
KeyPers_Berlin_1230007,Cadre,Berlin,29
KeyPers_Berlin_1230008,Ingénieur Data,Berlin,93
KeyPers_Berlin_1230009,Ingénieur Informaticien,Berlin,51
KeyPers_Berlin_1230010,Cadre,Berlin,39
KeyPers_Berlin_1230011,Ingénieur Data,Berlin,73
KeyPers_Berlin_1230012,Economiste,Berlin,71
KeyPers_Berlin_1230013,Ingénieur Data,Berlin,42
KeyPers_Berlin_1230014,Cadre,Berlin,28
KeyPers_Berlin_1230015,Ingénieur Data,Berlin,36
KeyPers_Berlin_1230016,Ingénieur Data,Berlin,89
KeyPers_Berlin_1230017,Economiste,Berlin,90
KeyPers_Berlin_1230018,Ingénieur Data,Berlin,31
KeyPers_Berlin_1230019,Ingénieur Informaticien,Berlin,72
KeyPers_Berlin_1230020,Ingénieur Informaticien,Berlin,50
KeyPers_Berlin_1230021,Cadre,Berlin,73
KeyPers_Berlin_1230022,Ingénieur Informaticien,Berlin,36
KeyPers_Berlin_1230023,Cadre,Berlin,80
KeyPers_Berlin_1230024,Ingénieur Data,Berlin,67
KeyPers_Berlin_1230025,Cadre,Berlin,50
KeyPers_Berlin_1230026,Ingénieur Data,Berlin,39
KeyPers_Berlin_1230027,Ingénieur Data,Berlin,84
KeyPers_Berlin_1230028,Ingénieur Data,Berlin,88
KeyPers_Berlin_1230029,Ingénieur Data,Berlin,66
KeyPers_Berlin_1230030,Ingénieur Data,Berlin,61
KeyPers_Berlin_1230031,Ingénieur Data,Berlin,27
KeyPers_Berlin_1230032,DRH,Berlin,45
KeyPers_Berlin_1230033,Ingénieur Data,Berlin,61
KeyPers_Berlin_1230034,Cadre,Berlin,34
KeyPers_Berlin_1230035,Ingénieur Data,Berlin,95
KeyPers_Berlin_1230036,Ingénieur Data,Berlin,36
KeyPers_Berlin_1230037,Cadre,Berlin,58
KeyPers_Berlin_1230038,Ingénieur Informaticien,Berlin,78
KeyPers_Berlin_1230039,Cadre,Berlin,50
KeyPers_Berlin_1230040,Ingénieur Informaticien,Berlin,63
KeyPers_Berlin_1230041,Ingénieur Informaticien,Berlin,48
KeyPers_Berlin_1230042,Ingénieur Informaticien,Berlin,32
KeyPers_Berlin_1230043,Ingénieur Data,Berlin,85
KeyPers_Berlin_1230044,Cadre,Berlin,46
KeyPers_Berlin_1230045,Ingénieur Informaticien,Berlin,29
KeyPers_Berlin_1230046,DRH,Berlin,91
KeyPers_Berlin_1230047,Ingénieur Informaticien,Berlin,58
KeyPers_Berlin_1230048,Ingénieur Data,Berlin,35
KeyPers_Berlin_1230049,Cadre,Berlin,69
KeyPers_Berlin_1230050,Ingénieur Informaticien,Berlin,44
KeyPers_Berlin_1230051,Ingénieur Data,Berlin,76
KeyPers_Berlin_1230052,Cadre,Berlin,43
KeyPers_Berlin_1230053,Ingénieur Data,Berlin,43
KeyPers_Berlin_1230054,Cadre,Berlin,45
KeyPers_Berlin_1230055,Ingénieur Data,Berlin,74
KeyPers_Berlin_1230056,Ingénieur Informaticien,Berlin,48
KeyPers_Berlin_1230057,Cadre,Berlin,48
KeyPers_Berlin_1230058,Cadre,Berlin,47
KeyPers_Berlin_1230059,Cadre,Berlin,77
KeyPers_Berlin_1230060,Ingénieur Data,Berlin,95
KeyPers_Berlin_1230061,Cadre,Berlin,31
KeyPers_Berlin_1230062,Ingénieur Informaticien,Berlin,86
KeyPers_Berlin_1230063,Cadre,Berlin,73
KeyPers_Berlin_1230064,Economiste,Berlin,26
KeyPers_Berlin_1230065,Ingénieur Data,Berlin,52
KeyPers_Berlin_1230066,Cadre,Berlin,67
KeyPers_Berlin_1230067,Ingénieur Informaticien,Berlin,71
KeyPers_Berlin_1230068,Cadre,Berlin,57
KeyPers_Berlin_1230069,Ingénieur Data,Berlin,41
KeyPers_Berlin_1230070,Ingénieur Informaticien,Berlin,28
KeyPers_Berlin_1230071,Economiste,Berlin,37
KeyPers_Berlin_1230072,Ingénieur Data,Berlin,75
KeyPers_Berlin_1230073,Ingénieur Informaticien,Berlin,47
KeyPers_Berlin_1230074,Ingénieur Data,Berlin,70
KeyPers_Berlin_1230075,Ingénieur Informaticien,Berlin,74
KeyPers_Berlin_1230076,Cadre,Berlin,30
KeyPers_Berlin_1230077,Cadre,Berlin,51
KeyPers_Berlin_1230078,Ingénieur Data,Berlin,66
KeyPers_Berlin_1230079,Ingénieur Informaticien,Berlin,63
KeyPers_Berlin_1230080,Cadre,Berlin,55
KeyPers_Berlin_1230081,Cadre,Berlin,69
KeyPers_Berlin_1230082,Ingénieur Informaticien,Berlin,68
KeyPers_Berlin_1230083,Ingénieur Informaticien,Berlin,48
KeyPers_Berlin_1230084,Ingénieur Informaticien,Berlin,52
KeyPers_Berlin_1230085,Ingénieur Informaticien,Berlin,68
KeyPers_Berlin_1230086,Ingénieur Data,Berlin,54
KeyPers_Berlin_1230087,Ingénieur Data,Berlin,55
KeyPers_Berlin_1230088,Cadre,Berlin,91
KeyPers_Berlin_1230089,Cadre,Berlin,86
KeyPers_Berlin_1230090,Ingénieur Data,Berlin,45
KeyPers_Berlin_1230091,Ingénieur Data,Berlin,33
KeyPers_Berlin_1230092,Ingénieur Informaticien,Berlin,69
KeyPers_Berlin_1230093,Cadre,Berlin,54
KeyPers_Berlin_1230094,Ingénieur Data,Berlin,94
KeyPers_Berlin_1230095,Cadre,Berlin,62
KeyPers_Berlin_1230096,Ingénieur Data,Berlin,33
KeyPers_Berlin_1230097,Cadre,Berlin,43
KeyPers_Berlin_1230098,Cadre,Berlin,51
KeyPers_Berlin_1230099,Ingénieur Informaticien,Berlin,46
KeyPers_Berlin_1230100,Ingénieur Informaticien,Berlin,41
KeyPers_Berlin_1230101,Cadre,Berlin,28
KeyPers_Berlin_1230102,Ingénieur Informaticien,Berlin,52
KeyPers_Berlin_1230103,Cadre,Berlin,90
KeyPers_Berlin_1230104,Ingénieur Data,Berlin,46
KeyPers_Berlin_1230105,Ingénieur Data,Berlin,71
KeyPers_Berlin_1230106,Cadre,Berlin,55
KeyPers_Berlin_1230107,Ingénieur Data,Berlin,55
KeyPers_Berlin_1230108,Ingénieur Data,Berlin,46
KeyPers_Berlin_1230109,Ingénieur Data,Berlin,95
KeyPers_Berlin_1230110,Ingénieur Data,Berlin,53
KeyPers_Berlin_1230111,Cadre,Berlin,78
KeyPers_Berlin_1230112,Ingénieur Informaticien,Berlin,84
KeyPers_Berlin_1230113,Ingénieur Informaticien,Berlin,57
KeyPers_Berlin_1230114,Ingénieur Data,Berlin,88
KeyPers_Berlin_1230115,Cadre,Berlin,86
KeyPers_Berlin_1230116,Ingénieur Informaticien,Berlin,74
KeyPers_Berlin_1230117,Ingénieur Data,Berlin,34
KeyPers_Berlin_1230118,Ingénieur Informaticien,Berlin,59
KeyPers_Berlin_1230119,Ingénieur Informaticien,Berlin,83
KeyPers_Berlin_1230120,Ingénieur Informaticien,Berlin,76
KeyPers_Berlin_1230121,Ingénieur Informaticien,Berlin,36
KeyPers_Berlin_1230122,Ingénieur Data,Berlin,35
KeyPers_Berlin_1230123,Ingénieur Data,Berlin,64
KeyPers_Berlin_1230124,Ingénieur Data,Berlin,83
KeyPers_Berlin_1230125,Ingénieur Data,Berlin,33
KeyPers_Berlin_1230126,Cadre,Berlin,38
KeyPers_Berlin_1230127,Ingénieur Informaticien,Berlin,75
KeyPers_Berlin_1230128,Ingénieur Informaticien,Berlin,90
KeyPers_Berlin_1230129,Cadre,Berlin,70
KeyPers_Berlin_1230130,Ingénieur Data,Berlin,30
KeyPers_Berlin_1230131,Ingénieur Informaticien,Berlin,76
KeyPers_Berlin_1230132,Ingénieur Data,Berlin,93
KeyPers_Berlin_1230133,Economiste,Berlin,81
KeyPers_Berlin_1230134,Ingénieur Data,Berlin,46
KeyPers_Berlin_1230135,Ingénieur Informaticien,Berlin,54
KeyPers_Berlin_1230136,Ingénieur Informaticien,Berlin,67
KeyPers_Berlin_1230137,Ingénieur Informaticien,Berlin,31
KeyPers_Berlin_1230138,Ingénieur Data,Berlin,89
KeyPers_Berlin_1230139,Ingénieur Informaticien,Berlin,35
KeyPers_Berlin_1230140,Ingénieur Data,Berlin,80
KeyPers_Berlin_1230141,Ingénieur Informaticien,Berlin,33
KeyPers_Berlin_1230142,Ingénieur Data,Berlin,72
KeyPers_Berlin_1230143,Ingénieur Informaticien,Berlin,27
KeyPers_Berlin_1230144,Ingénieur Informaticien,Berlin,86
KeyPers_Berlin_1230145,Ingénieur Data,Berlin,78
KeyPers_Berlin_1230146,Ingénieur Informaticien,Berlin,85
KeyPers_Berlin_1230147,Cadre,Berlin,55
KeyPers_Berlin_1230148,Ingénieur Data,Berlin,49
KeyPers_Berlin_1230149,Ingénieur Informaticien,Berlin,47
KeyPers_Berlin_1230150,Ingénieur Data,Berlin,90
KeyPers_Berlin_1230151,Economiste,Berlin,90
KeyPers_Berlin_1230152,Ingénieur Informaticien,Berlin,64
KeyPers_Berlin_1230153,Ingénieur Data,Berlin,79
KeyPers_Berlin_1230154,Ingénieur Data,Berlin,37
KeyPers_Berlin_1230155,Ingénieur Data,Berlin,42
KeyPers_Berlin_1230156,Ingénieur Informaticien,Berlin,42
KeyPers_Berlin_1230157,Cadre,Berlin,26
KeyPers_Berlin_1230158,Ingénieur Informaticien,Berlin,32
KeyPers_Berlin_1230159,Ingénieur Informaticien,Berlin,66
KeyPers_Berlin_1230160,Cadre,Berlin,63
KeyPers_Berlin_1230161,Ingénieur Informaticien,Berlin,95
KeyPers_Berlin_1230162,Ingénieur Informaticien,Berlin,68
KeyPers_Berlin_1230163,Ingénieur Data,Berlin,41
KeyPers_Berlin_1230164,Ingénieur Data,Berlin,53
KeyPers_Berlin_1230165,Cadre,Berlin,55
KeyPers_Berlin_1230166,DRH,Berlin,92
KeyPers_Berlin_1230167,Ingénieur Informaticien,Berlin,26
KeyPers_Berlin_1230168,Ingénieur Data,Berlin,58
KeyPers_Berlin_1230169,Ingénieur Informaticien,Berlin,83
KeyPers_Berlin_1230170,Ingénieur Data,Berlin,76
KeyPers_Berlin_1230171,Cadre,Berlin,79
KeyPers_Berlin_1230172,Ingénieur Informaticien,Berlin,29
KeyPers_Berlin_1230173,Ingénieur Informaticien,Berlin,93
KeyPers_Berlin_1230174,Ingénieur Informaticien,Berlin,31
KeyPers_Berlin_1230175,Cadre,Berlin,45
KeyPers_Berlin_1230176,Ingénieur Informaticien,Berlin,85
KeyPers_Berlin_1230177,Ingénieur Data,Berlin,40
KeyPers_Berlin_1230178,Ingénieur Data,Berlin,87
KeyPers_Berlin_1230179,Ingénieur Data,Berlin,29
KeyPers_Berlin_1230180,Economiste,Berlin,56
KeyPers_Berlin_1230181,Ingénieur Informaticien,Berlin,52
KeyPers_Berlin_1230182,Ingénieur Informaticien,Berlin,81
KeyPers_Berlin_1230183,Cadre,Berlin,61
KeyPers_Berlin_1230184,Ingénieur Informaticien,Berlin,64
KeyPers_Berlin_1230185,Cadre,Berlin,28
KeyPers_Berlin_1230186,Ingénieur Informaticien,Berlin,87
KeyPers_Berlin_1230187,Economiste,Berlin,80
KeyPers_Berlin_1230188,Economiste,Berlin,72
KeyPers_Berlin_1230189,Ingénieur Data,Berlin,30
KeyPers_Berlin_1230190,Ingénieur Data,Berlin,71
KeyPers_Berlin_1230191,Ingénieur Informaticien,Berlin,89
KeyPers_Berlin_1230192,Ingénieur Informaticien,Berlin,64
KeyPers_Berlin_1230193,Cadre,Berlin,47
KeyPers_Berlin_1230194,Economiste,Berlin,37
KeyPers_Berlin_1230195,Ingénieur Data,Berlin,77
KeyPers_Berlin_1230196,Ingénieur Informaticien,Berlin,26
KeyPers_Berlin_1230197,Ingénieur Informaticien,Berlin,85
KeyPers_Berlin_1230198,Ingénieur Data,Berlin,36
KeyPers_Berlin_1230199,Ingénieur Informaticien,Berlin,44
KeyPers_Berlin_1230200,Ingénieur Informaticien,Berlin,31
KeyPers_Berlin_1230201,Economiste,Berlin,66
KeyPers_Berlin_1230202,Ingénieur Data,Berlin,32
KeyPers_Berlin_1230203,Ingénieur Data,Berlin,62
KeyPers_Berlin_1230204,Ingénieur Data,Berlin,56
KeyPers_Berlin_1230205,Ingénieur Data,Berlin,49
KeyPers_Berlin_1230206,Cadre,Berlin,87
KeyPers_Berlin_1230207,Ingénieur Informaticien,Berlin,87
KeyPers_Berlin_1230208,Ingénieur Data,Berlin,24
KeyPers_Berlin_1230209,Ingénieur Data,Berlin,75
KeyPers_Berlin_1230210,Ingénieur Data,Berlin,30
KeyPers_Berlin_1230211,Ingénieur Informaticien,Berlin,79
KeyPers_Berlin_1230212,Ingénieur Informaticien,Berlin,77
KeyPers_Berlin_1230213,Ingénieur Informaticien,Berlin,93
KeyPers_Berlin_1230214,Ingénieur Informaticien,Berlin,69
KeyPers_Berlin_1230215,Ingénieur Informaticien,Berlin,84
KeyPers_Berlin_1230216,Economiste,Berlin,38
KeyPers_Berlin_1230217,Ingénieur Data,Berlin,63
KeyPers_Berlin_1230218,DRH,Berlin,65
KeyPers_Berlin_1230219,Ingénieur Informaticien,Berlin,54
KeyPers_Berlin_1230220,Ingénieur Data,Berlin,91
KeyPers_Berlin_1230221,Ingénieur Data,Berlin,64
KeyPers_Berlin_1230222,Cadre,Berlin,66
KeyPers_Berlin_1230223,Cadre,Berlin,25
KeyPers_Berlin_1230224,Ingénieur Informaticien,Berlin,87
KeyPers_Berlin_1230225,Ingénieur Data,Berlin,43
KeyPers_Berlin_1230226,Ingénieur Informaticien,Berlin,38
KeyPers_Berlin_1230227,Economiste,Berlin,70
KeyPers_Berlin_1230228,Ingénieur Data,Berlin,66
KeyPers_Berlin_1230229,Ingénieur Informaticien,Berlin,78
KeyPers_Berlin_1230230,Ingénieur Data,Berlin,88
KeyPers_Berlin_1230231,Ingénieur Informaticien,Berlin,36
KeyPers_Berlin_1230232,Ingénieur Data,Berlin,27
KeyPers_Berlin_1230233,Ingénieur Informaticien,Berlin,94
KeyPers_Berlin_1230234,Ingénieur Informaticien,Berlin,52
KeyPers_Berlin_1230235,Ingénieur Data,Berlin,32
KeyPers_Berlin_1230236,Ingénieur Data,Berlin,56
KeyPers_Berlin_1230237,Ingénieur Informaticien,Berlin,73
KeyPers_Berlin_1230238,Ingénieur Informaticien,Berlin,37
KeyPers_Berlin_1230239,Ingénieur Informaticien,Berlin,42
KeyPers_Berlin_1230240,Ingénieur Informaticien,Berlin,72
KeyPers_Berlin_1230241,Ingénieur Data,Berlin,61
KeyPers_Berlin_1230242,Cadre,Berlin,71
KeyPers_Berlin_1230243,Ingénieur Informaticien,Berlin,27
KeyPers_Berlin_1230244,Ingénieur Informaticien,Berlin,89
KeyPers_Berlin_1230245,Ingénieur Data,Berlin,81
KeyPers_Berlin_1230246,Ingénieur Data,Berlin,91
KeyPers_Berlin_1230247,Ingénieur Data,Berlin,42
KeyPers_Berlin_1230248,Ingénieur Data,Berlin,27
KeyPers_Berlin_1230249,Ingénieur Informaticien,Berlin,86
KeyPers_Berlin_1230250,Ingénieur Informaticien,Berlin,24
KeyPers_Berlin_1230251,Ingénieur Data,Berlin,64
KeyPers_Berlin_1230252,Ingénieur Data,Berlin,79
KeyPers_Berlin_1230253,Ingénieur Informaticien,Berlin,51
KeyPers_Berlin_1230254,DRH,Berlin,35
KeyPers_Berlin_1230255,Ingénieur Informaticien,Berlin,57
KeyPers_Berlin_1230256,Ingénieur Data,Berlin,37
KeyPers_Berlin_1230257,Ingénieur Data,Berlin,44
KeyPers_Berlin_1230258,DRH,Berlin,31
KeyPers_Berlin_1230259,Ingénieur Data,Berlin,87
KeyPers_Berlin_1230260,Ingénieur Data,Berlin,55
KeyPers_Berlin_1230261,Ingénieur Data,Berlin,44
KeyPers_Berlin_1230262,Ingénieur Data,Berlin,78
KeyPers_Berlin_1230263,Ingénieur Data,Berlin,92
KeyPers_Berlin_1230264,Ingénieur Data,Berlin,53
KeyPers_Berlin_1230265,Ingénieur Informaticien,Berlin,35
KeyPers_Berlin_1230266,Ingénieur Informaticien,Berlin,66
KeyPers_Berlin_1230267,Ingénieur Data,Berlin,59
KeyPers_Berlin_1230268,Ingénieur Data,Berlin,28
KeyPers_Berlin_1230269,Ingénieur Data,Berlin,57
KeyPers_Berlin_1230270,Ingénieur Data,Berlin,66
KeyPers_Berlin_1230271,Ingénieur Informaticien,Berlin,79
KeyPers_Berlin_1230272,Ingénieur Informaticien,Berlin,48
KeyPers_Berlin_1230273,Ingénieur Data,Berlin,71
KeyPers_Berlin_1230274,Ingénieur Data,Berlin,75
KeyPers_Berlin_1230275,Ingénieur Data,Berlin,95
KeyPers_Berlin_1230276,Ingénieur Data,Berlin,39
KeyPers_Berlin_1230277,Cadre,Berlin,92
KeyPers_Berlin_1230278,Ingénieur Informaticien,Berlin,29
KeyPers_Berlin_1230279,Ingénieur Data,Berlin,79
KeyPers_Berlin_1230280,Ingénieur Informaticien,Berlin,46
KeyPers_Berlin_1230281,Ingénieur Informaticien,Berlin,41
KeyPers_Berlin_1230282,Ingénieur Informaticien,Berlin,31
KeyPers_Berlin_1230283,Ingénieur Data,Berlin,61
KeyPers_Berlin_1230284,Cadre,Berlin,88
KeyPers_Berlin_1230285,Cadre,Berlin,41
KeyPers_Berlin_1230286,Ingénieur Informaticien,Berlin,43
KeyPers_Berlin_1230287,Ingénieur Data,Berlin,43
KeyPers_Berlin_1230288,Ingénieur Data,Berlin,44
KeyPers_Berlin_1230289,Ingénieur Data,Berlin,45
KeyPers_Berlin_1230290,Ingénieur Informaticien,Berlin,75
KeyPers_Berlin_1230291,Ingénieur Informaticien,Berlin,55
KeyPers_Berlin_1230292,Ingénieur Informaticien,Berlin,44
KeyPers_Berlin_1230293,Economiste,Berlin,34
KeyPers_Berlin_1230294,Ingénieur Informaticien,Berlin,32
KeyPers_Berlin_1230295,Ingénieur Data,Berlin,88
KeyPers_Berlin_1230296,Ingénieur Data,Berlin,45
KeyPers_Berlin_1230297,Ingénieur Data,Berlin,56
KeyPers_Berlin_1230298,Ingénieur Data,Berlin,77
KeyPers_Berlin_1230299,Ingénieur Informaticien,Berlin,38
KeyPers_Berlin_1230300,Ingénieur Informaticien,Berlin,58
KeyPers_Berlin_1230301,Ingénieur Informaticien,Berlin,75
KeyPers_Berlin_1230302,Ingénieur Informaticien,Berlin,80
KeyPers_Berlin_1230303,Ingénieur Informaticien,Berlin,66
KeyPers_Berlin_1230304,Economiste,Berlin,83
KeyPers_Berlin_1230305,Ingénieur Data,Berlin,45
KeyPers_Berlin_1230306,Economiste,Berlin,73
KeyPers_Berlin_1230307,Ingénieur Informaticien,Berlin,52
KeyPers_Berlin_1230308,Ingénieur Informaticien,Berlin,84
KeyPers_Berlin_1230309,Ingénieur Data,Berlin,31
KeyPers_Berlin_1230310,Cadre,Berlin,47
KeyPers_Berlin_1230311,Ingénieur Informaticien,Berlin,29
KeyPers_Berlin_1230312,Ingénieur Informaticien,Berlin,45
KeyPers_Berlin_1230313,Ingénieur Data,Berlin,75
KeyPers_Berlin_1230314,Ingénieur Informaticien,Berlin,57
KeyPers_Berlin_1230315,Ingénieur Informaticien,Berlin,30
KeyPers_Berlin_1230316,Ingénieur Data,Berlin,48
KeyPers_Berlin_1230317,Ingénieur Informaticien,Berlin,51
KeyPers_Berlin_1230318,Ingénieur Informaticien,Berlin,92
KeyPers_Berlin_1230319,Ingénieur Informaticien,Berlin,92
KeyPers_Berlin_1230320,Ingénieur Informaticien,Berlin,41
KeyPers_Berlin_1230321,Ingénieur Data,Berlin,66
KeyPers_Berlin_1230322,Ingénieur Informaticien,Berlin,24
KeyPers_Berlin_1230323,Economiste,Berlin,54
KeyPers_Berlin_1230324,Ingénieur Data,Berlin,49
KeyPers_Berlin_1230325,Cadre,Berlin,65
KeyPers_Berlin_1230326,Ingénieur Informaticien,Berlin,50
KeyPers_Berlin_1230327,Cadre,Berlin,77
KeyPers_Berlin_1230328,Ingénieur Data,Berlin,40
KeyPers_Berlin_1230329,Ingénieur Data,Berlin,38
KeyPers_Berlin_1230330,Ingénieur Data,Berlin,53
KeyPers_Berlin_1230331,Economiste,Berlin,79
KeyPers_Berlin_1230332,Ingénieur Data,Berlin,44
KeyPers_Berlin_1230333,Ingénieur Informaticien,Berlin,55
KeyPers_Berlin_1230334,Cadre,Berlin,26
KeyPers_Berlin_1230335,Ingénieur Informaticien,Berlin,34
KeyPers_Berlin_1230336,Economiste,Berlin,55
KeyPers_Berlin_1230337,Ingénieur Informaticien,Berlin,40
KeyPers_Berlin_1230338,Ingénieur Informaticien,Berlin,67
KeyPers_Berlin_1230339,Ingénieur Data,Berlin,54
KeyPers_Berlin_1230340,Ingénieur Informaticien,Berlin,35
KeyPers_Berlin_1230341,Ingénieur Data,Berlin,74
KeyPers_Berlin_1230342,Ingénieur Data,Berlin,69
KeyPers_Berlin_1230343,Ingénieur Informaticien,Berlin,95
KeyPers_Berlin_1230344,Ingénieur Data,Berlin,63
KeyPers_Berlin_1230345,Cadre,Berlin,87
KeyPers_Berlin_1230346,Economiste,Berlin,48
KeyPers_Berlin_1230347,Ingénieur Informaticien,Berlin,58
KeyPers_Berlin_1230348,Cadre,Berlin,80
KeyPers_Berlin_1230349,Ingénieur Informaticien,Berlin,89
KeyPers_Berlin_1230350,Economiste,Berlin,88
KeyPers_Berlin_1230351,Ingénieur Data,Berlin,34
KeyPers_Berlin_1230352,Ingénieur Data,Berlin,31
KeyPers_Berlin_1230353,Economiste,Berlin,74
KeyPers_Berlin_1230354,Ingénieur Data,Berlin,57
KeyPers_Berlin_1230355,Ingénieur Informaticien,Berlin,39
KeyPers_Berlin_1230356,Economiste,Berlin,35
KeyPers_Berlin_1230357,Economiste,Berlin,51
KeyPers_Berlin_1230358,Ingénieur Data,Berlin,31
KeyPers_Berlin_1230359,Cadre,Berlin,90
KeyPers_Berlin_1230360,Ingénieur Data,Berlin,59
KeyPers_Berlin_1230361,Cadre,Berlin,35
KeyPers_Berlin_1230362,Economiste,Berlin,71
KeyPers_Berlin_1230363,Ingénieur Data,Berlin,46
KeyPers_Berlin_1230364,Economiste,Berlin,65
KeyPers_Berlin_1230365,Ingénieur Data,Berlin,51
KeyPers_Berlin_1230366,Ingénieur Informaticien,Berlin,40
KeyPers_Berlin_1230367,Ingénieur Data,Berlin,86
KeyPers_Berlin_1230368,DRH,Berlin,25
KeyPers_Berlin_1230369,Ingénieur Informaticien,Berlin,49
KeyPers_Berlin_1230370,Cadre,Berlin,84
KeyPers_Berlin_1230371,Ingénieur Data,Berlin,27
KeyPers_Berlin_1230372,Ingénieur Informaticien,Berlin,27
KeyPers_Berlin_1230373,Ingénieur Data,Berlin,74
KeyPers_Berlin_1230374,Cadre,Berlin,34
KeyPers_Berlin_1230375,Ingénieur Data,Berlin,74
KeyPers_Berlin_1230376,Ingénieur Informaticien,Berlin,75
KeyPers_Berlin_1230377,Ingénieur Data,Berlin,74
KeyPers_Berlin_1230378,Cadre,Berlin,62
KeyPers_Berlin_1230379,Ingénieur Data,Berlin,58
KeyPers_Berlin_1230380,Ingénieur Data,Berlin,26
KeyPers_Berlin_1230381,Ingénieur Informaticien,Berlin,95
KeyPers_Berlin_1230382,Ingénieur Data,Berlin,35
KeyPers_Berlin_1230383,Ingénieur Informaticien,Berlin,36
KeyPers_Berlin_1230384,Cadre,Berlin,52
KeyPers_Berlin_1230385,Ingénieur Data,Berlin,60
KeyPers_Berlin_1230386,Cadre,Berlin,73
KeyPers_Berlin_1230387,Ingénieur Data,Berlin,94
KeyPers_Berlin_1230388,Ingénieur Data,Berlin,87
KeyPers_Berlin_1230389,Ingénieur Data,Berlin,66
KeyPers_Berlin_1230390,Ingénieur Informaticien,Berlin,30
KeyPers_Berlin_1230391,Ingénieur Informaticien,Berlin,86
KeyPers_Berlin_1230392,Ingénieur Data,Berlin,81
KeyPers_Berlin_1230393,Cadre,Berlin,78
KeyPers_Berlin_1230394,Ingénieur Informaticien,Berlin,33
KeyPers_Berlin_1230395,Ingénieur Informaticien,Berlin,47
KeyPers_Berlin_1230396,Ingénieur Data,Berlin,72
KeyPers_Berlin_1230397,Ingénieur Informaticien,Berlin,26
KeyPers_Berlin_1230398,Ingénieur Data,Berlin,38
KeyPers_Berlin_1230399,Ingénieur Informaticien,Berlin,43
KeyPers_Berlin_1230400,Ingénieur Data,Berlin,25
KeyPers_Berlin_1230401,Ingénieur Informaticien,Berlin,61
KeyPers_Berlin_1230402,Ingénieur Informaticien,Berlin,79
KeyPers_Berlin_1230403,Ingénieur Informaticien,Berlin,82
KeyPers_Berlin_1230404,Ingénieur Data,Berlin,45
KeyPers_Berlin_1230405,Ingénieur Informaticien,Berlin,27
KeyPers_Berlin_1230406,Ingénieur Data,Berlin,64
KeyPers_Berlin_1230407,Cadre,Berlin,72
KeyPers_Berlin_1230408,Ingénieur Informaticien,Berlin,61
KeyPers_Berlin_1230409,Ingénieur Informaticien,Berlin,54
KeyPers_Berlin_1230410,Ingénieur Informaticien,Berlin,33
KeyPers_Berlin_1230411,Ingénieur Data,Berlin,26
KeyPers_Berlin_1230412,Ingénieur Informaticien,Berlin,92
KeyPers_Berlin_1230413,Cadre,Berlin,83
KeyPers_Berlin_1230414,Ingénieur Informaticien,Berlin,36
KeyPers_Berlin_1230415,Ingénieur Data,Berlin,78
KeyPers_Berlin_1230416,Ingénieur Informaticien,Berlin,92
KeyPers_Berlin_1230417,Cadre,Berlin,86
KeyPers_Berlin_1230418,Ingénieur Informaticien,Berlin,49
KeyPers_Berlin_1230419,Ingénieur Data,Berlin,57
KeyPers_Berlin_1230420,Ingénieur Informaticien,Berlin,33
KeyPers_Berlin_1230421,Cadre,Berlin,45
KeyPers_Berlin_1230422,Ingénieur Informaticien,Berlin,78
KeyPers_Berlin_1230423,Economiste,Berlin,52
KeyPers_Berlin_1230424,Ingénieur Data,Berlin,59
KeyPers_Berlin_1230425,Ingénieur Data,Berlin,52
KeyPers_Berlin_1230426,Economiste,Berlin,76
KeyPers_Berlin_1230427,Ingénieur Informaticien,Berlin,27
KeyPers_Berlin_1230428,Ingénieur Informaticien,Berlin,63
KeyPers_Berlin_1230429,Ingénieur Informaticien,Berlin,66
KeyPers_Berlin_1230430,Economiste,Berlin,58
KeyPers_Berlin_1230431,Ingénieur Data,Berlin,52
KeyPers_Berlin_1230432,Cadre,Berlin,75
KeyPers_Berlin_1230433,Ingénieur Informaticien,Berlin,52
KeyPers_Berlin_1230434,Cadre,Berlin,51
KeyPers_Berlin_1230435,Ingénieur Data,Berlin,92
KeyPers_Berlin_1230436,Economiste,Berlin,70
KeyPers_Berlin_1230437,Ingénieur Informaticien,Berlin,76
KeyPers_Berlin_1230438,Ingénieur Data,Berlin,69
KeyPers_Berlin_1230439,Ingénieur Data,Berlin,66
KeyPers_Berlin_1230440,Ingénieur Informaticien,Berlin,75
KeyPers_Berlin_1230441,Ingénieur Data,Berlin,37
KeyPers_Berlin_1230442,Cadre,Berlin,60
KeyPers_Berlin_1230443,Economiste,Berlin,28
KeyPers_Berlin_1230444,Ingénieur Informaticien,Berlin,45
KeyPers_Berlin_1230445,Cadre,Berlin,91
KeyPers_Berlin_1230446,Ingénieur Data,Berlin,49
KeyPers_Berlin_1230447,Ingénieur Informaticien,Berlin,26
KeyPers_Berlin_1230448,Economiste,Berlin,29
KeyPers_Berlin_1230449,DRH,Berlin,29
KeyPers_Berlin_1230450,Economiste,Berlin,54
KeyPers_Berlin_1230451,Ingénieur Informaticien,Berlin,58
KeyPers_Berlin_1230452,Cadre,Berlin,35
KeyPers_Berlin_1230453,Ingénieur Informaticien,Berlin,35
KeyPers_Berlin_1230454,Ingénieur Informaticien,Berlin,47
KeyPers_Berlin_1230455,Ingénieur Data,Berlin,85
KeyPers_Berlin_1230456,Ingénieur Informaticien,Berlin,92
KeyPers_Berlin_1230457,Ingénieur Data,Berlin,79
KeyPers_Berlin_1230458,Ingénieur Data,Berlin,68
KeyPers_Berlin_1230459,Ingénieur Informaticien,Berlin,65
KeyPers_Berlin_1230460,Ingénieur Data,Berlin,65
KeyPers_Berlin_1230461,Ingénieur Informaticien,Berlin,29
KeyPers_Berlin_1230462,Ingénieur Informaticien,Berlin,47
KeyPers_Berlin_1230463,Ingénieur Data,Berlin,65
KeyPers_Berlin_1230464,Ingénieur Data,Berlin,88
KeyPers_Berlin_1230465,Cadre,Berlin,63
KeyPers_Berlin_1230466,Ingénieur Data,Berlin,73
KeyPers_Berlin_1230467,Cadre,Berlin,36
KeyPers_Berlin_1230468,Ingénieur Data,Berlin,57
KeyPers_Berlin_1230469,Ingénieur Data,Berlin,61
KeyPers_Berlin_1230470,Cadre,Berlin,34
KeyPers_Berlin_1230471,Cadre,Berlin,69
KeyPers_Berlin_1230472,Ingénieur Data,Berlin,33
KeyPers_Berlin_1230473,Ingénieur Data,Berlin,42
KeyPers_Berlin_1230474,Ingénieur Informaticien,Berlin,46
KeyPers_Berlin_1230475,Ingénieur Informaticien,Berlin,39
KeyPers_Berlin_1230476,DRH,Berlin,72
KeyPers_Berlin_1230477,Ingénieur Informaticien,Berlin,34
KeyPers_Berlin_1230478,Ingénieur Data,Berlin,66
KeyPers_Berlin_1230479,Ingénieur Data,Berlin,79
KeyPers_Berlin_1230480,Ingénieur Informaticien,Berlin,78
KeyPers_Berlin_1230481,Ingénieur Data,Berlin,32
KeyPers_Berlin_1230482,Ingénieur Informaticien,Berlin,83
KeyPers_Berlin_1230483,Ingénieur Data,Berlin,73
KeyPers_Berlin_1230484,Ingénieur Informaticien,Berlin,50
KeyPers_Berlin_1230485,Ingénieur Data,Berlin,77
KeyPers_Berlin_1230486,Ingénieur Informaticien,Berlin,80
KeyPers_Berlin_1230487,Ingénieur Data,Berlin,90
KeyPers_Berlin_1230488,Ingénieur Informaticien,Berlin,35
KeyPers_Berlin_1230489,Ingénieur Data,Berlin,27
KeyPers_Berlin_1230490,Economiste,Berlin,47
KeyPers_Berlin_1230491,Cadre,Berlin,40
KeyPers_Berlin_1230492,Ingénieur Informaticien,Berlin,62
KeyPers_Berlin_1230493,Ingénieur Informaticien,Berlin,94
KeyPers_Berlin_1230494,Ingénieur Informaticien,Berlin,55
KeyPers_Berlin_1230495,Cadre,Berlin,94
KeyPers_Berlin_1230496,Ingénieur Data,Berlin,57
KeyPers_Berlin_1230497,Economiste,Berlin,71
KeyPers_Berlin_1230498,Economiste,Berlin,82
KeyPers_Berlin_1230499,Ingénieur Informaticien,Berlin,32
KeyPers_Berlin_1230500,Ingénieur Data,Berlin,76
KeyPers_Berlin_1230501,Cadre,Berlin,89
KeyPers_Berlin_1230502,Ingénieur Informaticien,Berlin,35
KeyPers_Berlin_1230503,Cadre,Berlin,70
KeyPers_Berlin_1230504,Ingénieur Data,Berlin,43
KeyPers_Berlin_1230505,Ingénieur Data,Berlin,47
KeyPers_Berlin_1230506,Ingénieur Informaticien,Berlin,89
KeyPers_Berlin_1230507,Ingénieur Informaticien,Berlin,74
KeyPers_Berlin_1230508,Ingénieur Informaticien,Berlin,50
KeyPers_Berlin_1230509,Ingénieur Informaticien,Berlin,78
KeyPers_Berlin_1230510,Ingénieur Data,Berlin,64
KeyPers_Berlin_1230511,Ingénieur Data,Berlin,65
KeyPers_Berlin_1230512,Ingénieur Informaticien,Berlin,43
KeyPers_Berlin_1230513,Ingénieur Data,Berlin,47
KeyPers_Berlin_1230514,Ingénieur Informaticien,Berlin,28
KeyPers_Berlin_1230515,Ingénieur Informaticien,Berlin,29
KeyPers_Berlin_1230516,Cadre,Berlin,76
KeyPers_Berlin_1230517,Ingénieur Data,Berlin,47
KeyPers_Berlin_1230518,Ingénieur Informaticien,Berlin,31
KeyPers_Berlin_1230519,Ingénieur Informaticien,Berlin,26
KeyPers_Berlin_1230520,Ingénieur Informaticien,Berlin,89
KeyPers_Berlin_1230521,Ingénieur Data,Berlin,51
KeyPers_Berlin_1230522,Economiste,Berlin,52
KeyPers_Berlin_1230523,Ingénieur Informaticien,Berlin,59
KeyPers_Berlin_1230524,Cadre,Berlin,60
KeyPers_Berlin_1230525,Ingénieur Informaticien,Berlin,52
KeyPers_Berlin_1230526,Ingénieur Data,Berlin,60
KeyPers_Berlin_1230527,Cadre,Berlin,75
KeyPers_Berlin_1230528,Ingénieur Data,Berlin,51
KeyPers_Berlin_1230529,Ingénieur Data,Berlin,76
KeyPers_Berlin_1230530,Ingénieur Data,Berlin,67
KeyPers_Berlin_1230531,Ingénieur Data,Berlin,58
KeyPers_Berlin_1230532,Ingénieur Data,Berlin,88
KeyPers_Berlin_1230533,Ingénieur Data,Berlin,77
KeyPers_Berlin_1230534,Ingénieur Informaticien,Berlin,74
KeyPers_Berlin_1230535,Ingénieur Informaticien,Berlin,77
KeyPers_Berlin_1230536,Ingénieur Informaticien,Berlin,32
KeyPers_Berlin_1230537,Ingénieur Informaticien,Berlin,68
KeyPers_Berlin_1230538,Cadre,Berlin,36
KeyPers_Berlin_1230539,Ingénieur Informaticien,Berlin,62
KeyPers_Berlin_1230540,Ingénieur Data,Berlin,27
KeyPers_Berlin_1230541,Economiste,Berlin,89
KeyPers_Berlin_1230542,Ingénieur Informaticien,Berlin,62
KeyPers_Berlin_1230543,Cadre,Berlin,83
KeyPers_Berlin_1230544,Ingénieur Data,Berlin,40
KeyPers_Berlin_1230545,Ingénieur Informaticien,Berlin,55
KeyPers_Berlin_1230546,Ingénieur Informaticien,Berlin,54
KeyPers_Berlin_1230547,Ingénieur Data,Berlin,73
KeyPers_Berlin_1230548,Economiste,Berlin,58
KeyPers_Berlin_1230549,Ingénieur Informaticien,Berlin,41
KeyPers_Berlin_1230550,Ingénieur Data,Berlin,30
KeyPers_Berlin_1230551,Ingénieur Data,Berlin,78
KeyPers_Berlin_1230552,Cadre,Berlin,86
KeyPers_Berlin_1230553,Ingénieur Informaticien,Berlin,92
KeyPers_Berlin_1230554,Ingénieur Informaticien,Berlin,81
KeyPers_Berlin_1230555,Ingénieur Data,Berlin,84
KeyPers_Berlin_1230556,Ingénieur Informaticien,Berlin,67
KeyPers_Berlin_1230557,Ingénieur Data,Berlin,36
KeyPers_Berlin_1230558,Cadre,Berlin,70
KeyPers_Berlin_1230559,Ingénieur Informaticien,Berlin,51
KeyPers_Berlin_1230560,Ingénieur Informaticien,Berlin,47
KeyPers_Berlin_1230561,Ingénieur Informaticien,Berlin,33
KeyPers_Berlin_1230562,Cadre,Berlin,26
KeyPers_Berlin_1230563,Ingénieur Data,Berlin,76
KeyPers_Berlin_1230564,Cadre,Berlin,33
KeyPers_Berlin_1230565,Ingénieur Informaticien,Berlin,36
KeyPers_Berlin_1230566,Ingénieur Informaticien,Berlin,49
KeyPers_Berlin_1230567,Ingénieur Informaticien,Berlin,34
KeyPers_Berlin_1230568,Ingénieur Data,Berlin,66
KeyPers_Berlin_1230569,Economiste,Berlin,50
KeyPers_Berlin_1230570,Ingénieur Data,Berlin,92
KeyPers_Berlin_1230571,Ingénieur Informaticien,Berlin,36
KeyPers_Berlin_1230572,Ingénieur Data,Berlin,34
KeyPers_Berlin_1230573,Ingénieur Data,Berlin,50
KeyPers_Berlin_1230574,Ingénieur Informaticien,Berlin,38
KeyPers_Berlin_1230575,Ingénieur Data,Berlin,82
KeyPers_Berlin_1230576,Ingénieur Data,Berlin,46
KeyPers_Berlin_1230577,Cadre,Berlin,91
KeyPers_Berlin_1230578,Ingénieur Data,Berlin,52
KeyPers_Berlin_1230579,Ingénieur Data,Berlin,83
KeyPers_Berlin_1230580,Cadre,Berlin,90
KeyPers_Berlin_1230581,Ingénieur Data,Berlin,34
KeyPers_Berlin_1230582,Ingénieur Data,Berlin,49
KeyPers_Berlin_1230583,Cadre,Berlin,25
KeyPers_Berlin_1230584,Ingénieur Informaticien,Berlin,36
KeyPers_Berlin_1230585,Ingénieur Informaticien,Berlin,63
KeyPers_Berlin_1230586,Ingénieur Informaticien,Berlin,55
KeyPers_Berlin_1230587,Ingénieur Informaticien,Berlin,37
KeyPers_Berlin_1230588,Ingénieur Data,Berlin,87
KeyPers_Berlin_1230589,Ingénieur Data,Berlin,55
KeyPers_Berlin_1230590,Ingénieur Data,Berlin,76
KeyPers_Berlin_1230591,Ingénieur Informaticien,Berlin,32
KeyPers_Berlin_1230592,Ingénieur Data,Berlin,67
KeyPers_Berlin_1230593,Ingénieur Data,Berlin,69
KeyPers_Berlin_1230594,Ingénieur Data,Berlin,88
KeyPers_Berlin_1230595,Ingénieur Informaticien,Berlin,82
KeyPers_Berlin_1230596,Economiste,Berlin,40
KeyPers_Berlin_1230597,Ingénieur Data,Berlin,76
KeyPers_Berlin_1230598,Ingénieur Data,Berlin,82
KeyPers_Berlin_1230599,Ingénieur Informaticien,Berlin,51
KeyPers_Berlin_1230600,Ingénieur Informaticien,Berlin,93
KeyPers_Berlin_1230601,Ingénieur Data,Berlin,75
KeyPers_Berlin_1230602,Ingénieur Data,Berlin,63
KeyPers_Berlin_1230603,Cadre,Berlin,94
KeyPers_Berlin_1230604,Cadre,Berlin,95
KeyPers_Berlin_1230605,Cadre,Berlin,59
KeyPers_Berlin_1230606,Ingénieur Data,Berlin,32
KeyPers_Berlin_1230607,Cadre,Berlin,54
KeyPers_Berlin_1230608,Ingénieur Data,Berlin,58
KeyPers_Berlin_1230609,Cadre,Berlin,36
KeyPers_Berlin_1230610,Cadre,Berlin,64
KeyPers_Berlin_1230611,Ingénieur Data,Berlin,32
KeyPers_Berlin_1230612,Cadre,Berlin,34
KeyPers_Berlin_1230613,Ingénieur Informaticien,Berlin,54
KeyPers_Berlin_1230614,Ingénieur Informaticien,Berlin,84
KeyPers_Berlin_1230615,Ingénieur Data,Berlin,49
KeyPers_Berlin_1230616,Ingénieur Informaticien,Berlin,62
KeyPers_Berlin_1230617,Cadre,Berlin,85
KeyPers_Berlin_1230618,Ingénieur Informaticien,Berlin,58
KeyPers_Berlin_1230619,Ingénieur Data,Berlin,88
KeyPers_Berlin_1230620,Cadre,Berlin,84
KeyPers_Berlin_1230621,Cadre,Berlin,57
KeyPers_Berlin_1230622,Ingénieur Data,Berlin,41
KeyPers_Berlin_1230623,Cadre,Berlin,37
KeyPers_Berlin_1230624,Ingénieur Informaticien,Berlin,50
KeyPers_Berlin_1230625,Ingénieur Informaticien,Berlin,78
KeyPers_Berlin_1230626,DRH,Berlin,96
KeyPers_Berlin_1230627,Ingénieur Data,Berlin,73
KeyPers_Berlin_1230628,Ingénieur Informaticien,Berlin,91
KeyPers_Berlin_1230629,Ingénieur Informaticien,Berlin,73
KeyPers_Berlin_1230630,Ingénieur Data,Berlin,95
KeyPers_Berlin_1230631,Ingénieur Data,Berlin,68
KeyPers_Berlin_1230632,Ingénieur Informaticien,Berlin,62
KeyPers_Berlin_1230633,Economiste,Berlin,43
KeyPers_Berlin_1230634,Ingénieur Informaticien,Berlin,82
KeyPers_Berlin_1230635,Cadre,Berlin,92
KeyPers_Berlin_1230636,Cadre,Berlin,75
KeyPers_Berlin_1230637,Ingénieur Informaticien,Berlin,30
KeyPers_Berlin_1230638,Ingénieur Data,Berlin,76
KeyPers_Berlin_1230639,Ingénieur Data,Berlin,91
KeyPers_Berlin_1230640,Ingénieur Data,Berlin,84
KeyPers_Berlin_1230641,Cadre,Berlin,48
KeyPers_Berlin_1230642,Ingénieur Informaticien,Berlin,71
KeyPers_Berlin_1230643,Ingénieur Data,Berlin,91
KeyPers_Berlin_1230644,Ingénieur Informaticien,Berlin,41
KeyPers_Berlin_1230645,Ingénieur Data,Berlin,35
KeyPers_Berlin_1230646,Ingénieur Data,Berlin,51
KeyPers_Berlin_1230647,Ingénieur Informaticien,Berlin,27
KeyPers_Berlin_1230648,Ingénieur Data,Berlin,41
KeyPers_Berlin_1230649,Economiste,Berlin,45
KeyPers_Berlin_1230650,Economiste,Berlin,77
KeyPers_Berlin_1230651,Ingénieur Data,Berlin,33
KeyPers_Berlin_1230652,Ingénieur Data,Berlin,75
KeyPers_Berlin_1230653,Ingénieur Data,Berlin,51
KeyPers_Berlin_1230654,Ingénieur Data,Berlin,70
KeyPers_Berlin_1230655,Ingénieur Informaticien,Berlin,95
KeyPers_Berlin_1230656,Cadre,Berlin,75
KeyPers_Berlin_1230657,Ingénieur Data,Berlin,65
KeyPers_Berlin_1230658,Ingénieur Data,Berlin,70
KeyPers_Berlin_1230659,Ingénieur Informaticien,Berlin,95
KeyPers_Berlin_1230660,Ingénieur Informaticien,Berlin,37
KeyPers_Berlin_1230661,Ingénieur Informaticien,Berlin,86
KeyPers_Berlin_1230662,Ingénieur Informaticien,Berlin,70
KeyPers_Berlin_1230663,Ingénieur Data,Berlin,75
KeyPers_Berlin_1230664,Ingénieur Informaticien,Berlin,29
KeyPers_Berlin_1230665,Ingénieur Informaticien,Berlin,41
KeyPers_Berlin_1230666,Ingénieur Data,Berlin,53
KeyPers_Berlin_1230667,Ingénieur Informaticien,Berlin,91
KeyPers_Berlin_1230668,Ingénieur Informaticien,Berlin,53
KeyPers_Berlin_1230669,Ingénieur Data,Berlin,93
KeyPers_Berlin_1230670,Ingénieur Data,Berlin,89
KeyPers_Berlin_1230671,Cadre,Berlin,63
KeyPers_Berlin_1230672,Ingénieur Informaticien,Berlin,62
KeyPers_Berlin_1230673,Ingénieur Data,Berlin,70
KeyPers_Berlin_1230674,Ingénieur Informaticien,Berlin,46
KeyPers_Berlin_1230675,Ingénieur Informaticien,Berlin,86
KeyPers_Berlin_1230676,Ingénieur Informaticien,Berlin,61
KeyPers_Berlin_1230677,Ingénieur Informaticien,Berlin,93
KeyPers_Berlin_1230678,Ingénieur Informaticien,Berlin,49
KeyPers_Berlin_1230679,Ingénieur Data,Berlin,57
KeyPers_Berlin_1230680,Ingénieur Informaticien,Berlin,88
KeyPers_Berlin_1230681,Ingénieur Data,Berlin,58
KeyPers_Berlin_1230682,Ingénieur Informaticien,Berlin,70
KeyPers_Berlin_1230683,Ingénieur Informaticien,Berlin,89
KeyPers_Berlin_1230684,Ingénieur Informaticien,Berlin,47
KeyPers_Berlin_1230685,Ingénieur Data,Berlin,49
KeyPers_Berlin_1230686,Economiste,Berlin,70
KeyPers_Berlin_1230687,Cadre,Berlin,48
KeyPers_Berlin_1230688,Ingénieur Data,Berlin,51
KeyPers_Berlin_1230689,Economiste,Berlin,27
KeyPers_Berlin_1230690,Ingénieur Data,Berlin,86
KeyPers_Berlin_1230691,DRH,Berlin,86
KeyPers_Berlin_1230692,Cadre,Berlin,44
KeyPers_Berlin_1230693,Ingénieur Informaticien,Berlin,95
KeyPers_Berlin_1230694,Cadre,Berlin,53
KeyPers_Berlin_1230695,Ingénieur Informaticien,Berlin,88
KeyPers_Berlin_1230696,Ingénieur Informaticien,Berlin,28
KeyPers_Berlin_1230697,Ingénieur Informaticien,Berlin,77
KeyPers_Berlin_1230698,Cadre,Berlin,57
KeyPers_Berlin_1230699,Ingénieur Informaticien,Berlin,91
KeyPers_Berlin_1230700,Ingénieur Data,Berlin,42
KeyPers_Berlin_1230701,Ingénieur Data,Berlin,94
KeyPers_Berlin_1230702,Economiste,Berlin,80
KeyPers_Berlin_1230703,Ingénieur Data,Berlin,58
KeyPers_Berlin_1230704,Ingénieur Informaticien,Berlin,71
KeyPers_Berlin_1230705,Ingénieur Informaticien,Berlin,77
KeyPers_Berlin_1230706,Ingénieur Data,Berlin,30
KeyPers_Berlin_1230707,Ingénieur Data,Berlin,61
KeyPers_Berlin_1230708,Ingénieur Data,Berlin,44
KeyPers_Berlin_1230709,Ingénieur Data,Berlin,95
KeyPers_Berlin_1230710,Ingénieur Data,Berlin,55
KeyPers_Berlin_1230711,Cadre,Berlin,80
KeyPers_Berlin_1230712,Ingénieur Informaticien,Berlin,68
KeyPers_Berlin_1230713,Ingénieur Informaticien,Berlin,64
KeyPers_Berlin_1230714,Ingénieur Data,Berlin,28
KeyPers_Berlin_1230715,Ingénieur Data,Berlin,86
KeyPers_Berlin_1230716,Ingénieur Informaticien,Berlin,88
KeyPers_Berlin_1230717,Ingénieur Informaticien,Berlin,24
KeyPers_Berlin_1230718,Ingénieur Informaticien,Berlin,90
KeyPers_Berlin_1230719,Economiste,Berlin,79
KeyPers_Berlin_1230720,Ingénieur Informaticien,Berlin,59
KeyPers_Berlin_1230721,Cadre,Berlin,52
KeyPers_Berlin_1230722,Ingénieur Data,Berlin,79
KeyPers_Berlin_1230723,Ingénieur Data,Berlin,81
KeyPers_Berlin_1230724,Ingénieur Informaticien,Berlin,45
KeyPers_Berlin_1230725,Cadre,Berlin,53
KeyPers_Berlin_1230726,Ingénieur Informaticien,Berlin,70
KeyPers_Berlin_1230727,Ingénieur Data,Berlin,49
KeyPers_Berlin_1230728,Ingénieur Informaticien,Berlin,47
KeyPers_Berlin_1230729,Ingénieur Informaticien,Berlin,88
KeyPers_Berlin_1230730,Ingénieur Data,Berlin,77
KeyPers_Berlin_1230731,Cadre,Berlin,92
KeyPers_Berlin_1230732,Ingénieur Data,Berlin,45
KeyPers_Berlin_1230733,Ingénieur Informaticien,Berlin,78
KeyPers_Berlin_1230734,Cadre,Berlin,35
KeyPers_Berlin_1230735,Ingénieur Data,Berlin,30
KeyPers_Berlin_1230736,Ingénieur Informaticien,Berlin,45
KeyPers_Berlin_1230737,Ingénieur Data,Berlin,35
KeyPers_Berlin_1230738,Ingénieur Data,Berlin,62
KeyPers_Berlin_1230739,Ingénieur Data,Berlin,85
KeyPers_Berlin_1230740,Ingénieur Data,Berlin,71
KeyPers_Berlin_1230741,Ingénieur Informaticien,Berlin,77
KeyPers_Berlin_1230742,Cadre,Berlin,60
KeyPers_Berlin_1230743,Ingénieur Data,Berlin,62
KeyPers_Berlin_1230744,Cadre,Berlin,33
KeyPers_Berlin_1230745,Ingénieur Informaticien,Berlin,44
KeyPers_Berlin_1230746,Cadre,Berlin,44
KeyPers_Berlin_1230747,Ingénieur Data,Berlin,37
KeyPers_Berlin_1230748,Ingénieur Data,Berlin,48
KeyPers_Berlin_1230749,Economiste,Berlin,26
KeyPers_Berlin_1230750,Ingénieur Informaticien,Berlin,78
KeyPers_Berlin_1230751,Ingénieur Informaticien,Berlin,69
KeyPers_Berlin_1230752,Ingénieur Informaticien,Berlin,62
KeyPers_Berlin_1230753,Cadre,Berlin,77
KeyPers_Berlin_1230754,Ingénieur Informaticien,Berlin,37
KeyPers_Berlin_1230755,Ingénieur Data,Berlin,36
KeyPers_Berlin_1230756,Ingénieur Informaticien,Berlin,56
KeyPers_Berlin_1230757,Ingénieur Informaticien,Berlin,37
KeyPers_Berlin_1230758,Ingénieur Informaticien,Berlin,32
KeyPers_Berlin_1230759,Cadre,Berlin,71
KeyPers_Berlin_1230760,Ingénieur Data,Berlin,44
KeyPers_Berlin_1230761,Ingénieur Informaticien,Berlin,79
KeyPers_Berlin_1230762,Ingénieur Data,Berlin,33
KeyPers_Berlin_1230763,Ingénieur Informaticien,Berlin,74
KeyPers_Berlin_1230764,Ingénieur Informaticien,Berlin,91
KeyPers_Berlin_1230765,Ingénieur Informaticien,Berlin,81
KeyPers_Berlin_1230766,Ingénieur Informaticien,Berlin,64
KeyPers_Berlin_1230767,Economiste,Berlin,76
KeyPers_Berlin_1230768,Cadre,Berlin,63
KeyPers_Berlin_1230769,Economiste,Berlin,27
KeyPers_Berlin_1230770,Cadre,Berlin,75
KeyPers_Berlin_1230771,Ingénieur Informaticien,Berlin,51
KeyPers_Berlin_1230772,Ingénieur Informaticien,Berlin,47
KeyPers_Berlin_1230773,Cadre,Berlin,62
KeyPers_Berlin_1230774,DRH,Berlin,29
KeyPers_Berlin_1230775,Ingénieur Informaticien,Berlin,38
KeyPers_Berlin_1230776,Cadre,Berlin,95
KeyPers_Berlin_1230777,Ingénieur Data,Berlin,55
KeyPers_Berlin_1230778,Ingénieur Data,Berlin,25
KeyPers_Berlin_1230779,Ingénieur Data,Berlin,57
KeyPers_Berlin_1230780,Ingénieur Informaticien,Berlin,70
KeyPers_Berlin_1230781,Cadre,Berlin,73
KeyPers_Berlin_1230782,Ingénieur Data,Berlin,69
KeyPers_Berlin_1230783,Ingénieur Data,Berlin,90
KeyPers_Berlin_1230784,Ingénieur Data,Berlin,32
KeyPers_Berlin_1230785,Ingénieur Informaticien,Berlin,64
KeyPers_Berlin_1230786,Ingénieur Informaticien,Berlin,44
KeyPers_Berlin_1230787,Ingénieur Informaticien,Berlin,89
KeyPers_Berlin_1230788,Ingénieur Informaticien,Berlin,62
KeyPers_Berlin_1230789,Ingénieur Informaticien,Berlin,66
KeyPers_Berlin_1230790,Ingénieur Informaticien,Berlin,91
KeyPers_Berlin_1230791,Cadre,Berlin,25
KeyPers_Berlin_1230792,Ingénieur Informaticien,Berlin,83
KeyPers_Berlin_1230793,Ingénieur Data,Berlin,42
KeyPers_Berlin_1230794,Economiste,Berlin,47
KeyPers_Berlin_1230795,Ingénieur Data,Berlin,82
KeyPers_Berlin_1230796,Cadre,Berlin,82
KeyPers_Berlin_1230797,Ingénieur Data,Berlin,36
KeyPers_Berlin_1230798,Ingénieur Informaticien,Berlin,83
KeyPers_Berlin_1230799,Ingénieur Informaticien,Berlin,58
KeyPers_Berlin_1230800,Ingénieur Data,Berlin,57
KeyPers_Berlin_1230801,Ingénieur Informaticien,Berlin,66
KeyPers_Berlin_1230802,Ingénieur Data,Berlin,94
KeyPers_Berlin_1230803,Ingénieur Data,Berlin,47
KeyPers_Berlin_1230804,Ingénieur Data,Berlin,28
KeyPers_Berlin_1230805,Ingénieur Informaticien,Berlin,44
KeyPers_Berlin_1230806,Ingénieur Informaticien,Berlin,25
KeyPers_Berlin_1230807,Ingénieur Data,Berlin,73
KeyPers_Berlin_1230808,Economiste,Berlin,27
KeyPers_Berlin_1230809,Cadre,Berlin,58
KeyPers_Berlin_1230810,Ingénieur Informaticien,Berlin,85
KeyPers_Berlin_1230811,Ingénieur Informaticien,Berlin,53
KeyPers_Berlin_1230812,Ingénieur Informaticien,Berlin,48
KeyPers_Berlin_1230813,Ingénieur Data,Berlin,79
KeyPers_Berlin_1230814,Cadre,Berlin,93
KeyPers_Berlin_1230815,Cadre,Berlin,30
KeyPers_Berlin_1230816,Ingénieur Informaticien,Berlin,54
KeyPers_Berlin_1230817,Ingénieur Data,Berlin,89
KeyPers_Berlin_1230818,Cadre,Berlin,80
KeyPers_Berlin_1230819,Ingénieur Data,Berlin,78
KeyPers_Berlin_1230820,Ingénieur Data,Berlin,85
KeyPers_Berlin_1230821,Ingénieur Data,Berlin,59
KeyPers_Berlin_1230822,Ingénieur Informaticien,Berlin,31
KeyPers_Berlin_1230823,Economiste,Berlin,38
KeyPers_Berlin_1230824,Cadre,Berlin,82
KeyPers_Berlin_1230825,Ingénieur Informaticien,Berlin,43
KeyPers_Berlin_1230826,Ingénieur Data,Berlin,77
KeyPers_Berlin_1230827,Ingénieur Informaticien,Berlin,86
KeyPers_Berlin_1230828,Ingénieur Informaticien,Berlin,54
KeyPers_Berlin_1230829,Ingénieur Informaticien,Berlin,93
KeyPers_Berlin_1230830,Ingénieur Data,Berlin,89
KeyPers_Berlin_1230831,Economiste,Berlin,72
KeyPers_Berlin_1230832,Ingénieur Data,Berlin,74
KeyPers_Berlin_1230833,Ingénieur Informaticien,Berlin,78
KeyPers_Berlin_1230834,Ingénieur Informaticien,Berlin,29
KeyPers_Berlin_1230835,Ingénieur Informaticien,Berlin,45
KeyPers_Berlin_1230836,Ingénieur Data,Berlin,54
KeyPers_Berlin_1230837,Cadre,Berlin,80
KeyPers_Berlin_1230838,Ingénieur Informaticien,Berlin,94
KeyPers_Berlin_1230839,Ingénieur Informaticien,Berlin,49
KeyPers_Berlin_1230840,Economiste,Berlin,53
KeyPers_Berlin_1230841,Cadre,Berlin,52
KeyPers_Berlin_1230842,Ingénieur Informaticien,Berlin,65
KeyPers_Berlin_1230843,Ingénieur Informaticien,Berlin,42
KeyPers_Berlin_1230844,Ingénieur Data,Berlin,40
KeyPers_Berlin_1230845,Ingénieur Informaticien,Berlin,87
KeyPers_Berlin_1230846,Ingénieur Data,Berlin,76
KeyPers_Berlin_1230847,Economiste,Berlin,91
KeyPers_Berlin_1230848,Ingénieur Data,Berlin,71
KeyPers_Berlin_1230849,Economiste,Berlin,49
KeyPers_Berlin_1230850,Ingénieur Data,Berlin,89
KeyPers_Berlin_1230851,Ingénieur Data,Berlin,26
KeyPers_Berlin_1230852,Ingénieur Data,Berlin,74
KeyPers_Berlin_1230853,Cadre,Berlin,51
KeyPers_Berlin_1230854,Ingénieur Data,Berlin,61
KeyPers_Berlin_1230855,Ingénieur Data,Berlin,44
KeyPers_Berlin_1230856,Ingénieur Informaticien,Berlin,83
KeyPers_Berlin_1230857,Ingénieur Informaticien,Berlin,67
KeyPers_Berlin_1230858,Ingénieur Informaticien,Berlin,57
KeyPers_Berlin_1230859,Ingénieur Informaticien,Berlin,78
KeyPers_Berlin_1230860,Ingénieur Informaticien,Berlin,28
KeyPers_Berlin_1230861,Ingénieur Informaticien,Berlin,66
KeyPers_Berlin_1230862,Ingénieur Data,Berlin,53
KeyPers_Berlin_1230863,Ingénieur Data,Berlin,57
KeyPers_Berlin_1230864,DRH,Berlin,76
KeyPers_Berlin_1230865,Ingénieur Data,Berlin,30
KeyPers_Berlin_1230866,Ingénieur Data,Berlin,57
KeyPers_Berlin_1230867,Cadre,Berlin,77
KeyPers_Berlin_1230868,Ingénieur Informaticien,Berlin,26
KeyPers_Berlin_1230869,Ingénieur Data,Berlin,83
KeyPers_Berlin_1230870,Ingénieur Informaticien,Berlin,62
KeyPers_Berlin_1230871,Ingénieur Informaticien,Berlin,30
KeyPers_Berlin_1230872,Ingénieur Data,Berlin,74
KeyPers_Berlin_1230873,Ingénieur Informaticien,Berlin,24
KeyPers_Berlin_1230874,Ingénieur Informaticien,Berlin,74
KeyPers_Berlin_1230875,Cadre,Berlin,87
KeyPers_Berlin_1230876,Ingénieur Informaticien,Berlin,39
KeyPers_Berlin_1230877,Ingénieur Informaticien,Berlin,58
KeyPers_Berlin_1230878,Ingénieur Data,Berlin,72
KeyPers_Berlin_1230879,Ingénieur Informaticien,Berlin,56
KeyPers_Berlin_1230880,Ingénieur Informaticien,Berlin,52
KeyPers_Berlin_1230881,Cadre,Berlin,87
KeyPers_Berlin_1230882,Economiste,Berlin,72
KeyPers_Berlin_1230883,Ingénieur Informaticien,Berlin,52
KeyPers_Berlin_1230884,Ingénieur Data,Berlin,73
KeyPers_Berlin_1230885,Ingénieur Informaticien,Berlin,49
KeyPers_Berlin_1230886,Cadre,Berlin,37
KeyPers_Berlin_1230887,Ingénieur Data,Berlin,32
KeyPers_Berlin_1230888,Ingénieur Informaticien,Berlin,59
KeyPers_Berlin_1230889,Ingénieur Data,Berlin,78
KeyPers_Berlin_1230890,Ingénieur Data,Berlin,88
KeyPers_Berlin_1230891,Ingénieur Data,Berlin,82
KeyPers_Berlin_1230892,Ingénieur Data,Berlin,35
KeyPers_Berlin_1230893,Ingénieur Data,Berlin,31
KeyPers_Berlin_1230894,Ingénieur Informaticien,Berlin,94
KeyPers_Berlin_1230895,Ingénieur Data,Berlin,33
KeyPers_Berlin_1230896,Cadre,Berlin,58
KeyPers_Berlin_1230897,Ingénieur Informaticien,Berlin,43
KeyPers_Berlin_1230898,Ingénieur Informaticien,Berlin,90
KeyPers_Berlin_1230899,Ingénieur Informaticien,Berlin,31
KeyPers_Berlin_1230900,Ingénieur Informaticien,Berlin,42
KeyPers_Berlin_1230901,Ingénieur Data,Berlin,48
KeyPers_Berlin_1230902,Ingénieur Data,Berlin,43
KeyPers_Berlin_1230903,Economiste,Berlin,91
KeyPers_Berlin_1230904,Ingénieur Informaticien,Berlin,52
KeyPers_Berlin_1230905,Cadre,Berlin,76
KeyPers_Berlin_1230906,Ingénieur Informaticien,Berlin,51
KeyPers_Berlin_1230907,Ingénieur Data,Berlin,57
KeyPers_Berlin_1230908,Ingénieur Informaticien,Berlin,63
KeyPers_Berlin_1230909,Ingénieur Data,Berlin,37
KeyPers_Berlin_1230910,Economiste,Berlin,63
KeyPers_Berlin_1230911,Cadre,Berlin,84
KeyPers_Berlin_1230912,Ingénieur Informaticien,Berlin,79
KeyPers_Berlin_1230913,Ingénieur Data,Berlin,31
KeyPers_Berlin_1230914,Economiste,Berlin,45
KeyPers_Berlin_1230915,Ingénieur Informaticien,Berlin,75
KeyPers_Berlin_1230916,Ingénieur Informaticien,Berlin,40
KeyPers_Berlin_1230917,Ingénieur Data,Berlin,54
KeyPers_Berlin_1230918,Ingénieur Informaticien,Berlin,31
KeyPers_Berlin_1230919,Ingénieur Data,Berlin,46
KeyPers_Berlin_1230920,Ingénieur Informaticien,Berlin,34
KeyPers_Berlin_1230921,Cadre,Berlin,41
KeyPers_Berlin_1230922,Ingénieur Informaticien,Berlin,30
KeyPers_Berlin_1230923,Ingénieur Informaticien,Berlin,60
KeyPers_Berlin_1230924,Ingénieur Data,Berlin,78
KeyPers_Berlin_1230925,Ingénieur Informaticien,Berlin,84
KeyPers_Berlin_1230926,Ingénieur Informaticien,Berlin,62
KeyPers_Berlin_1230927,Ingénieur Informaticien,Berlin,49
KeyPers_Berlin_1230928,Ingénieur Informaticien,Berlin,81
KeyPers_Berlin_1230929,Cadre,Berlin,59
KeyPers_Berlin_1230930,Ingénieur Data,Berlin,85
KeyPers_Berlin_1230931,Ingénieur Data,Berlin,66
KeyPers_Berlin_1230932,Ingénieur Data,Berlin,73
KeyPers_Berlin_1230933,Ingénieur Informaticien,Berlin,86
KeyPers_Berlin_1230934,Cadre,Berlin,84
KeyPers_Berlin_1230935,Cadre,Berlin,33
KeyPers_Berlin_1230936,Ingénieur Data,Berlin,46
KeyPers_Berlin_1230937,Ingénieur Data,Berlin,65
KeyPers_Berlin_1230938,Ingénieur Data,Berlin,32
KeyPers_Berlin_1230939,Ingénieur Informaticien,Berlin,44
KeyPers_Berlin_1230940,Ingénieur Informaticien,Berlin,46
KeyPers_Berlin_1230941,Economiste,Berlin,90
KeyPers_Berlin_1230942,Ingénieur Informaticien,Berlin,25
KeyPers_Berlin_1230943,Ingénieur Data,Berlin,36
KeyPers_Berlin_1230944,Ingénieur Informaticien,Berlin,37
KeyPers_Berlin_1230945,Ingénieur Data,Berlin,92
KeyPers_Berlin_1230946,Cadre,Berlin,67
KeyPers_Berlin_1230947,Cadre,Berlin,68
KeyPers_Berlin_1230948,DRH,Berlin,47
KeyPers_Berlin_1230949,Ingénieur Informaticien,Berlin,69
KeyPers_Berlin_1230950,Ingénieur Informaticien,Berlin,65
KeyPers_Berlin_1230951,Cadre,Berlin,60
KeyPers_Berlin_1230952,Ingénieur Informaticien,Berlin,86
KeyPers_Berlin_1230953,Ingénieur Informaticien,Berlin,46
KeyPers_Berlin_1230954,Cadre,Berlin,49
KeyPers_Berlin_1230955,Ingénieur Data,Berlin,69
KeyPers_Berlin_1230956,Ingénieur Informaticien,Berlin,27
KeyPers_Berlin_1230957,Cadre,Berlin,54
KeyPers_Berlin_1230958,Ingénieur Informaticien,Berlin,31
KeyPers_Berlin_1230959,Ingénieur Informaticien,Berlin,48
KeyPers_Berlin_1230960,Ingénieur Data,Berlin,80
KeyPers_Berlin_1230961,Cadre,Berlin,92
KeyPers_Berlin_1230962,Cadre,Berlin,68
KeyPers_Berlin_1230963,Ingénieur Data,Berlin,61
KeyPers_Berlin_1230964,Cadre,Berlin,87
KeyPers_Berlin_1230965,Ingénieur Data,Berlin,73
KeyPers_Berlin_1230966,Cadre,Berlin,62
KeyPers_Berlin_1230967,Ingénieur Informaticien,Berlin,88
KeyPers_Berlin_1230968,Cadre,Berlin,33
KeyPers_Berlin_1230969,Ingénieur Informaticien,Berlin,65
KeyPers_Berlin_1230970,Ingénieur Data,Berlin,85
KeyPers_Berlin_1230971,Ingénieur Data,Berlin,72
KeyPers_Berlin_1230972,Cadre,Berlin,51
KeyPers_Berlin_1230973,Economiste,Berlin,34
KeyPers_Berlin_1230974,Ingénieur Informaticien,Berlin,66
KeyPers_Berlin_1230975,Ingénieur Data,Berlin,75
KeyPers_Berlin_1230976,Ingénieur Data,Berlin,70
KeyPers_Berlin_1230977,Economiste,Berlin,25
KeyPers_Berlin_1230978,Ingénieur Informaticien,Berlin,91
KeyPers_Berlin_1230979,Economiste,Berlin,90
KeyPers_Berlin_1230980,Ingénieur Informaticien,Berlin,39
KeyPers_Berlin_1230981,Economiste,Berlin,52
KeyPers_Berlin_1230982,Cadre,Berlin,44
KeyPers_Berlin_1230983,Ingénieur Informaticien,Berlin,54
KeyPers_Berlin_1230984,Ingénieur Informaticien,Berlin,74
KeyPers_Berlin_1230985,Ingénieur Data,Berlin,87
KeyPers_Berlin_1230986,Ingénieur Data,Berlin,41
KeyPers_Berlin_1230987,Ingénieur Data,Berlin,94
KeyPers_Berlin_1230988,Ingénieur Data,Berlin,91
KeyPers_Berlin_1230989,Economiste,Berlin,46
KeyPers_Berlin_1230990,Ingénieur Informaticien,Berlin,92
KeyPers_Berlin_1230991,Ingénieur Informaticien,Berlin,29
KeyPers_Berlin_1230992,Ingénieur Data,Berlin,74
KeyPers_Berlin_1230993,Ingénieur Data,Berlin,70
KeyPers_Berlin_1230994,Ingénieur Data,Berlin,35
KeyPers_Berlin_1230995,Ingénieur Informaticien,Berlin,33
KeyPers_Berlin_1230996,Cadre,Berlin,56
KeyPers_Berlin_1230997,Ingénieur Informaticien,Berlin,37
KeyPers_Berlin_1230998,Ingénieur Data,Berlin,62
KeyPers_Berlin_1230999,Ingénieur Data,Berlin,43
KeyPers_Berlin_1231000,Ingénieur Informaticien,Berlin,45
KeyPers_Berlin_1231001,Ingénieur Data,Berlin,65
KeyPers_Berlin_1231002,Ingénieur Data,Berlin,78
KeyPers_Berlin_1231003,Ingénieur Informaticien,Berlin,80
KeyPers_Berlin_1231004,DRH,Berlin,84
KeyPers_Berlin_1231005,Ingénieur Informaticien,Berlin,89
KeyPers_Berlin_1231006,Ingénieur Informaticien,Berlin,41
KeyPers_Berlin_1231007,Economiste,Berlin,87
KeyPers_Berlin_1231008,Cadre,Berlin,62
KeyPers_Berlin_1231009,Economiste,Berlin,88
KeyPers_Berlin_1231010,Ingénieur Data,Berlin,60
KeyPers_Berlin_1231011,Cadre,Berlin,77
KeyPers_Berlin_1231012,Ingénieur Informaticien,Berlin,39
KeyPers_Berlin_1231013,Ingénieur Informaticien,Berlin,55
KeyPers_Berlin_1231014,Ingénieur Data,Berlin,32
KeyPers_Berlin_1231015,Economiste,Berlin,94
KeyPers_Berlin_1231016,Ingénieur Informaticien,Berlin,57
KeyPers_Berlin_1231017,Ingénieur Data,Berlin,77
KeyPers_Berlin_1231018,Ingénieur Informaticien,Berlin,90
KeyPers_Berlin_1231019,Economiste,Berlin,80
KeyPers_Berlin_1231020,Ingénieur Data,Berlin,44
KeyPers_Berlin_1231021,Cadre,Berlin,90
KeyPers_Berlin_1231022,Ingénieur Data,Berlin,57
KeyPers_Berlin_1231023,Cadre,Berlin,77
KeyPers_Berlin_1231024,Economiste,Berlin,73
KeyPers_Berlin_1231025,Ingénieur Informaticien,Berlin,27
KeyPers_Berlin_1231026,Cadre,Berlin,90
KeyPers_Berlin_1231027,Ingénieur Informaticien,Berlin,50
KeyPers_Berlin_1231028,Ingénieur Data,Berlin,53
KeyPers_Berlin_1231029,Ingénieur Data,Berlin,44
KeyPers_Berlin_1231030,Cadre,Berlin,44
KeyPers_Berlin_1231031,Cadre,Berlin,48
KeyPers_Berlin_1231032,Cadre,Berlin,89
KeyPers_Berlin_1231033,Ingénieur Informaticien,Berlin,56
KeyPers_Berlin_1231034,Ingénieur Informaticien,Berlin,34
KeyPers_Berlin_1231035,Ingénieur Data,Berlin,86
KeyPers_Berlin_1231036,Ingénieur Informaticien,Berlin,80
KeyPers_Berlin_1231037,Ingénieur Data,Berlin,72
KeyPers_Berlin_1231038,Ingénieur Data,Berlin,70
KeyPers_Berlin_1231039,Ingénieur Informaticien,Berlin,72
KeyPers_Berlin_1231040,Ingénieur Informaticien,Berlin,27
KeyPers_Berlin_1231041,Ingénieur Data,Berlin,42
KeyPers_Berlin_1231042,Ingénieur Informaticien,Berlin,58
KeyPers_Berlin_1231043,Cadre,Berlin,34
KeyPers_Berlin_1231044,Ingénieur Data,Berlin,25
KeyPers_Berlin_1231045,Ingénieur Informaticien,Berlin,37
KeyPers_Berlin_1231046,Ingénieur Informaticien,Berlin,80
KeyPers_Berlin_1231047,Ingénieur Data,Berlin,27
KeyPers_Berlin_1231048,Ingénieur Data,Berlin,90
KeyPers_Berlin_1231049,Cadre,Berlin,40
KeyPers_Berlin_1231050,Cadre,Berlin,54
KeyPers_Berlin_1231051,Ingénieur Data,Berlin,85
KeyPers_Berlin_1231052,Ingénieur Informaticien,Berlin,56
KeyPers_Berlin_1231053,Ingénieur Informaticien,Berlin,72
KeyPers_Berlin_1231054,Cadre,Berlin,54
KeyPers_Berlin_1231055,Ingénieur Data,Berlin,79
KeyPers_Berlin_1231056,Ingénieur Data,Berlin,92
KeyPers_Berlin_1231057,DRH,Berlin,88
KeyPers_Berlin_1231058,Ingénieur Data,Berlin,70
KeyPers_Berlin_1231059,Ingénieur Data,Berlin,34
KeyPers_Berlin_1231060,Ingénieur Data,Berlin,69
KeyPers_Berlin_1231061,Cadre,Berlin,68
KeyPers_Berlin_1231062,Ingénieur Data,Berlin,77
KeyPers_Berlin_1231063,Ingénieur Data,Berlin,47
KeyPers_Berlin_1231064,Ingénieur Informaticien,Berlin,46
KeyPers_Berlin_1231065,Ingénieur Data,Berlin,82
KeyPers_Berlin_1231066,Ingénieur Data,Berlin,96
KeyPers_Berlin_1231067,Ingénieur Informaticien,Berlin,34
KeyPers_Berlin_1231068,Ingénieur Data,Berlin,71
KeyPers_Berlin_1231069,Ingénieur Data,Berlin,79
KeyPers_Berlin_1231070,Ingénieur Informaticien,Berlin,95
KeyPers_Berlin_1231071,Ingénieur Informaticien,Berlin,45
KeyPers_Berlin_1231072,Ingénieur Data,Berlin,83
KeyPers_Berlin_1231073,Ingénieur Data,Berlin,42
KeyPers_Berlin_1231074,Economiste,Berlin,69
KeyPers_Berlin_1231075,Economiste,Berlin,81
KeyPers_Berlin_1231076,Ingénieur Informaticien,Berlin,26
KeyPers_Berlin_1231077,Ingénieur Data,Berlin,65
KeyPers_Berlin_1231078,Cadre,Berlin,51
KeyPers_Berlin_1231079,Ingénieur Informaticien,Berlin,41
KeyPers_Berlin_1231080,Ingénieur Informaticien,Berlin,65
KeyPers_Berlin_1231081,Ingénieur Informaticien,Berlin,38
KeyPers_Berlin_1231082,Cadre,Berlin,57
KeyPers_Berlin_1231083,Cadre,Berlin,40
KeyPers_Berlin_1231084,Ingénieur Informaticien,Berlin,46
KeyPers_Berlin_1231085,Ingénieur Informaticien,Berlin,90
KeyPers_Berlin_1231086,Ingénieur Data,Berlin,50
KeyPers_Berlin_1231087,Ingénieur Informaticien,Berlin,86
KeyPers_Berlin_1231088,Economiste,Berlin,84
KeyPers_Berlin_1231089,Ingénieur Informaticien,Berlin,51
KeyPers_Berlin_1231090,Ingénieur Informaticien,Berlin,30
KeyPers_Berlin_1231091,Ingénieur Data,Berlin,43
KeyPers_Berlin_1231092,Cadre,Berlin,88
KeyPers_Berlin_1231093,Economiste,Berlin,26
KeyPers_Berlin_1231094,Ingénieur Informaticien,Berlin,53
KeyPers_Berlin_1231095,Ingénieur Informaticien,Berlin,25
KeyPers_Berlin_1231096,Ingénieur Data,Berlin,46
KeyPers_Berlin_1231097,Cadre,Berlin,85
KeyPers_Berlin_1231098,Ingénieur Data,Berlin,66
KeyPers_Berlin_1231099,Ingénieur Data,Berlin,28
KeyPers_Berlin_1231100,Cadre,Berlin,79
KeyPers_Berlin_1231101,Cadre,Berlin,47
KeyPers_Berlin_1231102,Ingénieur Informaticien,Berlin,60
KeyPers_Berlin_1231103,Ingénieur Informaticien,Berlin,79
KeyPers_Berlin_1231104,Ingénieur Informaticien,Berlin,56
KeyPers_Berlin_1231105,Cadre,Berlin,76
KeyPers_Berlin_1231106,Cadre,Berlin,67
KeyPers_Berlin_1231107,Ingénieur Data,Berlin,78
KeyPers_Berlin_1231108,Ingénieur Data,Berlin,34
KeyPers_Berlin_1231109,DRH,Berlin,88
KeyPers_Berlin_1231110,Ingénieur Informaticien,Berlin,84
KeyPers_Berlin_1231111,Ingénieur Data,Berlin,80
KeyPers_Berlin_1231112,Ingénieur Data,Berlin,28
KeyPers_Berlin_1231113,Cadre,Berlin,95
KeyPers_Berlin_1231114,Ingénieur Informaticien,Berlin,55
KeyPers_Berlin_1231115,Cadre,Berlin,91
KeyPers_Berlin_1231116,Cadre,Berlin,66
KeyPers_Berlin_1231117,DRH,Berlin,62
KeyPers_Berlin_1231118,Ingénieur Informaticien,Berlin,59
KeyPers_Berlin_1231119,Ingénieur Informaticien,Berlin,65
KeyPers_Berlin_1231120,Ingénieur Informaticien,Berlin,44
KeyPers_Berlin_1231121,Economiste,Berlin,35
KeyPers_Berlin_1231122,Cadre,Berlin,95
KeyPers_Berlin_1231123,Ingénieur Data,Berlin,57
KeyPers_Berlin_1231124,Ingénieur Data,Berlin,67
KeyPers_Berlin_1231125,Ingénieur Informaticien,Berlin,58
KeyPers_Berlin_1231126,Ingénieur Informaticien,Berlin,28
KeyPers_Berlin_1231127,Ingénieur Data,Berlin,28
KeyPers_Berlin_1231128,Ingénieur Data,Berlin,43
KeyPers_Berlin_1231129,Ingénieur Data,Berlin,31
KeyPers_Berlin_1231130,Ingénieur Informaticien,Berlin,80
KeyPers_Berlin_1231131,Economiste,Berlin,34
KeyPers_Berlin_1231132,Ingénieur Informaticien,Berlin,85
KeyPers_Berlin_1231133,Ingénieur Informaticien,Berlin,54
KeyPers_Berlin_1231134,Ingénieur Informaticien,Berlin,71
KeyPers_Berlin_1231135,Cadre,Berlin,40
KeyPers_Berlin_1231136,Ingénieur Data,Berlin,86
KeyPers_Berlin_1231137,Ingénieur Data,Berlin,51
KeyPers_Berlin_1231138,Ingénieur Informaticien,Berlin,70
KeyPers_Berlin_1231139,Ingénieur Informaticien,Berlin,73
KeyPers_Berlin_1231140,Cadre,Berlin,45
KeyPers_Berlin_1231141,Cadre,Berlin,42
KeyPers_Berlin_1231142,Ingénieur Informaticien,Berlin,94
KeyPers_Berlin_1231143,Cadre,Berlin,92
KeyPers_Berlin_1231144,Ingénieur Informaticien,Berlin,83
KeyPers_Berlin_1231145,Ingénieur Data,Berlin,64
KeyPers_Berlin_1231146,Ingénieur Data,Berlin,47
KeyPers_Berlin_1231147,Ingénieur Informaticien,Berlin,54
KeyPers_Berlin_1231148,Ingénieur Informaticien,Berlin,29
KeyPers_Berlin_1231149,Ingénieur Data,Berlin,39
KeyPers_Berlin_1231150,Ingénieur Data,Berlin,69
KeyPers_Berlin_1231151,Ingénieur Informaticien,Berlin,60
KeyPers_Berlin_1231152,Ingénieur Informaticien,Berlin,43
KeyPers_Berlin_1231153,Ingénieur Data,Berlin,28
KeyPers_Berlin_1231154,Ingénieur Data,Berlin,64
KeyPers_Berlin_1231155,Ingénieur Data,Berlin,73
KeyPers_Berlin_1231156,Ingénieur Data,Berlin,44
KeyPers_Berlin_1231157,Ingénieur Data,Berlin,76
KeyPers_Berlin_1231158,Cadre,Berlin,83
KeyPers_Berlin_1231159,Ingénieur Informaticien,Berlin,69
KeyPers_Berlin_1231160,Cadre,Berlin,73
KeyPers_Berlin_1231161,Cadre,Berlin,84
KeyPers_Berlin_1231162,Ingénieur Data,Berlin,60
KeyPers_Berlin_1231163,Ingénieur Informaticien,Berlin,28
KeyPers_Berlin_1231164,Ingénieur Data,Berlin,87
KeyPers_Berlin_1231165,Cadre,Berlin,47
KeyPers_Berlin_1231166,Ingénieur Informaticien,Berlin,68
KeyPers_Berlin_1231167,Ingénieur Informaticien,Berlin,28
KeyPers_Berlin_1231168,Ingénieur Informaticien,Berlin,52
KeyPers_Berlin_1231169,Economiste,Berlin,35
KeyPers_Berlin_1231170,Ingénieur Informaticien,Berlin,49
KeyPers_Berlin_1231171,Economiste,Berlin,57
KeyPers_Berlin_1231172,Ingénieur Data,Berlin,32
KeyPers_Berlin_1231173,Ingénieur Data,Berlin,76
KeyPers_Berlin_1231174,DRH,Berlin,50
KeyPers_Berlin_1231175,Ingénieur Data,Berlin,64
KeyPers_Berlin_1231176,Ingénieur Informaticien,Berlin,92
KeyPers_Berlin_1231177,Ingénieur Data,Berlin,85
KeyPers_Berlin_1231178,Cadre,Berlin,31
KeyPers_Berlin_1231179,Ingénieur Informaticien,Berlin,28
KeyPers_Berlin_1231180,Cadre,Berlin,35
KeyPers_Berlin_1231181,Ingénieur Informaticien,Berlin,83
KeyPers_Berlin_1231182,Ingénieur Informaticien,Berlin,26
KeyPers_Berlin_1231183,Ingénieur Data,Berlin,93
KeyPers_Berlin_1231184,Ingénieur Data,Berlin,89
KeyPers_Berlin_1231185,Ingénieur Informaticien,Berlin,28
KeyPers_Berlin_1231186,Ingénieur Informaticien,Berlin,93
KeyPers_Berlin_1231187,Ingénieur Informaticien,Berlin,51
KeyPers_Berlin_1231188,DRH,Berlin,95
KeyPers_Berlin_1231189,Cadre,Berlin,28
KeyPers_Berlin_1231190,Ingénieur Informaticien,Berlin,56
KeyPers_Berlin_1231191,Ingénieur Informaticien,Berlin,41
KeyPers_Berlin_1231192,Ingénieur Data,Berlin,82
KeyPers_Berlin_1231193,Ingénieur Informaticien,Berlin,87
KeyPers_Berlin_1231194,Ingénieur Informaticien,Berlin,61
KeyPers_Berlin_1231195,Ingénieur Data,Berlin,90
KeyPers_Berlin_1231196,Ingénieur Data,Berlin,45
KeyPers_Berlin_1231197,Ingénieur Informaticien,Berlin,25
KeyPers_Berlin_1231198,Ingénieur Informaticien,Berlin,52
KeyPers_Berlin_1231199,Ingénieur Data,Berlin,58
KeyPers_Berlin_1231200,Ingénieur Data,Berlin,94
KeyPers_Berlin_1231201,Ingénieur Data,Berlin,66
KeyPers_Berlin_1231202,Cadre,Berlin,30
KeyPers_Berlin_1231203,Ingénieur Informaticien,Berlin,57
KeyPers_Berlin_1231204,Cadre,Berlin,33
KeyPers_Berlin_1231205,Cadre,Berlin,36
KeyPers_Berlin_1231206,Ingénieur Informaticien,Berlin,96
KeyPers_Berlin_1231207,Ingénieur Informaticien,Berlin,85
KeyPers_Berlin_1231208,Ingénieur Informaticien,Berlin,89
KeyPers_Berlin_1231209,Cadre,Berlin,31
KeyPers_Berlin_1231210,Ingénieur Informaticien,Berlin,43
KeyPers_Berlin_1231211,Ingénieur Data,Berlin,91
KeyPers_Berlin_1231212,Ingénieur Informaticien,Berlin,58
KeyPers_Berlin_1231213,Ingénieur Data,Berlin,33
KeyPers_Berlin_1231214,Ingénieur Informaticien,Berlin,62
KeyPers_Berlin_1231215,Economiste,Berlin,86
KeyPers_Berlin_1231216,Ingénieur Informaticien,Berlin,28
KeyPers_Berlin_1231217,Cadre,Berlin,96
KeyPers_Berlin_1231218,Cadre,Berlin,55
KeyPers_Berlin_1231219,Ingénieur Informaticien,Berlin,40
KeyPers_Berlin_1231220,Ingénieur Data,Berlin,89
KeyPers_Berlin_1231221,Ingénieur Data,Berlin,69
KeyPers_Berlin_1231222,Ingénieur Data,Berlin,26
KeyPers_Berlin_1231223,Ingénieur Data,Berlin,38
KeyPers_Berlin_1231224,Cadre,Berlin,80
KeyPers_Berlin_1231225,Ingénieur Data,Berlin,39
KeyPers_Berlin_1231226,Ingénieur Informaticien,Berlin,70
KeyPers_Berlin_1231227,Ingénieur Informaticien,Berlin,81
KeyPers_Berlin_1231228,Ingénieur Data,Berlin,67
KeyPers_Berlin_1231229,Cadre,Berlin,39
KeyPers_Berlin_1231230,Ingénieur Data,Berlin,29
KeyPers_Berlin_1231231,Ingénieur Informaticien,Berlin,83
KeyPers_Berlin_1231232,Ingénieur Data,Berlin,47
KeyPers_Berlin_1231233,Ingénieur Data,Berlin,80
KeyPers_Berlin_1231234,Ingénieur Informaticien,Berlin,47
KeyPers_Berlin_1231235,Cadre,Berlin,46
KeyPers_Berlin_1231236,Cadre,Berlin,34
KeyPers_Berlin_1231237,Economiste,Berlin,34
KeyPers_Berlin_1231238,Ingénieur Data,Berlin,60
KeyPers_Berlin_1231239,Ingénieur Data,Berlin,33
KeyPers_Berlin_1231240,Cadre,Berlin,85
KeyPers_Berlin_1231241,Ingénieur Data,Berlin,67
KeyPers_Berlin_1231242,Ingénieur Informaticien,Berlin,72
KeyPers_Berlin_1231243,Ingénieur Informaticien,Berlin,90
KeyPers_Berlin_1231244,Ingénieur Informaticien,Berlin,38
KeyPers_Berlin_1231245,Ingénieur Data,Berlin,47
KeyPers_Berlin_1231246,Economiste,Berlin,41
KeyPers_Berlin_1231247,Economiste,Berlin,33
KeyPers_Berlin_1231248,Ingénieur Data,Berlin,77
KeyPers_Berlin_1231249,Ingénieur Informaticien,Berlin,34
KeyPers_Berlin_1231250,Ingénieur Informaticien,Berlin,48
KeyPers_Berlin_1231251,Ingénieur Informaticien,Berlin,63
KeyPers_Berlin_1231252,Ingénieur Data,Berlin,90
KeyPers_Berlin_1231253,DRH,Berlin,92
KeyPers_Berlin_1231254,Ingénieur Informaticien,Berlin,71
KeyPers_Berlin_1231255,Economiste,Berlin,50
KeyPers_Berlin_1231256,Ingénieur Data,Berlin,44
KeyPers_Berlin_1231257,Ingénieur Informaticien,Berlin,26
KeyPers_Berlin_1231258,Ingénieur Data,Berlin,39
KeyPers_Berlin_1231259,Ingénieur Data,Berlin,26
KeyPers_Berlin_1231260,Ingénieur Data,Berlin,73
KeyPers_Berlin_1231261,Ingénieur Informaticien,Berlin,72
KeyPers_Berlin_1231262,Ingénieur Data,Berlin,84
KeyPers_Berlin_1231263,Cadre,Berlin,27
KeyPers_Berlin_1231264,Ingénieur Data,Berlin,72
KeyPers_Berlin_1231265,Ingénieur Data,Berlin,61
KeyPers_Berlin_1231266,Ingénieur Data,Berlin,91
KeyPers_Berlin_1231267,Cadre,Berlin,54
KeyPers_Berlin_1231268,Cadre,Berlin,56
KeyPers_Berlin_1231269,Ingénieur Informaticien,Berlin,42
KeyPers_Berlin_1231270,Ingénieur Informaticien,Berlin,60
KeyPers_Berlin_1231271,Ingénieur Data,Berlin,60
KeyPers_Berlin_1231272,Ingénieur Informaticien,Berlin,37
KeyPers_Berlin_1231273,Ingénieur Informaticien,Berlin,32
KeyPers_Berlin_1231274,Ingénieur Data,Berlin,83
KeyPers_Berlin_1231275,Ingénieur Data,Berlin,58
KeyPers_Berlin_1231276,Cadre,Berlin,80
KeyPers_Berlin_1231277,Ingénieur Data,Berlin,46
KeyPers_Berlin_1231278,Cadre,Berlin,32
KeyPers_Berlin_1231279,Ingénieur Data,Berlin,41
KeyPers_Berlin_1231280,Ingénieur Informaticien,Berlin,29
KeyPers_Berlin_1231281,Ingénieur Data,Berlin,87
KeyPers_Berlin_1231282,Ingénieur Data,Berlin,64
KeyPers_Berlin_1231283,Ingénieur Informaticien,Berlin,26
KeyPers_Berlin_1231284,Cadre,Berlin,39
KeyPers_Berlin_1231285,Ingénieur Data,Berlin,49
KeyPers_Berlin_1231286,Ingénieur Data,Berlin,86
KeyPers_Berlin_1231287,Ingénieur Informaticien,Berlin,90
KeyPers_Berlin_1231288,Cadre,Berlin,51
KeyPers_Berlin_1231289,Cadre,Berlin,60
KeyPers_Berlin_1231290,Cadre,Berlin,73
KeyPers_Berlin_1231291,Ingénieur Informaticien,Berlin,74
KeyPers_Berlin_1231292,Ingénieur Data,Berlin,88
KeyPers_Berlin_1231293,Cadre,Berlin,87
KeyPers_Berlin_1231294,Ingénieur Data,Berlin,32
KeyPers_Berlin_1231295,Ingénieur Informaticien,Berlin,81
KeyPers_Berlin_1231296,Ingénieur Data,Berlin,42
KeyPers_Berlin_1231297,Cadre,Berlin,49
KeyPers_Berlin_1231298,Cadre,Berlin,94
KeyPers_Berlin_1231299,Ingénieur Informaticien,Berlin,64
KeyPers_Berlin_1231300,Ingénieur Data,Berlin,76
KeyPers_Berlin_1231301,DRH,Berlin,71
KeyPers_Berlin_1231302,Ingénieur Informaticien,Berlin,94
KeyPers_Berlin_1231303,Ingénieur Informaticien,Berlin,83
KeyPers_Berlin_1231304,Ingénieur Informaticien,Berlin,51
KeyPers_Berlin_1231305,Cadre,Berlin,67
KeyPers_Berlin_1231306,Ingénieur Data,Berlin,27
KeyPers_Berlin_1231307,Ingénieur Informaticien,Berlin,50
KeyPers_Berlin_1231308,Ingénieur Informaticien,Berlin,29
KeyPers_Berlin_1231309,Ingénieur Informaticien,Berlin,78
KeyPers_Berlin_1231310,Cadre,Berlin,39
KeyPers_Berlin_1231311,Ingénieur Informaticien,Berlin,43
KeyPers_Berlin_1231312,Ingénieur Informaticien,Berlin,66
KeyPers_Berlin_1231313,Ingénieur Informaticien,Berlin,83
KeyPers_Berlin_1231314,Ingénieur Informaticien,Berlin,45
KeyPers_Berlin_1231315,Ingénieur Data,Berlin,46
KeyPers_Berlin_1231316,Ingénieur Data,Berlin,85
KeyPers_Berlin_1231317,Ingénieur Data,Berlin,68
KeyPers_Berlin_1231318,Ingénieur Informaticien,Berlin,85
KeyPers_Berlin_1231319,Ingénieur Data,Berlin,77
KeyPers_Berlin_1231320,Ingénieur Data,Berlin,37
KeyPers_Berlin_1231321,Economiste,Berlin,87
KeyPers_Berlin_1231322,Ingénieur Informaticien,Berlin,72
KeyPers_Berlin_1231323,Ingénieur Data,Berlin,37
KeyPers_Berlin_1231324,Ingénieur Data,Berlin,41
KeyPers_Berlin_1231325,Ingénieur Data,Berlin,32
KeyPers_Berlin_1231326,Ingénieur Data,Berlin,82
KeyPers_Berlin_1231327,Ingénieur Informaticien,Berlin,27
KeyPers_Berlin_1231328,Cadre,Berlin,58
KeyPers_Berlin_1231329,Ingénieur Informaticien,Berlin,71
KeyPers_Berlin_1231330,Ingénieur Data,Berlin,55
KeyPers_Berlin_1231331,Cadre,Berlin,94
KeyPers_Berlin_1231332,Cadre,Berlin,82
KeyPers_Berlin_1231333,Ingénieur Informaticien,Berlin,79
KeyPers_Berlin_1231334,Cadre,Berlin,93
KeyPers_Berlin_1231335,DRH,Berlin,49
KeyPers_Berlin_1231336,Ingénieur Informaticien,Berlin,61
KeyPers_Berlin_1231337,Ingénieur Informaticien,Berlin,43
KeyPers_Berlin_1231338,Cadre,Berlin,47
KeyPers_Berlin_1231339,Ingénieur Informaticien,Berlin,51
KeyPers_Berlin_1231340,Ingénieur Data,Berlin,36
KeyPers_Berlin_1231341,Ingénieur Informaticien,Berlin,84
KeyPers_Berlin_1231342,Cadre,Berlin,65
KeyPers_Berlin_1231343,Cadre,Berlin,58
KeyPers_Berlin_1231344,Ingénieur Data,Berlin,95
KeyPers_Berlin_1231345,Ingénieur Data,Berlin,59
KeyPers_Berlin_1231346,Ingénieur Data,Berlin,50
KeyPers_Berlin_1231347,Ingénieur Data,Berlin,54
KeyPers_Berlin_1231348,DRH,Berlin,61
KeyPers_Berlin_1231349,Ingénieur Data,Berlin,65
KeyPers_Berlin_1231350,Ingénieur Informaticien,Berlin,44
KeyPers_Berlin_1231351,Ingénieur Data,Berlin,92
KeyPers_Berlin_1231352,Ingénieur Data,Berlin,27
KeyPers_Berlin_1231353,Ingénieur Data,Berlin,72
KeyPers_Berlin_1231354,Ingénieur Data,Berlin,83
KeyPers_Berlin_1231355,Ingénieur Informaticien,Berlin,58
KeyPers_Berlin_1231356,Ingénieur Data,Berlin,76
KeyPers_Berlin_1231357,Ingénieur Informaticien,Berlin,40
KeyPers_Berlin_1231358,Ingénieur Data,Berlin,81
KeyPers_Berlin_1231359,Ingénieur Data,Berlin,50
KeyPers_Berlin_1231360,Ingénieur Data,Berlin,55
KeyPers_Berlin_1231361,Ingénieur Data,Berlin,92
KeyPers_Berlin_1231362,Ingénieur Informaticien,Berlin,51
KeyPers_Berlin_1231363,Ingénieur Data,Berlin,94
KeyPers_Berlin_1231364,Economiste,Berlin,58
KeyPers_Berlin_1231365,Ingénieur Informaticien,Berlin,95
KeyPers_Berlin_1231366,Ingénieur Data,Berlin,48
KeyPers_Berlin_1231367,Ingénieur Informaticien,Berlin,39
KeyPers_Berlin_1231368,Ingénieur Informaticien,Berlin,52
KeyPers_Berlin_1231369,Economiste,Berlin,64
KeyPers_Berlin_1231370,Ingénieur Informaticien,Berlin,66
KeyPers_Berlin_1231371,Cadre,Berlin,51
KeyPers_Berlin_1231372,Ingénieur Informaticien,Berlin,52
KeyPers_Berlin_1231373,Ingénieur Data,Berlin,49
KeyPers_Berlin_1231374,Ingénieur Informaticien,Berlin,27
KeyPers_Berlin_1231375,Cadre,Berlin,29
KeyPers_Berlin_1231376,Cadre,Berlin,24
KeyPers_Berlin_1231377,Ingénieur Data,Berlin,46
KeyPers_Berlin_1231378,Ingénieur Data,Berlin,32
KeyPers_Berlin_1231379,Ingénieur Informaticien,Berlin,82
KeyPers_Berlin_1231380,Cadre,Berlin,59
KeyPers_Berlin_1231381,Ingénieur Data,Berlin,65
KeyPers_Berlin_1231382,Ingénieur Informaticien,Berlin,68
KeyPers_Berlin_1231383,Ingénieur Informaticien,Berlin,59
KeyPers_Berlin_1231384,Ingénieur Informaticien,Berlin,56
KeyPers_Berlin_1231385,Ingénieur Data,Berlin,24
KeyPers_Berlin_1231386,Ingénieur Data,Berlin,39
KeyPers_Berlin_1231387,Ingénieur Informaticien,Berlin,46
KeyPers_Berlin_1231388,Ingénieur Data,Berlin,37
KeyPers_Berlin_1231389,Cadre,Berlin,33
KeyPers_Berlin_1231390,Ingénieur Data,Berlin,83
KeyPers_Berlin_1231391,Ingénieur Data,Berlin,27
KeyPers_Berlin_1231392,Ingénieur Informaticien,Berlin,53
KeyPers_Berlin_1231393,Ingénieur Informaticien,Berlin,37
KeyPers_Berlin_1231394,Ingénieur Informaticien,Berlin,54
KeyPers_Berlin_1231395,Ingénieur Data,Berlin,51
KeyPers_Berlin_1231396,Cadre,Berlin,86
KeyPers_Berlin_1231397,Ingénieur Data,Berlin,75
KeyPers_Berlin_1231398,Economiste,Berlin,88
KeyPers_Berlin_1231399,Ingénieur Informaticien,Berlin,49
KeyPers_Berlin_1231400,Ingénieur Data,Berlin,66
KeyPers_Berlin_1231401,Cadre,Berlin,78
KeyPers_Berlin_1231402,Cadre,Berlin,28
KeyPers_Berlin_1231403,Ingénieur Informaticien,Berlin,70
KeyPers_Berlin_1231404,Ingénieur Informaticien,Berlin,68
KeyPers_Berlin_1231405,Economiste,Berlin,53
KeyPers_Berlin_1231406,DRH,Berlin,54
KeyPers_Berlin_1231407,Economiste,Berlin,53
KeyPers_Berlin_1231408,Ingénieur Informaticien,Berlin,74
KeyPers_Berlin_1231409,Ingénieur Informaticien,Berlin,38
KeyPers_Berlin_1231410,Economiste,Berlin,47
KeyPers_Berlin_1231411,Ingénieur Data,Berlin,69
KeyPers_Berlin_1231412,Ingénieur Data,Berlin,87
KeyPers_Berlin_1231413,Ingénieur Informaticien,Berlin,26
KeyPers_Berlin_1231414,Ingénieur Data,Berlin,66
KeyPers_Berlin_1231415,Ingénieur Informaticien,Berlin,94
KeyPers_Berlin_1231416,Ingénieur Informaticien,Berlin,71
KeyPers_Berlin_1231417,Ingénieur Informaticien,Berlin,32
KeyPers_Berlin_1231418,Ingénieur Data,Berlin,90
KeyPers_Berlin_1231419,Ingénieur Data,Berlin,82
KeyPers_Berlin_1231420,Ingénieur Data,Berlin,87
KeyPers_Berlin_1231421,Ingénieur Informaticien,Berlin,91
KeyPers_Berlin_1231422,Ingénieur Informaticien,Berlin,47
KeyPers_Berlin_1231423,Ingénieur Informaticien,Berlin,26
KeyPers_Berlin_1231424,Cadre,Berlin,49
KeyPers_Berlin_1231425,Ingénieur Data,Berlin,61
KeyPers_Berlin_1231426,Ingénieur Informaticien,Berlin,59
KeyPers_Berlin_1231427,Cadre,Berlin,29
KeyPers_Berlin_1231428,DRH,Berlin,46
KeyPers_Berlin_1231429,Ingénieur Informaticien,Berlin,27
KeyPers_Berlin_1231430,Ingénieur Informaticien,Berlin,89
KeyPers_Berlin_1231431,Ingénieur Informaticien,Berlin,34
KeyPers_Berlin_1231432,Ingénieur Informaticien,Berlin,44
KeyPers_Berlin_1231433,Ingénieur Data,Berlin,61
KeyPers_Berlin_1231434,Ingénieur Data,Berlin,71
KeyPers_Berlin_1231435,Cadre,Berlin,43
KeyPers_Berlin_1231436,Ingénieur Informaticien,Berlin,25
KeyPers_Berlin_1231437,Cadre,Berlin,72
KeyPers_Berlin_1231438,Ingénieur Data,Berlin,75
KeyPers_Berlin_1231439,Economiste,Berlin,58
KeyPers_Berlin_1231440,Ingénieur Data,Berlin,61
KeyPers_Berlin_1231441,Ingénieur Data,Berlin,40
KeyPers_Berlin_1231442,Ingénieur Data,Berlin,45
KeyPers_Berlin_1231443,Ingénieur Data,Berlin,35
KeyPers_Berlin_1231444,Ingénieur Informaticien,Berlin,83
KeyPers_Berlin_1231445,Ingénieur Data,Berlin,35
KeyPers_Berlin_1231446,Ingénieur Informaticien,Berlin,81
KeyPers_Berlin_1231447,Ingénieur Data,Berlin,25
KeyPers_Berlin_1231448,Ingénieur Informaticien,Berlin,68
KeyPers_Berlin_1231449,DRH,Berlin,70
KeyPers_Berlin_1231450,Ingénieur Data,Berlin,82
KeyPers_Berlin_1231451,Ingénieur Data,Berlin,48
KeyPers_Berlin_1231452,Cadre,Berlin,90
KeyPers_Berlin_1231453,Ingénieur Data,Berlin,32
KeyPers_Berlin_1231454,Economiste,Berlin,71
KeyPers_Berlin_1231455,Ingénieur Informaticien,Berlin,35
KeyPers_Berlin_1231456,Ingénieur Informaticien,Berlin,49
KeyPers_Berlin_1231457,Ingénieur Informaticien,Berlin,88
KeyPers_Berlin_1231458,Ingénieur Informaticien,Berlin,49
KeyPers_Berlin_1231459,Ingénieur Informaticien,Berlin,81
KeyPers_Berlin_1231460,Ingénieur Data,Berlin,83
KeyPers_Berlin_1231461,Ingénieur Data,Berlin,58
KeyPers_Berlin_1231462,Ingénieur Informaticien,Berlin,74
KeyPers_Berlin_1231463,Ingénieur Informaticien,Berlin,55
KeyPers_Berlin_1231464,Ingénieur Data,Berlin,74
KeyPers_Berlin_1231465,Economiste,Berlin,81
KeyPers_Berlin_1231466,Ingénieur Data,Berlin,81
KeyPers_Berlin_1231467,DRH,Berlin,58
KeyPers_Berlin_1231468,Ingénieur Data,Berlin,31
KeyPers_Berlin_1231469,Ingénieur Data,Berlin,69
KeyPers_Berlin_1231470,Cadre,Berlin,26
KeyPers_Berlin_1231471,Ingénieur Informaticien,Berlin,85
KeyPers_Berlin_1231472,Ingénieur Data,Berlin,59
KeyPers_Berlin_1231473,Ingénieur Informaticien,Berlin,55
KeyPers_Berlin_1231474,Ingénieur Informaticien,Berlin,94
KeyPers_Berlin_1231475,Cadre,Berlin,68
KeyPers_Berlin_1231476,DRH,Berlin,92
KeyPers_Berlin_1231477,Ingénieur Informaticien,Berlin,85
KeyPers_Berlin_1231478,Ingénieur Data,Berlin,70
KeyPers_Berlin_1231479,Ingénieur Data,Berlin,62
KeyPers_Berlin_1231480,Ingénieur Data,Berlin,43
KeyPers_Berlin_1231481,Ingénieur Data,Berlin,60
KeyPers_Berlin_1231482,Ingénieur Data,Berlin,40
KeyPers_Berlin_1231483,Ingénieur Data,Berlin,38
KeyPers_Berlin_1231484,Cadre,Berlin,44
KeyPers_Berlin_1231485,Ingénieur Informaticien,Berlin,70
KeyPers_Berlin_1231486,Ingénieur Informaticien,Berlin,61
KeyPers_Berlin_1231487,Ingénieur Data,Berlin,33
KeyPers_Berlin_1231488,Ingénieur Informaticien,Berlin,34
KeyPers_Berlin_1231489,Ingénieur Informaticien,Berlin,71
KeyPers_Berlin_1231490,Ingénieur Data,Berlin,37
KeyPers_Berlin_1231491,Ingénieur Informaticien,Berlin,33
KeyPers_Berlin_1231492,Ingénieur Informaticien,Berlin,82
KeyPers_Berlin_1231493,Cadre,Berlin,68
KeyPers_Berlin_1231494,Economiste,Berlin,40
KeyPers_Berlin_1231495,Ingénieur Data,Berlin,29
KeyPers_Berlin_1231496,Ingénieur Informaticien,Berlin,95
KeyPers_Berlin_1231497,Economiste,Berlin,41
KeyPers_Berlin_1231498,Ingénieur Informaticien,Berlin,58
KeyPers_Berlin_1231499,Ingénieur Data,Berlin,34
KeyPers_Berlin_1231500,Cadre,Berlin,93
KeyPers_Berlin_1231501,Ingénieur Informaticien,Berlin,49
KeyPers_Berlin_1231502,Ingénieur Informaticien,Berlin,42
KeyPers_Berlin_1231503,Cadre,Berlin,84
KeyPers_Berlin_1231504,Ingénieur Data,Berlin,39
KeyPers_Berlin_1231505,Ingénieur Informaticien,Berlin,90
KeyPers_Berlin_1231506,Ingénieur Data,Berlin,93
KeyPers_Berlin_1231507,Ingénieur Informaticien,Berlin,87
KeyPers_Berlin_1231508,Ingénieur Data,Berlin,68
KeyPers_Berlin_1231509,Ingénieur Informaticien,Berlin,48
KeyPers_Berlin_1231510,Cadre,Berlin,48
KeyPers_Berlin_1231511,Ingénieur Informaticien,Berlin,59
KeyPers_Berlin_1231512,Ingénieur Informaticien,Berlin,81
KeyPers_Berlin_1231513,Cadre,Berlin,61
KeyPers_Berlin_1231514,Ingénieur Data,Berlin,91
KeyPers_Berlin_1231515,Economiste,Berlin,50
KeyPers_Berlin_1231516,Cadre,Berlin,71
KeyPers_Berlin_1231517,Ingénieur Informaticien,Berlin,82
KeyPers_Berlin_1231518,Cadre,Berlin,55
KeyPers_Berlin_1231519,Cadre,Berlin,69
KeyPers_Berlin_1231520,DRH,Berlin,24
KeyPers_Berlin_1231521,Cadre,Berlin,65
KeyPers_Berlin_1231522,Ingénieur Data,Berlin,82
KeyPers_Berlin_1231523,Cadre,Berlin,82
KeyPers_Berlin_1231524,Ingénieur Data,Berlin,30
KeyPers_Berlin_1231525,Ingénieur Data,Berlin,33
KeyPers_Berlin_1231526,Ingénieur Informaticien,Berlin,89
KeyPers_Berlin_1231527,Ingénieur Data,Berlin,56
KeyPers_Berlin_1231528,Ingénieur Informaticien,Berlin,75
KeyPers_Berlin_1231529,Economiste,Berlin,59
KeyPers_Berlin_1231530,Ingénieur Data,Berlin,69
KeyPers_Berlin_1231531,Ingénieur Data,Berlin,45
KeyPers_Berlin_1231532,Cadre,Berlin,96
KeyPers_Berlin_1231533,Ingénieur Data,Berlin,38
KeyPers_Berlin_1231534,Ingénieur Data,Berlin,60
KeyPers_Berlin_1231535,Ingénieur Data,Berlin,79
KeyPers_Berlin_1231536,Ingénieur Informaticien,Berlin,53
KeyPers_Berlin_1231537,Ingénieur Informaticien,Berlin,91
KeyPers_Berlin_1231538,Cadre,Berlin,32
KeyPers_Berlin_1231539,Ingénieur Informaticien,Berlin,93
KeyPers_Berlin_1231540,Ingénieur Informaticien,Berlin,43
KeyPers_Berlin_1231541,Cadre,Berlin,41
KeyPers_Berlin_1231542,Cadre,Berlin,26
KeyPers_Berlin_1231543,Ingénieur Data,Berlin,83
KeyPers_Berlin_1231544,Ingénieur Informaticien,Berlin,78
KeyPers_Berlin_1231545,Ingénieur Informaticien,Berlin,66
KeyPers_Berlin_1231546,Ingénieur Informaticien,Berlin,39
KeyPers_Berlin_1231547,Ingénieur Data,Berlin,67
KeyPers_Berlin_1231548,Cadre,Berlin,94
KeyPers_Berlin_1231549,Ingénieur Data,Berlin,85
KeyPers_Berlin_1231550,Ingénieur Informaticien,Berlin,89
KeyPers_Berlin_1231551,Economiste,Berlin,90
KeyPers_Berlin_1231552,Ingénieur Informaticien,Berlin,28
KeyPers_Berlin_1231553,Ingénieur Informaticien,Berlin,92
KeyPers_Berlin_1231554,Economiste,Berlin,33
KeyPers_Berlin_1231555,Ingénieur Data,Berlin,84
KeyPers_Berlin_1231556,Ingénieur Data,Berlin,82
KeyPers_Berlin_1231557,Ingénieur Data,Berlin,48
KeyPers_Berlin_1231558,Ingénieur Informaticien,Berlin,71
KeyPers_Berlin_1231559,DRH,Berlin,91
KeyPers_Berlin_1231560,Cadre,Berlin,27
KeyPers_Berlin_1231561,Ingénieur Data,Berlin,31
KeyPers_Berlin_1231562,Economiste,Berlin,55
KeyPers_Berlin_1231563,Ingénieur Data,Berlin,37
KeyPers_Berlin_1231564,Cadre,Berlin,50
KeyPers_Berlin_1231565,Ingénieur Data,Berlin,65
KeyPers_Berlin_1231566,Ingénieur Informaticien,Berlin,90
KeyPers_Berlin_1231567,Economiste,Berlin,87
KeyPers_Berlin_1231568,DRH,Berlin,56
KeyPers_Berlin_1231569,Cadre,Berlin,50
KeyPers_Berlin_1231570,Ingénieur Informaticien,Berlin,47
KeyPers_Berlin_1231571,Ingénieur Data,Berlin,38
KeyPers_Berlin_1231572,Economiste,Berlin,77
KeyPers_Berlin_1231573,Ingénieur Data,Berlin,69
KeyPers_Berlin_1231574,Ingénieur Data,Berlin,42
KeyPers_Berlin_1231575,Economiste,Berlin,41
KeyPers_Berlin_1231576,Ingénieur Informaticien,Berlin,89
KeyPers_Berlin_1231577,DRH,Berlin,26
KeyPers_Berlin_1231578,Ingénieur Data,Berlin,69
KeyPers_Berlin_1231579,Ingénieur Data,Berlin,43
KeyPers_Berlin_1231580,Ingénieur Data,Berlin,55
KeyPers_Berlin_1231581,Ingénieur Data,Berlin,42
KeyPers_Berlin_1231582,Cadre,Berlin,44
KeyPers_Berlin_1231583,Cadre,Berlin,54
KeyPers_Berlin_1231584,Ingénieur Data,Berlin,42
KeyPers_Berlin_1231585,Ingénieur Informaticien,Berlin,77
KeyPers_Berlin_1231586,Ingénieur Informaticien,Berlin,30
KeyPers_Berlin_1231587,Ingénieur Informaticien,Berlin,31
KeyPers_Berlin_1231588,Ingénieur Informaticien,Berlin,63
KeyPers_Berlin_1231589,Ingénieur Data,Berlin,81
KeyPers_Berlin_1231590,Ingénieur Data,Berlin,52
KeyPers_Berlin_1231591,Economiste,Berlin,61
KeyPers_Berlin_1231592,DRH,Berlin,53
KeyPers_Berlin_1231593,DRH,Berlin,68
KeyPers_Berlin_1231594,Ingénieur Informaticien,Berlin,63
KeyPers_Berlin_1231595,Cadre,Berlin,73
KeyPers_Berlin_1231596,Ingénieur Informaticien,Berlin,51
KeyPers_Berlin_1231597,Ingénieur Informaticien,Berlin,37
KeyPers_Berlin_1231598,Ingénieur Data,Berlin,36
KeyPers_Berlin_1231599,Ingénieur Informaticien,Berlin,50
KeyPers_Berlin_1231600,DRH,Berlin,76
KeyPers_Berlin_1231601,Ingénieur Informaticien,Berlin,84
KeyPers_Berlin_1231602,Ingénieur Informaticien,Berlin,60
KeyPers_Berlin_1231603,Cadre,Berlin,37
KeyPers_Berlin_1231604,Ingénieur Informaticien,Berlin,61
KeyPers_Berlin_1231605,Ingénieur Data,Berlin,32
KeyPers_Berlin_1231606,Ingénieur Informaticien,Berlin,69
KeyPers_Berlin_1231607,Cadre,Berlin,49
KeyPers_Berlin_1231608,Ingénieur Data,Berlin,26
KeyPers_Berlin_1231609,Ingénieur Informaticien,Berlin,81
KeyPers_Berlin_1231610,Ingénieur Informaticien,Berlin,32
KeyPers_Berlin_1231611,Ingénieur Data,Berlin,63
KeyPers_Berlin_1231612,Ingénieur Informaticien,Berlin,83
KeyPers_Berlin_1231613,Ingénieur Informaticien,Berlin,26
KeyPers_Berlin_1231614,Cadre,Berlin,86
KeyPers_Berlin_1231615,Ingénieur Data,Berlin,25
KeyPers_Berlin_1231616,Ingénieur Informaticien,Berlin,24
KeyPers_Berlin_1231617,Ingénieur Data,Berlin,47
KeyPers_Berlin_1231618,Economiste,Berlin,71
KeyPers_Berlin_1231619,Economiste,Berlin,34
KeyPers_Berlin_1231620,Ingénieur Informaticien,Berlin,27
KeyPers_Berlin_1231621,Ingénieur Informaticien,Berlin,42
KeyPers_Berlin_1231622,Ingénieur Data,Berlin,26
KeyPers_Berlin_1231623,Ingénieur Informaticien,Berlin,29
KeyPers_Berlin_1231624,Ingénieur Informaticien,Berlin,58
KeyPers_Berlin_1231625,Economiste,Berlin,87
KeyPers_Berlin_1231626,Cadre,Berlin,70
KeyPers_Berlin_1231627,Economiste,Berlin,91
KeyPers_Berlin_1231628,Ingénieur Data,Berlin,37
KeyPers_Berlin_1231629,Cadre,Berlin,25
KeyPers_Berlin_1231630,Ingénieur Data,Berlin,35
KeyPers_Berlin_1231631,Ingénieur Data,Berlin,88
KeyPers_Berlin_1231632,Ingénieur Data,Berlin,36
KeyPers_Berlin_1231633,Ingénieur Informaticien,Berlin,84
KeyPers_Berlin_1231634,Ingénieur Informaticien,Berlin,93
KeyPers_Berlin_1231635,Ingénieur Data,Berlin,60
KeyPers_Berlin_1231636,Ingénieur Informaticien,Berlin,75
KeyPers_Berlin_1231637,Ingénieur Informaticien,Berlin,71
KeyPers_Berlin_1231638,Ingénieur Data,Berlin,39
KeyPers_Berlin_1231639,Ingénieur Informaticien,Berlin,34
KeyPers_Berlin_1231640,Cadre,Berlin,63
KeyPers_Berlin_1231641,Ingénieur Data,Berlin,88
KeyPers_Berlin_1231642,Economiste,Berlin,83
KeyPers_Berlin_1231643,Ingénieur Informaticien,Berlin,66
KeyPers_Berlin_1231644,Ingénieur Informaticien,Berlin,67
KeyPers_Berlin_1231645,Ingénieur Data,Berlin,32
KeyPers_Berlin_1231646,Ingénieur Data,Berlin,59
KeyPers_Berlin_1231647,Ingénieur Informaticien,Berlin,47
KeyPers_Berlin_1231648,Ingénieur Data,Berlin,52
KeyPers_Berlin_1231649,Ingénieur Informaticien,Berlin,34
KeyPers_Berlin_1231650,Cadre,Berlin,77
KeyPers_Berlin_1231651,Ingénieur Informaticien,Berlin,70
KeyPers_Berlin_1231652,Cadre,Berlin,71
KeyPers_Berlin_1231653,Ingénieur Informaticien,Berlin,78
KeyPers_Berlin_1231654,Cadre,Berlin,47
KeyPers_Berlin_1231655,Ingénieur Informaticien,Berlin,32
KeyPers_Berlin_1231656,Ingénieur Data,Berlin,28
KeyPers_Berlin_1231657,Ingénieur Informaticien,Berlin,52
KeyPers_Berlin_1231658,Cadre,Berlin,25
KeyPers_Berlin_1231659,Ingénieur Informaticien,Berlin,93
KeyPers_Berlin_1231660,Ingénieur Informaticien,Berlin,66
KeyPers_Berlin_1231661,Ingénieur Informaticien,Berlin,52
KeyPers_Berlin_1231662,Cadre,Berlin,43
KeyPers_Berlin_1231663,Ingénieur Data,Berlin,87
KeyPers_Berlin_1231664,Economiste,Berlin,57
KeyPers_Berlin_1231665,Ingénieur Informaticien,Berlin,71
KeyPers_Berlin_1231666,Ingénieur Informaticien,Berlin,66
KeyPers_Berlin_1231667,Ingénieur Data,Berlin,78
KeyPers_Berlin_1231668,Cadre,Berlin,94
KeyPers_Berlin_1231669,Cadre,Berlin,28
KeyPers_Berlin_1231670,Ingénieur Informaticien,Berlin,93
KeyPers_Berlin_1231671,Economiste,Berlin,57
KeyPers_Berlin_1231672,Ingénieur Informaticien,Berlin,40
KeyPers_Berlin_1231673,Ingénieur Informaticien,Berlin,50
KeyPers_Berlin_1231674,Ingénieur Informaticien,Berlin,54
KeyPers_Berlin_1231675,Ingénieur Data,Berlin,43
KeyPers_Berlin_1231676,Cadre,Berlin,57
KeyPers_Berlin_1231677,Cadre,Berlin,85
KeyPers_Berlin_1231678,Ingénieur Data,Berlin,32
KeyPers_Berlin_1231679,Ingénieur Informaticien,Berlin,62
KeyPers_Berlin_1231680,Ingénieur Informaticien,Berlin,78
KeyPers_Berlin_1231681,Ingénieur Data,Berlin,40
KeyPers_Berlin_1231682,Ingénieur Informaticien,Berlin,26
KeyPers_Berlin_1231683,Ingénieur Data,Berlin,75
KeyPers_Berlin_1231684,Ingénieur Data,Berlin,85
KeyPers_Berlin_1231685,Cadre,Berlin,30
KeyPers_Berlin_1231686,Cadre,Berlin,79
KeyPers_Berlin_1231687,Ingénieur Informaticien,Berlin,53
KeyPers_Berlin_1231688,Ingénieur Data,Berlin,59
KeyPers_Berlin_1231689,Ingénieur Informaticien,Berlin,67
KeyPers_Berlin_1231690,Ingénieur Informaticien,Berlin,50
KeyPers_Berlin_1231691,Ingénieur Data,Berlin,26
KeyPers_Berlin_1231692,Ingénieur Informaticien,Berlin,50
KeyPers_Berlin_1231693,Ingénieur Data,Berlin,39
KeyPers_Berlin_1231694,Ingénieur Informaticien,Berlin,25
KeyPers_Berlin_1231695,Ingénieur Informaticien,Berlin,81
KeyPers_Berlin_1231696,Ingénieur Data,Berlin,61
KeyPers_Berlin_1231697,Cadre,Berlin,80
KeyPers_Berlin_1231698,Ingénieur Informaticien,Berlin,41
KeyPers_Berlin_1231699,Cadre,Berlin,52
KeyPers_Berlin_1231700,Cadre,Berlin,88
KeyPers_Berlin_1231701,Ingénieur Informaticien,Berlin,25
KeyPers_Berlin_1231702,Ingénieur Informaticien,Berlin,43
KeyPers_Berlin_1231703,Cadre,Berlin,65
KeyPers_Berlin_1231704,Ingénieur Informaticien,Berlin,31
KeyPers_Berlin_1231705,Ingénieur Data,Berlin,81
KeyPers_Berlin_1231706,Ingénieur Data,Berlin,73
KeyPers_Berlin_1231707,Economiste,Berlin,74
KeyPers_Berlin_1231708,Ingénieur Informaticien,Berlin,81
KeyPers_Berlin_1231709,Cadre,Berlin,64
KeyPers_Berlin_1231710,Ingénieur Informaticien,Berlin,28
KeyPers_Berlin_1231711,Ingénieur Data,Berlin,28
KeyPers_Berlin_1231712,Ingénieur Informaticien,Berlin,48
KeyPers_Berlin_1231713,Ingénieur Data,Berlin,74
KeyPers_Berlin_1231714,Ingénieur Data,Berlin,65
KeyPers_Berlin_1231715,Ingénieur Informaticien,Berlin,93
KeyPers_Berlin_1231716,Cadre,Berlin,60
KeyPers_Berlin_1231717,Ingénieur Informaticien,Berlin,50
KeyPers_Berlin_1231718,Ingénieur Informaticien,Berlin,86
KeyPers_Berlin_1231719,Economiste,Berlin,83
KeyPers_Berlin_1231720,Cadre,Berlin,68
KeyPers_Berlin_1231721,Ingénieur Data,Berlin,57
KeyPers_Berlin_1231722,Economiste,Berlin,84
KeyPers_Berlin_1231723,Ingénieur Data,Berlin,34
KeyPers_Berlin_1231724,Ingénieur Data,Berlin,53
KeyPers_Berlin_1231725,Cadre,Berlin,40
KeyPers_Berlin_1231726,Ingénieur Informaticien,Berlin,32
KeyPers_Berlin_1231727,Cadre,Berlin,49
KeyPers_Berlin_1231728,Ingénieur Informaticien,Berlin,75
KeyPers_Berlin_1231729,Ingénieur Informaticien,Berlin,31
KeyPers_Berlin_1231730,Ingénieur Informaticien,Berlin,62
KeyPers_Berlin_1231731,Ingénieur Informaticien,Berlin,89
KeyPers_Berlin_1231732,Ingénieur Data,Berlin,28
KeyPers_Berlin_1231733,Ingénieur Informaticien,Berlin,69
KeyPers_Berlin_1231734,Economiste,Berlin,69
KeyPers_Berlin_1231735,Ingénieur Informaticien,Berlin,62
KeyPers_Berlin_1231736,Cadre,Berlin,85
KeyPers_Berlin_1231737,Ingénieur Data,Berlin,78
KeyPers_Berlin_1231738,Ingénieur Data,Berlin,54
KeyPers_Berlin_1231739,Cadre,Berlin,75
KeyPers_Berlin_1231740,Ingénieur Data,Berlin,82
KeyPers_Berlin_1231741,Cadre,Berlin,77
KeyPers_Berlin_1231742,Ingénieur Data,Berlin,86
KeyPers_Berlin_1231743,Economiste,Berlin,44
KeyPers_Berlin_1231744,Ingénieur Data,Berlin,41
KeyPers_Berlin_1231745,Ingénieur Informaticien,Berlin,42
KeyPers_Berlin_1231746,Ingénieur Data,Berlin,63
KeyPers_Berlin_1231747,Ingénieur Informaticien,Berlin,37
KeyPers_Berlin_1231748,Cadre,Berlin,76
KeyPers_Berlin_1231749,Ingénieur Data,Berlin,39
KeyPers_Berlin_1231750,Ingénieur Data,Berlin,42
KeyPers_Berlin_1231751,Economiste,Berlin,71
KeyPers_Berlin_1231752,Ingénieur Informaticien,Berlin,52
KeyPers_Berlin_1231753,Ingénieur Data,Berlin,30
KeyPers_Berlin_1231754,Ingénieur Data,Berlin,39
KeyPers_Berlin_1231755,Economiste,Berlin,62
KeyPers_Berlin_1231756,Ingénieur Informaticien,Berlin,47
KeyPers_Berlin_1231757,Cadre,Berlin,39
KeyPers_Berlin_1231758,Economiste,Berlin,37
KeyPers_Berlin_1231759,Ingénieur Informaticien,Berlin,56
KeyPers_Berlin_1231760,Ingénieur Data,Berlin,46
KeyPers_Berlin_1231761,Ingénieur Informaticien,Berlin,47
KeyPers_Berlin_1231762,Ingénieur Data,Berlin,80
KeyPers_Berlin_1231763,Cadre,Berlin,80
KeyPers_Berlin_1231764,Ingénieur Informaticien,Berlin,38
KeyPers_Berlin_1231765,Ingénieur Data,Berlin,90
KeyPers_Berlin_1231766,Ingénieur Data,Berlin,53
KeyPers_Berlin_1231767,Ingénieur Informaticien,Berlin,28
KeyPers_Berlin_1231768,Ingénieur Data,Berlin,35
KeyPers_Berlin_1231769,Cadre,Berlin,69
KeyPers_Berlin_1231770,Ingénieur Data,Berlin,62
KeyPers_Berlin_1231771,Ingénieur Data,Berlin,65
KeyPers_Berlin_1231772,Ingénieur Data,Berlin,31
KeyPers_Berlin_1231773,Economiste,Berlin,69
KeyPers_Berlin_1231774,Ingénieur Data,Berlin,30
KeyPers_Berlin_1231775,Cadre,Berlin,92
KeyPers_Berlin_1231776,Cadre,Berlin,79
KeyPers_Berlin_1231777,Cadre,Berlin,77
KeyPers_Berlin_1231778,Cadre,Berlin,28
KeyPers_Berlin_1231779,Ingénieur Data,Berlin,95
KeyPers_Berlin_1231780,Ingénieur Data,Berlin,91
KeyPers_Berlin_1231781,Ingénieur Informaticien,Berlin,87
KeyPers_Berlin_1231782,Ingénieur Informaticien,Berlin,35
KeyPers_Berlin_1231783,Ingénieur Data,Berlin,87
KeyPers_Berlin_1231784,Ingénieur Informaticien,Berlin,50
KeyPers_Berlin_1231785,Ingénieur Informaticien,Berlin,65
KeyPers_Berlin_1231786,Ingénieur Informaticien,Berlin,75
KeyPers_Berlin_1231787,Ingénieur Data,Berlin,25
KeyPers_Berlin_1231788,Ingénieur Informaticien,Berlin,64
KeyPers_Berlin_1231789,Ingénieur Informaticien,Berlin,29
KeyPers_Berlin_1231790,Ingénieur Data,Berlin,92
KeyPers_Berlin_1231791,Ingénieur Informaticien,Berlin,45
KeyPers_Berlin_1231792,Ingénieur Data,Berlin,31
KeyPers_Berlin_1231793,Cadre,Berlin,28
KeyPers_Berlin_1231794,Ingénieur Data,Berlin,51
KeyPers_Berlin_1231795,Ingénieur Informaticien,Berlin,54
KeyPers_Berlin_1231796,Ingénieur Data,Berlin,52
KeyPers_Berlin_1231797,Cadre,Berlin,81
KeyPers_Berlin_1231798,Ingénieur Informaticien,Berlin,42
KeyPers_Berlin_1231799,Cadre,Berlin,89
KeyPers_Berlin_1231800,Economiste,Berlin,71
KeyPers_Berlin_1231801,Ingénieur Informaticien,Berlin,93
KeyPers_Berlin_1231802,Ingénieur Informaticien,Berlin,81
KeyPers_Berlin_1231803,Ingénieur Informaticien,Berlin,91
KeyPers_Berlin_1231804,Cadre,Berlin,41
KeyPers_Berlin_1231805,Economiste,Berlin,91
KeyPers_Berlin_1231806,Ingénieur Informaticien,Berlin,53
KeyPers_Berlin_1231807,Cadre,Berlin,76
KeyPers_Berlin_1231808,Ingénieur Informaticien,Berlin,71
KeyPers_Berlin_1231809,Ingénieur Informaticien,Berlin,58
KeyPers_Berlin_1231810,Ingénieur Data,Berlin,83
KeyPers_Berlin_1231811,Economiste,Berlin,34
KeyPers_Berlin_1231812,Ingénieur Informaticien,Berlin,25
KeyPers_Berlin_1231813,Economiste,Berlin,61
KeyPers_Berlin_1231814,Economiste,Berlin,70
KeyPers_Berlin_1231815,Ingénieur Data,Berlin,30
KeyPers_Berlin_1231816,Ingénieur Informaticien,Berlin,32
KeyPers_Berlin_1231817,Economiste,Berlin,66
KeyPers_Berlin_1231818,Ingénieur Informaticien,Berlin,26
KeyPers_Berlin_1231819,Cadre,Berlin,49
KeyPers_Berlin_1231820,Ingénieur Informaticien,Berlin,80
KeyPers_Berlin_1231821,Ingénieur Informaticien,Berlin,49
KeyPers_Berlin_1231822,Cadre,Berlin,89
KeyPers_Berlin_1231823,Cadre,Berlin,95
KeyPers_Berlin_1231824,Ingénieur Informaticien,Berlin,59
KeyPers_Berlin_1231825,Ingénieur Data,Berlin,51
KeyPers_Berlin_1231826,Cadre,Berlin,80
KeyPers_Berlin_1231827,Ingénieur Data,Berlin,54
KeyPers_Berlin_1231828,Ingénieur Informaticien,Berlin,82
KeyPers_Berlin_1231829,Ingénieur Data,Berlin,76
KeyPers_Berlin_1231830,Ingénieur Informaticien,Berlin,26
KeyPers_Berlin_1231831,Ingénieur Data,Berlin,31
KeyPers_Berlin_1231832,Ingénieur Informaticien,Berlin,63
KeyPers_Berlin_1231833,Ingénieur Informaticien,Berlin,67
KeyPers_Berlin_1231834,Ingénieur Informaticien,Berlin,33
KeyPers_Berlin_1231835,Ingénieur Informaticien,Berlin,75
KeyPers_Berlin_1231836,Ingénieur Informaticien,Berlin,72
KeyPers_Berlin_1231837,Ingénieur Informaticien,Berlin,90
KeyPers_Berlin_1231838,Economiste,Berlin,90
KeyPers_Berlin_1231839,Ingénieur Informaticien,Berlin,28
KeyPers_Berlin_1231840,Ingénieur Informaticien,Berlin,58
KeyPers_Berlin_1231841,Ingénieur Data,Berlin,59
KeyPers_Berlin_1231842,Ingénieur Data,Berlin,58
KeyPers_Berlin_1231843,Ingénieur Informaticien,Berlin,30
KeyPers_Berlin_1231844,Ingénieur Data,Berlin,49
KeyPers_Berlin_1231845,DRH,Berlin,39
KeyPers_Berlin_1231846,Ingénieur Data,Berlin,43
KeyPers_Berlin_1231847,Cadre,Berlin,28
KeyPers_Berlin_1231848,Ingénieur Informaticien,Berlin,90
KeyPers_Berlin_1231849,Ingénieur Informaticien,Berlin,37
KeyPers_Berlin_1231850,DRH,Berlin,66
KeyPers_Berlin_1231851,Ingénieur Informaticien,Berlin,49
KeyPers_Berlin_1231852,Ingénieur Informaticien,Berlin,41
KeyPers_Berlin_1231853,Cadre,Berlin,95
KeyPers_Berlin_1231854,Cadre,Berlin,42
KeyPers_Berlin_1231855,Ingénieur Informaticien,Berlin,32
KeyPers_Berlin_1231856,Ingénieur Informaticien,Berlin,46
KeyPers_Berlin_1231857,Ingénieur Informaticien,Berlin,43
KeyPers_Berlin_1231858,Cadre,Berlin,42
KeyPers_Berlin_1231859,Ingénieur Data,Berlin,91
KeyPers_Berlin_1231860,Ingénieur Informaticien,Berlin,37
KeyPers_Berlin_1231861,Ingénieur Informaticien,Berlin,68
KeyPers_Berlin_1231862,Ingénieur Data,Berlin,31
KeyPers_Berlin_1231863,Ingénieur Data,Berlin,38
KeyPers_Berlin_1231864,Ingénieur Informaticien,Berlin,77
KeyPers_Berlin_1231865,Ingénieur Informaticien,Berlin,60
KeyPers_Berlin_1231866,Ingénieur Data,Berlin,61
KeyPers_Berlin_1231867,Ingénieur Informaticien,Berlin,45
KeyPers_Berlin_1231868,Cadre,Berlin,45
KeyPers_Berlin_1231869,Ingénieur Informaticien,Berlin,24
KeyPers_Berlin_1231870,Cadre,Berlin,87
KeyPers_Berlin_1231871,Ingénieur Informaticien,Berlin,53
KeyPers_Berlin_1231872,Economiste,Berlin,43
KeyPers_Berlin_1231873,Ingénieur Data,Berlin,68
KeyPers_Berlin_1231874,Ingénieur Informaticien,Berlin,86
KeyPers_Berlin_1231875,Cadre,Berlin,76
KeyPers_Berlin_1231876,Ingénieur Data,Berlin,26
KeyPers_Berlin_1231877,Cadre,Berlin,46
KeyPers_Berlin_1231878,DRH,Berlin,86
KeyPers_Berlin_1231879,Cadre,Berlin,65
KeyPers_Berlin_1231880,Ingénieur Data,Berlin,59
KeyPers_Berlin_1231881,Ingénieur Informaticien,Berlin,44
KeyPers_Berlin_1231882,Economiste,Berlin,95
KeyPers_Berlin_1231883,Ingénieur Data,Berlin,41
KeyPers_Berlin_1231884,Cadre,Berlin,58
KeyPers_Berlin_1231885,Ingénieur Informaticien,Berlin,37
KeyPers_Berlin_1231886,Cadre,Berlin,38
KeyPers_Berlin_1231887,Ingénieur Data,Berlin,35
KeyPers_Berlin_1231888,Ingénieur Informaticien,Berlin,93
KeyPers_Berlin_1231889,Cadre,Berlin,47
KeyPers_Berlin_1231890,Cadre,Berlin,56
KeyPers_Berlin_1231891,DRH,Berlin,84
KeyPers_Berlin_1231892,Ingénieur Data,Berlin,30
KeyPers_Berlin_1231893,Economiste,Berlin,48
KeyPers_Berlin_1231894,Ingénieur Data,Berlin,58
KeyPers_Berlin_1231895,Ingénieur Data,Berlin,82
KeyPers_Berlin_1231896,Cadre,Berlin,66
KeyPers_Berlin_1231897,Ingénieur Data,Berlin,76
KeyPers_Berlin_1231898,Ingénieur Informaticien,Berlin,46
KeyPers_Berlin_1231899,Ingénieur Informaticien,Berlin,46
KeyPers_Berlin_1231900,Cadre,Berlin,80
KeyPers_Berlin_1231901,Ingénieur Informaticien,Berlin,75
KeyPers_Berlin_1231902,Ingénieur Informaticien,Berlin,80
KeyPers_Berlin_1231903,Ingénieur Data,Berlin,31
KeyPers_Berlin_1231904,Ingénieur Data,Berlin,81
KeyPers_Berlin_1231905,Ingénieur Informaticien,Berlin,85
KeyPers_Berlin_1231906,Cadre,Berlin,28
KeyPers_Berlin_1231907,Ingénieur Informaticien,Berlin,70
KeyPers_Berlin_1231908,Cadre,Berlin,52
KeyPers_Berlin_1231909,Ingénieur Informaticien,Berlin,77
KeyPers_Berlin_1231910,Ingénieur Data,Berlin,39
KeyPers_Berlin_1231911,Ingénieur Informaticien,Berlin,64
KeyPers_Berlin_1231912,Ingénieur Informaticien,Berlin,81
KeyPers_Berlin_1231913,Ingénieur Informaticien,Berlin,64
KeyPers_Berlin_1231914,Ingénieur Data,Berlin,34
KeyPers_Berlin_1231915,Ingénieur Informaticien,Berlin,75
KeyPers_Berlin_1231916,Ingénieur Informaticien,Berlin,77
KeyPers_Berlin_1231917,Ingénieur Informaticien,Berlin,76
KeyPers_Berlin_1231918,Ingénieur Data,Berlin,60
KeyPers_Berlin_1231919,Ingénieur Data,Berlin,36
KeyPers_Berlin_1231920,Ingénieur Informaticien,Berlin,34
KeyPers_Berlin_1231921,Economiste,Berlin,83
KeyPers_Berlin_1231922,Ingénieur Data,Berlin,91
KeyPers_Berlin_1231923,Ingénieur Data,Berlin,27
KeyPers_Berlin_1231924,Ingénieur Data,Berlin,57
KeyPers_Berlin_1231925,Economiste,Berlin,44
KeyPers_Berlin_1231926,Cadre,Berlin,90
KeyPers_Berlin_1231927,Ingénieur Data,Berlin,71
KeyPers_Berlin_1231928,Ingénieur Informaticien,Berlin,80
KeyPers_Berlin_1231929,Economiste,Berlin,65
KeyPers_Berlin_1231930,Economiste,Berlin,33
KeyPers_Berlin_1231931,Ingénieur Informaticien,Berlin,47
KeyPers_Berlin_1231932,Ingénieur Informaticien,Berlin,28
KeyPers_Berlin_1231933,Ingénieur Informaticien,Berlin,73
KeyPers_Berlin_1231934,Ingénieur Informaticien,Berlin,40
KeyPers_Berlin_1231935,Economiste,Berlin,95
KeyPers_Berlin_1231936,Ingénieur Informaticien,Berlin,58
KeyPers_Berlin_1231937,Economiste,Berlin,43
KeyPers_Berlin_1231938,Cadre,Berlin,95
KeyPers_Berlin_1231939,Ingénieur Data,Berlin,24
KeyPers_Berlin_1231940,Economiste,Berlin,75
KeyPers_Berlin_1231941,Ingénieur Informaticien,Berlin,69
KeyPers_Berlin_1231942,Ingénieur Informaticien,Berlin,66
KeyPers_Berlin_1231943,Ingénieur Informaticien,Berlin,60
KeyPers_Berlin_1231944,Ingénieur Informaticien,Berlin,95
KeyPers_Berlin_1231945,Ingénieur Data,Berlin,58
KeyPers_Berlin_1231946,Ingénieur Informaticien,Berlin,28
KeyPers_Berlin_1231947,Ingénieur Data,Berlin,47
KeyPers_Berlin_1231948,Ingénieur Informaticien,Berlin,39
KeyPers_Berlin_1231949,Ingénieur Informaticien,Berlin,26
KeyPers_Berlin_1231950,Ingénieur Data,Berlin,79
KeyPers_Berlin_1231951,Ingénieur Informaticien,Berlin,57
KeyPers_Berlin_1231952,Cadre,Berlin,30
KeyPers_Berlin_1231953,Ingénieur Data,Berlin,94
KeyPers_Berlin_1231954,Ingénieur Data,Berlin,53
KeyPers_Berlin_1231955,Ingénieur Informaticien,Berlin,90
KeyPers_Berlin_1231956,Ingénieur Informaticien,Berlin,33
KeyPers_Berlin_1231957,Ingénieur Informaticien,Berlin,58
KeyPers_Berlin_1231958,Cadre,Berlin,38
KeyPers_Berlin_1231959,Ingénieur Informaticien,Berlin,83
KeyPers_Berlin_1231960,Cadre,Berlin,29
KeyPers_Berlin_1231961,Ingénieur Informaticien,Berlin,87
KeyPers_Berlin_1231962,Ingénieur Informaticien,Berlin,67
KeyPers_Berlin_1231963,Ingénieur Informaticien,Berlin,77
KeyPers_Berlin_1231964,Ingénieur Informaticien,Berlin,91
KeyPers_Berlin_1231965,Ingénieur Data,Berlin,27
KeyPers_Berlin_1231966,Ingénieur Informaticien,Berlin,71
KeyPers_Berlin_1231967,Ingénieur Data,Berlin,27
KeyPers_Berlin_1231968,Ingénieur Data,Berlin,26
KeyPers_Berlin_1231969,Ingénieur Data,Berlin,47
KeyPers_Berlin_1231970,Ingénieur Informaticien,Berlin,26
KeyPers_Berlin_1231971,Ingénieur Informaticien,Berlin,74
KeyPers_Berlin_1231972,Ingénieur Data,Berlin,95
KeyPers_Berlin_1231973,Ingénieur Informaticien,Berlin,37
KeyPers_Berlin_1231974,Ingénieur Data,Berlin,81
KeyPers_Berlin_1231975,Ingénieur Informaticien,Berlin,33
KeyPers_Berlin_1231976,Cadre,Berlin,40
KeyPers_Berlin_1231977,Ingénieur Informaticien,Berlin,57
KeyPers_Berlin_1231978,Ingénieur Data,Berlin,83
KeyPers_Berlin_1231979,Ingénieur Data,Berlin,65
KeyPers_Berlin_1231980,Ingénieur Data,Berlin,73
KeyPers_Berlin_1231981,Cadre,Berlin,31
KeyPers_Berlin_1231982,Cadre,Berlin,87
KeyPers_Berlin_1231983,Ingénieur Informaticien,Berlin,35
KeyPers_Berlin_1231984,Ingénieur Data,Berlin,72
KeyPers_Berlin_1231985,Ingénieur Informaticien,Berlin,83
KeyPers_Berlin_1231986,Cadre,Berlin,82
KeyPers_Berlin_1231987,Ingénieur Data,Berlin,28
KeyPers_Berlin_1231988,Ingénieur Data,Berlin,24
KeyPers_Berlin_1231989,Cadre,Berlin,26
KeyPers_Berlin_1231990,Ingénieur Informaticien,Berlin,35
KeyPers_Berlin_1231991,Ingénieur Informaticien,Berlin,41
KeyPers_Berlin_1231992,Ingénieur Informaticien,Berlin,54
KeyPers_Berlin_1231993,Cadre,Berlin,58
KeyPers_Berlin_1231994,Cadre,Berlin,25
KeyPers_Berlin_1231995,Ingénieur Informaticien,Berlin,60
KeyPers_Berlin_1231996,Ingénieur Data,Berlin,77
KeyPers_Berlin_1231997,Cadre,Berlin,69
KeyPers_Berlin_1231998,Cadre,Berlin,58
KeyPers_Berlin_1231999,Ingénieur Data,Berlin,36
KeyPers_Berlin_1232000,Ingénieur Data,Berlin,27
KeyPers_Berlin_1232001,Ingénieur Data,Berlin,89
KeyPers_Berlin_1232002,Ingénieur Informaticien,Berlin,64
KeyPers_Berlin_1232003,Ingénieur Informaticien,Berlin,30
KeyPers_Berlin_1232004,Ingénieur Informaticien,Berlin,52
KeyPers_Berlin_1232005,Ingénieur Data,Berlin,95
KeyPers_Berlin_1232006,Ingénieur Informaticien,Berlin,92
KeyPers_Berlin_1232007,Ingénieur Data,Berlin,59
KeyPers_Berlin_1232008,Ingénieur Data,Berlin,72
KeyPers_Berlin_1232009,Ingénieur Informaticien,Berlin,59
KeyPers_Berlin_1232010,Ingénieur Data,Berlin,62
KeyPers_Berlin_1232011,Cadre,Berlin,84
KeyPers_Berlin_1232012,Ingénieur Informaticien,Berlin,38
KeyPers_Berlin_1232013,Ingénieur Informaticien,Berlin,93
KeyPers_Berlin_1232014,Ingénieur Informaticien,Berlin,41
KeyPers_Berlin_1232015,Ingénieur Informaticien,Berlin,47
KeyPers_Berlin_1232016,Ingénieur Informaticien,Berlin,45
KeyPers_Berlin_1232017,Ingénieur Informaticien,Berlin,44
KeyPers_Berlin_1232018,Cadre,Berlin,26
KeyPers_Berlin_1232019,Economiste,Berlin,70
KeyPers_Berlin_1232020,Ingénieur Data,Berlin,70
KeyPers_Berlin_1232021,Cadre,Berlin,49
KeyPers_Berlin_1232022,Cadre,Berlin,44
KeyPers_Berlin_1232023,Ingénieur Data,Berlin,65
KeyPers_Berlin_1232024,DRH,Berlin,41
KeyPers_Berlin_1232025,Economiste,Berlin,46
KeyPers_Berlin_1232026,Ingénieur Data,Berlin,78
KeyPers_Berlin_1232027,Ingénieur Data,Berlin,63
KeyPers_Berlin_1232028,Cadre,Berlin,69
KeyPers_Berlin_1232029,Ingénieur Informaticien,Berlin,69
KeyPers_Berlin_1232030,Cadre,Berlin,95
KeyPers_Berlin_1232031,Ingénieur Informaticien,Berlin,95
KeyPers_Berlin_1232032,Ingénieur Informaticien,Berlin,38
KeyPers_Berlin_1232033,Ingénieur Informaticien,Berlin,35
KeyPers_Berlin_1232034,Ingénieur Informaticien,Berlin,83
KeyPers_Berlin_1232035,Cadre,Berlin,77
KeyPers_Berlin_1232036,Ingénieur Data,Berlin,49
KeyPers_Berlin_1232037,Cadre,Berlin,44
KeyPers_Berlin_1232038,Ingénieur Informaticien,Berlin,81
KeyPers_Berlin_1232039,Ingénieur Data,Berlin,31
KeyPers_Berlin_1232040,Cadre,Berlin,92
KeyPers_Berlin_1232041,Ingénieur Informaticien,Berlin,64
KeyPers_Berlin_1232042,Ingénieur Data,Berlin,45
KeyPers_Berlin_1232043,Ingénieur Data,Berlin,57
KeyPers_Berlin_1232044,Ingénieur Data,Berlin,54
KeyPers_Berlin_1232045,Ingénieur Data,Berlin,67
KeyPers_Berlin_1232046,Ingénieur Data,Berlin,26
KeyPers_Berlin_1232047,Ingénieur Data,Berlin,36
KeyPers_Berlin_1232048,Cadre,Berlin,87
KeyPers_Berlin_1232049,Ingénieur Data,Berlin,61
KeyPers_Berlin_1232050,Ingénieur Informaticien,Berlin,82
KeyPers_Berlin_1232051,Cadre,Berlin,29
KeyPers_Berlin_1232052,Ingénieur Informaticien,Berlin,28
KeyPers_Berlin_1232053,Ingénieur Informaticien,Berlin,79
KeyPers_Berlin_1232054,Ingénieur Data,Berlin,69
KeyPers_Berlin_1232055,Ingénieur Data,Berlin,30
KeyPers_Berlin_1232056,DRH,Berlin,74
KeyPers_Berlin_1232057,Ingénieur Data,Berlin,60
KeyPers_Berlin_1232058,Economiste,Berlin,94
KeyPers_Berlin_1232059,Ingénieur Data,Berlin,52
KeyPers_Berlin_1232060,Ingénieur Data,Berlin,60
KeyPers_Berlin_1232061,Ingénieur Informaticien,Berlin,64
KeyPers_Berlin_1232062,Ingénieur Data,Berlin,39
KeyPers_Berlin_1232063,Ingénieur Data,Berlin,59
KeyPers_Berlin_1232064,Ingénieur Informaticien,Berlin,83
KeyPers_Berlin_1232065,Cadre,Berlin,27
KeyPers_Berlin_1232066,Ingénieur Informaticien,Berlin,41
KeyPers_Berlin_1232067,Cadre,Berlin,55
KeyPers_Berlin_1232068,Ingénieur Informaticien,Berlin,74
KeyPers_Berlin_1232069,Ingénieur Informaticien,Berlin,88
KeyPers_Berlin_1232070,Ingénieur Informaticien,Berlin,58
KeyPers_Berlin_1232071,Cadre,Berlin,94
KeyPers_Berlin_1232072,Cadre,Berlin,61
KeyPers_Berlin_1232073,Cadre,Berlin,52
KeyPers_Berlin_1232074,Ingénieur Data,Berlin,40
KeyPers_Berlin_1232075,Ingénieur Informaticien,Berlin,40
KeyPers_Berlin_1232076,Economiste,Berlin,24
KeyPers_Berlin_1232077,Ingénieur Informaticien,Berlin,56
KeyPers_Berlin_1232078,Ingénieur Data,Berlin,92
KeyPers_Berlin_1232079,Ingénieur Informaticien,Berlin,76
KeyPers_Berlin_1232080,Ingénieur Data,Berlin,78
KeyPers_Berlin_1232081,Cadre,Berlin,91
KeyPers_Berlin_1232082,Ingénieur Informaticien,Berlin,87
KeyPers_Berlin_1232083,Economiste,Berlin,77
KeyPers_Berlin_1232084,Cadre,Berlin,93
KeyPers_Berlin_1232085,Ingénieur Data,Berlin,40
KeyPers_Berlin_1232086,Ingénieur Informaticien,Berlin,77
KeyPers_Berlin_1232087,Ingénieur Informaticien,Berlin,31
KeyPers_Berlin_1232088,Ingénieur Informaticien,Berlin,80
KeyPers_Berlin_1232089,Cadre,Berlin,95
KeyPers_Berlin_1232090,Ingénieur Data,Berlin,90
KeyPers_Berlin_1232091,Ingénieur Informaticien,Berlin,57
KeyPers_Berlin_1232092,Ingénieur Informaticien,Berlin,84
KeyPers_Berlin_1232093,Ingénieur Data,Berlin,79
KeyPers_Berlin_1232094,Ingénieur Informaticien,Berlin,65
KeyPers_Berlin_1232095,Ingénieur Informaticien,Berlin,92
KeyPers_Berlin_1232096,Ingénieur Data,Berlin,36
KeyPers_Berlin_1232097,Cadre,Berlin,31
KeyPers_Berlin_1232098,Ingénieur Data,Berlin,81
KeyPers_Berlin_1232099,Ingénieur Data,Berlin,49
KeyPers_Berlin_1232100,Ingénieur Informaticien,Berlin,26
KeyPers_Berlin_1232101,Ingénieur Informaticien,Berlin,32
KeyPers_Berlin_1232102,Ingénieur Informaticien,Berlin,92
KeyPers_Berlin_1232103,Economiste,Berlin,27
KeyPers_Berlin_1232104,Cadre,Berlin,93
KeyPers_Berlin_1232105,Ingénieur Informaticien,Berlin,94
KeyPers_Berlin_1232106,Ingénieur Data,Berlin,30
KeyPers_Berlin_1232107,Ingénieur Informaticien,Berlin,72
KeyPers_Berlin_1232108,Ingénieur Informaticien,Berlin,41
KeyPers_Berlin_1232109,Ingénieur Data,Berlin,64
KeyPers_Berlin_1232110,Ingénieur Data,Berlin,52
KeyPers_Berlin_1232111,Ingénieur Data,Berlin,71
KeyPers_Berlin_1232112,Ingénieur Data,Berlin,93
KeyPers_Berlin_1232113,Ingénieur Informaticien,Berlin,37
KeyPers_Berlin_1232114,Ingénieur Data,Berlin,27
KeyPers_Berlin_1232115,Ingénieur Data,Berlin,32
KeyPers_Berlin_1232116,Ingénieur Data,Berlin,29
KeyPers_Berlin_1232117,Ingénieur Informaticien,Berlin,68
KeyPers_Berlin_1232118,Ingénieur Informaticien,Berlin,41
KeyPers_Berlin_1232119,Cadre,Berlin,69
KeyPers_Berlin_1232120,Ingénieur Informaticien,Berlin,90
KeyPers_Berlin_1232121,Ingénieur Data,Berlin,79
KeyPers_Berlin_1232122,Ingénieur Data,Berlin,91
KeyPers_Berlin_1232123,Ingénieur Data,Berlin,44
KeyPers_Berlin_1232124,Ingénieur Informaticien,Berlin,73
KeyPers_Berlin_1232125,Ingénieur Informaticien,Berlin,69
KeyPers_Berlin_1232126,Economiste,Berlin,91
KeyPers_Berlin_1232127,Ingénieur Informaticien,Berlin,39
KeyPers_Berlin_1232128,Economiste,Berlin,32
KeyPers_Berlin_1232129,Cadre,Berlin,66
KeyPers_Berlin_1232130,Ingénieur Data,Berlin,96
KeyPers_Berlin_1232131,Ingénieur Informaticien,Berlin,32
KeyPers_Berlin_1232132,Cadre,Berlin,87
KeyPers_Berlin_1232133,Ingénieur Informaticien,Berlin,33
KeyPers_Berlin_1232134,Economiste,Berlin,76
KeyPers_Berlin_1232135,Ingénieur Data,Berlin,90
KeyPers_Berlin_1232136,Cadre,Berlin,54
KeyPers_Berlin_1232137,Ingénieur Informaticien,Berlin,78
KeyPers_Berlin_1232138,Ingénieur Data,Berlin,85
KeyPers_Berlin_1232139,Ingénieur Informaticien,Berlin,58
KeyPers_Berlin_1232140,Cadre,Berlin,79
KeyPers_Berlin_1232141,Ingénieur Informaticien,Berlin,50
KeyPers_Berlin_1232142,Ingénieur Informaticien,Berlin,88
KeyPers_Berlin_1232143,Ingénieur Informaticien,Berlin,34
KeyPers_Berlin_1232144,Ingénieur Data,Berlin,68
KeyPers_Berlin_1232145,Ingénieur Informaticien,Berlin,92
KeyPers_Berlin_1232146,Cadre,Berlin,25
KeyPers_Berlin_1232147,Cadre,Berlin,96
KeyPers_Berlin_1232148,Ingénieur Informaticien,Berlin,33
KeyPers_Berlin_1232149,Cadre,Berlin,91
KeyPers_Berlin_1232150,Ingénieur Data,Berlin,43
KeyPers_Berlin_1232151,Ingénieur Data,Berlin,93
KeyPers_Berlin_1232152,Ingénieur Data,Berlin,58
KeyPers_Berlin_1232153,Ingénieur Informaticien,Berlin,94
KeyPers_Berlin_1232154,Cadre,Berlin,82
KeyPers_Berlin_1232155,Cadre,Berlin,49
KeyPers_Berlin_1232156,Ingénieur Data,Berlin,85
KeyPers_Berlin_1232157,Ingénieur Informaticien,Berlin,48
KeyPers_Berlin_1232158,Cadre,Berlin,78
KeyPers_Berlin_1232159,Ingénieur Informaticien,Berlin,44
KeyPers_Berlin_1232160,Ingénieur Informaticien,Berlin,57
KeyPers_Berlin_1232161,Ingénieur Data,Berlin,88
KeyPers_Berlin_1232162,Ingénieur Informaticien,Berlin,77
KeyPers_Berlin_1232163,Ingénieur Informaticien,Berlin,90
KeyPers_Berlin_1232164,Ingénieur Data,Berlin,85
KeyPers_Berlin_1232165,Ingénieur Informaticien,Berlin,90
KeyPers_Berlin_1232166,Cadre,Berlin,59
KeyPers_Berlin_1232167,Ingénieur Informaticien,Berlin,42
KeyPers_Berlin_1232168,Ingénieur Informaticien,Berlin,63
KeyPers_Berlin_1232169,Cadre,Berlin,76
KeyPers_Berlin_1232170,Ingénieur Data,Berlin,73
KeyPers_Berlin_1232171,Economiste,Berlin,60
KeyPers_Berlin_1232172,Ingénieur Informaticien,Berlin,62
KeyPers_Berlin_1232173,Ingénieur Informaticien,Berlin,78
KeyPers_Berlin_1232174,Ingénieur Data,Berlin,83
KeyPers_Berlin_1232175,Ingénieur Data,Berlin,63
KeyPers_Berlin_1232176,Ingénieur Informaticien,Berlin,34
KeyPers_Berlin_1232177,Ingénieur Informaticien,Berlin,42
KeyPers_Berlin_1232178,Ingénieur Data,Berlin,65
KeyPers_Berlin_1232179,Cadre,Berlin,61
KeyPers_Berlin_1232180,Cadre,Berlin,39
KeyPers_Berlin_1232181,Ingénieur Data,Berlin,61
KeyPers_Berlin_1232182,Ingénieur Data,Berlin,61
KeyPers_Berlin_1232183,Ingénieur Informaticien,Berlin,80
KeyPers_Berlin_1232184,Cadre,Berlin,94
KeyPers_Berlin_1232185,Ingénieur Data,Berlin,32
KeyPers_Berlin_1232186,Cadre,Berlin,38
KeyPers_Berlin_1232187,Ingénieur Informaticien,Berlin,96
KeyPers_Berlin_1232188,Economiste,Berlin,43
KeyPers_Berlin_1232189,Ingénieur Data,Berlin,66
KeyPers_Berlin_1232190,Ingénieur Data,Berlin,73
KeyPers_Berlin_1232191,Ingénieur Data,Berlin,59
KeyPers_Berlin_1232192,Cadre,Berlin,84
KeyPers_Berlin_1232193,Ingénieur Data,Berlin,67
KeyPers_Berlin_1232194,Ingénieur Data,Berlin,36
KeyPers_Berlin_1232195,Ingénieur Data,Berlin,36
KeyPers_Berlin_1232196,Ingénieur Data,Berlin,94
KeyPers_Berlin_1232197,Ingénieur Data,Berlin,36
KeyPers_Berlin_1232198,Ingénieur Informaticien,Berlin,94
KeyPers_Berlin_1232199,Ingénieur Informaticien,Berlin,91
KeyPers_Berlin_1232200,Ingénieur Informaticien,Berlin,37
KeyPers_Berlin_1232201,Ingénieur Data,Berlin,70
KeyPers_Berlin_1232202,Cadre,Berlin,48
KeyPers_Berlin_1232203,Ingénieur Informaticien,Berlin,49
KeyPers_Berlin_1232204,Ingénieur Data,Berlin,36
KeyPers_Berlin_1232205,Cadre,Berlin,79
KeyPers_Berlin_1232206,Ingénieur Data,Berlin,59
KeyPers_Berlin_1232207,Cadre,Berlin,27
KeyPers_Berlin_1232208,Economiste,Berlin,25
KeyPers_Berlin_1232209,Ingénieur Data,Berlin,50
KeyPers_Berlin_1232210,Ingénieur Informaticien,Berlin,65
KeyPers_Berlin_1232211,Ingénieur Data,Berlin,69
KeyPers_Berlin_1232212,Ingénieur Data,Berlin,46
KeyPers_Berlin_1232213,Ingénieur Informaticien,Berlin,64
KeyPers_Berlin_1232214,Economiste,Berlin,42
KeyPers_Berlin_1232215,Cadre,Berlin,85
KeyPers_Berlin_1232216,Cadre,Berlin,58
KeyPers_Berlin_1232217,Ingénieur Informaticien,Berlin,93
KeyPers_Berlin_1232218,Cadre,Berlin,95
KeyPers_Berlin_1232219,Cadre,Berlin,73
KeyPers_Berlin_1232220,Economiste,Berlin,76
KeyPers_Berlin_1232221,Cadre,Berlin,28
KeyPers_Berlin_1232222,Ingénieur Informaticien,Berlin,81
KeyPers_Berlin_1232223,Ingénieur Informaticien,Berlin,58
KeyPers_Berlin_1232224,Ingénieur Informaticien,Berlin,91
KeyPers_Berlin_1232225,Ingénieur Informaticien,Berlin,87
KeyPers_Berlin_1232226,Ingénieur Informaticien,Berlin,52
KeyPers_Berlin_1232227,Ingénieur Informaticien,Berlin,90
KeyPers_Berlin_1232228,Ingénieur Informaticien,Berlin,74
KeyPers_Berlin_1232229,Ingénieur Informaticien,Berlin,33
KeyPers_Berlin_1232230,Economiste,Berlin,25
KeyPers_Berlin_1232231,Ingénieur Informaticien,Berlin,77
KeyPers_Berlin_1232232,Cadre,Berlin,70
KeyPers_Berlin_1232233,Ingénieur Data,Berlin,69
KeyPers_Berlin_1232234,Ingénieur Data,Berlin,57
KeyPers_Berlin_1232235,Ingénieur Informaticien,Berlin,59
KeyPers_Berlin_1232236,Ingénieur Informaticien,Berlin,94
KeyPers_Berlin_1232237,Ingénieur Informaticien,Berlin,39
KeyPers_Berlin_1232238,Cadre,Berlin,83
KeyPers_Berlin_1232239,Ingénieur Informaticien,Berlin,90
KeyPers_Berlin_1232240,Ingénieur Data,Berlin,64
KeyPers_Berlin_1232241,Cadre,Berlin,55
KeyPers_Berlin_1232242,Ingénieur Data,Berlin,87
KeyPers_Berlin_1232243,Ingénieur Informaticien,Berlin,30
KeyPers_Berlin_1232244,Cadre,Berlin,45
KeyPers_Berlin_1232245,Economiste,Berlin,88
KeyPers_Berlin_1232246,Cadre,Berlin,90
KeyPers_Berlin_1232247,Ingénieur Data,Berlin,51
KeyPers_Berlin_1232248,Ingénieur Informaticien,Berlin,64
KeyPers_Berlin_1232249,Ingénieur Data,Berlin,35
KeyPers_Berlin_1232250,Ingénieur Data,Berlin,30
KeyPers_Berlin_1232251,Ingénieur Data,Berlin,80
KeyPers_Berlin_1232252,Cadre,Berlin,94
KeyPers_Berlin_1232253,Ingénieur Data,Berlin,86
KeyPers_Berlin_1232254,Ingénieur Informaticien,Berlin,81
KeyPers_Berlin_1232255,Cadre,Berlin,61
KeyPers_Berlin_1232256,Cadre,Berlin,49
KeyPers_Berlin_1232257,Cadre,Berlin,59
KeyPers_Berlin_1232258,Ingénieur Data,Berlin,83
KeyPers_Berlin_1232259,Ingénieur Data,Berlin,42
KeyPers_Berlin_1232260,Cadre,Berlin,40
KeyPers_Berlin_1232261,Ingénieur Informaticien,Berlin,25
KeyPers_Berlin_1232262,Ingénieur Informaticien,Berlin,81
KeyPers_Berlin_1232263,Ingénieur Data,Berlin,33
KeyPers_Berlin_1232264,Ingénieur Informaticien,Berlin,41
KeyPers_Berlin_1232265,Cadre,Berlin,48
KeyPers_Berlin_1232266,Ingénieur Data,Berlin,70
KeyPers_Berlin_1232267,Cadre,Berlin,43
KeyPers_Berlin_1232268,Ingénieur Informaticien,Berlin,39
KeyPers_Berlin_1232269,Cadre,Berlin,64
KeyPers_Berlin_1232270,Ingénieur Informaticien,Berlin,26
KeyPers_Berlin_1232271,Economiste,Berlin,25
KeyPers_Berlin_1232272,Cadre,Berlin,92
KeyPers_Berlin_1232273,Cadre,Berlin,37
KeyPers_Berlin_1232274,Ingénieur Informaticien,Berlin,46
KeyPers_Berlin_1232275,Ingénieur Data,Berlin,52
KeyPers_Berlin_1232276,Ingénieur Data,Berlin,30
KeyPers_Berlin_1232277,Ingénieur Data,Berlin,69
KeyPers_Berlin_1232278,Cadre,Berlin,42
KeyPers_Berlin_1232279,Ingénieur Data,Berlin,90
KeyPers_Berlin_1232280,Ingénieur Data,Berlin,38
KeyPers_Berlin_1232281,Cadre,Berlin,80
KeyPers_Berlin_1232282,Cadre,Berlin,77
KeyPers_Berlin_1232283,Cadre,Berlin,48
KeyPers_Berlin_1232284,Ingénieur Informaticien,Berlin,91
KeyPers_Berlin_1232285,Ingénieur Informaticien,Berlin,61
KeyPers_Berlin_1232286,Ingénieur Informaticien,Berlin,85
KeyPers_Berlin_1232287,Cadre,Berlin,56
KeyPers_Berlin_1232288,Cadre,Berlin,73
KeyPers_Berlin_1232289,Ingénieur Data,Berlin,46
KeyPers_Berlin_1232290,Ingénieur Informaticien,Berlin,44
KeyPers_Berlin_1232291,Ingénieur Data,Berlin,29
KeyPers_Berlin_1232292,Cadre,Berlin,82
KeyPers_Berlin_1232293,Cadre,Berlin,64
KeyPers_Berlin_1232294,Ingénieur Data,Berlin,38
KeyPers_Berlin_1232295,DRH,Berlin,91
KeyPers_Berlin_1232296,Ingénieur Data,Berlin,51
KeyPers_Berlin_1232297,Ingénieur Informaticien,Berlin,31
KeyPers_Berlin_1232298,Ingénieur Data,Berlin,38
KeyPers_Berlin_1232299,DRH,Berlin,29
KeyPers_Berlin_1232300,Ingénieur Data,Berlin,32
KeyPers_Berlin_1232301,Ingénieur Data,Berlin,68
KeyPers_Berlin_1232302,Ingénieur Data,Berlin,67
KeyPers_Berlin_1232303,Ingénieur Informaticien,Berlin,66
KeyPers_Berlin_1232304,Ingénieur Data,Berlin,24
KeyPers_Berlin_1232305,Ingénieur Data,Berlin,96
KeyPers_Berlin_1232306,Ingénieur Data,Berlin,29
KeyPers_Berlin_1232307,Ingénieur Data,Berlin,52
KeyPers_Berlin_1232308,Economiste,Berlin,25
KeyPers_Berlin_1232309,DRH,Berlin,62
KeyPers_Berlin_1232310,Ingénieur Informaticien,Berlin,33
KeyPers_Berlin_1232311,Cadre,Berlin,80
KeyPers_Berlin_1232312,Ingénieur Data,Berlin,38
KeyPers_Berlin_1232313,Ingénieur Data,Berlin,58
KeyPers_Berlin_1232314,Cadre,Berlin,26
KeyPers_Berlin_1232315,Ingénieur Data,Berlin,86
KeyPers_Berlin_1232316,Cadre,Berlin,33
KeyPers_Berlin_1232317,Ingénieur Informaticien,Berlin,64
KeyPers_Berlin_1232318,Ingénieur Informaticien,Berlin,36
KeyPers_Berlin_1232319,Ingénieur Informaticien,Berlin,69
KeyPers_Berlin_1232320,Ingénieur Data,Berlin,45
KeyPers_Berlin_1232321,Ingénieur Informaticien,Berlin,84
KeyPers_Berlin_1232322,Ingénieur Data,Berlin,55
KeyPers_Berlin_1232323,DRH,Berlin,59
KeyPers_Berlin_1232324,Ingénieur Data,Berlin,60
KeyPers_Berlin_1232325,Cadre,Berlin,76
KeyPers_Berlin_1232326,Ingénieur Data,Berlin,90
KeyPers_Berlin_1232327,Cadre,Berlin,89
KeyPers_Berlin_1232328,Cadre,Berlin,36
KeyPers_Berlin_1232329,Cadre,Berlin,42
KeyPers_Berlin_1232330,Ingénieur Informaticien,Berlin,28
KeyPers_Berlin_1232331,Ingénieur Informaticien,Berlin,53
KeyPers_Berlin_1232332,Cadre,Berlin,91
KeyPers_Berlin_1232333,Ingénieur Informaticien,Berlin,83
KeyPers_Berlin_1232334,Ingénieur Data,Berlin,46
KeyPers_Berlin_1232335,Ingénieur Data,Berlin,80
KeyPers_Berlin_1232336,Ingénieur Data,Berlin,71
KeyPers_Berlin_1232337,Ingénieur Informaticien,Berlin,73
KeyPers_Berlin_1232338,Ingénieur Informaticien,Berlin,69
KeyPers_Berlin_1232339,Ingénieur Data,Berlin,83
KeyPers_Berlin_1232340,Cadre,Berlin,61
KeyPers_Berlin_1232341,Cadre,Berlin,38
KeyPers_Berlin_1232342,Ingénieur Data,Berlin,68
KeyPers_Berlin_1232343,Ingénieur Data,Berlin,67
KeyPers_Berlin_1232344,Ingénieur Informaticien,Berlin,39
KeyPers_Berlin_1232345,Ingénieur Informaticien,Berlin,96
KeyPers_Berlin_1232346,Ingénieur Data,Berlin,35
KeyPers_Berlin_1232347,Ingénieur Data,Berlin,83
KeyPers_Berlin_1232348,Cadre,Berlin,45
KeyPers_Berlin_1232349,Ingénieur Informaticien,Berlin,42
KeyPers_Berlin_1232350,Ingénieur Informaticien,Berlin,70
KeyPers_Berlin_1232351,Ingénieur Informaticien,Berlin,67
KeyPers_Berlin_1232352,Cadre,Berlin,55
KeyPers_Berlin_1232353,Ingénieur Data,Berlin,24
KeyPers_Berlin_1232354,Ingénieur Data,Berlin,36
KeyPers_Berlin_1232355,Ingénieur Informaticien,Berlin,32
KeyPers_Berlin_1232356,Economiste,Berlin,59
KeyPers_Berlin_1232357,Ingénieur Informaticien,Berlin,65
KeyPers_Berlin_1232358,Cadre,Berlin,75
KeyPers_Berlin_1232359,Ingénieur Data,Berlin,75
KeyPers_Berlin_1232360,Ingénieur Data,Berlin,36
KeyPers_Berlin_1232361,Ingénieur Informaticien,Berlin,91
KeyPers_Berlin_1232362,Ingénieur Data,Berlin,62
KeyPers_Berlin_1232363,Ingénieur Data,Berlin,78
KeyPers_Berlin_1232364,Ingénieur Informaticien,Berlin,92
KeyPers_Berlin_1232365,Ingénieur Data,Berlin,53
KeyPers_Berlin_1232366,Cadre,Berlin,88
KeyPers_Berlin_1232367,Cadre,Berlin,56
KeyPers_Berlin_1232368,Ingénieur Data,Berlin,87
KeyPers_Berlin_1232369,Ingénieur Informaticien,Berlin,34
KeyPers_Berlin_1232370,Ingénieur Data,Berlin,55
KeyPers_Berlin_1232371,Ingénieur Informaticien,Berlin,35
KeyPers_Berlin_1232372,Ingénieur Informaticien,Berlin,72
KeyPers_Berlin_1232373,Cadre,Berlin,73
KeyPers_Berlin_1232374,Cadre,Berlin,85
KeyPers_Berlin_1232375,DRH,Berlin,28
KeyPers_Berlin_1232376,Economiste,Berlin,80
KeyPers_Berlin_1232377,Ingénieur Data,Berlin,35
KeyPers_Berlin_1232378,Ingénieur Informaticien,Berlin,33
KeyPers_Berlin_1232379,DRH,Berlin,78
KeyPers_Berlin_1232380,Ingénieur Data,Berlin,38
KeyPers_Berlin_1232381,Ingénieur Informaticien,Berlin,70
KeyPers_Berlin_1232382,Ingénieur Informaticien,Berlin,43
KeyPers_Berlin_1232383,Cadre,Berlin,76
KeyPers_Berlin_1232384,Cadre,Berlin,74
KeyPers_Berlin_1232385,Ingénieur Data,Berlin,46
KeyPers_Berlin_1232386,Ingénieur Data,Berlin,95
KeyPers_Berlin_1232387,Ingénieur Data,Berlin,36
KeyPers_Berlin_1232388,Ingénieur Informaticien,Berlin,63
KeyPers_Berlin_1232389,Ingénieur Informaticien,Berlin,57
KeyPers_Berlin_1232390,Cadre,Berlin,62
KeyPers_Berlin_1232391,Ingénieur Informaticien,Berlin,82
KeyPers_Berlin_1232392,Economiste,Berlin,85
KeyPers_Berlin_1232393,Ingénieur Informaticien,Berlin,33
KeyPers_Berlin_1232394,Ingénieur Informaticien,Berlin,28
KeyPers_Berlin_1232395,Ingénieur Data,Berlin,42
KeyPers_Berlin_1232396,Cadre,Berlin,86
KeyPers_Berlin_1232397,Ingénieur Data,Berlin,64
KeyPers_Berlin_1232398,DRH,Berlin,89
KeyPers_Berlin_1232399,Ingénieur Informaticien,Berlin,43
KeyPers_Berlin_1232400,Ingénieur Data,Berlin,68
KeyPers_Berlin_1232401,Ingénieur Data,Berlin,53
KeyPers_Berlin_1232402,Economiste,Berlin,30
KeyPers_Berlin_1232403,Ingénieur Data,Berlin,86
KeyPers_Berlin_1232404,DRH,Berlin,68
KeyPers_Berlin_1232405,Cadre,Berlin,36
KeyPers_Berlin_1232406,Ingénieur Informaticien,Berlin,64
KeyPers_Berlin_1232407,Economiste,Berlin,62
KeyPers_Berlin_1232408,Ingénieur Data,Berlin,68
KeyPers_Berlin_1232409,Ingénieur Informaticien,Berlin,36
KeyPers_Berlin_1232410,Ingénieur Data,Berlin,58
KeyPers_Berlin_1232411,Ingénieur Informaticien,Berlin,91
KeyPers_Berlin_1232412,Cadre,Berlin,72
KeyPers_Berlin_1232413,Economiste,Berlin,81
KeyPers_Berlin_1232414,Ingénieur Data,Berlin,78
KeyPers_Berlin_1232415,Ingénieur Informaticien,Berlin,27
KeyPers_Berlin_1232416,Ingénieur Data,Berlin,37
KeyPers_Berlin_1232417,Economiste,Berlin,68
KeyPers_Berlin_1232418,Ingénieur Informaticien,Berlin,52
KeyPers_Berlin_1232419,Cadre,Berlin,31
KeyPers_Berlin_1232420,Ingénieur Informaticien,Berlin,26
KeyPers_Berlin_1232421,Ingénieur Data,Berlin,73
KeyPers_Berlin_1232422,Cadre,Berlin,92
KeyPers_Berlin_1232423,Ingénieur Data,Berlin,50
KeyPers_Berlin_1232424,Cadre,Berlin,46
KeyPers_Berlin_1232425,Ingénieur Data,Berlin,42
KeyPers_Berlin_1232426,Cadre,Berlin,76
KeyPers_Berlin_1232427,Cadre,Berlin,82
KeyPers_Berlin_1232428,Cadre,Berlin,54
KeyPers_Berlin_1232429,Cadre,Berlin,54
KeyPers_Berlin_1232430,Cadre,Berlin,53
KeyPers_Berlin_1232431,Ingénieur Informaticien,Berlin,78
KeyPers_Berlin_1232432,Ingénieur Informaticien,Berlin,39
KeyPers_Berlin_1232433,Ingénieur Informaticien,Berlin,78
KeyPers_Berlin_1232434,Ingénieur Informaticien,Berlin,79
KeyPers_Berlin_1232435,Cadre,Berlin,53
KeyPers_Berlin_1232436,Ingénieur Data,Berlin,39
KeyPers_Berlin_1232437,Ingénieur Data,Berlin,31
KeyPers_Berlin_1232438,Economiste,Berlin,94
KeyPers_Berlin_1232439,Ingénieur Informaticien,Berlin,28
KeyPers_Berlin_1232440,Cadre,Berlin,74
KeyPers_Berlin_1232441,Cadre,Berlin,63
KeyPers_Berlin_1232442,Ingénieur Data,Berlin,91
KeyPers_Berlin_1232443,Ingénieur Informaticien,Berlin,87
KeyPers_Berlin_1232444,Ingénieur Data,Berlin,62
KeyPers_Berlin_1232445,Ingénieur Informaticien,Berlin,27
KeyPers_Berlin_1232446,Cadre,Berlin,68
KeyPers_Berlin_1232447,Ingénieur Data,Berlin,38
KeyPers_Berlin_1232448,Ingénieur Informaticien,Berlin,43
KeyPers_Berlin_1232449,Ingénieur Informaticien,Berlin,82
KeyPers_Berlin_1232450,Ingénieur Informaticien,Berlin,63
KeyPers_Berlin_1232451,Ingénieur Data,Berlin,34
KeyPers_Berlin_1232452,Ingénieur Data,Berlin,32
KeyPers_Berlin_1232453,Ingénieur Data,Berlin,71
KeyPers_Berlin_1232454,Ingénieur Data,Berlin,75
KeyPers_Berlin_1232455,Ingénieur Data,Berlin,31
KeyPers_Berlin_1232456,Ingénieur Data,Berlin,36
KeyPers_Berlin_1232457,Cadre,Berlin,24
KeyPers_Berlin_1232458,Cadre,Berlin,79
KeyPers_Berlin_1232459,Ingénieur Informaticien,Berlin,35
KeyPers_Berlin_1232460,Ingénieur Informaticien,Berlin,62
KeyPers_Berlin_1232461,Cadre,Berlin,33
KeyPers_Berlin_1232462,Ingénieur Data,Berlin,48
KeyPers_Berlin_1232463,Ingénieur Data,Berlin,38
KeyPers_Berlin_1232464,Cadre,Berlin,61
KeyPers_Berlin_1232465,Ingénieur Informaticien,Berlin,27
KeyPers_Berlin_1232466,Ingénieur Informaticien,Berlin,62
KeyPers_Berlin_1232467,DRH,Berlin,49
KeyPers_Berlin_1232468,Ingénieur Informaticien,Berlin,55
KeyPers_Berlin_1232469,Ingénieur Data,Berlin,55
KeyPers_Berlin_1232470,Cadre,Berlin,72
KeyPers_Berlin_1232471,Ingénieur Data,Berlin,49
KeyPers_Berlin_1232472,Economiste,Berlin,77
KeyPers_Berlin_1232473,Cadre,Berlin,73
KeyPers_Berlin_1232474,Ingénieur Informaticien,Berlin,31
KeyPers_Berlin_1232475,Ingénieur Data,Berlin,58
KeyPers_Berlin_1232476,Ingénieur Informaticien,Berlin,93
KeyPers_Berlin_1232477,Cadre,Berlin,61
KeyPers_Berlin_1232478,Ingénieur Data,Berlin,73
KeyPers_Berlin_1232479,Ingénieur Data,Berlin,95
KeyPers_Berlin_1232480,Ingénieur Informaticien,Berlin,76
KeyPers_Berlin_1232481,Ingénieur Informaticien,Berlin,55
KeyPers_Berlin_1232482,Economiste,Berlin,35
KeyPers_Berlin_1232483,Ingénieur Data,Berlin,37
KeyPers_Berlin_1232484,Ingénieur Data,Berlin,53
KeyPers_Berlin_1232485,Cadre,Berlin,82
KeyPers_Berlin_1232486,Ingénieur Data,Berlin,95
KeyPers_Berlin_1232487,Ingénieur Data,Berlin,65
KeyPers_Berlin_1232488,Ingénieur Informaticien,Berlin,46
KeyPers_Berlin_1232489,Ingénieur Data,Berlin,33
KeyPers_Berlin_1232490,Ingénieur Data,Berlin,47
KeyPers_Berlin_1232491,Ingénieur Informaticien,Berlin,78
KeyPers_Berlin_1232492,DRH,Berlin,75
KeyPers_Berlin_1232493,Ingénieur Data,Berlin,89
KeyPers_Berlin_1232494,Ingénieur Data,Berlin,30
KeyPers_Berlin_1232495,Cadre,Berlin,66
KeyPers_Berlin_1232496,Ingénieur Data,Berlin,55
KeyPers_Berlin_1232497,Ingénieur Data,Berlin,94
KeyPers_Berlin_1232498,Ingénieur Informaticien,Berlin,41
KeyPers_Berlin_1232499,Cadre,Berlin,26
KeyPers_Berlin_1232500,Cadre,Berlin,68
KeyPers_Berlin_1232501,Ingénieur Data,Berlin,92
KeyPers_Berlin_1232502,Ingénieur Informaticien,Berlin,33
KeyPers_Berlin_1232503,Ingénieur Informaticien,Berlin,56
KeyPers_Berlin_1232504,Ingénieur Data,Berlin,76
KeyPers_Berlin_1232505,Ingénieur Data,Berlin,59
KeyPers_Berlin_1232506,Ingénieur Data,Berlin,25
KeyPers_Berlin_1232507,Ingénieur Informaticien,Berlin,63
KeyPers_Berlin_1232508,Ingénieur Data,Berlin,28
KeyPers_Berlin_1232509,Ingénieur Informaticien,Berlin,77
KeyPers_Berlin_1232510,Ingénieur Informaticien,Berlin,51
KeyPers_Berlin_1232511,Ingénieur Data,Berlin,91
KeyPers_Berlin_1232512,Cadre,Berlin,49
KeyPers_Berlin_1232513,Ingénieur Data,Berlin,55
KeyPers_Berlin_1232514,Ingénieur Data,Berlin,34
KeyPers_Berlin_1232515,Ingénieur Data,Berlin,62
KeyPers_Berlin_1232516,Ingénieur Data,Berlin,47
KeyPers_Berlin_1232517,Ingénieur Data,Berlin,77
KeyPers_Berlin_1232518,Ingénieur Data,Berlin,90
KeyPers_Berlin_1232519,Cadre,Berlin,31
KeyPers_Berlin_1232520,Cadre,Berlin,56
KeyPers_Berlin_1232521,Ingénieur Data,Berlin,46
KeyPers_Berlin_1232522,Ingénieur Informaticien,Berlin,88
KeyPers_Berlin_1232523,Ingénieur Data,Berlin,33
KeyPers_Berlin_1232524,Ingénieur Informaticien,Berlin,63
KeyPers_Berlin_1232525,Ingénieur Informaticien,Berlin,58
KeyPers_Berlin_1232526,Cadre,Berlin,59
KeyPers_Berlin_1232527,Ingénieur Informaticien,Berlin,92
KeyPers_Berlin_1232528,Ingénieur Data,Berlin,42
KeyPers_Berlin_1232529,Cadre,Berlin,74
KeyPers_Berlin_1232530,Ingénieur Informaticien,Berlin,46
KeyPers_Berlin_1232531,Ingénieur Informaticien,Berlin,27
KeyPers_Berlin_1232532,Ingénieur Informaticien,Berlin,49
KeyPers_Berlin_1232533,Ingénieur Data,Berlin,33
KeyPers_Berlin_1232534,Ingénieur Informaticien,Berlin,59
KeyPers_Berlin_1232535,Economiste,Berlin,52
KeyPers_Berlin_1232536,Ingénieur Data,Berlin,59
KeyPers_Berlin_1232537,Ingénieur Data,Berlin,29
KeyPers_Berlin_1232538,Cadre,Berlin,83
KeyPers_Berlin_1232539,Ingénieur Data,Berlin,67
KeyPers_Berlin_1232540,Ingénieur Data,Berlin,53
KeyPers_Berlin_1232541,DRH,Berlin,32
KeyPers_Berlin_1232542,Ingénieur Data,Berlin,49
KeyPers_Berlin_1232543,Ingénieur Informaticien,Berlin,30
KeyPers_Berlin_1232544,Ingénieur Data,Berlin,90
KeyPers_Berlin_1232545,Ingénieur Informaticien,Berlin,73
KeyPers_Berlin_1232546,Ingénieur Informaticien,Berlin,35
KeyPers_Berlin_1232547,Cadre,Berlin,60
KeyPers_Berlin_1232548,Cadre,Berlin,62
KeyPers_Berlin_1232549,Cadre,Berlin,33
KeyPers_Berlin_1232550,Ingénieur Informaticien,Berlin,65
KeyPers_Berlin_1232551,Ingénieur Informaticien,Berlin,78
KeyPers_Berlin_1232552,Ingénieur Informaticien,Berlin,93
KeyPers_Berlin_1232553,Ingénieur Informaticien,Berlin,43
KeyPers_Berlin_1232554,Ingénieur Informaticien,Berlin,24
KeyPers_Berlin_1232555,Cadre,Berlin,82
KeyPers_Berlin_1232556,Cadre,Berlin,79
KeyPers_Berlin_1232557,Cadre,Berlin,33
KeyPers_Berlin_1232558,Ingénieur Informaticien,Berlin,31
KeyPers_Berlin_1232559,Ingénieur Data,Berlin,40
KeyPers_Berlin_1232560,Ingénieur Data,Berlin,50
KeyPers_Berlin_1232561,Ingénieur Informaticien,Berlin,29
KeyPers_Berlin_1232562,Cadre,Berlin,30
KeyPers_Berlin_1232563,Cadre,Berlin,90
KeyPers_Berlin_1232564,Ingénieur Data,Berlin,91
KeyPers_Berlin_1232565,Ingénieur Informaticien,Berlin,66
KeyPers_Berlin_1232566,Cadre,Berlin,30
KeyPers_Berlin_1232567,Ingénieur Informaticien,Berlin,43
KeyPers_Berlin_1232568,Ingénieur Data,Berlin,27
KeyPers_Berlin_1232569,Ingénieur Data,Berlin,48
KeyPers_Berlin_1232570,Ingénieur Informaticien,Berlin,89
KeyPers_Berlin_1232571,Ingénieur Informaticien,Berlin,92
KeyPers_Berlin_1232572,Ingénieur Informaticien,Berlin,42
KeyPers_Berlin_1232573,Ingénieur Informaticien,Berlin,51
KeyPers_Berlin_1232574,Ingénieur Informaticien,Berlin,81
KeyPers_Berlin_1232575,Ingénieur Data,Berlin,33
KeyPers_Berlin_1232576,Ingénieur Informaticien,Berlin,47
KeyPers_Berlin_1232577,Ingénieur Informaticien,Berlin,44
KeyPers_Berlin_1232578,Ingénieur Informaticien,Berlin,59
KeyPers_Berlin_1232579,Cadre,Berlin,44
KeyPers_Berlin_1232580,Ingénieur Informaticien,Berlin,28
KeyPers_Berlin_1232581,Ingénieur Informaticien,Berlin,82
KeyPers_Berlin_1232582,Ingénieur Data,Berlin,36
KeyPers_Berlin_1232583,Ingénieur Informaticien,Berlin,45
KeyPers_Berlin_1232584,Ingénieur Data,Berlin,40
KeyPers_Berlin_1232585,Cadre,Berlin,73
KeyPers_Berlin_1232586,Ingénieur Data,Berlin,81
KeyPers_Berlin_1232587,Ingénieur Informaticien,Berlin,44
KeyPers_Berlin_1232588,Ingénieur Informaticien,Berlin,78
KeyPers_Berlin_1232589,Ingénieur Informaticien,Berlin,48
KeyPers_Berlin_1232590,Ingénieur Informaticien,Berlin,73
KeyPers_Berlin_1232591,Ingénieur Informaticien,Berlin,25
KeyPers_Berlin_1232592,Ingénieur Informaticien,Berlin,62
KeyPers_Berlin_1232593,Economiste,Berlin,25
KeyPers_Berlin_1232594,Ingénieur Data,Berlin,55
KeyPers_Berlin_1232595,Ingénieur Informaticien,Berlin,53
KeyPers_Berlin_1232596,Ingénieur Data,Berlin,42
KeyPers_Berlin_1232597,DRH,Berlin,67
KeyPers_Berlin_1232598,Cadre,Berlin,75
KeyPers_Berlin_1232599,Economiste,Berlin,41
KeyPers_Berlin_1232600,Ingénieur Informaticien,Berlin,68
KeyPers_Berlin_1232601,Ingénieur Informaticien,Berlin,36
KeyPers_Berlin_1232602,Ingénieur Data,Berlin,44
KeyPers_Berlin_1232603,Ingénieur Informaticien,Berlin,66
KeyPers_Berlin_1232604,Ingénieur Informaticien,Berlin,36
KeyPers_Berlin_1232605,Ingénieur Informaticien,Berlin,50
KeyPers_Berlin_1232606,Ingénieur Informaticien,Berlin,51
KeyPers_Berlin_1232607,Ingénieur Informaticien,Berlin,35
KeyPers_Berlin_1232608,Ingénieur Data,Berlin,48
KeyPers_Berlin_1232609,Ingénieur Data,Berlin,78
KeyPers_Berlin_1232610,Cadre,Berlin,87
KeyPers_Berlin_1232611,Ingénieur Informaticien,Berlin,52
KeyPers_Berlin_1232612,Ingénieur Data,Berlin,65
KeyPers_Berlin_1232613,Cadre,Berlin,34
KeyPers_Berlin_1232614,Cadre,Berlin,62
KeyPers_Berlin_1232615,Ingénieur Informaticien,Berlin,64
KeyPers_Berlin_1232616,Ingénieur Data,Berlin,29
KeyPers_Berlin_1232617,Ingénieur Data,Berlin,31
KeyPers_Berlin_1232618,Ingénieur Data,Berlin,61
KeyPers_Berlin_1232619,Ingénieur Informaticien,Berlin,86
KeyPers_Berlin_1232620,Ingénieur Data,Berlin,32
KeyPers_Berlin_1232621,Ingénieur Data,Berlin,79
KeyPers_Berlin_1232622,Ingénieur Informaticien,Berlin,56
KeyPers_Berlin_1232623,DRH,Berlin,56
KeyPers_Berlin_1232624,Ingénieur Data,Berlin,70
KeyPers_Berlin_1232625,Ingénieur Data,Berlin,26
KeyPers_Berlin_1232626,Ingénieur Informaticien,Berlin,75
KeyPers_Berlin_1232627,Ingénieur Informaticien,Berlin,95
KeyPers_Berlin_1232628,Ingénieur Informaticien,Berlin,50
KeyPers_Berlin_1232629,Ingénieur Informaticien,Berlin,53
KeyPers_Berlin_1232630,Ingénieur Informaticien,Berlin,67
KeyPers_Berlin_1232631,Ingénieur Data,Berlin,86
KeyPers_Berlin_1232632,Cadre,Berlin,68
KeyPers_Berlin_1232633,Ingénieur Informaticien,Berlin,29
KeyPers_Berlin_1232634,Ingénieur Data,Berlin,87
KeyPers_Berlin_1232635,Ingénieur Informaticien,Berlin,61
KeyPers_Berlin_1232636,Ingénieur Informaticien,Berlin,37
KeyPers_Berlin_1232637,Ingénieur Informaticien,Berlin,78
KeyPers_Berlin_1232638,Ingénieur Data,Berlin,91
KeyPers_Berlin_1232639,Ingénieur Data,Berlin,46
KeyPers_Berlin_1232640,Cadre,Berlin,75
KeyPers_Berlin_1232641,Ingénieur Informaticien,Berlin,36
KeyPers_Berlin_1232642,Ingénieur Informaticien,Berlin,63
KeyPers_Berlin_1232643,Economiste,Berlin,78
KeyPers_Berlin_1232644,Economiste,Berlin,91
KeyPers_Berlin_1232645,Ingénieur Informaticien,Berlin,82
KeyPers_Berlin_1232646,Cadre,Berlin,65
KeyPers_Berlin_1232647,Ingénieur Informaticien,Berlin,73
KeyPers_Berlin_1232648,Cadre,Berlin,27
KeyPers_Berlin_1232649,Cadre,Berlin,62
KeyPers_Berlin_1232650,Cadre,Berlin,70
KeyPers_Berlin_1232651,Cadre,Berlin,37
KeyPers_Berlin_1232652,Ingénieur Informaticien,Berlin,48
KeyPers_Berlin_1232653,Ingénieur Informaticien,Berlin,79
KeyPers_Berlin_1232654,Ingénieur Informaticien,Berlin,87
KeyPers_Berlin_1232655,Cadre,Berlin,50
KeyPers_Berlin_1232656,Ingénieur Data,Berlin,59
KeyPers_Berlin_1232657,Ingénieur Data,Berlin,86
KeyPers_Berlin_1232658,Ingénieur Informaticien,Berlin,52
KeyPers_Berlin_1232659,Economiste,Berlin,46
KeyPers_Berlin_1232660,Ingénieur Informaticien,Berlin,62
KeyPers_Berlin_1232661,Ingénieur Data,Berlin,95
KeyPers_Berlin_1232662,Ingénieur Informaticien,Berlin,59
KeyPers_Berlin_1232663,Ingénieur Informaticien,Berlin,81
KeyPers_Berlin_1232664,Ingénieur Data,Berlin,26
KeyPers_Berlin_1232665,Ingénieur Informaticien,Berlin,32
KeyPers_Berlin_1232666,Cadre,Berlin,60
KeyPers_Berlin_1232667,Ingénieur Data,Berlin,79
KeyPers_Berlin_1232668,Ingénieur Informaticien,Berlin,28
KeyPers_Berlin_1232669,Ingénieur Informaticien,Berlin,39
KeyPers_Berlin_1232670,Economiste,Berlin,51
KeyPers_Berlin_1232671,Ingénieur Data,Berlin,34
KeyPers_Berlin_1232672,Cadre,Berlin,77
KeyPers_Berlin_1232673,Ingénieur Data,Berlin,47
KeyPers_Berlin_1232674,Ingénieur Data,Berlin,52
KeyPers_Berlin_1232675,Ingénieur Informaticien,Berlin,56
KeyPers_Berlin_1232676,Ingénieur Informaticien,Berlin,32
KeyPers_Berlin_1232677,Cadre,Berlin,74
KeyPers_Berlin_1232678,Cadre,Berlin,38
KeyPers_Berlin_1232679,Ingénieur Data,Berlin,90
KeyPers_Berlin_1232680,Cadre,Berlin,43
KeyPers_Berlin_1232681,Cadre,Berlin,90
KeyPers_Berlin_1232682,Cadre,Berlin,50
KeyPers_Berlin_1232683,Ingénieur Data,Berlin,56
KeyPers_Berlin_1232684,Ingénieur Informaticien,Berlin,34
KeyPers_Berlin_1232685,Ingénieur Informaticien,Berlin,24
KeyPers_Berlin_1232686,Economiste,Berlin,60
KeyPers_Berlin_1232687,Ingénieur Data,Berlin,37
KeyPers_Berlin_1232688,Ingénieur Data,Berlin,83
KeyPers_Berlin_1232689,Cadre,Berlin,78
KeyPers_Berlin_1232690,Ingénieur Informaticien,Berlin,47
KeyPers_Berlin_1232691,Ingénieur Data,Berlin,46
KeyPers_Berlin_1232692,Cadre,Berlin,85
KeyPers_Berlin_1232693,Economiste,Berlin,91
KeyPers_Berlin_1232694,Ingénieur Data,Berlin,31
KeyPers_Berlin_1232695,Ingénieur Data,Berlin,31
KeyPers_Berlin_1232696,Ingénieur Data,Berlin,49
KeyPers_Berlin_1232697,Ingénieur Data,Berlin,56
KeyPers_Berlin_1232698,Ingénieur Informaticien,Berlin,40
KeyPers_Berlin_1232699,Economiste,Berlin,63
KeyPers_Berlin_1232700,Ingénieur Informaticien,Berlin,52
KeyPers_Berlin_1232701,Ingénieur Informaticien,Berlin,76
KeyPers_Berlin_1232702,Ingénieur Data,Berlin,30
KeyPers_Berlin_1232703,Ingénieur Data,Berlin,76
KeyPers_Berlin_1232704,Ingénieur Informaticien,Berlin,44
KeyPers_Berlin_1232705,Ingénieur Data,Berlin,81
KeyPers_Berlin_1232706,Cadre,Berlin,49
KeyPers_Berlin_1232707,Cadre,Berlin,64
KeyPers_Berlin_1232708,Ingénieur Informaticien,Berlin,48
KeyPers_Berlin_1232709,Cadre,Berlin,56
KeyPers_Berlin_1232710,Ingénieur Data,Berlin,75
KeyPers_Berlin_1232711,Ingénieur Informaticien,Berlin,80
KeyPers_Berlin_1232712,Ingénieur Informaticien,Berlin,68
KeyPers_Berlin_1232713,Ingénieur Informaticien,Berlin,33
KeyPers_Berlin_1232714,Ingénieur Data,Berlin,49
KeyPers_Berlin_1232715,Ingénieur Data,Berlin,50
KeyPers_Berlin_1232716,Ingénieur Data,Berlin,90
KeyPers_Berlin_1232717,Ingénieur Informaticien,Berlin,30
KeyPers_Berlin_1232718,Ingénieur Informaticien,Berlin,52
KeyPers_Berlin_1232719,Ingénieur Data,Berlin,29
KeyPers_Berlin_1232720,Cadre,Berlin,39
KeyPers_Berlin_1232721,Ingénieur Data,Berlin,78
KeyPers_Berlin_1232722,DRH,Berlin,91
KeyPers_Berlin_1232723,Ingénieur Data,Berlin,76
KeyPers_Berlin_1232724,Ingénieur Data,Berlin,24
KeyPers_Berlin_1232725,Ingénieur Informaticien,Berlin,86
KeyPers_Berlin_1232726,Ingénieur Data,Berlin,30
KeyPers_Berlin_1232727,Cadre,Berlin,46
KeyPers_Berlin_1232728,Ingénieur Data,Berlin,31
KeyPers_Berlin_1232729,DRH,Berlin,77
KeyPers_Berlin_1232730,Cadre,Berlin,87
KeyPers_Berlin_1232731,Ingénieur Informaticien,Berlin,53
KeyPers_Berlin_1232732,Ingénieur Data,Berlin,62
KeyPers_Berlin_1232733,Cadre,Berlin,84
KeyPers_Berlin_1232734,Ingénieur Data,Berlin,56
KeyPers_Berlin_1232735,Ingénieur Informaticien,Berlin,55
KeyPers_Berlin_1232736,Economiste,Berlin,92
KeyPers_Berlin_1232737,Ingénieur Data,Berlin,48
KeyPers_Berlin_1232738,Cadre,Berlin,61
KeyPers_Berlin_1232739,Ingénieur Informaticien,Berlin,66
KeyPers_Berlin_1232740,Ingénieur Informaticien,Berlin,60
KeyPers_Berlin_1232741,Cadre,Berlin,86
KeyPers_Berlin_1232742,Ingénieur Informaticien,Berlin,58
KeyPers_Berlin_1232743,Cadre,Berlin,61
KeyPers_Berlin_1232744,Ingénieur Data,Berlin,82
KeyPers_Berlin_1232745,Ingénieur Data,Berlin,57
KeyPers_Berlin_1232746,Ingénieur Informaticien,Berlin,53
KeyPers_Berlin_1232747,Ingénieur Informaticien,Berlin,30
KeyPers_Berlin_1232748,Ingénieur Data,Berlin,74
KeyPers_Berlin_1232749,Cadre,Berlin,90
KeyPers_Berlin_1232750,Cadre,Berlin,58
KeyPers_Berlin_1232751,Ingénieur Informaticien,Berlin,40
KeyPers_Berlin_1232752,Ingénieur Informaticien,Berlin,54
KeyPers_Berlin_1232753,Ingénieur Data,Berlin,82
KeyPers_Berlin_1232754,Cadre,Berlin,29
KeyPers_Berlin_1232755,Ingénieur Informaticien,Berlin,43
KeyPers_Berlin_1232756,Ingénieur Data,Berlin,85
KeyPers_Berlin_1232757,Ingénieur Data,Berlin,60
KeyPers_Berlin_1232758,Cadre,Berlin,41
KeyPers_Berlin_1232759,Ingénieur Informaticien,Berlin,92
KeyPers_Berlin_1232760,Ingénieur Informaticien,Berlin,29
KeyPers_Berlin_1232761,Ingénieur Informaticien,Berlin,41
KeyPers_Berlin_1232762,Ingénieur Data,Berlin,85
KeyPers_Berlin_1232763,Ingénieur Informaticien,Berlin,79
KeyPers_Berlin_1232764,Ingénieur Data,Berlin,94
KeyPers_Berlin_1232765,Ingénieur Data,Berlin,47
KeyPers_Berlin_1232766,Ingénieur Informaticien,Berlin,58
KeyPers_Berlin_1232767,Cadre,Berlin,53
KeyPers_Berlin_1232768,Ingénieur Data,Berlin,69
KeyPers_Berlin_1232769,Ingénieur Data,Berlin,75
KeyPers_Berlin_1232770,Economiste,Berlin,56
KeyPers_Berlin_1232771,Ingénieur Informaticien,Berlin,69
KeyPers_Berlin_1232772,Cadre,Berlin,24
KeyPers_Berlin_1232773,Ingénieur Data,Berlin,40
KeyPers_Berlin_1232774,Ingénieur Data,Berlin,32
KeyPers_Berlin_1232775,Ingénieur Informaticien,Berlin,83
KeyPers_Berlin_1232776,Ingénieur Data,Berlin,47
KeyPers_Berlin_1232777,Ingénieur Data,Berlin,66
KeyPers_Berlin_1232778,Ingénieur Informaticien,Berlin,46
KeyPers_Berlin_1232779,Cadre,Berlin,39
KeyPers_Berlin_1232780,Ingénieur Data,Berlin,91
KeyPers_Berlin_1232781,Ingénieur Informaticien,Berlin,28
KeyPers_Berlin_1232782,DRH,Berlin,63
KeyPers_Berlin_1232783,Ingénieur Informaticien,Berlin,26
KeyPers_Berlin_1232784,Ingénieur Data,Berlin,45
KeyPers_Berlin_1232785,Ingénieur Data,Berlin,89
KeyPers_Berlin_1232786,Ingénieur Informaticien,Berlin,79
KeyPers_Berlin_1232787,Ingénieur Informaticien,Berlin,33
KeyPers_Berlin_1232788,Ingénieur Informaticien,Berlin,85
KeyPers_Berlin_1232789,Ingénieur Data,Berlin,87
KeyPers_Berlin_1232790,Cadre,Berlin,88
KeyPers_Berlin_1232791,Economiste,Berlin,47
KeyPers_Berlin_1232792,Ingénieur Informaticien,Berlin,62
KeyPers_Berlin_1232793,Cadre,Berlin,88
KeyPers_Berlin_1232794,Cadre,Berlin,69
KeyPers_Berlin_1232795,Cadre,Berlin,80
KeyPers_Berlin_1232796,Ingénieur Data,Berlin,68
KeyPers_Berlin_1232797,Cadre,Berlin,85
KeyPers_Berlin_1232798,Ingénieur Data,Berlin,76
KeyPers_Berlin_1232799,Ingénieur Informaticien,Berlin,43
KeyPers_Berlin_1232800,Ingénieur Informaticien,Berlin,88
KeyPers_Berlin_1232801,Cadre,Berlin,26
KeyPers_Berlin_1232802,Ingénieur Data,Berlin,45
KeyPers_Berlin_1232803,Ingénieur Data,Berlin,94
KeyPers_Berlin_1232804,Ingénieur Data,Berlin,48
KeyPers_Berlin_1232805,Ingénieur Data,Berlin,49
KeyPers_Berlin_1232806,Ingénieur Informaticien,Berlin,51
KeyPers_Berlin_1232807,Ingénieur Informaticien,Berlin,47
KeyPers_Berlin_1232808,Cadre,Berlin,33
KeyPers_Berlin_1232809,Ingénieur Informaticien,Berlin,69
KeyPers_Berlin_1232810,Ingénieur Data,Berlin,25
KeyPers_Berlin_1232811,Ingénieur Informaticien,Berlin,63
KeyPers_Berlin_1232812,Ingénieur Data,Berlin,70
KeyPers_Berlin_1232813,DRH,Berlin,34
KeyPers_Berlin_1232814,Ingénieur Data,Berlin,62
KeyPers_Berlin_1232815,Ingénieur Data,Berlin,52
KeyPers_Berlin_1232816,Ingénieur Data,Berlin,91
KeyPers_Berlin_1232817,Ingénieur Informaticien,Berlin,75
KeyPers_Berlin_1232818,Ingénieur Data,Berlin,50
KeyPers_Berlin_1232819,Economiste,Berlin,30
KeyPers_Berlin_1232820,Ingénieur Informaticien,Berlin,46
KeyPers_Berlin_1232821,Ingénieur Data,Berlin,28
KeyPers_Berlin_1232822,Ingénieur Informaticien,Berlin,34
KeyPers_Berlin_1232823,Ingénieur Informaticien,Berlin,53
KeyPers_Berlin_1232824,Ingénieur Data,Berlin,38
KeyPers_Berlin_1232825,Cadre,Berlin,27
KeyPers_Berlin_1232826,Ingénieur Data,Berlin,28
KeyPers_Berlin_1232827,Cadre,Berlin,43
KeyPers_Berlin_1232828,Ingénieur Informaticien,Berlin,74
KeyPers_Berlin_1232829,Ingénieur Informaticien,Berlin,29
KeyPers_Berlin_1232830,Cadre,Berlin,75
KeyPers_Berlin_1232831,Ingénieur Informaticien,Berlin,34
KeyPers_Berlin_1232832,Ingénieur Informaticien,Berlin,77
KeyPers_Berlin_1232833,Ingénieur Informaticien,Berlin,60
KeyPers_Berlin_1232834,Ingénieur Informaticien,Berlin,66
KeyPers_Berlin_1232835,Ingénieur Data,Berlin,77
KeyPers_Berlin_1232836,Ingénieur Data,Berlin,39
KeyPers_Berlin_1232837,Ingénieur Data,Berlin,48
KeyPers_Berlin_1232838,Ingénieur Informaticien,Berlin,67
KeyPers_Berlin_1232839,Cadre,Berlin,44
KeyPers_Berlin_1232840,Ingénieur Informaticien,Berlin,37
KeyPers_Berlin_1232841,Ingénieur Data,Berlin,70
KeyPers_Berlin_1232842,Cadre,Berlin,95
KeyPers_Berlin_1232843,Ingénieur Informaticien,Berlin,83
KeyPers_Berlin_1232844,Ingénieur Informaticien,Berlin,80
KeyPers_Berlin_1232845,Economiste,Berlin,75
KeyPers_Berlin_1232846,Ingénieur Data,Berlin,84
KeyPers_Berlin_1232847,Cadre,Berlin,81
KeyPers_Berlin_1232848,Ingénieur Data,Berlin,83
KeyPers_Berlin_1232849,Ingénieur Data,Berlin,73
KeyPers_Berlin_1232850,Ingénieur Informaticien,Berlin,91
KeyPers_Berlin_1232851,DRH,Berlin,33
KeyPers_Berlin_1232852,Cadre,Berlin,72
KeyPers_Berlin_1232853,Ingénieur Data,Berlin,42
KeyPers_Berlin_1232854,Ingénieur Informaticien,Berlin,40
KeyPers_Berlin_1232855,DRH,Berlin,36
KeyPers_Berlin_1232856,Ingénieur Data,Berlin,36
KeyPers_Berlin_1232857,Ingénieur Informaticien,Berlin,35
KeyPers_Berlin_1232858,Ingénieur Data,Berlin,25
KeyPers_Berlin_1232859,Cadre,Berlin,81
KeyPers_Berlin_1232860,Cadre,Berlin,41
KeyPers_Berlin_1232861,Ingénieur Informaticien,Berlin,28
KeyPers_Berlin_1232862,Ingénieur Informaticien,Berlin,35
KeyPers_Berlin_1232863,Ingénieur Data,Berlin,93
KeyPers_Berlin_1232864,Ingénieur Data,Berlin,84
KeyPers_Berlin_1232865,Cadre,Berlin,29
KeyPers_Berlin_1232866,Ingénieur Informaticien,Berlin,59
KeyPers_Berlin_1232867,Ingénieur Informaticien,Berlin,58
KeyPers_Berlin_1232868,Cadre,Berlin,57
KeyPers_Berlin_1232869,Ingénieur Data,Berlin,56
KeyPers_Berlin_1232870,Ingénieur Informaticien,Berlin,79
KeyPers_Berlin_1232871,Ingénieur Data,Berlin,77
KeyPers_Berlin_1232872,Ingénieur Informaticien,Berlin,43
KeyPers_Berlin_1232873,Ingénieur Informaticien,Berlin,34
KeyPers_Berlin_1232874,Ingénieur Data,Berlin,49
KeyPers_Berlin_1232875,Ingénieur Data,Berlin,47
KeyPers_Berlin_1232876,Ingénieur Data,Berlin,90
KeyPers_Berlin_1232877,Cadre,Berlin,80
KeyPers_Berlin_1232878,Ingénieur Informaticien,Berlin,55
KeyPers_Berlin_1232879,Economiste,Berlin,35
KeyPers_Berlin_1232880,Ingénieur Informaticien,Berlin,44
KeyPers_Berlin_1232881,Ingénieur Informaticien,Berlin,83
KeyPers_Berlin_1232882,Ingénieur Data,Berlin,36
KeyPers_Berlin_1232883,Ingénieur Data,Berlin,63
KeyPers_Berlin_1232884,Ingénieur Informaticien,Berlin,46
KeyPers_Berlin_1232885,Ingénieur Informaticien,Berlin,82
KeyPers_Berlin_1232886,Cadre,Berlin,27
KeyPers_Berlin_1232887,Ingénieur Informaticien,Berlin,35
KeyPers_Berlin_1232888,Ingénieur Informaticien,Berlin,66
KeyPers_Berlin_1232889,Cadre,Berlin,81
KeyPers_Berlin_1232890,Ingénieur Data,Berlin,52
KeyPers_Berlin_1232891,Cadre,Berlin,89
KeyPers_Berlin_1232892,Ingénieur Data,Berlin,94
KeyPers_Berlin_1232893,Ingénieur Data,Berlin,44
KeyPers_Berlin_1232894,Ingénieur Informaticien,Berlin,54
KeyPers_Berlin_1232895,Ingénieur Informaticien,Berlin,84
KeyPers_Berlin_1232896,Economiste,Berlin,34
KeyPers_Berlin_1232897,Ingénieur Data,Berlin,27
KeyPers_Berlin_1232898,Ingénieur Data,Berlin,77
KeyPers_Berlin_1232899,Ingénieur Informaticien,Berlin,39
KeyPers_Berlin_1232900,Ingénieur Informaticien,Berlin,37
KeyPers_Berlin_1232901,Cadre,Berlin,85
KeyPers_Berlin_1232902,Ingénieur Informaticien,Berlin,56
KeyPers_Berlin_1232903,Cadre,Berlin,47
KeyPers_Berlin_1232904,Ingénieur Informaticien,Berlin,73
KeyPers_Berlin_1232905,Ingénieur Informaticien,Berlin,94
KeyPers_Berlin_1232906,Ingénieur Data,Berlin,83
KeyPers_Berlin_1232907,Economiste,Berlin,88
KeyPers_Berlin_1232908,Ingénieur Data,Berlin,63
KeyPers_Berlin_1232909,Cadre,Berlin,64
KeyPers_Berlin_1232910,Ingénieur Data,Berlin,43
KeyPers_Berlin_1232911,Ingénieur Data,Berlin,93
KeyPers_Berlin_1232912,Ingénieur Data,Berlin,28
KeyPers_Berlin_1232913,Ingénieur Informaticien,Berlin,32
KeyPers_Berlin_1232914,Ingénieur Informaticien,Berlin,60
KeyPers_Berlin_1232915,Ingénieur Data,Berlin,41
KeyPers_Berlin_1232916,Ingénieur Informaticien,Berlin,92
KeyPers_Berlin_1232917,Ingénieur Data,Berlin,26
KeyPers_Berlin_1232918,Ingénieur Informaticien,Berlin,34
KeyPers_Berlin_1232919,Cadre,Berlin,50
KeyPers_Berlin_1232920,Ingénieur Data,Berlin,66
KeyPers_Berlin_1232921,Ingénieur Data,Berlin,49
KeyPers_Berlin_1232922,Ingénieur Data,Berlin,31
KeyPers_Berlin_1232923,Ingénieur Informaticien,Berlin,51
KeyPers_Berlin_1232924,Ingénieur Informaticien,Berlin,77
KeyPers_Berlin_1232925,Ingénieur Data,Berlin,67
KeyPers_Berlin_1232926,Ingénieur Data,Berlin,73
KeyPers_Berlin_1232927,Ingénieur Informaticien,Berlin,84
KeyPers_Berlin_1232928,Ingénieur Data,Berlin,83
KeyPers_Berlin_1232929,Economiste,Berlin,48
KeyPers_Berlin_1232930,Cadre,Berlin,59
KeyPers_Berlin_1232931,Ingénieur Informaticien,Berlin,37
KeyPers_Berlin_1232932,Ingénieur Informaticien,Berlin,78
KeyPers_Berlin_1232933,Ingénieur Data,Berlin,72
KeyPers_Berlin_1232934,Ingénieur Informaticien,Berlin,83
KeyPers_Berlin_1232935,Cadre,Berlin,69
KeyPers_Berlin_1232936,Economiste,Berlin,73
KeyPers_Berlin_1232937,Ingénieur Informaticien,Berlin,75
KeyPers_Berlin_1232938,Cadre,Berlin,32
KeyPers_Berlin_1232939,Ingénieur Data,Berlin,85
KeyPers_Berlin_1232940,Ingénieur Informaticien,Berlin,65
KeyPers_Berlin_1232941,Ingénieur Informaticien,Berlin,79
KeyPers_Berlin_1232942,Ingénieur Data,Berlin,34
KeyPers_Berlin_1232943,Ingénieur Informaticien,Berlin,53
KeyPers_Berlin_1232944,Ingénieur Data,Berlin,53
KeyPers_Berlin_1232945,Ingénieur Informaticien,Berlin,75
KeyPers_Berlin_1232946,Ingénieur Informaticien,Berlin,45
KeyPers_Berlin_1232947,Ingénieur Data,Berlin,59
KeyPers_Berlin_1232948,Ingénieur Informaticien,Berlin,73
KeyPers_Berlin_1232949,Economiste,Berlin,93
KeyPers_Berlin_1232950,Ingénieur Informaticien,Berlin,55
KeyPers_Berlin_1232951,Cadre,Berlin,49
KeyPers_Berlin_1232952,Ingénieur Informaticien,Berlin,80
KeyPers_Berlin_1232953,Cadre,Berlin,67
KeyPers_Berlin_1232954,Ingénieur Data,Berlin,25
KeyPers_Berlin_1232955,Ingénieur Informaticien,Berlin,72
KeyPers_Berlin_1232956,Cadre,Berlin,44
KeyPers_Berlin_1232957,Ingénieur Data,Berlin,81
KeyPers_Berlin_1232958,Ingénieur Data,Berlin,29
KeyPers_Berlin_1232959,Ingénieur Informaticien,Berlin,77
KeyPers_Berlin_1232960,Ingénieur Informaticien,Berlin,44
KeyPers_Berlin_1232961,Ingénieur Data,Berlin,85
KeyPers_Berlin_1232962,Ingénieur Informaticien,Berlin,80
KeyPers_Berlin_1232963,Ingénieur Data,Berlin,60
KeyPers_Berlin_1232964,Cadre,Berlin,49
KeyPers_Berlin_1232965,Cadre,Berlin,47
KeyPers_Berlin_1232966,Cadre,Berlin,70
KeyPers_Berlin_1232967,Ingénieur Informaticien,Berlin,83
KeyPers_Berlin_1232968,Ingénieur Informaticien,Berlin,65
KeyPers_Berlin_1232969,Ingénieur Data,Berlin,51
KeyPers_Berlin_1232970,DRH,Berlin,52
KeyPers_Berlin_1232971,Cadre,Berlin,41
KeyPers_Berlin_1232972,Ingénieur Data,Berlin,94
KeyPers_Berlin_1232973,Ingénieur Data,Berlin,38
KeyPers_Berlin_1232974,Ingénieur Informaticien,Berlin,36
KeyPers_Berlin_1232975,Ingénieur Informaticien,Berlin,51
KeyPers_Berlin_1232976,Cadre,Berlin,83
KeyPers_Berlin_1232977,Ingénieur Data,Berlin,72
KeyPers_Berlin_1232978,Ingénieur Informaticien,Berlin,61
KeyPers_Berlin_1232979,Ingénieur Informaticien,Berlin,38
KeyPers_Berlin_1232980,Ingénieur Informaticien,Berlin,46
KeyPers_Berlin_1232981,Ingénieur Data,Berlin,40
KeyPers_Berlin_1232982,Ingénieur Informaticien,Berlin,72
KeyPers_Berlin_1232983,Ingénieur Data,Berlin,37
KeyPers_Berlin_1232984,Ingénieur Informaticien,Berlin,78
KeyPers_Berlin_1232985,Economiste,Berlin,62
KeyPers_Berlin_1232986,Cadre,Berlin,49
KeyPers_Berlin_1232987,Ingénieur Informaticien,Berlin,31
KeyPers_Berlin_1232988,Economiste,Berlin,89
KeyPers_Berlin_1232989,Ingénieur Data,Berlin,41
KeyPers_Berlin_1232990,Cadre,Berlin,45
KeyPers_Berlin_1232991,Cadre,Berlin,59
KeyPers_Berlin_1232992,Ingénieur Data,Berlin,40
KeyPers_Berlin_1232993,Economiste,Berlin,87
KeyPers_Berlin_1232994,Ingénieur Data,Berlin,93
KeyPers_Berlin_1232995,Ingénieur Data,Berlin,69
KeyPers_Berlin_1232996,Economiste,Berlin,30
KeyPers_Berlin_1232997,Ingénieur Informaticien,Berlin,80
KeyPers_Berlin_1232998,Ingénieur Data,Berlin,86
KeyPers_Berlin_1232999,Ingénieur Data,Berlin,54
KeyPers_Berlin_1233000,Ingénieur Data,Berlin,40
KeyPers_Berlin_1233001,Cadre,Berlin,77
KeyPers_Berlin_1233002,Ingénieur Informaticien,Berlin,91
KeyPers_Berlin_1233003,Ingénieur Informaticien,Berlin,68
KeyPers_Berlin_1233004,Cadre,Berlin,89
KeyPers_Berlin_1233005,Ingénieur Data,Berlin,48
KeyPers_Berlin_1233006,Ingénieur Data,Berlin,49
KeyPers_Berlin_1233007,Ingénieur Informaticien,Berlin,74
KeyPers_Berlin_1233008,Ingénieur Informaticien,Berlin,74
KeyPers_Berlin_1233009,Ingénieur Informaticien,Berlin,92
KeyPers_Berlin_1233010,Ingénieur Informaticien,Berlin,26
KeyPers_Berlin_1233011,Economiste,Berlin,25
KeyPers_Berlin_1233012,Ingénieur Informaticien,Berlin,87
KeyPers_Berlin_1233013,Ingénieur Data,Berlin,75
KeyPers_Berlin_1233014,Ingénieur Informaticien,Berlin,95
KeyPers_Berlin_1233015,Ingénieur Informaticien,Berlin,50
KeyPers_Berlin_1233016,Ingénieur Data,Berlin,62
KeyPers_Berlin_1233017,Ingénieur Informaticien,Berlin,25
KeyPers_Berlin_1233018,Cadre,Berlin,58
KeyPers_Berlin_1233019,Economiste,Berlin,77
KeyPers_Berlin_1233020,Economiste,Berlin,68
KeyPers_Berlin_1233021,Ingénieur Data,Berlin,86
KeyPers_Berlin_1233022,Ingénieur Informaticien,Berlin,34
KeyPers_Berlin_1233023,Ingénieur Data,Berlin,28
KeyPers_Berlin_1233024,Ingénieur Informaticien,Berlin,60
KeyPers_Berlin_1233025,Ingénieur Informaticien,Berlin,66
KeyPers_Berlin_1233026,Ingénieur Informaticien,Berlin,62
KeyPers_Berlin_1233027,Ingénieur Data,Berlin,35
KeyPers_Berlin_1233028,Ingénieur Data,Berlin,66
KeyPers_Berlin_1233029,Ingénieur Informaticien,Berlin,86
KeyPers_Berlin_1233030,Ingénieur Informaticien,Berlin,75
KeyPers_Berlin_1233031,Ingénieur Data,Berlin,88
KeyPers_Berlin_1233032,Ingénieur Data,Berlin,43
KeyPers_Berlin_1233033,Ingénieur Data,Berlin,53
KeyPers_Berlin_1233034,Ingénieur Data,Berlin,43
KeyPers_Berlin_1233035,Ingénieur Informaticien,Berlin,91
KeyPers_Berlin_1233036,Ingénieur Data,Berlin,71
KeyPers_Berlin_1233037,Ingénieur Informaticien,Berlin,37
KeyPers_Berlin_1233038,Ingénieur Informaticien,Berlin,28
KeyPers_Berlin_1233039,Ingénieur Informaticien,Berlin,75
KeyPers_Berlin_1233040,Ingénieur Data,Berlin,87
KeyPers_Berlin_1233041,Ingénieur Data,Berlin,43
KeyPers_Berlin_1233042,Ingénieur Data,Berlin,72
KeyPers_Berlin_1233043,Cadre,Berlin,74
KeyPers_Berlin_1233044,Ingénieur Informaticien,Berlin,69
KeyPers_Berlin_1233045,Ingénieur Data,Berlin,29
KeyPers_Berlin_1233046,Economiste,Berlin,85
KeyPers_Berlin_1233047,Ingénieur Informaticien,Berlin,57
KeyPers_Berlin_1233048,Economiste,Berlin,28
KeyPers_Berlin_1233049,Ingénieur Data,Berlin,79
KeyPers_Berlin_1233050,Ingénieur Informaticien,Berlin,36
KeyPers_Berlin_1233051,Ingénieur Informaticien,Berlin,57
KeyPers_Berlin_1233052,Ingénieur Data,Berlin,30
KeyPers_Berlin_1233053,Cadre,Berlin,67
KeyPers_Berlin_1233054,Cadre,Berlin,42
KeyPers_Berlin_1233055,Ingénieur Informaticien,Berlin,52
KeyPers_Berlin_1233056,Ingénieur Informaticien,Berlin,92
KeyPers_Berlin_1233057,Cadre,Berlin,29
KeyPers_Berlin_1233058,Ingénieur Data,Berlin,47
KeyPers_Berlin_1233059,Ingénieur Data,Berlin,64
KeyPers_Berlin_1233060,Ingénieur Informaticien,Berlin,92
KeyPers_Berlin_1233061,Cadre,Berlin,95
KeyPers_Berlin_1233062,Ingénieur Data,Berlin,75
KeyPers_Berlin_1233063,Cadre,Berlin,71
KeyPers_Berlin_1233064,Ingénieur Data,Berlin,33
KeyPers_Berlin_1233065,Cadre,Berlin,78
KeyPers_Berlin_1233066,Cadre,Berlin,28
KeyPers_Berlin_1233067,Ingénieur Data,Berlin,77
KeyPers_Berlin_1233068,Ingénieur Informaticien,Berlin,27
KeyPers_Berlin_1233069,Cadre,Berlin,36
KeyPers_Berlin_1233070,Ingénieur Data,Berlin,58
KeyPers_Berlin_1233071,Cadre,Berlin,35
KeyPers_Berlin_1233072,Ingénieur Informaticien,Berlin,64
KeyPers_Berlin_1233073,Ingénieur Data,Berlin,95
KeyPers_Berlin_1233074,Ingénieur Informaticien,Berlin,75
KeyPers_Berlin_1233075,Ingénieur Informaticien,Berlin,96
KeyPers_Berlin_1233076,Ingénieur Data,Berlin,45
KeyPers_Berlin_1233077,Economiste,Berlin,65
KeyPers_Berlin_1233078,Ingénieur Data,Berlin,54
KeyPers_Berlin_1233079,Ingénieur Data,Berlin,54
KeyPers_Berlin_1233080,Ingénieur Informaticien,Berlin,33
KeyPers_Berlin_1233081,Ingénieur Informaticien,Berlin,55
KeyPers_Berlin_1233082,Cadre,Berlin,48
KeyPers_Berlin_1233083,Ingénieur Informaticien,Berlin,80
KeyPers_Berlin_1233084,Cadre,Berlin,77
KeyPers_Berlin_1233085,Ingénieur Data,Berlin,50
KeyPers_Berlin_1233086,Ingénieur Informaticien,Berlin,55
KeyPers_Berlin_1233087,Cadre,Berlin,75
KeyPers_Berlin_1233088,Ingénieur Data,Berlin,53
KeyPers_Berlin_1233089,Ingénieur Data,Berlin,47
KeyPers_Berlin_1233090,Ingénieur Informaticien,Berlin,41
KeyPers_Berlin_1233091,Ingénieur Data,Berlin,53
KeyPers_Berlin_1233092,Ingénieur Data,Berlin,79
KeyPers_Berlin_1233093,Economiste,Berlin,80
KeyPers_Berlin_1233094,Ingénieur Informaticien,Berlin,27
KeyPers_Berlin_1233095,Cadre,Berlin,32
KeyPers_Berlin_1233096,Ingénieur Data,Berlin,72
KeyPers_Berlin_1233097,Ingénieur Informaticien,Berlin,55
KeyPers_Berlin_1233098,Ingénieur Informaticien,Berlin,79
KeyPers_Berlin_1233099,Ingénieur Data,Berlin,73
KeyPers_Berlin_1233100,Cadre,Berlin,62
KeyPers_Berlin_1233101,Economiste,Berlin,72
KeyPers_Berlin_1233102,Ingénieur Informaticien,Berlin,69
KeyPers_Berlin_1233103,Ingénieur Data,Berlin,94
KeyPers_Berlin_1233104,Cadre,Berlin,92
KeyPers_Berlin_1233105,Ingénieur Data,Berlin,90
KeyPers_Berlin_1233106,Ingénieur Data,Berlin,51
KeyPers_Berlin_1233107,Ingénieur Informaticien,Berlin,49
KeyPers_Berlin_1233108,Ingénieur Informaticien,Berlin,92
KeyPers_Berlin_1233109,DRH,Berlin,47
KeyPers_Berlin_1233110,Ingénieur Data,Berlin,91
KeyPers_Berlin_1233111,Ingénieur Informaticien,Berlin,29
KeyPers_Berlin_1233112,Ingénieur Informaticien,Berlin,26
KeyPers_Berlin_1233113,Ingénieur Informaticien,Berlin,76
KeyPers_Berlin_1233114,Ingénieur Informaticien,Berlin,91
KeyPers_Berlin_1233115,Economiste,Berlin,83
KeyPers_Berlin_1233116,Ingénieur Data,Berlin,90
KeyPers_Berlin_1233117,Economiste,Berlin,61
KeyPers_Berlin_1233118,Economiste,Berlin,64
KeyPers_Berlin_1233119,Ingénieur Informaticien,Berlin,37
KeyPers_Berlin_1233120,Ingénieur Informaticien,Berlin,91
KeyPers_Berlin_1233121,Ingénieur Informaticien,Berlin,66
KeyPers_Berlin_1233122,Ingénieur Data,Berlin,68
KeyPers_Berlin_1233123,Ingénieur Informaticien,Berlin,31
KeyPers_Berlin_1233124,Cadre,Berlin,26
KeyPers_Berlin_1233125,Ingénieur Data,Berlin,88
KeyPers_Berlin_1233126,Ingénieur Informaticien,Berlin,70
KeyPers_Berlin_1233127,Ingénieur Data,Berlin,85
KeyPers_Berlin_1233128,Ingénieur Data,Berlin,69
KeyPers_Berlin_1233129,Ingénieur Data,Berlin,46
KeyPers_Berlin_1233130,Ingénieur Informaticien,Berlin,46
KeyPers_Berlin_1233131,Ingénieur Data,Berlin,59
KeyPers_Berlin_1233132,Ingénieur Informaticien,Berlin,42
KeyPers_Berlin_1233133,Ingénieur Informaticien,Berlin,34
KeyPers_Berlin_1233134,Ingénieur Informaticien,Berlin,46
KeyPers_Berlin_1233135,Ingénieur Informaticien,Berlin,88
KeyPers_Berlin_1233136,Ingénieur Informaticien,Berlin,27
KeyPers_Berlin_1233137,Ingénieur Data,Berlin,49
KeyPers_Berlin_1233138,Ingénieur Data,Berlin,92
KeyPers_Berlin_1233139,Ingénieur Data,Berlin,47
KeyPers_Berlin_1233140,Ingénieur Data,Berlin,47
KeyPers_Berlin_1233141,Cadre,Berlin,78
KeyPers_Berlin_1233142,DRH,Berlin,27
KeyPers_Berlin_1233143,Ingénieur Informaticien,Berlin,34
KeyPers_Berlin_1233144,Ingénieur Informaticien,Berlin,49
KeyPers_Berlin_1233145,Cadre,Berlin,82
KeyPers_Berlin_1233146,Ingénieur Informaticien,Berlin,80
KeyPers_Berlin_1233147,Ingénieur Data,Berlin,94
KeyPers_Berlin_1233148,Ingénieur Data,Berlin,50
KeyPers_Berlin_1233149,Ingénieur Data,Berlin,59
KeyPers_Berlin_1233150,Cadre,Berlin,46
KeyPers_Berlin_1233151,Ingénieur Data,Berlin,44
KeyPers_Berlin_1233152,Ingénieur Data,Berlin,61
KeyPers_Berlin_1233153,Cadre,Berlin,48
KeyPers_Berlin_1233154,Ingénieur Data,Berlin,61
KeyPers_Berlin_1233155,Ingénieur Informaticien,Berlin,41
KeyPers_Berlin_1233156,Ingénieur Data,Berlin,77
KeyPers_Berlin_1233157,Ingénieur Data,Berlin,46
KeyPers_Berlin_1233158,Ingénieur Informaticien,Berlin,89
KeyPers_Berlin_1233159,Ingénieur Data,Berlin,95
KeyPers_Berlin_1233160,Ingénieur Data,Berlin,53
KeyPers_Berlin_1233161,Cadre,Berlin,29
KeyPers_Berlin_1233162,Ingénieur Informaticien,Berlin,63
KeyPers_Berlin_1233163,Ingénieur Informaticien,Berlin,72
KeyPers_Berlin_1233164,Ingénieur Informaticien,Berlin,44
KeyPers_Berlin_1233165,Economiste,Berlin,47
KeyPers_Berlin_1233166,Cadre,Berlin,89
KeyPers_Berlin_1233167,Ingénieur Informaticien,Berlin,60
KeyPers_Berlin_1233168,DRH,Berlin,58
KeyPers_Berlin_1233169,Cadre,Berlin,27
KeyPers_Berlin_1233170,Ingénieur Informaticien,Berlin,90
KeyPers_Berlin_1233171,Ingénieur Data,Berlin,60
KeyPers_Berlin_1233172,Ingénieur Data,Berlin,35
KeyPers_Berlin_1233173,Ingénieur Data,Berlin,67
KeyPers_Berlin_1233174,Economiste,Berlin,41
KeyPers_Berlin_1233175,Ingénieur Data,Berlin,39
KeyPers_Berlin_1233176,Ingénieur Informaticien,Berlin,35
KeyPers_Berlin_1233177,Ingénieur Data,Berlin,70
KeyPers_Berlin_1233178,Ingénieur Informaticien,Berlin,28
KeyPers_Berlin_1233179,Cadre,Berlin,59
KeyPers_Berlin_1233180,Cadre,Berlin,61
KeyPers_Berlin_1233181,Economiste,Berlin,51
KeyPers_Berlin_1233182,Ingénieur Informaticien,Berlin,42
KeyPers_Berlin_1233183,Ingénieur Informaticien,Berlin,85
KeyPers_Berlin_1233184,Ingénieur Data,Berlin,87
KeyPers_Berlin_1233185,Ingénieur Informaticien,Berlin,53
KeyPers_Berlin_1233186,Ingénieur Informaticien,Berlin,47
KeyPers_Berlin_1233187,Ingénieur Data,Berlin,80
KeyPers_Berlin_1233188,Cadre,Berlin,59
KeyPers_Berlin_1233189,Ingénieur Informaticien,Berlin,67
KeyPers_Berlin_1233190,Cadre,Berlin,64
KeyPers_Berlin_1233191,Ingénieur Data,Berlin,43
KeyPers_Berlin_1233192,Ingénieur Data,Berlin,82
KeyPers_Berlin_1233193,Ingénieur Informaticien,Berlin,84
KeyPers_Berlin_1233194,Ingénieur Informaticien,Berlin,39
KeyPers_Berlin_1233195,Ingénieur Informaticien,Berlin,81
KeyPers_Berlin_1233196,Cadre,Berlin,63
KeyPers_Berlin_1233197,Cadre,Berlin,25
KeyPers_Berlin_1233198,Ingénieur Data,Berlin,88
KeyPers_Berlin_1233199,Cadre,Berlin,67
KeyPers_Berlin_1233200,Ingénieur Informaticien,Berlin,72
KeyPers_Berlin_1233201,Ingénieur Informaticien,Berlin,63
KeyPers_Berlin_1233202,Ingénieur Data,Berlin,90
KeyPers_Berlin_1233203,Ingénieur Data,Berlin,25
KeyPers_Berlin_1233204,Ingénieur Data,Berlin,45
KeyPers_Berlin_1233205,Ingénieur Data,Berlin,95
KeyPers_Berlin_1233206,Cadre,Berlin,93
KeyPers_Berlin_1233207,Ingénieur Informaticien,Berlin,32
KeyPers_Berlin_1233208,Ingénieur Informaticien,Berlin,72
KeyPers_Berlin_1233209,Ingénieur Data,Berlin,42
KeyPers_Berlin_1233210,Ingénieur Informaticien,Berlin,41
KeyPers_Berlin_1233211,Ingénieur Informaticien,Berlin,27
KeyPers_Berlin_1233212,Ingénieur Informaticien,Berlin,77
KeyPers_Berlin_1233213,Ingénieur Data,Berlin,32
KeyPers_Berlin_1233214,Ingénieur Data,Berlin,80
KeyPers_Berlin_1233215,Economiste,Berlin,54
KeyPers_Berlin_1233216,Cadre,Berlin,49
KeyPers_Berlin_1233217,Cadre,Berlin,28
KeyPers_Berlin_1233218,Ingénieur Informaticien,Berlin,95
KeyPers_Berlin_1233219,Cadre,Berlin,73
KeyPers_Berlin_1233220,Ingénieur Data,Berlin,48
KeyPers_Berlin_1233221,Ingénieur Informaticien,Berlin,52
KeyPers_Berlin_1233222,Cadre,Berlin,89
KeyPers_Berlin_1233223,Cadre,Berlin,52
KeyPers_Berlin_1233224,Ingénieur Data,Berlin,40
KeyPers_Berlin_1233225,Ingénieur Data,Berlin,29
KeyPers_Berlin_1233226,Economiste,Berlin,37
KeyPers_Berlin_1233227,Ingénieur Informaticien,Berlin,48
KeyPers_Berlin_1233228,DRH,Berlin,58
KeyPers_Berlin_1233229,Ingénieur Informaticien,Berlin,58
KeyPers_Berlin_1233230,Ingénieur Informaticien,Berlin,48
KeyPers_Berlin_1233231,Ingénieur Informaticien,Berlin,87
KeyPers_Berlin_1233232,Ingénieur Data,Berlin,73
KeyPers_Berlin_1233233,Ingénieur Data,Berlin,25
KeyPers_Berlin_1233234,Ingénieur Informaticien,Berlin,68
KeyPers_Berlin_1233235,Ingénieur Data,Berlin,83
KeyPers_Berlin_1233236,DRH,Berlin,92
KeyPers_Berlin_1233237,Ingénieur Data,Berlin,79
KeyPers_Berlin_1233238,Cadre,Berlin,84
KeyPers_Berlin_1233239,Cadre,Berlin,90
KeyPers_Berlin_1233240,Ingénieur Informaticien,Berlin,42
KeyPers_Berlin_1233241,DRH,Berlin,71
KeyPers_Berlin_1233242,Ingénieur Data,Berlin,65
KeyPers_Berlin_1233243,Ingénieur Informaticien,Berlin,80
KeyPers_Berlin_1233244,Ingénieur Informaticien,Berlin,37
KeyPers_Berlin_1233245,Ingénieur Informaticien,Berlin,66
KeyPers_Berlin_1233246,Ingénieur Informaticien,Berlin,74
KeyPers_Berlin_1233247,Cadre,Berlin,44
KeyPers_Berlin_1233248,Economiste,Berlin,48
KeyPers_Berlin_1233249,Economiste,Berlin,57
KeyPers_Berlin_1233250,Ingénieur Informaticien,Berlin,57
KeyPers_Berlin_1233251,Ingénieur Informaticien,Berlin,77
KeyPers_Berlin_1233252,Ingénieur Data,Berlin,93
KeyPers_Berlin_1233253,Ingénieur Informaticien,Berlin,58
KeyPers_Berlin_1233254,Cadre,Berlin,47
KeyPers_Berlin_1233255,Cadre,Berlin,54
KeyPers_Berlin_1233256,Ingénieur Data,Berlin,66
KeyPers_Berlin_1233257,Ingénieur Informaticien,Berlin,93
KeyPers_Berlin_1233258,Ingénieur Informaticien,Berlin,67
KeyPers_Berlin_1233259,Ingénieur Data,Berlin,70
KeyPers_Berlin_1233260,Ingénieur Informaticien,Berlin,40
KeyPers_Berlin_1233261,Cadre,Berlin,65
KeyPers_Berlin_1233262,Ingénieur Data,Berlin,80
KeyPers_Berlin_1233263,Ingénieur Informaticien,Berlin,76
KeyPers_Berlin_1233264,Ingénieur Informaticien,Berlin,92
KeyPers_Berlin_1233265,Cadre,Berlin,90
KeyPers_Berlin_1233266,Ingénieur Data,Berlin,38
KeyPers_Berlin_1233267,Ingénieur Data,Berlin,60
KeyPers_Berlin_1233268,Ingénieur Data,Berlin,69
KeyPers_Berlin_1233269,Ingénieur Data,Berlin,34
KeyPers_Berlin_1233270,Ingénieur Data,Berlin,34
KeyPers_Berlin_1233271,Ingénieur Data,Berlin,78
KeyPers_Berlin_1233272,Ingénieur Data,Berlin,46
KeyPers_Berlin_1233273,Economiste,Berlin,74
KeyPers_Berlin_1233274,Ingénieur Informaticien,Berlin,82
KeyPers_Berlin_1233275,Ingénieur Informaticien,Berlin,61
KeyPers_Berlin_1233276,Ingénieur Data,Berlin,54
KeyPers_Berlin_1233277,Ingénieur Data,Berlin,32
KeyPers_Berlin_1233278,Economiste,Berlin,46
KeyPers_Berlin_1233279,Ingénieur Data,Berlin,66
KeyPers_Berlin_1233280,Ingénieur Informaticien,Berlin,31
KeyPers_Berlin_1233281,Ingénieur Informaticien,Berlin,59
KeyPers_Berlin_1233282,Ingénieur Informaticien,Berlin,89
KeyPers_Berlin_1233283,Ingénieur Data,Berlin,61
KeyPers_Berlin_1233284,Economiste,Berlin,91
KeyPers_Berlin_1233285,Ingénieur Informaticien,Berlin,67
KeyPers_Berlin_1233286,Ingénieur Data,Berlin,90
KeyPers_Berlin_1233287,Ingénieur Data,Berlin,40
KeyPers_Berlin_1233288,Ingénieur Data,Berlin,59
KeyPers_Berlin_1233289,Cadre,Berlin,43
KeyPers_Berlin_1233290,Ingénieur Data,Berlin,84
KeyPers_Berlin_1233291,Ingénieur Data,Berlin,93
KeyPers_Berlin_1233292,Ingénieur Data,Berlin,78
KeyPers_Berlin_1233293,Ingénieur Data,Berlin,42
KeyPers_Berlin_1233294,Ingénieur Data,Berlin,34
KeyPers_Berlin_1233295,Ingénieur Data,Berlin,53
KeyPers_Berlin_1233296,Ingénieur Data,Berlin,54
KeyPers_Berlin_1233297,Ingénieur Data,Berlin,35
KeyPers_Berlin_1233298,Ingénieur Data,Berlin,27
KeyPers_Berlin_1233299,Ingénieur Data,Berlin,24
KeyPers_Berlin_1233300,Ingénieur Informaticien,Berlin,54
KeyPers_Berlin_1233301,Cadre,Berlin,61
KeyPers_Berlin_1233302,Ingénieur Data,Berlin,96
KeyPers_Berlin_1233303,Cadre,Berlin,61
KeyPers_Berlin_1233304,Ingénieur Data,Berlin,63
KeyPers_Berlin_1233305,Ingénieur Data,Berlin,88
KeyPers_Berlin_1233306,Cadre,Berlin,64
KeyPers_Berlin_1233307,Cadre,Berlin,59
KeyPers_Berlin_1233308,Ingénieur Data,Berlin,84
KeyPers_Berlin_1233309,Ingénieur Informaticien,Berlin,53
KeyPers_Berlin_1233310,Ingénieur Informaticien,Berlin,51
KeyPers_Berlin_1233311,Ingénieur Informaticien,Berlin,93
KeyPers_Berlin_1233312,Ingénieur Data,Berlin,95
KeyPers_Berlin_1233313,Cadre,Berlin,63
KeyPers_Berlin_1233314,Ingénieur Informaticien,Berlin,43
KeyPers_Berlin_1233315,Ingénieur Informaticien,Berlin,47
KeyPers_Berlin_1233316,Ingénieur Data,Berlin,45
KeyPers_Berlin_1233317,Cadre,Berlin,43
KeyPers_Berlin_1233318,Ingénieur Data,Berlin,80
KeyPers_Berlin_1233319,Ingénieur Data,Berlin,84
KeyPers_Berlin_1233320,Ingénieur Informaticien,Berlin,45
KeyPers_Berlin_1233321,Ingénieur Informaticien,Berlin,27
KeyPers_Berlin_1233322,Ingénieur Data,Berlin,48
KeyPers_Berlin_1233323,Ingénieur Data,Berlin,71
KeyPers_Berlin_1233324,Ingénieur Informaticien,Berlin,26
KeyPers_Berlin_1233325,DRH,Berlin,55
KeyPers_Berlin_1233326,Ingénieur Data,Berlin,39
KeyPers_Berlin_1233327,Ingénieur Data,Berlin,50
KeyPers_Berlin_1233328,Cadre,Berlin,87
KeyPers_Berlin_1233329,Ingénieur Informaticien,Berlin,66
KeyPers_Berlin_1233330,Cadre,Berlin,53
KeyPers_Berlin_1233331,Ingénieur Informaticien,Berlin,43
KeyPers_Berlin_1233332,Ingénieur Informaticien,Berlin,34
KeyPers_Berlin_1233333,Ingénieur Data,Berlin,29
KeyPers_Berlin_1233334,Economiste,Berlin,67
KeyPers_Berlin_1233335,Cadre,Berlin,71
KeyPers_Berlin_1233336,Cadre,Berlin,46
KeyPers_Berlin_1233337,Ingénieur Informaticien,Berlin,69
KeyPers_Berlin_1233338,Ingénieur Informaticien,Berlin,65
KeyPers_Berlin_1233339,Ingénieur Data,Berlin,25
KeyPers_Berlin_1233340,Ingénieur Data,Berlin,55
KeyPers_Berlin_1233341,Economiste,Berlin,53
KeyPers_Berlin_1233342,Ingénieur Informaticien,Berlin,40
KeyPers_Berlin_1233343,Ingénieur Data,Berlin,53
KeyPers_Berlin_1233344,Ingénieur Data,Berlin,71
KeyPers_Berlin_1233345,Ingénieur Data,Berlin,45
KeyPers_Berlin_1233346,Ingénieur Informaticien,Berlin,83
KeyPers_Berlin_1233347,Ingénieur Data,Berlin,72
KeyPers_Berlin_1233348,Ingénieur Data,Berlin,33
KeyPers_Berlin_1233349,Ingénieur Informaticien,Berlin,47
KeyPers_Berlin_1233350,Economiste,Berlin,91
KeyPers_Berlin_1233351,Ingénieur Informaticien,Berlin,38
KeyPers_Berlin_1233352,Ingénieur Data,Berlin,96
KeyPers_Berlin_1233353,Ingénieur Data,Berlin,46
KeyPers_Berlin_1233354,Ingénieur Informaticien,Berlin,44
KeyPers_Berlin_1233355,Economiste,Berlin,33
KeyPers_Berlin_1233356,Ingénieur Informaticien,Berlin,74
KeyPers_Berlin_1233357,Cadre,Berlin,90
KeyPers_Berlin_1233358,Ingénieur Informaticien,Berlin,43
KeyPers_Berlin_1233359,Ingénieur Data,Berlin,86
KeyPers_Berlin_1233360,Ingénieur Informaticien,Berlin,34
KeyPers_Berlin_1233361,DRH,Berlin,78
KeyPers_Berlin_1233362,Ingénieur Data,Berlin,84
KeyPers_Berlin_1233363,Cadre,Berlin,77
KeyPers_Berlin_1233364,Ingénieur Data,Berlin,63
KeyPers_Berlin_1233365,Cadre,Berlin,92
KeyPers_Berlin_1233366,Ingénieur Informaticien,Berlin,39
KeyPers_Berlin_1233367,Economiste,Berlin,59
KeyPers_Berlin_1233368,Cadre,Berlin,42
KeyPers_Berlin_1233369,Ingénieur Informaticien,Berlin,89
KeyPers_Berlin_1233370,Cadre,Berlin,56
KeyPers_Berlin_1233371,Ingénieur Informaticien,Berlin,87
KeyPers_Berlin_1233372,Ingénieur Informaticien,Berlin,86
KeyPers_Berlin_1233373,Ingénieur Data,Berlin,67
KeyPers_Berlin_1233374,Ingénieur Data,Berlin,54
KeyPers_Berlin_1233375,Ingénieur Data,Berlin,60
KeyPers_Berlin_1233376,Economiste,Berlin,76
KeyPers_Berlin_1233377,Economiste,Berlin,92
KeyPers_Berlin_1233378,Ingénieur Informaticien,Berlin,79
KeyPers_Berlin_1233379,Cadre,Berlin,68
KeyPers_Berlin_1233380,Ingénieur Informaticien,Berlin,64
KeyPers_Berlin_1233381,Ingénieur Data,Berlin,52
KeyPers_Berlin_1233382,Ingénieur Data,Berlin,84
KeyPers_Berlin_1233383,Ingénieur Data,Berlin,92
KeyPers_Berlin_1233384,Ingénieur Informaticien,Berlin,92
KeyPers_Berlin_1233385,Cadre,Berlin,92
KeyPers_Berlin_1233386,Ingénieur Data,Berlin,76
KeyPers_Berlin_1233387,Cadre,Berlin,34
KeyPers_Berlin_1233388,Ingénieur Informaticien,Berlin,93
KeyPers_Berlin_1233389,Ingénieur Informaticien,Berlin,38
KeyPers_Berlin_1233390,Ingénieur Data,Berlin,38
KeyPers_Berlin_1233391,Ingénieur Informaticien,Berlin,58
KeyPers_Berlin_1233392,Ingénieur Data,Berlin,92
KeyPers_Berlin_1233393,Cadre,Berlin,43
KeyPers_Berlin_1233394,Ingénieur Informaticien,Berlin,83
KeyPers_Berlin_1233395,Economiste,Berlin,49
KeyPers_Berlin_1233396,Ingénieur Informaticien,Berlin,54
KeyPers_Berlin_1233397,Ingénieur Informaticien,Berlin,89
KeyPers_Berlin_1233398,Ingénieur Informaticien,Berlin,55
KeyPers_Berlin_1233399,Cadre,Berlin,34
KeyPers_Berlin_1233400,Ingénieur Data,Berlin,32
KeyPers_Berlin_1233401,Ingénieur Informaticien,Berlin,33
KeyPers_Berlin_1233402,Ingénieur Data,Berlin,78
KeyPers_Berlin_1233403,Economiste,Berlin,47
KeyPers_Berlin_1233404,Economiste,Berlin,82
KeyPers_Berlin_1233405,Ingénieur Data,Berlin,77
KeyPers_Berlin_1233406,Cadre,Berlin,41
KeyPers_Berlin_1233407,Ingénieur Informaticien,Berlin,36
KeyPers_Berlin_1233408,Ingénieur Data,Berlin,58
KeyPers_Berlin_1233409,Cadre,Berlin,47
KeyPers_Berlin_1233410,Ingénieur Informaticien,Berlin,84
KeyPers_Berlin_1233411,DRH,Berlin,73
KeyPers_Berlin_1233412,Ingénieur Informaticien,Berlin,51
KeyPers_Berlin_1233413,Ingénieur Informaticien,Berlin,60
KeyPers_Berlin_1233414,Ingénieur Informaticien,Berlin,25
KeyPers_Berlin_1233415,Ingénieur Data,Berlin,83
KeyPers_Berlin_1233416,Economiste,Berlin,55
KeyPers_Berlin_1233417,Ingénieur Informaticien,Berlin,24
KeyPers_Berlin_1233418,Ingénieur Informaticien,Berlin,62
KeyPers_Berlin_1233419,Ingénieur Data,Berlin,37
KeyPers_Berlin_1233420,Ingénieur Data,Berlin,42
KeyPers_Berlin_1233421,Ingénieur Informaticien,Berlin,49
KeyPers_Berlin_1233422,Ingénieur Data,Berlin,25
KeyPers_Berlin_1233423,Ingénieur Data,Berlin,56
KeyPers_Berlin_1233424,Ingénieur Informaticien,Berlin,91
KeyPers_Berlin_1233425,Cadre,Berlin,30
KeyPers_Berlin_1233426,Cadre,Berlin,27
KeyPers_Berlin_1233427,Ingénieur Informaticien,Berlin,47
KeyPers_Berlin_1233428,Ingénieur Informaticien,Berlin,72
KeyPers_Berlin_1233429,Ingénieur Data,Berlin,69
KeyPers_Berlin_1233430,Ingénieur Informaticien,Berlin,41
KeyPers_Berlin_1233431,Ingénieur Informaticien,Berlin,54
KeyPers_Berlin_1233432,Cadre,Berlin,78
KeyPers_Berlin_1233433,Ingénieur Informaticien,Berlin,59
KeyPers_Berlin_1233434,Ingénieur Data,Berlin,63
KeyPers_Berlin_1233435,Ingénieur Data,Berlin,88
KeyPers_Berlin_1233436,Economiste,Berlin,84
KeyPers_Berlin_1233437,Ingénieur Informaticien,Berlin,51
KeyPers_Berlin_1233438,Cadre,Berlin,85
KeyPers_Berlin_1233439,Ingénieur Data,Berlin,48
KeyPers_Berlin_1233440,Ingénieur Informaticien,Berlin,44
KeyPers_Berlin_1233441,Ingénieur Data,Berlin,92
KeyPers_Berlin_1233442,Ingénieur Data,Berlin,45
KeyPers_Berlin_1233443,Ingénieur Data,Berlin,55
KeyPers_Berlin_1233444,Ingénieur Data,Berlin,88
KeyPers_Berlin_1233445,Ingénieur Data,Berlin,80
KeyPers_Berlin_1233446,Ingénieur Data,Berlin,64
KeyPers_Berlin_1233447,Ingénieur Informaticien,Berlin,46
KeyPers_Berlin_1233448,Economiste,Berlin,86
KeyPers_Berlin_1233449,Ingénieur Data,Berlin,37
KeyPers_Berlin_1233450,Ingénieur Data,Berlin,51
KeyPers_Berlin_1233451,Ingénieur Informaticien,Berlin,58
KeyPers_Berlin_1233452,Cadre,Berlin,94
KeyPers_Berlin_1233453,Ingénieur Informaticien,Berlin,55
KeyPers_Berlin_1233454,Cadre,Berlin,57
KeyPers_Berlin_1233455,Ingénieur Informaticien,Berlin,78
KeyPers_Berlin_1233456,Cadre,Berlin,26
KeyPers_Berlin_1233457,Ingénieur Informaticien,Berlin,96
KeyPers_Berlin_1233458,Ingénieur Informaticien,Berlin,42
KeyPers_Berlin_1233459,Ingénieur Informaticien,Berlin,40
KeyPers_Berlin_1233460,Ingénieur Data,Berlin,77
KeyPers_Berlin_1233461,Ingénieur Informaticien,Berlin,46
KeyPers_Berlin_1233462,Ingénieur Informaticien,Berlin,36
KeyPers_Berlin_1233463,Ingénieur Data,Berlin,50
KeyPers_Berlin_1233464,Ingénieur Data,Berlin,53
KeyPers_Berlin_1233465,DRH,Berlin,72
KeyPers_Berlin_1233466,Ingénieur Informaticien,Berlin,74
KeyPers_Berlin_1233467,Ingénieur Data,Berlin,30
KeyPers_Berlin_1233468,Ingénieur Data,Berlin,33
KeyPers_Berlin_1233469,Ingénieur Informaticien,Berlin,77
KeyPers_Berlin_1233470,Ingénieur Informaticien,Berlin,88
KeyPers_Berlin_1233471,Ingénieur Informaticien,Berlin,82
KeyPers_Berlin_1233472,Ingénieur Data,Berlin,93
KeyPers_Berlin_1233473,Ingénieur Data,Berlin,46
KeyPers_Berlin_1233474,Ingénieur Data,Berlin,47
KeyPers_Berlin_1233475,Ingénieur Data,Berlin,64
KeyPers_Berlin_1233476,Cadre,Berlin,73
KeyPers_Berlin_1233477,Ingénieur Informaticien,Berlin,35
KeyPers_Berlin_1233478,Ingénieur Data,Berlin,85
KeyPers_Berlin_1233479,Ingénieur Informaticien,Berlin,58
KeyPers_Berlin_1233480,Ingénieur Informaticien,Berlin,61
KeyPers_Berlin_1233481,Ingénieur Data,Berlin,65
KeyPers_Berlin_1233482,Ingénieur Informaticien,Berlin,66
KeyPers_Berlin_1233483,Economiste,Berlin,54
KeyPers_Berlin_1233484,Ingénieur Informaticien,Berlin,76
KeyPers_Berlin_1233485,Cadre,Berlin,88
KeyPers_Berlin_1233486,Cadre,Berlin,81
KeyPers_Berlin_1233487,Cadre,Berlin,69
KeyPers_Berlin_1233488,Ingénieur Data,Berlin,68
KeyPers_Berlin_1233489,Cadre,Berlin,43
KeyPers_Berlin_1233490,Ingénieur Data,Berlin,96
KeyPers_Berlin_1233491,Ingénieur Data,Berlin,32
KeyPers_Berlin_1233492,Ingénieur Informaticien,Berlin,70
KeyPers_Berlin_1233493,Ingénieur Informaticien,Berlin,90
KeyPers_Berlin_1233494,Ingénieur Data,Berlin,40
KeyPers_Berlin_1233495,Ingénieur Informaticien,Berlin,95
KeyPers_Berlin_1233496,Economiste,Berlin,88
KeyPers_Berlin_1233497,Ingénieur Data,Berlin,28
KeyPers_Berlin_1233498,Ingénieur Data,Berlin,54
KeyPers_Berlin_1233499,Cadre,Berlin,53
KeyPers_Berlin_1233500,Ingénieur Informaticien,Berlin,94
KeyPers_Berlin_1233501,Ingénieur Data,Berlin,53
KeyPers_Berlin_1233502,Cadre,Berlin,83
KeyPers_Berlin_1233503,Ingénieur Data,Berlin,66
KeyPers_Berlin_1233504,Ingénieur Informaticien,Berlin,83
KeyPers_Berlin_1233505,Cadre,Berlin,42
KeyPers_Berlin_1233506,Ingénieur Informaticien,Berlin,29
KeyPers_Berlin_1233507,Ingénieur Informaticien,Berlin,54
KeyPers_Berlin_1233508,Ingénieur Informaticien,Berlin,67
KeyPers_Berlin_1233509,Ingénieur Data,Berlin,83
KeyPers_Berlin_1233510,Cadre,Berlin,33
KeyPers_Berlin_1233511,Ingénieur Informaticien,Berlin,57
KeyPers_Berlin_1233512,Ingénieur Informaticien,Berlin,86
KeyPers_Berlin_1233513,Ingénieur Informaticien,Berlin,81
KeyPers_Berlin_1233514,Ingénieur Data,Berlin,61
KeyPers_Berlin_1233515,Ingénieur Data,Berlin,80
KeyPers_Berlin_1233516,Cadre,Berlin,32
KeyPers_Berlin_1233517,Cadre,Berlin,76
KeyPers_Berlin_1233518,Cadre,Berlin,66
KeyPers_Berlin_1233519,Ingénieur Informaticien,Berlin,41
KeyPers_Berlin_1233520,Ingénieur Informaticien,Berlin,50
KeyPers_Berlin_1233521,Ingénieur Informaticien,Berlin,54
KeyPers_Berlin_1233522,Ingénieur Informaticien,Berlin,70
KeyPers_Berlin_1233523,Cadre,Berlin,40
KeyPers_Berlin_1233524,Ingénieur Data,Berlin,81
KeyPers_Berlin_1233525,Ingénieur Data,Berlin,65
KeyPers_Berlin_1233526,Ingénieur Informaticien,Berlin,73
KeyPers_Berlin_1233527,Ingénieur Data,Berlin,51
KeyPers_Berlin_1233528,Ingénieur Informaticien,Berlin,55
KeyPers_Berlin_1233529,Ingénieur Informaticien,Berlin,56
KeyPers_Berlin_1233530,Cadre,Berlin,27
KeyPers_Berlin_1233531,Ingénieur Data,Berlin,56
KeyPers_Berlin_1233532,Ingénieur Data,Berlin,83
KeyPers_Berlin_1233533,DRH,Berlin,35
KeyPers_Berlin_1233534,Ingénieur Data,Berlin,47
KeyPers_Berlin_1233535,Ingénieur Informaticien,Berlin,78
KeyPers_Berlin_1233536,Ingénieur Informaticien,Berlin,95
KeyPers_Berlin_1233537,Ingénieur Data,Berlin,53
KeyPers_Berlin_1233538,Cadre,Berlin,53
KeyPers_Berlin_1233539,Economiste,Berlin,29
KeyPers_Berlin_1233540,Ingénieur Data,Berlin,40
KeyPers_Berlin_1233541,Ingénieur Data,Berlin,82
KeyPers_Berlin_1233542,Ingénieur Data,Berlin,78
KeyPers_Berlin_1233543,Ingénieur Informaticien,Berlin,69
KeyPers_Berlin_1233544,Ingénieur Data,Berlin,46
KeyPers_Berlin_1233545,Ingénieur Data,Berlin,79
KeyPers_Berlin_1233546,Ingénieur Data,Berlin,55
KeyPers_Berlin_1233547,Ingénieur Informaticien,Berlin,83
KeyPers_Berlin_1233548,Ingénieur Data,Berlin,64
KeyPers_Berlin_1233549,Cadre,Berlin,74
KeyPers_Berlin_1233550,Ingénieur Data,Berlin,57
KeyPers_Berlin_1233551,Cadre,Berlin,65
KeyPers_Berlin_1233552,Ingénieur Informaticien,Berlin,43
KeyPers_Berlin_1233553,Cadre,Berlin,92
KeyPers_Berlin_1233554,Ingénieur Data,Berlin,85
KeyPers_Berlin_1233555,Ingénieur Informaticien,Berlin,48
KeyPers_Berlin_1233556,Cadre,Berlin,88
KeyPers_Berlin_1233557,Ingénieur Informaticien,Berlin,61
KeyPers_Berlin_1233558,Ingénieur Data,Berlin,24
KeyPers_Berlin_1233559,Ingénieur Informaticien,Berlin,43
KeyPers_Berlin_1233560,Ingénieur Data,Berlin,48
KeyPers_Berlin_1233561,Ingénieur Data,Berlin,29
KeyPers_Berlin_1233562,Ingénieur Informaticien,Berlin,61
KeyPers_Berlin_1233563,Ingénieur Informaticien,Berlin,61
KeyPers_Berlin_1233564,Ingénieur Informaticien,Berlin,43
KeyPers_Berlin_1233565,Ingénieur Informaticien,Berlin,26
KeyPers_Berlin_1233566,Ingénieur Informaticien,Berlin,91
KeyPers_Berlin_1233567,Ingénieur Data,Berlin,76
KeyPers_Berlin_1233568,Ingénieur Data,Berlin,61
KeyPers_Berlin_1233569,Ingénieur Data,Berlin,74
KeyPers_Berlin_1233570,Ingénieur Data,Berlin,43
KeyPers_Berlin_1233571,Ingénieur Informaticien,Berlin,76
KeyPers_Berlin_1233572,Ingénieur Data,Berlin,73
KeyPers_Berlin_1233573,Cadre,Berlin,57
KeyPers_Berlin_1233574,Ingénieur Data,Berlin,38
KeyPers_Berlin_1233575,Cadre,Berlin,73
KeyPers_Berlin_1233576,Ingénieur Data,Berlin,76
KeyPers_Berlin_1233577,Ingénieur Data,Berlin,26
KeyPers_Berlin_1233578,Cadre,Berlin,89
KeyPers_Berlin_1233579,Ingénieur Informaticien,Berlin,80
KeyPers_Berlin_1233580,Cadre,Berlin,84
KeyPers_Berlin_1233581,Ingénieur Informaticien,Berlin,84
KeyPers_Berlin_1233582,Ingénieur Data,Berlin,40
KeyPers_Berlin_1233583,Ingénieur Data,Berlin,46
KeyPers_Berlin_1233584,Ingénieur Data,Berlin,73
KeyPers_Berlin_1233585,Ingénieur Data,Berlin,31
KeyPers_Berlin_1233586,Ingénieur Data,Berlin,46
KeyPers_Berlin_1233587,DRH,Berlin,29
KeyPers_Berlin_1233588,Economiste,Berlin,66
KeyPers_Berlin_1233589,Ingénieur Informaticien,Berlin,70
KeyPers_Berlin_1233590,Cadre,Berlin,76
KeyPers_Berlin_1233591,Ingénieur Data,Berlin,28
KeyPers_Berlin_1233592,Cadre,Berlin,86
KeyPers_Berlin_1233593,Ingénieur Data,Berlin,45
KeyPers_Berlin_1233594,Cadre,Berlin,55
KeyPers_Berlin_1233595,Cadre,Berlin,35
KeyPers_Berlin_1233596,Ingénieur Informaticien,Berlin,64
KeyPers_Berlin_1233597,Ingénieur Informaticien,Berlin,67
KeyPers_Berlin_1233598,DRH,Berlin,62
KeyPers_Berlin_1233599,Economiste,Berlin,75
KeyPers_Berlin_1233600,Cadre,Berlin,80
KeyPers_Berlin_1233601,Ingénieur Data,Berlin,50
KeyPers_Berlin_1233602,Ingénieur Informaticien,Berlin,75
KeyPers_Berlin_1233603,Ingénieur Informaticien,Berlin,88
KeyPers_Berlin_1233604,Ingénieur Data,Berlin,55
KeyPers_Berlin_1233605,Cadre,Berlin,64
KeyPers_Berlin_1233606,Ingénieur Informaticien,Berlin,91
KeyPers_Berlin_1233607,Ingénieur Informaticien,Berlin,75
KeyPers_Berlin_1233608,Ingénieur Data,Berlin,66
KeyPers_Berlin_1233609,Ingénieur Data,Berlin,43
KeyPers_Berlin_1233610,Ingénieur Informaticien,Berlin,67
KeyPers_Berlin_1233611,Ingénieur Data,Berlin,79
KeyPers_Berlin_1233612,Ingénieur Informaticien,Berlin,36
KeyPers_Berlin_1233613,Economiste,Berlin,36
KeyPers_Berlin_1233614,Ingénieur Data,Berlin,93
KeyPers_Berlin_1233615,Ingénieur Data,Berlin,50
KeyPers_Berlin_1233616,Ingénieur Informaticien,Berlin,49
KeyPers_Berlin_1233617,Ingénieur Informaticien,Berlin,91
KeyPers_Berlin_1233618,Ingénieur Data,Berlin,46
KeyPers_Berlin_1233619,Ingénieur Data,Berlin,72
KeyPers_Berlin_1233620,Ingénieur Data,Berlin,87
KeyPers_Berlin_1233621,Cadre,Berlin,43
KeyPers_Berlin_1233622,Ingénieur Data,Berlin,48
KeyPers_Berlin_1233623,Cadre,Berlin,92
KeyPers_Berlin_1233624,Ingénieur Informaticien,Berlin,82
KeyPers_Berlin_1233625,Ingénieur Informaticien,Berlin,72
KeyPers_Berlin_1233626,Cadre,Berlin,48
KeyPers_Berlin_1233627,Cadre,Berlin,84
KeyPers_Berlin_1233628,Ingénieur Data,Berlin,65
KeyPers_Berlin_1233629,Economiste,Berlin,64
KeyPers_Berlin_1233630,Ingénieur Data,Berlin,28
KeyPers_Berlin_1233631,Ingénieur Data,Berlin,59
KeyPers_Berlin_1233632,Economiste,Berlin,60
KeyPers_Berlin_1233633,Ingénieur Informaticien,Berlin,67
KeyPers_Berlin_1233634,Cadre,Berlin,51
KeyPers_Berlin_1233635,Ingénieur Data,Berlin,73
KeyPers_Berlin_1233636,Ingénieur Data,Berlin,71
KeyPers_Berlin_1233637,Ingénieur Informaticien,Berlin,58
KeyPers_Berlin_1233638,Ingénieur Data,Berlin,79
KeyPers_Berlin_1233639,DRH,Berlin,42
KeyPers_Berlin_1233640,Ingénieur Data,Berlin,31
KeyPers_Berlin_1233641,Cadre,Berlin,52
KeyPers_Berlin_1233642,Ingénieur Informaticien,Berlin,73
KeyPers_Berlin_1233643,Ingénieur Data,Berlin,74
KeyPers_Berlin_1233644,Ingénieur Informaticien,Berlin,42
KeyPers_Berlin_1233645,Ingénieur Data,Berlin,28
KeyPers_Berlin_1233646,Cadre,Berlin,73
KeyPers_Berlin_1233647,Ingénieur Data,Berlin,89
KeyPers_Berlin_1233648,Economiste,Berlin,92
KeyPers_Berlin_1233649,Ingénieur Informaticien,Berlin,42
KeyPers_Berlin_1233650,Ingénieur Data,Berlin,56
KeyPers_Berlin_1233651,Ingénieur Informaticien,Berlin,80
KeyPers_Berlin_1233652,Ingénieur Data,Berlin,46
KeyPers_Berlin_1233653,Ingénieur Data,Berlin,32
KeyPers_Berlin_1233654,Ingénieur Data,Berlin,89
KeyPers_Berlin_1233655,Ingénieur Informaticien,Berlin,79
KeyPers_Berlin_1233656,Ingénieur Data,Berlin,55
KeyPers_Berlin_1233657,Ingénieur Informaticien,Berlin,32
KeyPers_Berlin_1233658,Ingénieur Informaticien,Berlin,47
KeyPers_Berlin_1233659,Cadre,Berlin,31
KeyPers_Berlin_1233660,Ingénieur Informaticien,Berlin,86
KeyPers_Berlin_1233661,DRH,Berlin,36
KeyPers_Berlin_1233662,Ingénieur Informaticien,Berlin,80
KeyPers_Berlin_1233663,Ingénieur Informaticien,Berlin,37
KeyPers_Berlin_1233664,Ingénieur Informaticien,Berlin,40
KeyPers_Berlin_1233665,Ingénieur Informaticien,Berlin,91
KeyPers_Berlin_1233666,Ingénieur Informaticien,Berlin,64
KeyPers_Berlin_1233667,Ingénieur Data,Berlin,79
KeyPers_Berlin_1233668,Ingénieur Data,Berlin,75
KeyPers_Berlin_1233669,Ingénieur Informaticien,Berlin,45
KeyPers_Berlin_1233670,Ingénieur Data,Berlin,90
KeyPers_Berlin_1233671,Ingénieur Informaticien,Berlin,32
KeyPers_Berlin_1233672,Ingénieur Data,Berlin,29
KeyPers_Berlin_1233673,Ingénieur Informaticien,Berlin,80
KeyPers_Berlin_1233674,Ingénieur Informaticien,Berlin,34
KeyPers_Berlin_1233675,Ingénieur Data,Berlin,48
KeyPers_Berlin_1233676,Ingénieur Informaticien,Berlin,70
KeyPers_Berlin_1233677,Ingénieur Informaticien,Berlin,93
KeyPers_Berlin_1233678,Ingénieur Informaticien,Berlin,24
KeyPers_Berlin_1233679,Cadre,Berlin,93
KeyPers_Berlin_1233680,Ingénieur Data,Berlin,44
KeyPers_Berlin_1233681,Ingénieur Data,Berlin,36
KeyPers_Berlin_1233682,Ingénieur Informaticien,Berlin,86
KeyPers_Berlin_1233683,Ingénieur Data,Berlin,60
KeyPers_Berlin_1233684,Economiste,Berlin,54
KeyPers_Berlin_1233685,Ingénieur Informaticien,Berlin,44
KeyPers_Berlin_1233686,Ingénieur Data,Berlin,51
KeyPers_Berlin_1233687,Ingénieur Data,Berlin,41
KeyPers_Berlin_1233688,Ingénieur Data,Berlin,61
KeyPers_Berlin_1233689,Ingénieur Informaticien,Berlin,39
KeyPers_Berlin_1233690,Cadre,Berlin,36
KeyPers_Berlin_1233691,Ingénieur Informaticien,Berlin,47
KeyPers_Berlin_1233692,Ingénieur Data,Berlin,78
KeyPers_Berlin_1233693,Ingénieur Data,Berlin,41
KeyPers_Berlin_1233694,Ingénieur Data,Berlin,42
KeyPers_Berlin_1233695,Ingénieur Data,Berlin,54
KeyPers_Berlin_1233696,Ingénieur Informaticien,Berlin,32
KeyPers_Berlin_1233697,Ingénieur Data,Berlin,52
KeyPers_Berlin_1233698,Cadre,Berlin,77
KeyPers_Berlin_1233699,Ingénieur Informaticien,Berlin,37
KeyPers_Berlin_1233700,Ingénieur Informaticien,Berlin,29
KeyPers_Berlin_1233701,Ingénieur Data,Berlin,40
KeyPers_Berlin_1233702,Cadre,Berlin,79
KeyPers_Berlin_1233703,Ingénieur Informaticien,Berlin,86
KeyPers_Berlin_1233704,Ingénieur Informaticien,Berlin,31
KeyPers_Berlin_1233705,Ingénieur Informaticien,Berlin,25
KeyPers_Berlin_1233706,DRH,Berlin,81
KeyPers_Berlin_1233707,Ingénieur Informaticien,Berlin,53
KeyPers_Berlin_1233708,Cadre,Berlin,31
KeyPers_Berlin_1233709,Ingénieur Data,Berlin,24
KeyPers_Berlin_1233710,Ingénieur Data,Berlin,91
KeyPers_Berlin_1233711,Ingénieur Informaticien,Berlin,50
KeyPers_Berlin_1233712,Ingénieur Informaticien,Berlin,25
KeyPers_Berlin_1233713,Ingénieur Data,Berlin,47
KeyPers_Berlin_1233714,Ingénieur Informaticien,Berlin,80
KeyPers_Berlin_1233715,Cadre,Berlin,78
KeyPers_Berlin_1233716,Cadre,Berlin,61
KeyPers_Berlin_1233717,Economiste,Berlin,31
KeyPers_Berlin_1233718,Ingénieur Data,Berlin,94
KeyPers_Berlin_1233719,Cadre,Berlin,35
KeyPers_Berlin_1233720,Ingénieur Informaticien,Berlin,44
KeyPers_Berlin_1233721,Ingénieur Data,Berlin,60
KeyPers_Berlin_1233722,Ingénieur Informaticien,Berlin,76
KeyPers_Berlin_1233723,Ingénieur Informaticien,Berlin,50
KeyPers_Berlin_1233724,Ingénieur Data,Berlin,52
KeyPers_Berlin_1233725,DRH,Berlin,71
KeyPers_Berlin_1233726,Cadre,Berlin,75
KeyPers_Berlin_1233727,Ingénieur Data,Berlin,79
KeyPers_Berlin_1233728,Ingénieur Data,Berlin,55
KeyPers_Berlin_1233729,Cadre,Berlin,36
KeyPers_Berlin_1233730,Ingénieur Informaticien,Berlin,41
KeyPers_Berlin_1233731,Ingénieur Informaticien,Berlin,87
KeyPers_Berlin_1233732,Ingénieur Data,Berlin,41
KeyPers_Berlin_1233733,Ingénieur Data,Berlin,27
KeyPers_Berlin_1233734,Ingénieur Data,Berlin,55
KeyPers_Berlin_1233735,Cadre,Berlin,79
KeyPers_Berlin_1233736,Ingénieur Data,Berlin,44
KeyPers_Berlin_1233737,Cadre,Berlin,71
KeyPers_Berlin_1233738,Ingénieur Data,Berlin,64
KeyPers_Berlin_1233739,Ingénieur Data,Berlin,45
KeyPers_Berlin_1233740,Ingénieur Data,Berlin,96
KeyPers_Berlin_1233741,Ingénieur Informaticien,Berlin,91
KeyPers_Berlin_1233742,Cadre,Berlin,92
KeyPers_Berlin_1233743,DRH,Berlin,41
KeyPers_Berlin_1233744,Ingénieur Data,Berlin,60
KeyPers_Berlin_1233745,DRH,Berlin,75
KeyPers_Berlin_1233746,Ingénieur Informaticien,Berlin,46
KeyPers_Berlin_1233747,Ingénieur Data,Berlin,50
KeyPers_Berlin_1233748,Ingénieur Informaticien,Berlin,34
KeyPers_Berlin_1233749,Ingénieur Data,Berlin,38
KeyPers_Berlin_1233750,Ingénieur Informaticien,Berlin,27
KeyPers_Berlin_1233751,Cadre,Berlin,91
KeyPers_Berlin_1233752,Ingénieur Informaticien,Berlin,56
KeyPers_Berlin_1233753,Ingénieur Informaticien,Berlin,35
KeyPers_Berlin_1233754,Ingénieur Informaticien,Berlin,39
KeyPers_Berlin_1233755,Ingénieur Data,Berlin,78
KeyPers_Berlin_1233756,Ingénieur Data,Berlin,68
KeyPers_Berlin_1233757,Ingénieur Data,Berlin,41
KeyPers_Berlin_1233758,Ingénieur Informaticien,Berlin,60
KeyPers_Berlin_1233759,Ingénieur Data,Berlin,31
KeyPers_Berlin_1233760,Ingénieur Data,Berlin,41
KeyPers_Berlin_1233761,Ingénieur Data,Berlin,59
KeyPers_Berlin_1233762,Cadre,Berlin,54
KeyPers_Berlin_1233763,Ingénieur Data,Berlin,95
KeyPers_Berlin_1233764,Ingénieur Informaticien,Berlin,77
KeyPers_Berlin_1233765,Ingénieur Data,Berlin,38
KeyPers_Berlin_1233766,Ingénieur Data,Berlin,31
KeyPers_Berlin_1233767,Ingénieur Data,Berlin,56
KeyPers_Berlin_1233768,Ingénieur Data,Berlin,90
KeyPers_Berlin_1233769,Ingénieur Informaticien,Berlin,45
KeyPers_Berlin_1233770,Ingénieur Data,Berlin,94
KeyPers_Berlin_1233771,Ingénieur Data,Berlin,73
KeyPers_Berlin_1233772,Cadre,Berlin,73
KeyPers_Berlin_1233773,Ingénieur Data,Berlin,88
KeyPers_Berlin_1233774,Ingénieur Data,Berlin,61
KeyPers_Berlin_1233775,Ingénieur Data,Berlin,57
KeyPers_Berlin_1233776,Ingénieur Data,Berlin,68
KeyPers_Berlin_1233777,Ingénieur Informaticien,Berlin,70
KeyPers_Berlin_1233778,Ingénieur Data,Berlin,28
KeyPers_Berlin_1233779,Cadre,Berlin,90
KeyPers_Berlin_1233780,Ingénieur Data,Berlin,32
KeyPers_Berlin_1233781,Ingénieur Informaticien,Berlin,33
KeyPers_Berlin_1233782,Ingénieur Informaticien,Berlin,45
KeyPers_Berlin_1233783,Ingénieur Informaticien,Berlin,39
KeyPers_Berlin_1233784,Ingénieur Informaticien,Berlin,92
KeyPers_Berlin_1233785,Ingénieur Data,Berlin,41
KeyPers_Berlin_1233786,Ingénieur Informaticien,Berlin,91
KeyPers_Berlin_1233787,Cadre,Berlin,76
KeyPers_Berlin_1233788,Ingénieur Informaticien,Berlin,39
KeyPers_Berlin_1233789,Ingénieur Informaticien,Berlin,72
KeyPers_Berlin_1233790,Ingénieur Informaticien,Berlin,54
KeyPers_Berlin_1233791,Ingénieur Data,Berlin,66
KeyPers_Berlin_1233792,Ingénieur Informaticien,Berlin,87
KeyPers_Berlin_1233793,Ingénieur Data,Berlin,49
KeyPers_Berlin_1233794,Ingénieur Data,Berlin,89
KeyPers_Berlin_1233795,Ingénieur Informaticien,Berlin,93
KeyPers_Berlin_1233796,Cadre,Berlin,30
KeyPers_Berlin_1233797,Ingénieur Informaticien,Berlin,84
KeyPers_Berlin_1233798,Ingénieur Informaticien,Berlin,80
KeyPers_Berlin_1233799,Cadre,Berlin,93
KeyPers_Berlin_1233800,Ingénieur Informaticien,Berlin,80
KeyPers_Berlin_1233801,Ingénieur Data,Berlin,52
KeyPers_Berlin_1233802,Ingénieur Data,Berlin,50
KeyPers_Berlin_1233803,Economiste,Berlin,66
KeyPers_Berlin_1233804,Cadre,Berlin,82
KeyPers_Berlin_1233805,Ingénieur Data,Berlin,52
KeyPers_Berlin_1233806,Ingénieur Data,Berlin,74
KeyPers_Berlin_1233807,Ingénieur Data,Berlin,78
KeyPers_Berlin_1233808,Cadre,Berlin,58
KeyPers_Berlin_1233809,Ingénieur Data,Berlin,24
KeyPers_Berlin_1233810,Cadre,Berlin,74
KeyPers_Berlin_1233811,Ingénieur Data,Berlin,89
KeyPers_Berlin_1233812,Cadre,Berlin,32
KeyPers_Berlin_1233813,Ingénieur Data,Berlin,74
KeyPers_Berlin_1233814,Ingénieur Data,Berlin,32
KeyPers_Berlin_1233815,Cadre,Berlin,75
KeyPers_Berlin_1233816,Ingénieur Informaticien,Berlin,90
KeyPers_Berlin_1233817,Ingénieur Informaticien,Berlin,55
KeyPers_Berlin_1233818,Ingénieur Informaticien,Berlin,78
KeyPers_Berlin_1233819,Cadre,Berlin,43
KeyPers_Berlin_1233820,Ingénieur Data,Berlin,87
KeyPers_Berlin_1233821,Ingénieur Informaticien,Berlin,64
KeyPers_Berlin_1233822,Economiste,Berlin,26
KeyPers_Berlin_1233823,Economiste,Berlin,64
KeyPers_Berlin_1233824,Ingénieur Data,Berlin,40
KeyPers_Berlin_1233825,Ingénieur Informaticien,Berlin,75
KeyPers_Berlin_1233826,Cadre,Berlin,94
KeyPers_Berlin_1233827,Cadre,Berlin,40
KeyPers_Berlin_1233828,Ingénieur Informaticien,Berlin,71
KeyPers_Berlin_1233829,Economiste,Berlin,92
KeyPers_Berlin_1233830,Ingénieur Informaticien,Berlin,43
KeyPers_Berlin_1233831,Ingénieur Informaticien,Berlin,28
KeyPers_Berlin_1233832,Ingénieur Data,Berlin,84
KeyPers_Berlin_1233833,Ingénieur Informaticien,Berlin,86
KeyPers_Berlin_1233834,Ingénieur Informaticien,Berlin,30
KeyPers_Berlin_1233835,Ingénieur Data,Berlin,53
KeyPers_Berlin_1233836,Ingénieur Informaticien,Berlin,89
KeyPers_Berlin_1233837,Ingénieur Data,Berlin,73
KeyPers_Berlin_1233838,Ingénieur Data,Berlin,67
KeyPers_Berlin_1233839,Ingénieur Data,Berlin,64
KeyPers_Berlin_1233840,Ingénieur Informaticien,Berlin,56
KeyPers_Berlin_1233841,Cadre,Berlin,59
KeyPers_Berlin_1233842,Ingénieur Informaticien,Berlin,80
KeyPers_Berlin_1233843,Ingénieur Informaticien,Berlin,92
KeyPers_Berlin_1233844,Ingénieur Data,Berlin,24
KeyPers_Berlin_1233845,Economiste,Berlin,61
KeyPers_Berlin_1233846,Ingénieur Data,Berlin,49
KeyPers_Berlin_1233847,Cadre,Berlin,82
KeyPers_Berlin_1233848,Economiste,Berlin,41
KeyPers_Berlin_1233849,Ingénieur Data,Berlin,51
KeyPers_Berlin_1233850,Ingénieur Informaticien,Berlin,96
KeyPers_Berlin_1233851,Ingénieur Data,Berlin,64
KeyPers_Berlin_1233852,Ingénieur Informaticien,Berlin,53
KeyPers_Berlin_1233853,DRH,Berlin,36
KeyPers_Berlin_1233854,DRH,Berlin,74
KeyPers_Berlin_1233855,Ingénieur Informaticien,Berlin,59
KeyPers_Berlin_1233856,Ingénieur Informaticien,Berlin,81
KeyPers_Berlin_1233857,Ingénieur Informaticien,Berlin,70
KeyPers_Berlin_1233858,Ingénieur Data,Berlin,87
KeyPers_Berlin_1233859,Ingénieur Data,Berlin,89
KeyPers_Berlin_1233860,Ingénieur Data,Berlin,80
KeyPers_Berlin_1233861,Cadre,Berlin,48
KeyPers_Berlin_1233862,Cadre,Berlin,51
KeyPers_Berlin_1233863,Ingénieur Informaticien,Berlin,95
KeyPers_Berlin_1233864,Economiste,Berlin,50
KeyPers_Berlin_1233865,Cadre,Berlin,25
KeyPers_Berlin_1233866,Ingénieur Data,Berlin,89
KeyPers_Berlin_1233867,Ingénieur Informaticien,Berlin,95
KeyPers_Berlin_1233868,Cadre,Berlin,95
KeyPers_Berlin_1233869,Cadre,Berlin,66
KeyPers_Berlin_1233870,Ingénieur Data,Berlin,51
KeyPers_Berlin_1233871,Ingénieur Data,Berlin,38
KeyPers_Berlin_1233872,Cadre,Berlin,54
KeyPers_Berlin_1233873,Cadre,Berlin,90
KeyPers_Berlin_1233874,Ingénieur Informaticien,Berlin,58
KeyPers_Berlin_1233875,Cadre,Berlin,52
KeyPers_Berlin_1233876,Ingénieur Data,Berlin,33
KeyPers_Berlin_1233877,Economiste,Berlin,89
KeyPers_Berlin_1233878,Ingénieur Informaticien,Berlin,35
KeyPers_Berlin_1233879,Ingénieur Informaticien,Berlin,57
KeyPers_Berlin_1233880,Ingénieur Data,Berlin,25
KeyPers_Berlin_1233881,Ingénieur Data,Berlin,29
KeyPers_Berlin_1233882,Ingénieur Data,Berlin,29
KeyPers_Berlin_1233883,Economiste,Berlin,36
KeyPers_Berlin_1233884,Ingénieur Data,Berlin,47
KeyPers_Berlin_1233885,Ingénieur Informaticien,Berlin,73
KeyPers_Berlin_1233886,Cadre,Berlin,30
KeyPers_Berlin_1233887,Ingénieur Data,Berlin,53
KeyPers_Berlin_1233888,Cadre,Berlin,43
KeyPers_Berlin_1233889,Ingénieur Data,Berlin,78
KeyPers_Berlin_1233890,Ingénieur Data,Berlin,29
KeyPers_Berlin_1233891,Ingénieur Informaticien,Berlin,52
KeyPers_Berlin_1233892,Ingénieur Data,Berlin,37
KeyPers_Berlin_1233893,Ingénieur Data,Berlin,46
KeyPers_Berlin_1233894,Ingénieur Data,Berlin,74
KeyPers_Berlin_1233895,Ingénieur Informaticien,Berlin,80
KeyPers_Berlin_1233896,Cadre,Berlin,90
KeyPers_Berlin_1233897,Ingénieur Data,Berlin,57
KeyPers_Berlin_1233898,Ingénieur Informaticien,Berlin,82
KeyPers_Berlin_1233899,Ingénieur Data,Berlin,67
KeyPers_Berlin_1233900,Economiste,Berlin,33
KeyPers_Berlin_1233901,Ingénieur Informaticien,Berlin,81
KeyPers_Berlin_1233902,Ingénieur Data,Berlin,31
KeyPers_Berlin_1233903,Ingénieur Data,Berlin,32
KeyPers_Berlin_1233904,Ingénieur Informaticien,Berlin,92
KeyPers_Berlin_1233905,Ingénieur Informaticien,Berlin,79
KeyPers_Berlin_1233906,Ingénieur Data,Berlin,35
KeyPers_Berlin_1233907,Ingénieur Data,Berlin,46
KeyPers_Berlin_1233908,Ingénieur Data,Berlin,36
KeyPers_Berlin_1233909,Ingénieur Data,Berlin,30
KeyPers_Berlin_1233910,Ingénieur Data,Berlin,31
KeyPers_Berlin_1233911,Cadre,Berlin,68
KeyPers_Berlin_1233912,Ingénieur Informaticien,Berlin,70
KeyPers_Berlin_1233913,Ingénieur Data,Berlin,48
KeyPers_Berlin_1233914,Ingénieur Data,Berlin,76
KeyPers_Berlin_1233915,Ingénieur Data,Berlin,29
KeyPers_Berlin_1233916,Ingénieur Data,Berlin,43
KeyPers_Berlin_1233917,Ingénieur Informaticien,Berlin,66
KeyPers_Berlin_1233918,Ingénieur Data,Berlin,44
KeyPers_Berlin_1233919,Cadre,Berlin,85
KeyPers_Berlin_1233920,Ingénieur Data,Berlin,87
KeyPers_Berlin_1233921,Ingénieur Informaticien,Berlin,35
KeyPers_Berlin_1233922,Ingénieur Informaticien,Berlin,48
KeyPers_Berlin_1233923,Ingénieur Informaticien,Berlin,30
KeyPers_Berlin_1233924,Ingénieur Data,Berlin,53
KeyPers_Berlin_1233925,Ingénieur Informaticien,Berlin,84
KeyPers_Berlin_1233926,Ingénieur Informaticien,Berlin,84
KeyPers_Berlin_1233927,Ingénieur Informaticien,Berlin,51
KeyPers_Berlin_1233928,Ingénieur Data,Berlin,84
KeyPers_Berlin_1233929,Ingénieur Informaticien,Berlin,32
KeyPers_Berlin_1233930,Ingénieur Informaticien,Berlin,72
KeyPers_Berlin_1233931,Cadre,Berlin,85
KeyPers_Berlin_1233932,Ingénieur Data,Berlin,84
KeyPers_Berlin_1233933,Ingénieur Data,Berlin,73
KeyPers_Berlin_1233934,Economiste,Berlin,85
KeyPers_Berlin_1233935,Ingénieur Data,Berlin,64
KeyPers_Berlin_1233936,Economiste,Berlin,31
KeyPers_Berlin_1233937,Ingénieur Data,Berlin,45
KeyPers_Berlin_1233938,Ingénieur Data,Berlin,93
KeyPers_Berlin_1233939,Ingénieur Data,Berlin,39
KeyPers_Berlin_1233940,Ingénieur Informaticien,Berlin,62
KeyPers_Berlin_1233941,Economiste,Berlin,74
KeyPers_Berlin_1233942,Cadre,Berlin,95
KeyPers_Berlin_1233943,Ingénieur Data,Berlin,24
KeyPers_Berlin_1233944,Cadre,Berlin,27
KeyPers_Berlin_1233945,Ingénieur Data,Berlin,78
KeyPers_Berlin_1233946,Ingénieur Informaticien,Berlin,50
KeyPers_Berlin_1233947,Cadre,Berlin,62
KeyPers_Berlin_1233948,Ingénieur Data,Berlin,77
KeyPers_Berlin_1233949,Ingénieur Data,Berlin,81
KeyPers_Berlin_1233950,Cadre,Berlin,65
KeyPers_Berlin_1233951,Cadre,Berlin,59
KeyPers_Berlin_1233952,Ingénieur Data,Berlin,34
KeyPers_Berlin_1233953,Ingénieur Informaticien,Berlin,53
KeyPers_Berlin_1233954,Ingénieur Informaticien,Berlin,45
KeyPers_Berlin_1233955,Ingénieur Data,Berlin,58
KeyPers_Berlin_1233956,Ingénieur Data,Berlin,41
KeyPers_Berlin_1233957,Ingénieur Informaticien,Berlin,87
KeyPers_Berlin_1233958,Ingénieur Informaticien,Berlin,70
KeyPers_Berlin_1233959,Ingénieur Informaticien,Berlin,84
KeyPers_Berlin_1233960,Ingénieur Informaticien,Berlin,26
KeyPers_Berlin_1233961,Ingénieur Informaticien,Berlin,73
KeyPers_Berlin_1233962,Ingénieur Informaticien,Berlin,53
KeyPers_Berlin_1233963,Ingénieur Informaticien,Berlin,82
KeyPers_Berlin_1233964,Economiste,Berlin,86
KeyPers_Berlin_1233965,Ingénieur Informaticien,Berlin,89
KeyPers_Berlin_1233966,Ingénieur Data,Berlin,68
KeyPers_Berlin_1233967,DRH,Berlin,44
KeyPers_Berlin_1233968,Economiste,Berlin,63
KeyPers_Berlin_1233969,Ingénieur Informaticien,Berlin,66
KeyPers_Berlin_1233970,Ingénieur Informaticien,Berlin,31
KeyPers_Berlin_1233971,Economiste,Berlin,25
KeyPers_Berlin_1233972,Ingénieur Data,Berlin,58
KeyPers_Berlin_1233973,Cadre,Berlin,67
KeyPers_Berlin_1233974,Cadre,Berlin,94
KeyPers_Berlin_1233975,Ingénieur Informaticien,Berlin,78
KeyPers_Berlin_1233976,Cadre,Berlin,73
KeyPers_Berlin_1233977,Ingénieur Data,Berlin,70
KeyPers_Berlin_1233978,Ingénieur Data,Berlin,38
KeyPers_Berlin_1233979,Ingénieur Data,Berlin,69
KeyPers_Berlin_1233980,Ingénieur Informaticien,Berlin,48
KeyPers_Berlin_1233981,Ingénieur Informaticien,Berlin,63
KeyPers_Berlin_1233982,Economiste,Berlin,44
KeyPers_Berlin_1233983,Ingénieur Informaticien,Berlin,95
KeyPers_Berlin_1233984,Economiste,Berlin,66
KeyPers_Berlin_1233985,Ingénieur Informaticien,Berlin,24
KeyPers_Berlin_1233986,Ingénieur Data,Berlin,59
KeyPers_Berlin_1233987,Ingénieur Informaticien,Berlin,41
KeyPers_Berlin_1233988,Ingénieur Informaticien,Berlin,44
KeyPers_Berlin_1233989,DRH,Berlin,93
KeyPers_Berlin_1233990,Ingénieur Data,Berlin,73
KeyPers_Berlin_1233991,Ingénieur Informaticien,Berlin,39
KeyPers_Berlin_1233992,Ingénieur Data,Berlin,29
KeyPers_Berlin_1233993,Ingénieur Informaticien,Berlin,33
KeyPers_Berlin_1233994,Ingénieur Data,Berlin,32
KeyPers_Berlin_1233995,Ingénieur Data,Berlin,69
KeyPers_Berlin_1233996,Ingénieur Data,Berlin,53
KeyPers_Berlin_1233997,Ingénieur Informaticien,Berlin,29
KeyPers_Berlin_1233998,Cadre,Berlin,29
KeyPers_Berlin_1233999,Ingénieur Informaticien,Berlin,45
KeyPers_Berlin_1234000,Ingénieur Data,Berlin,61
KeyPers_Berlin_1234001,Ingénieur Informaticien,Berlin,34
KeyPers_Berlin_1234002,Cadre,Berlin,67
KeyPers_Berlin_1234003,Ingénieur Informaticien,Berlin,81
KeyPers_Berlin_1234004,Ingénieur Data,Berlin,70
KeyPers_Berlin_1234005,Ingénieur Data,Berlin,35
KeyPers_Berlin_1234006,Ingénieur Data,Berlin,58
KeyPers_Berlin_1234007,Ingénieur Data,Berlin,32
KeyPers_Berlin_1234008,Ingénieur Data,Berlin,66
KeyPers_Berlin_1234009,Ingénieur Informaticien,Berlin,77
KeyPers_Berlin_1234010,Ingénieur Data,Berlin,90
KeyPers_Berlin_1234011,Ingénieur Informaticien,Berlin,25
KeyPers_Berlin_1234012,Economiste,Berlin,83
KeyPers_Berlin_1234013,Cadre,Berlin,46
KeyPers_Berlin_1234014,Ingénieur Data,Berlin,78
KeyPers_Berlin_1234015,DRH,Berlin,89
KeyPers_Berlin_1234016,Ingénieur Informaticien,Berlin,68
KeyPers_Berlin_1234017,Ingénieur Informaticien,Berlin,64
KeyPers_Berlin_1234018,Ingénieur Informaticien,Berlin,37
KeyPers_Berlin_1234019,Ingénieur Informaticien,Berlin,30
KeyPers_Berlin_1234020,Ingénieur Informaticien,Berlin,72
KeyPers_Berlin_1234021,Ingénieur Informaticien,Berlin,52
KeyPers_Berlin_1234022,Cadre,Berlin,41
KeyPers_Berlin_1234023,Ingénieur Informaticien,Berlin,83
KeyPers_Berlin_1234024,Ingénieur Data,Berlin,78
KeyPers_Berlin_1234025,Ingénieur Data,Berlin,39
KeyPers_Berlin_1234026,Ingénieur Data,Berlin,89
KeyPers_Berlin_1234027,Ingénieur Informaticien,Berlin,28
KeyPers_Berlin_1234028,Ingénieur Data,Berlin,68
KeyPers_Berlin_1234029,Ingénieur Data,Berlin,56
KeyPers_Berlin_1234030,Ingénieur Informaticien,Berlin,85
KeyPers_Berlin_1234031,Ingénieur Informaticien,Berlin,51
KeyPers_Berlin_1234032,Ingénieur Data,Berlin,55
KeyPers_Berlin_1234033,Ingénieur Informaticien,Berlin,37
KeyPers_Berlin_1234034,Ingénieur Informaticien,Berlin,72
KeyPers_Berlin_1234035,Ingénieur Data,Berlin,93
KeyPers_Berlin_1234036,Ingénieur Data,Berlin,41
KeyPers_Berlin_1234037,Ingénieur Informaticien,Berlin,56
KeyPers_Berlin_1234038,Ingénieur Informaticien,Berlin,79
KeyPers_Berlin_1234039,Ingénieur Informaticien,Berlin,65
KeyPers_Berlin_1234040,Ingénieur Informaticien,Berlin,82
KeyPers_Berlin_1234041,Ingénieur Data,Berlin,89
KeyPers_Berlin_1234042,DRH,Berlin,56
KeyPers_Berlin_1234043,Ingénieur Data,Berlin,50
KeyPers_Berlin_1234044,Ingénieur Informaticien,Berlin,51
KeyPers_Berlin_1234045,Ingénieur Data,Berlin,86
KeyPers_Berlin_1234046,Ingénieur Informaticien,Berlin,88
KeyPers_Berlin_1234047,Ingénieur Informaticien,Berlin,91
KeyPers_Berlin_1234048,Economiste,Berlin,45
KeyPers_Berlin_1234049,Ingénieur Informaticien,Berlin,52
KeyPers_Berlin_1234050,Ingénieur Informaticien,Berlin,94
KeyPers_Berlin_1234051,DRH,Berlin,89
KeyPers_Berlin_1234052,Cadre,Berlin,85
KeyPers_Berlin_1234053,Cadre,Berlin,54
KeyPers_Berlin_1234054,Ingénieur Data,Berlin,38
KeyPers_Berlin_1234055,Ingénieur Data,Berlin,96
KeyPers_Berlin_1234056,Ingénieur Data,Berlin,40
KeyPers_Berlin_1234057,Ingénieur Informaticien,Berlin,37
KeyPers_Berlin_1234058,Ingénieur Informaticien,Berlin,41
KeyPers_Berlin_1234059,Ingénieur Informaticien,Berlin,63
KeyPers_Berlin_1234060,Ingénieur Informaticien,Berlin,29
KeyPers_Berlin_1234061,Cadre,Berlin,74
KeyPers_Berlin_1234062,Ingénieur Data,Berlin,87
KeyPers_Berlin_1234063,Ingénieur Data,Berlin,51
KeyPers_Berlin_1234064,Economiste,Berlin,40
KeyPers_Berlin_1234065,Ingénieur Informaticien,Berlin,41
KeyPers_Berlin_1234066,Ingénieur Data,Berlin,32
KeyPers_Berlin_1234067,Ingénieur Informaticien,Berlin,88
KeyPers_Berlin_1234068,Ingénieur Data,Berlin,94
KeyPers_Berlin_1234069,DRH,Berlin,65
KeyPers_Berlin_1234070,Cadre,Berlin,54
KeyPers_Berlin_1234071,Cadre,Berlin,55
KeyPers_Berlin_1234072,Cadre,Berlin,43
KeyPers_Berlin_1234073,Ingénieur Data,Berlin,77
KeyPers_Berlin_1234074,Economiste,Berlin,32
KeyPers_Berlin_1234075,Ingénieur Informaticien,Berlin,81
KeyPers_Berlin_1234076,Cadre,Berlin,88
KeyPers_Berlin_1234077,Ingénieur Informaticien,Berlin,76
KeyPers_Berlin_1234078,Cadre,Berlin,75
KeyPers_Berlin_1234079,Cadre,Berlin,48
KeyPers_Berlin_1234080,Ingénieur Informaticien,Berlin,76
KeyPers_Berlin_1234081,Ingénieur Data,Berlin,53
KeyPers_Berlin_1234082,Cadre,Berlin,48
KeyPers_Berlin_1234083,Cadre,Berlin,91
KeyPers_Berlin_1234084,Ingénieur Informaticien,Berlin,73
KeyPers_Berlin_1234085,Ingénieur Informaticien,Berlin,62
KeyPers_Berlin_1234086,Cadre,Berlin,38
KeyPers_Berlin_1234087,Ingénieur Informaticien,Berlin,78
KeyPers_Berlin_1234088,Ingénieur Data,Berlin,56
KeyPers_Berlin_1234089,Ingénieur Data,Berlin,76
KeyPers_Berlin_1234090,Ingénieur Informaticien,Berlin,46
KeyPers_Berlin_1234091,Ingénieur Data,Berlin,41
KeyPers_Berlin_1234092,Ingénieur Data,Berlin,92
KeyPers_Berlin_1234093,Ingénieur Data,Berlin,81
KeyPers_Berlin_1234094,Ingénieur Data,Berlin,47
KeyPers_Berlin_1234095,Ingénieur Informaticien,Berlin,41
KeyPers_Berlin_1234096,Ingénieur Informaticien,Berlin,91
KeyPers_Berlin_1234097,Ingénieur Informaticien,Berlin,55
KeyPers_Berlin_1234098,Cadre,Berlin,58
KeyPers_Berlin_1234099,Ingénieur Data,Berlin,92
KeyPers_Berlin_1234100,Ingénieur Data,Berlin,94
KeyPers_Berlin_1234101,Cadre,Berlin,32
KeyPers_Berlin_1234102,Ingénieur Informaticien,Berlin,25
KeyPers_Berlin_1234103,Cadre,Berlin,31
KeyPers_Berlin_1234104,Ingénieur Data,Berlin,62
KeyPers_Berlin_1234105,Ingénieur Informaticien,Berlin,48
KeyPers_Berlin_1234106,Ingénieur Data,Berlin,94
KeyPers_Berlin_1234107,Ingénieur Data,Berlin,49
KeyPers_Berlin_1234108,Cadre,Berlin,71
KeyPers_Berlin_1234109,Ingénieur Data,Berlin,67
KeyPers_Berlin_1234110,Ingénieur Informaticien,Berlin,40
KeyPers_Berlin_1234111,Ingénieur Data,Berlin,36
KeyPers_Berlin_1234112,Ingénieur Data,Berlin,87
KeyPers_Berlin_1234113,Ingénieur Data,Berlin,88
KeyPers_Berlin_1234114,Ingénieur Informaticien,Berlin,71
KeyPers_Berlin_1234115,Ingénieur Data,Berlin,61
KeyPers_Berlin_1234116,Ingénieur Informaticien,Berlin,91
KeyPers_Berlin_1234117,Ingénieur Data,Berlin,94
KeyPers_Berlin_1234118,Ingénieur Informaticien,Berlin,45
KeyPers_Berlin_1234119,Ingénieur Data,Berlin,83
KeyPers_Berlin_1234120,Economiste,Berlin,28
KeyPers_Berlin_1234121,Ingénieur Data,Berlin,74
KeyPers_Berlin_1234122,Ingénieur Informaticien,Berlin,45
KeyPers_Berlin_1234123,Ingénieur Informaticien,Berlin,48
KeyPers_Berlin_1234124,Ingénieur Data,Berlin,76
KeyPers_Berlin_1234125,Ingénieur Informaticien,Berlin,28
KeyPers_Berlin_1234126,Ingénieur Data,Berlin,83
KeyPers_Berlin_1234127,Ingénieur Data,Berlin,25
KeyPers_Berlin_1234128,Cadre,Berlin,28
KeyPers_Berlin_1234129,Ingénieur Data,Berlin,40
KeyPers_Berlin_1234130,Economiste,Berlin,83
KeyPers_Berlin_1234131,Ingénieur Informaticien,Berlin,82
KeyPers_Berlin_1234132,Ingénieur Informaticien,Berlin,89
KeyPers_Berlin_1234133,Cadre,Berlin,85
KeyPers_Berlin_1234134,Ingénieur Data,Berlin,75
KeyPers_Berlin_1234135,Ingénieur Data,Berlin,71
KeyPers_Berlin_1234136,Ingénieur Data,Berlin,58
KeyPers_Berlin_1234137,Ingénieur Data,Berlin,27
KeyPers_Berlin_1234138,Economiste,Berlin,40
KeyPers_Berlin_1234139,Ingénieur Data,Berlin,66
KeyPers_Berlin_1234140,Ingénieur Informaticien,Berlin,69
KeyPers_Berlin_1234141,Cadre,Berlin,27
KeyPers_Berlin_1234142,Ingénieur Data,Berlin,92
KeyPers_Berlin_1234143,Ingénieur Data,Berlin,42
KeyPers_Berlin_1234144,Ingénieur Informaticien,Berlin,72
KeyPers_Berlin_1234145,Cadre,Berlin,54
KeyPers_Berlin_1234146,Ingénieur Data,Berlin,83
KeyPers_Berlin_1234147,Ingénieur Data,Berlin,36
KeyPers_Berlin_1234148,Ingénieur Data,Berlin,78
KeyPers_Berlin_1234149,Ingénieur Informaticien,Berlin,50
KeyPers_Berlin_1234150,Cadre,Berlin,50
KeyPers_Berlin_1234151,Cadre,Berlin,76
KeyPers_Berlin_1234152,Ingénieur Data,Berlin,33
KeyPers_Berlin_1234153,Economiste,Berlin,67
KeyPers_Berlin_1234154,Ingénieur Data,Berlin,29
KeyPers_Berlin_1234155,Ingénieur Informaticien,Berlin,59
KeyPers_Berlin_1234156,Ingénieur Informaticien,Berlin,79
KeyPers_Berlin_1234157,Ingénieur Data,Berlin,47
KeyPers_Berlin_1234158,Ingénieur Data,Berlin,78
KeyPers_Berlin_1234159,Ingénieur Data,Berlin,67
KeyPers_Berlin_1234160,Ingénieur Data,Berlin,93
KeyPers_Berlin_1234161,Cadre,Berlin,60
KeyPers_Berlin_1234162,Ingénieur Informaticien,Berlin,37
KeyPers_Berlin_1234163,Ingénieur Informaticien,Berlin,57
KeyPers_Berlin_1234164,Ingénieur Data,Berlin,75
KeyPers_Berlin_1234165,Ingénieur Informaticien,Berlin,74
KeyPers_Berlin_1234166,Ingénieur Informaticien,Berlin,45
KeyPers_Berlin_1234167,Economiste,Berlin,47
KeyPers_Berlin_1234168,Cadre,Berlin,67
KeyPers_Berlin_1234169,Ingénieur Data,Berlin,56
KeyPers_Berlin_1234170,Ingénieur Data,Berlin,86
KeyPers_Berlin_1234171,Cadre,Berlin,79
KeyPers_Berlin_1234172,Ingénieur Informaticien,Berlin,74
KeyPers_Berlin_1234173,Ingénieur Data,Berlin,96
KeyPers_Berlin_1234174,Ingénieur Informaticien,Berlin,26
KeyPers_Berlin_1234175,Cadre,Berlin,90
KeyPers_Berlin_1234176,Ingénieur Data,Berlin,85
KeyPers_Berlin_1234177,Ingénieur Data,Berlin,65
KeyPers_Berlin_1234178,Ingénieur Informaticien,Berlin,87
KeyPers_Berlin_1234179,Ingénieur Informaticien,Berlin,79
KeyPers_Berlin_1234180,Ingénieur Informaticien,Berlin,80
KeyPers_Berlin_1234181,Ingénieur Informaticien,Berlin,76
KeyPers_Berlin_1234182,Economiste,Berlin,44
KeyPers_Berlin_1234183,Ingénieur Informaticien,Berlin,77
KeyPers_Berlin_1234184,Cadre,Berlin,82
KeyPers_Berlin_1234185,Ingénieur Informaticien,Berlin,91
KeyPers_Berlin_1234186,Ingénieur Data,Berlin,66
KeyPers_Berlin_1234187,Ingénieur Data,Berlin,34
KeyPers_Berlin_1234188,Ingénieur Informaticien,Berlin,94
KeyPers_Berlin_1234189,Ingénieur Data,Berlin,68
KeyPers_Berlin_1234190,Ingénieur Data,Berlin,85
KeyPers_Berlin_1234191,Ingénieur Data,Berlin,88
KeyPers_Berlin_1234192,Ingénieur Informaticien,Berlin,68
KeyPers_Berlin_1234193,Cadre,Berlin,51
KeyPers_Berlin_1234194,Economiste,Berlin,77
KeyPers_Berlin_1234195,Ingénieur Data,Berlin,65
KeyPers_Berlin_1234196,Ingénieur Data,Berlin,41
KeyPers_Berlin_1234197,Cadre,Berlin,57
KeyPers_Berlin_1234198,Ingénieur Informaticien,Berlin,71
KeyPers_Berlin_1234199,Ingénieur Data,Berlin,59
KeyPers_Berlin_1234200,Cadre,Berlin,73
KeyPers_Berlin_1234201,Ingénieur Data,Berlin,87
KeyPers_Berlin_1234202,Economiste,Berlin,82
KeyPers_Berlin_1234203,Ingénieur Data,Berlin,59
KeyPers_Berlin_1234204,Ingénieur Informaticien,Berlin,72
KeyPers_Berlin_1234205,Cadre,Berlin,93
KeyPers_Berlin_1234206,Cadre,Berlin,92
KeyPers_Berlin_1234207,Ingénieur Data,Berlin,82
KeyPers_Berlin_1234208,Ingénieur Informaticien,Berlin,28
KeyPers_Berlin_1234209,Cadre,Berlin,56
KeyPers_Berlin_1234210,Cadre,Berlin,77
KeyPers_Berlin_1234211,Cadre,Berlin,34
KeyPers_Berlin_1234212,Ingénieur Data,Berlin,71
KeyPers_Berlin_1234213,Ingénieur Informaticien,Berlin,66
KeyPers_Berlin_1234214,Ingénieur Informaticien,Berlin,24
KeyPers_Berlin_1234215,Ingénieur Informaticien,Berlin,36
KeyPers_Berlin_1234216,Economiste,Berlin,57
KeyPers_Berlin_1234217,Economiste,Berlin,40
KeyPers_Berlin_1234218,Ingénieur Data,Berlin,68
KeyPers_Berlin_1234219,Ingénieur Informaticien,Berlin,73
KeyPers_Berlin_1234220,Cadre,Berlin,38
KeyPers_Berlin_1234221,Cadre,Berlin,63
KeyPers_Berlin_1234222,Ingénieur Informaticien,Berlin,72
KeyPers_Berlin_1234223,Ingénieur Informaticien,Berlin,46
KeyPers_Berlin_1234224,Cadre,Berlin,27
KeyPers_Berlin_1234225,Cadre,Berlin,51
KeyPers_Berlin_1234226,Ingénieur Informaticien,Berlin,39
KeyPers_Berlin_1234227,Economiste,Berlin,50
KeyPers_Berlin_1234228,Ingénieur Informaticien,Berlin,68
KeyPers_Berlin_1234229,Ingénieur Data,Berlin,38
KeyPers_Berlin_1234230,Ingénieur Data,Berlin,77
KeyPers_Berlin_1234231,Ingénieur Informaticien,Berlin,84
KeyPers_Berlin_1234232,Ingénieur Data,Berlin,34
KeyPers_Berlin_1234233,Ingénieur Informaticien,Berlin,40
KeyPers_Berlin_1234234,Ingénieur Data,Berlin,88
KeyPers_Berlin_1234235,Cadre,Berlin,60
KeyPers_Berlin_1234236,Ingénieur Informaticien,Berlin,35
KeyPers_Berlin_1234237,Ingénieur Informaticien,Berlin,37
KeyPers_Berlin_1234238,Cadre,Berlin,33
KeyPers_Berlin_1234239,Ingénieur Informaticien,Berlin,45
KeyPers_Berlin_1234240,Cadre,Berlin,67
KeyPers_Berlin_1234241,Ingénieur Data,Berlin,53
KeyPers_Berlin_1234242,Economiste,Berlin,71
KeyPers_LA_1230000,Ingénieur Informaticien,LA,45
KeyPers_LA_1230001,Ingénieur Data,LA,69
KeyPers_LA_1230002,Ingénieur Data,LA,61
KeyPers_LA_1230003,Ingénieur Informaticien,LA,93
KeyPers_LA_1230004,Ingénieur Informaticien,LA,87
KeyPers_LA_1230005,Ingénieur Data,LA,50
KeyPers_LA_1230006,Ingénieur Informaticien,LA,31
KeyPers_LA_1230007,Ingénieur Data,LA,69
KeyPers_LA_1230008,Ingénieur Data,LA,70
KeyPers_LA_1230009,Ingénieur Informaticien,LA,64
KeyPers_LA_1230010,Ingénieur Informaticien,LA,75
KeyPers_LA_1230011,Ingénieur Data,LA,58
KeyPers_LA_1230012,Ingénieur Data,LA,83
KeyPers_LA_1230013,Cadre,LA,76
KeyPers_LA_1230014,Ingénieur Informaticien,LA,30
KeyPers_LA_1230015,Ingénieur Data,LA,80
KeyPers_LA_1230016,Cadre,LA,55
KeyPers_LA_1230017,Ingénieur Informaticien,LA,46
KeyPers_LA_1230018,Ingénieur Informaticien,LA,52
KeyPers_LA_1230019,Ingénieur Informaticien,LA,70
KeyPers_LA_1230020,Ingénieur Data,LA,86
KeyPers_LA_1230021,Ingénieur Data,LA,55
KeyPers_LA_1230022,Cadre,LA,37
KeyPers_LA_1230023,Economiste,LA,60
KeyPers_LA_1230024,Ingénieur Informaticien,LA,61
KeyPers_LA_1230025,Ingénieur Informaticien,LA,50
KeyPers_LA_1230026,Cadre,LA,82
KeyPers_LA_1230027,Ingénieur Data,LA,71
KeyPers_LA_1230028,Ingénieur Data,LA,55
KeyPers_LA_1230029,Ingénieur Data,LA,48
KeyPers_LA_1230030,Ingénieur Informaticien,LA,60
KeyPers_LA_1230031,Economiste,LA,46
KeyPers_LA_1230032,Cadre,LA,56
KeyPers_LA_1230033,Ingénieur Data,LA,80
KeyPers_LA_1230034,Cadre,LA,32
KeyPers_LA_1230035,Cadre,LA,27
KeyPers_LA_1230036,Economiste,LA,53
KeyPers_LA_1230037,Ingénieur Informaticien,LA,74
KeyPers_LA_1230038,Cadre,LA,39
KeyPers_LA_1230039,Ingénieur Data,LA,57
KeyPers_LA_1230040,Ingénieur Informaticien,LA,60
KeyPers_LA_1230041,Ingénieur Informaticien,LA,48
KeyPers_LA_1230042,Economiste,LA,41
KeyPers_LA_1230043,Ingénieur Data,LA,90
KeyPers_LA_1230044,Cadre,LA,92
KeyPers_LA_1230045,Ingénieur Informaticien,LA,32
KeyPers_LA_1230046,Ingénieur Informaticien,LA,34
KeyPers_LA_1230047,Ingénieur Data,LA,53
KeyPers_LA_1230048,Ingénieur Informaticien,LA,37
KeyPers_LA_1230049,Cadre,LA,61
KeyPers_LA_1230050,Ingénieur Data,LA,82
KeyPers_LA_1230051,Ingénieur Data,LA,60
KeyPers_LA_1230052,Economiste,LA,75
KeyPers_LA_1230053,Economiste,LA,34
KeyPers_LA_1230054,Ingénieur Informaticien,LA,69
KeyPers_LA_1230055,Ingénieur Data,LA,87
KeyPers_LA_1230056,Ingénieur Informaticien,LA,44
KeyPers_LA_1230057,Cadre,LA,62
KeyPers_LA_1230058,Ingénieur Informaticien,LA,59
KeyPers_LA_1230059,Ingénieur Data,LA,77
KeyPers_LA_1230060,Ingénieur Informaticien,LA,42
KeyPers_LA_1230061,Ingénieur Data,LA,67
KeyPers_LA_1230062,Ingénieur Data,LA,25
KeyPers_LA_1230063,Ingénieur Data,LA,43
KeyPers_LA_1230064,Ingénieur Informaticien,LA,47
KeyPers_LA_1230065,Ingénieur Informaticien,LA,80
KeyPers_LA_1230066,Ingénieur Data,LA,27
KeyPers_LA_1230067,Ingénieur Informaticien,LA,95
KeyPers_LA_1230068,Ingénieur Data,LA,75
KeyPers_LA_1230069,Ingénieur Data,LA,79
KeyPers_LA_1230070,Ingénieur Informaticien,LA,88
KeyPers_LA_1230071,Ingénieur Informaticien,LA,65
KeyPers_LA_1230072,Cadre,LA,93
KeyPers_LA_1230073,Cadre,LA,91
KeyPers_LA_1230074,Ingénieur Informaticien,LA,48
KeyPers_LA_1230075,Ingénieur Data,LA,47
KeyPers_LA_1230076,Ingénieur Data,LA,29
KeyPers_LA_1230077,Ingénieur Informaticien,LA,47
KeyPers_LA_1230078,Cadre,LA,86
KeyPers_LA_1230079,Cadre,LA,24
KeyPers_LA_1230080,Ingénieur Informaticien,LA,79
KeyPers_LA_1230081,Ingénieur Data,LA,78
KeyPers_LA_1230082,Ingénieur Informaticien,LA,69
KeyPers_LA_1230083,Ingénieur Informaticien,LA,43
KeyPers_LA_1230084,Ingénieur Informaticien,LA,26
KeyPers_LA_1230085,Cadre,LA,30
KeyPers_LA_1230086,Ingénieur Informaticien,LA,72
KeyPers_LA_1230087,Ingénieur Informaticien,LA,60
KeyPers_LA_1230088,Ingénieur Informaticien,LA,65
KeyPers_LA_1230089,Ingénieur Data,LA,89
KeyPers_LA_1230090,Ingénieur Informaticien,LA,74
KeyPers_LA_1230091,Economiste,LA,39
KeyPers_LA_1230092,Ingénieur Informaticien,LA,92
KeyPers_LA_1230093,Ingénieur Informaticien,LA,43
KeyPers_LA_1230094,Ingénieur Informaticien,LA,87
KeyPers_LA_1230095,Ingénieur Data,LA,43
KeyPers_LA_1230096,Ingénieur Data,LA,83
KeyPers_LA_1230097,Ingénieur Data,LA,75
KeyPers_LA_1230098,Ingénieur Informaticien,LA,25
KeyPers_LA_1230099,Ingénieur Data,LA,47
KeyPers_LA_1230100,Cadre,LA,58
KeyPers_LA_1230101,Ingénieur Informaticien,LA,47
KeyPers_LA_1230102,Ingénieur Data,LA,72
KeyPers_LA_1230103,Ingénieur Informaticien,LA,53
KeyPers_LA_1230104,Ingénieur Data,LA,28
KeyPers_LA_1230105,Ingénieur Informaticien,LA,46
KeyPers_LA_1230106,Ingénieur Data,LA,29
KeyPers_LA_1230107,Ingénieur Informaticien,LA,80
KeyPers_LA_1230108,Economiste,LA,46
KeyPers_LA_1230109,Ingénieur Data,LA,33
KeyPers_LA_1230110,Ingénieur Informaticien,LA,74
KeyPers_LA_1230111,Cadre,LA,29
KeyPers_LA_1230112,Cadre,LA,27
KeyPers_LA_1230113,Ingénieur Informaticien,LA,29
KeyPers_LA_1230114,Ingénieur Data,LA,66
KeyPers_LA_1230115,Cadre,LA,72
KeyPers_LA_1230116,Cadre,LA,73
KeyPers_LA_1230117,Ingénieur Informaticien,LA,55
KeyPers_LA_1230118,Ingénieur Data,LA,58
KeyPers_LA_1230119,DRH,LA,57
KeyPers_LA_1230120,Ingénieur Informaticien,LA,24
KeyPers_LA_1230121,Ingénieur Data,LA,53
KeyPers_LA_1230122,Ingénieur Informaticien,LA,40
KeyPers_LA_1230123,Ingénieur Informaticien,LA,56
KeyPers_LA_1230124,Ingénieur Data,LA,37
KeyPers_LA_1230125,Ingénieur Informaticien,LA,27
KeyPers_LA_1230126,Ingénieur Informaticien,LA,42
KeyPers_LA_1230127,Cadre,LA,25
KeyPers_LA_1230128,Ingénieur Informaticien,LA,58
KeyPers_LA_1230129,Ingénieur Informaticien,LA,37
KeyPers_LA_1230130,Cadre,LA,71
KeyPers_LA_1230131,Ingénieur Data,LA,31
KeyPers_LA_1230132,Ingénieur Data,LA,95
KeyPers_LA_1230133,Ingénieur Informaticien,LA,33
KeyPers_LA_1230134,Ingénieur Data,LA,78
KeyPers_LA_1230135,Ingénieur Data,LA,42
KeyPers_LA_1230136,Ingénieur Data,LA,58
KeyPers_LA_1230137,DRH,LA,90
KeyPers_LA_1230138,Ingénieur Data,LA,85
KeyPers_LA_1230139,Ingénieur Informaticien,LA,30
KeyPers_LA_1230140,Ingénieur Informaticien,LA,34
KeyPers_LA_1230141,Cadre,LA,67
KeyPers_LA_1230142,Ingénieur Data,LA,43
KeyPers_LA_1230143,Ingénieur Informaticien,LA,61
KeyPers_LA_1230144,Ingénieur Informaticien,LA,85
KeyPers_LA_1230145,Ingénieur Data,LA,63
KeyPers_LA_1230146,Ingénieur Data,LA,66
KeyPers_LA_1230147,Ingénieur Data,LA,93
KeyPers_LA_1230148,Ingénieur Data,LA,81
KeyPers_LA_1230149,Ingénieur Data,LA,54
KeyPers_LA_1230150,Ingénieur Data,LA,84
KeyPers_LA_1230151,Cadre,LA,27
KeyPers_LA_1230152,Ingénieur Informaticien,LA,35
KeyPers_LA_1230153,Ingénieur Data,LA,29
KeyPers_LA_1230154,Ingénieur Data,LA,40
KeyPers_LA_1230155,Ingénieur Informaticien,LA,74
KeyPers_LA_1230156,Ingénieur Informaticien,LA,57
KeyPers_LA_1230157,Ingénieur Informaticien,LA,29
KeyPers_LA_1230158,Cadre,LA,93
KeyPers_LA_1230159,Cadre,LA,62
KeyPers_LA_1230160,Ingénieur Data,LA,37
KeyPers_LA_1230161,Cadre,LA,69
KeyPers_LA_1230162,Ingénieur Data,LA,92
KeyPers_LA_1230163,Ingénieur Data,LA,66
KeyPers_LA_1230164,Ingénieur Data,LA,68
KeyPers_LA_1230165,Ingénieur Data,LA,41
KeyPers_LA_1230166,Ingénieur Informaticien,LA,94
KeyPers_LA_1230167,Ingénieur Data,LA,49
KeyPers_LA_1230168,Ingénieur Informaticien,LA,72
KeyPers_LA_1230169,Ingénieur Informaticien,LA,45
KeyPers_LA_1230170,Ingénieur Data,LA,41
KeyPers_LA_1230171,Ingénieur Data,LA,61
KeyPers_LA_1230172,Ingénieur Data,LA,55
KeyPers_LA_1230173,Ingénieur Informaticien,LA,48
KeyPers_LA_1230174,Ingénieur Informaticien,LA,44
KeyPers_LA_1230175,Ingénieur Data,LA,52
KeyPers_LA_1230176,Cadre,LA,51
KeyPers_LA_1230177,Ingénieur Data,LA,81
KeyPers_LA_1230178,Ingénieur Data,LA,51
KeyPers_LA_1230179,Ingénieur Data,LA,66
KeyPers_LA_1230180,Ingénieur Informaticien,LA,66
KeyPers_LA_1230181,Ingénieur Informaticien,LA,53
KeyPers_LA_1230182,Ingénieur Informaticien,LA,35
KeyPers_LA_1230183,Ingénieur Data,LA,82
KeyPers_LA_1230184,Ingénieur Data,LA,27
KeyPers_LA_1230185,Ingénieur Informaticien,LA,35
KeyPers_LA_1230186,Ingénieur Informaticien,LA,65
KeyPers_LA_1230187,Ingénieur Data,LA,34
KeyPers_LA_1230188,Ingénieur Data,LA,44
KeyPers_LA_1230189,Cadre,LA,90
KeyPers_LA_1230190,Cadre,LA,29
KeyPers_LA_1230191,Ingénieur Informaticien,LA,64
KeyPers_LA_1230192,Ingénieur Data,LA,43
KeyPers_LA_1230193,DRH,LA,73
KeyPers_LA_1230194,Ingénieur Data,LA,35
KeyPers_LA_1230195,Ingénieur Data,LA,47
KeyPers_LA_1230196,Cadre,LA,68
KeyPers_LA_1230197,Ingénieur Informaticien,LA,53
KeyPers_LA_1230198,Ingénieur Data,LA,81
KeyPers_LA_1230199,Ingénieur Informaticien,LA,53
KeyPers_LA_1230200,Ingénieur Data,LA,31
KeyPers_LA_1230201,Ingénieur Informaticien,LA,25
KeyPers_LA_1230202,Ingénieur Data,LA,89
KeyPers_LA_1230203,Cadre,LA,60
KeyPers_LA_1230204,Cadre,LA,73
KeyPers_LA_1230205,Ingénieur Data,LA,92
KeyPers_LA_1230206,Cadre,LA,43
KeyPers_LA_1230207,Ingénieur Data,LA,77
KeyPers_LA_1230208,Ingénieur Informaticien,LA,48
KeyPers_LA_1230209,Ingénieur Data,LA,89
KeyPers_LA_1230210,Ingénieur Data,LA,42
KeyPers_LA_1230211,Ingénieur Informaticien,LA,32
KeyPers_LA_1230212,Ingénieur Data,LA,69
KeyPers_LA_1230213,Ingénieur Data,LA,96
KeyPers_LA_1230214,Ingénieur Informaticien,LA,75
KeyPers_LA_1230215,Ingénieur Informaticien,LA,60
KeyPers_LA_1230216,Ingénieur Data,LA,26
KeyPers_LA_1230217,Ingénieur Informaticien,LA,79
KeyPers_LA_1230218,Ingénieur Data,LA,71
KeyPers_LA_1230219,Ingénieur Informaticien,LA,83
KeyPers_LA_1230220,Ingénieur Informaticien,LA,68
KeyPers_LA_1230221,Ingénieur Informaticien,LA,50
KeyPers_LA_1230222,Ingénieur Informaticien,LA,67
KeyPers_LA_1230223,Ingénieur Data,LA,38
KeyPers_LA_1230224,Ingénieur Data,LA,57
KeyPers_LA_1230225,Ingénieur Data,LA,87
KeyPers_LA_1230226,Cadre,LA,70
KeyPers_LA_1230227,Ingénieur Data,LA,73
KeyPers_LA_1230228,Ingénieur Informaticien,LA,48
KeyPers_LA_1230229,Ingénieur Data,LA,39
KeyPers_LA_1230230,Ingénieur Informaticien,LA,31
KeyPers_LA_1230231,Ingénieur Data,LA,51
KeyPers_LA_1230232,Ingénieur Informaticien,LA,53
KeyPers_LA_1230233,Ingénieur Data,LA,94
KeyPers_LA_1230234,Ingénieur Data,LA,68
KeyPers_LA_1230235,Ingénieur Data,LA,91
KeyPers_LA_1230236,Ingénieur Data,LA,85
KeyPers_LA_1230237,Ingénieur Informaticien,LA,51
KeyPers_LA_1230238,Economiste,LA,57
KeyPers_LA_1230239,Cadre,LA,64
KeyPers_LA_1230240,Ingénieur Informaticien,LA,45
KeyPers_LA_1230241,Ingénieur Data,LA,77
KeyPers_LA_1230242,Ingénieur Data,LA,50
KeyPers_LA_1230243,Cadre,LA,26
KeyPers_LA_1230244,Ingénieur Data,LA,44
KeyPers_LA_1230245,Ingénieur Informaticien,LA,37
KeyPers_LA_1230246,Ingénieur Informaticien,LA,65
KeyPers_LA_1230247,Ingénieur Data,LA,70
KeyPers_LA_1230248,Ingénieur Data,LA,38
KeyPers_LA_1230249,Ingénieur Data,LA,91
KeyPers_LA_1230250,Ingénieur Data,LA,95
KeyPers_LA_1230251,Ingénieur Data,LA,68
KeyPers_LA_1230252,Ingénieur Data,LA,93
KeyPers_LA_1230253,Cadre,LA,47
KeyPers_LA_1230254,Ingénieur Data,LA,91
KeyPers_LA_1230255,Ingénieur Data,LA,51
KeyPers_LA_1230256,Ingénieur Informaticien,LA,63
KeyPers_LA_1230257,Ingénieur Informaticien,LA,58
KeyPers_LA_1230258,Ingénieur Data,LA,30
KeyPers_LA_1230259,Ingénieur Informaticien,LA,32
KeyPers_LA_1230260,Economiste,LA,26
KeyPers_LA_1230261,Ingénieur Informaticien,LA,78
KeyPers_LA_1230262,Economiste,LA,95
KeyPers_LA_1230263,Cadre,LA,50
KeyPers_LA_1230264,Ingénieur Data,LA,71
KeyPers_LA_1230265,Economiste,LA,74
KeyPers_LA_1230266,Ingénieur Informaticien,LA,28
KeyPers_LA_1230267,Ingénieur Informaticien,LA,82
KeyPers_LA_1230268,Cadre,LA,71
KeyPers_LA_1230269,Cadre,LA,73
KeyPers_LA_1230270,Cadre,LA,84
KeyPers_LA_1230271,DRH,LA,81
KeyPers_LA_1230272,Ingénieur Informaticien,LA,30
KeyPers_LA_1230273,Economiste,LA,91
KeyPers_LA_1230274,Ingénieur Data,LA,38
KeyPers_LA_1230275,Ingénieur Data,LA,95
KeyPers_LA_1230276,Ingénieur Data,LA,63
KeyPers_LA_1230277,Ingénieur Informaticien,LA,38
KeyPers_LA_1230278,Cadre,LA,44
KeyPers_LA_1230279,Ingénieur Informaticien,LA,65
KeyPers_LA_1230280,Ingénieur Informaticien,LA,62
KeyPers_LA_1230281,Ingénieur Informaticien,LA,80
KeyPers_LA_1230282,Ingénieur Data,LA,84
KeyPers_LA_1230283,Ingénieur Data,LA,41
KeyPers_LA_1230284,Ingénieur Informaticien,LA,81
KeyPers_LA_1230285,Ingénieur Informaticien,LA,82
KeyPers_LA_1230286,Ingénieur Informaticien,LA,95
KeyPers_LA_1230287,Ingénieur Data,LA,76
KeyPers_LA_1230288,Ingénieur Data,LA,87
KeyPers_LA_1230289,Ingénieur Data,LA,74
KeyPers_LA_1230290,Ingénieur Informaticien,LA,32
KeyPers_LA_1230291,Cadre,LA,33
KeyPers_LA_1230292,Ingénieur Data,LA,64
KeyPers_LA_1230293,Ingénieur Data,LA,39
KeyPers_LA_1230294,Ingénieur Informaticien,LA,72
KeyPers_LA_1230295,Ingénieur Data,LA,58
KeyPers_LA_1230296,Ingénieur Informaticien,LA,69
KeyPers_LA_1230297,Ingénieur Informaticien,LA,35
KeyPers_LA_1230298,Ingénieur Informaticien,LA,85
KeyPers_LA_1230299,Ingénieur Data,LA,59
KeyPers_LA_1230300,Ingénieur Informaticien,LA,83
KeyPers_LA_1230301,Ingénieur Data,LA,85
KeyPers_LA_1230302,Ingénieur Data,LA,59
KeyPers_LA_1230303,Ingénieur Data,LA,42
KeyPers_LA_1230304,Cadre,LA,42
KeyPers_LA_1230305,Ingénieur Data,LA,37
KeyPers_LA_1230306,Ingénieur Data,LA,29
KeyPers_LA_1230307,Ingénieur Data,LA,66
KeyPers_LA_1230308,Economiste,LA,39
KeyPers_LA_1230309,Cadre,LA,89
KeyPers_LA_1230310,Ingénieur Informaticien,LA,26
KeyPers_LA_1230311,Ingénieur Data,LA,85
KeyPers_LA_1230312,DRH,LA,54
KeyPers_LA_1230313,Ingénieur Informaticien,LA,49
KeyPers_LA_1230314,Ingénieur Informaticien,LA,95
KeyPers_LA_1230315,Ingénieur Data,LA,84
KeyPers_LA_1230316,Ingénieur Informaticien,LA,43
KeyPers_LA_1230317,Ingénieur Data,LA,26
KeyPers_LA_1230318,Ingénieur Data,LA,64
KeyPers_LA_1230319,Ingénieur Informaticien,LA,64
KeyPers_LA_1230320,Ingénieur Data,LA,27
KeyPers_LA_1230321,Ingénieur Data,LA,87
KeyPers_LA_1230322,Ingénieur Data,LA,75
KeyPers_LA_1230323,Ingénieur Informaticien,LA,87
KeyPers_LA_1230324,Ingénieur Data,LA,66
KeyPers_LA_1230325,Ingénieur Data,LA,64
KeyPers_LA_1230326,Ingénieur Data,LA,72
KeyPers_LA_1230327,Ingénieur Data,LA,71
KeyPers_LA_1230328,DRH,LA,72
KeyPers_LA_1230329,Ingénieur Informaticien,LA,46
KeyPers_LA_1230330,Ingénieur Informaticien,LA,24
KeyPers_LA_1230331,Ingénieur Data,LA,76
KeyPers_LA_1230332,Cadre,LA,94
KeyPers_LA_1230333,Ingénieur Informaticien,LA,33
KeyPers_LA_1230334,Ingénieur Data,LA,79
KeyPers_LA_1230335,Ingénieur Informaticien,LA,58
KeyPers_LA_1230336,Cadre,LA,30
KeyPers_LA_1230337,Cadre,LA,65
KeyPers_LA_1230338,Ingénieur Data,LA,84
KeyPers_LA_1230339,Ingénieur Informaticien,LA,27
KeyPers_LA_1230340,Ingénieur Informaticien,LA,82
KeyPers_LA_1230341,Ingénieur Informaticien,LA,59
KeyPers_LA_1230342,Ingénieur Data,LA,48
KeyPers_LA_1230343,Ingénieur Informaticien,LA,74
KeyPers_LA_1230344,Ingénieur Informaticien,LA,59
KeyPers_LA_1230345,Cadre,LA,93
KeyPers_LA_1230346,Ingénieur Informaticien,LA,43
KeyPers_LA_1230347,Ingénieur Informaticien,LA,27
KeyPers_LA_1230348,Cadre,LA,76
KeyPers_LA_1230349,Cadre,LA,62
KeyPers_LA_1230350,Ingénieur Data,LA,78
KeyPers_LA_1230351,Ingénieur Data,LA,76
KeyPers_LA_1230352,Ingénieur Informaticien,LA,31
KeyPers_LA_1230353,Ingénieur Data,LA,91
KeyPers_LA_1230354,Ingénieur Data,LA,40
KeyPers_LA_1230355,Ingénieur Data,LA,82
KeyPers_LA_1230356,Ingénieur Informaticien,LA,77
KeyPers_LA_1230357,Cadre,LA,58
KeyPers_LA_1230358,Cadre,LA,46
KeyPers_LA_1230359,Ingénieur Data,LA,58
KeyPers_LA_1230360,Ingénieur Informaticien,LA,59
KeyPers_LA_1230361,Ingénieur Informaticien,LA,78
KeyPers_LA_1230362,DRH,LA,86
KeyPers_LA_1230363,Ingénieur Informaticien,LA,94
KeyPers_LA_1230364,Ingénieur Informaticien,LA,67
KeyPers_LA_1230365,Ingénieur Data,LA,93
KeyPers_LA_1230366,Ingénieur Informaticien,LA,86
KeyPers_LA_1230367,Ingénieur Data,LA,25
KeyPers_LA_1230368,Cadre,LA,65
KeyPers_LA_1230369,Ingénieur Data,LA,76
KeyPers_LA_1230370,Ingénieur Informaticien,LA,46
KeyPers_LA_1230371,Ingénieur Informaticien,LA,57
KeyPers_LA_1230372,Ingénieur Informaticien,LA,86
KeyPers_LA_1230373,Cadre,LA,68
KeyPers_LA_1230374,Ingénieur Informaticien,LA,71
KeyPers_LA_1230375,Economiste,LA,39
KeyPers_LA_1230376,Ingénieur Informaticien,LA,88
KeyPers_LA_1230377,Cadre,LA,54
KeyPers_LA_1230378,Ingénieur Informaticien,LA,57
KeyPers_LA_1230379,Ingénieur Informaticien,LA,41
KeyPers_LA_1230380,Cadre,LA,62
KeyPers_LA_1230381,Ingénieur Informaticien,LA,53
KeyPers_LA_1230382,Cadre,LA,32
KeyPers_LA_1230383,Cadre,LA,86
KeyPers_LA_1230384,Cadre,LA,41
KeyPers_LA_1230385,Ingénieur Informaticien,LA,75
KeyPers_LA_1230386,DRH,LA,38
KeyPers_LA_1230387,Ingénieur Data,LA,78
KeyPers_LA_1230388,DRH,LA,70
KeyPers_LA_1230389,Cadre,LA,57
KeyPers_LA_1230390,Cadre,LA,36
KeyPers_LA_1230391,Ingénieur Informaticien,LA,53
KeyPers_LA_1230392,Ingénieur Informaticien,LA,72
KeyPers_LA_1230393,Ingénieur Data,LA,75
KeyPers_LA_1230394,Ingénieur Data,LA,49
KeyPers_LA_1230395,Cadre,LA,62
KeyPers_LA_1230396,Ingénieur Data,LA,30
KeyPers_LA_1230397,Economiste,LA,32
KeyPers_LA_1230398,Ingénieur Informaticien,LA,69
KeyPers_LA_1230399,Cadre,LA,29
KeyPers_LA_1230400,Ingénieur Informaticien,LA,53
KeyPers_LA_1230401,Ingénieur Data,LA,59
KeyPers_LA_1230402,Cadre,LA,95
KeyPers_LA_1230403,Cadre,LA,33
KeyPers_LA_1230404,Ingénieur Informaticien,LA,71
KeyPers_LA_1230405,Cadre,LA,47
KeyPers_LA_1230406,Economiste,LA,64
KeyPers_LA_1230407,Ingénieur Informaticien,LA,54
KeyPers_LA_1230408,Ingénieur Informaticien,LA,77
KeyPers_LA_1230409,Ingénieur Informaticien,LA,75
KeyPers_LA_1230410,Cadre,LA,29
KeyPers_LA_1230411,Cadre,LA,50
KeyPers_LA_1230412,Ingénieur Informaticien,LA,38
KeyPers_LA_1230413,Ingénieur Informaticien,LA,24
KeyPers_LA_1230414,Ingénieur Data,LA,67
KeyPers_LA_1230415,Ingénieur Informaticien,LA,25
KeyPers_LA_1230416,Ingénieur Informaticien,LA,95
KeyPers_LA_1230417,Ingénieur Informaticien,LA,85
KeyPers_LA_1230418,Economiste,LA,75
KeyPers_LA_1230419,Cadre,LA,47
KeyPers_LA_1230420,Ingénieur Informaticien,LA,40
KeyPers_LA_1230421,Ingénieur Data,LA,32
KeyPers_LA_1230422,Ingénieur Data,LA,54
KeyPers_LA_1230423,Ingénieur Informaticien,LA,47
KeyPers_LA_1230424,Ingénieur Informaticien,LA,37
KeyPers_LA_1230425,Ingénieur Data,LA,74
KeyPers_LA_1230426,Ingénieur Data,LA,83
KeyPers_LA_1230427,Ingénieur Data,LA,81
KeyPers_LA_1230428,Ingénieur Data,LA,60
KeyPers_LA_1230429,Ingénieur Informaticien,LA,44
KeyPers_LA_1230430,Cadre,LA,71
KeyPers_LA_1230431,Ingénieur Data,LA,69
KeyPers_LA_1230432,Ingénieur Data,LA,58
KeyPers_LA_1230433,Cadre,LA,62
KeyPers_LA_1230434,Ingénieur Data,LA,54
KeyPers_LA_1230435,Ingénieur Data,LA,38
KeyPers_LA_1230436,Ingénieur Informaticien,LA,37
KeyPers_LA_1230437,Cadre,LA,25
KeyPers_LA_1230438,Ingénieur Informaticien,LA,82
KeyPers_LA_1230439,Ingénieur Data,LA,35
KeyPers_LA_1230440,Ingénieur Data,LA,81
KeyPers_LA_1230441,Ingénieur Data,LA,60
KeyPers_LA_1230442,Cadre,LA,57
KeyPers_LA_1230443,Ingénieur Informaticien,LA,61
KeyPers_LA_1230444,Cadre,LA,71
KeyPers_LA_1230445,Cadre,LA,59
KeyPers_LA_1230446,Cadre,LA,90
KeyPers_LA_1230447,Ingénieur Informaticien,LA,43
KeyPers_LA_1230448,Ingénieur Data,LA,83
KeyPers_LA_1230449,Ingénieur Informaticien,LA,64
KeyPers_LA_1230450,Cadre,LA,31
KeyPers_LA_1230451,Ingénieur Informaticien,LA,45
KeyPers_LA_1230452,Cadre,LA,92
KeyPers_LA_1230453,Ingénieur Data,LA,93
KeyPers_LA_1230454,Ingénieur Informaticien,LA,88
KeyPers_LA_1230455,Ingénieur Data,LA,59
KeyPers_LA_1230456,Ingénieur Informaticien,LA,85
KeyPers_LA_1230457,Ingénieur Informaticien,LA,84
KeyPers_LA_1230458,Ingénieur Data,LA,52
KeyPers_LA_1230459,Ingénieur Informaticien,LA,59
KeyPers_LA_1230460,Ingénieur Data,LA,29
KeyPers_LA_1230461,Ingénieur Informaticien,LA,56
KeyPers_LA_1230462,Ingénieur Informaticien,LA,54
KeyPers_LA_1230463,Ingénieur Informaticien,LA,60
KeyPers_LA_1230464,Cadre,LA,33
KeyPers_LA_1230465,Ingénieur Informaticien,LA,40
KeyPers_LA_1230466,Ingénieur Informaticien,LA,38
KeyPers_LA_1230467,Ingénieur Data,LA,85
KeyPers_LA_1230468,Ingénieur Informaticien,LA,88
KeyPers_LA_1230469,Ingénieur Data,LA,50
KeyPers_LA_1230470,Ingénieur Informaticien,LA,93
KeyPers_LA_1230471,Economiste,LA,35
KeyPers_LA_1230472,Ingénieur Informaticien,LA,77
KeyPers_LA_1230473,Cadre,LA,24
KeyPers_LA_1230474,Cadre,LA,59
KeyPers_LA_1230475,Ingénieur Informaticien,LA,57
KeyPers_LA_1230476,Ingénieur Informaticien,LA,39
KeyPers_LA_1230477,Ingénieur Data,LA,28
KeyPers_LA_1230478,Cadre,LA,40
KeyPers_LA_1230479,Ingénieur Data,LA,58
KeyPers_LA_1230480,Ingénieur Data,LA,67
KeyPers_LA_1230481,Cadre,LA,45
KeyPers_LA_1230482,Ingénieur Informaticien,LA,79
KeyPers_LA_1230483,Ingénieur Informaticien,LA,29
KeyPers_LA_1230484,Cadre,LA,69
KeyPers_LA_1230485,Ingénieur Data,LA,38
KeyPers_LA_1230486,Ingénieur Informaticien,LA,37
KeyPers_LA_1230487,Cadre,LA,35
KeyPers_LA_1230488,Ingénieur Informaticien,LA,85
KeyPers_LA_1230489,Economiste,LA,80
KeyPers_LA_1230490,Cadre,LA,29
KeyPers_LA_1230491,Ingénieur Informaticien,LA,31
KeyPers_LA_1230492,Cadre,LA,94
KeyPers_LA_1230493,Ingénieur Data,LA,27
KeyPers_LA_1230494,Ingénieur Informaticien,LA,34
KeyPers_LA_1230495,Cadre,LA,67
KeyPers_LA_1230496,Ingénieur Data,LA,30
KeyPers_LA_1230497,Ingénieur Informaticien,LA,95
KeyPers_LA_1230498,Ingénieur Informaticien,LA,94
KeyPers_LA_1230499,Economiste,LA,96
KeyPers_LA_1230500,Ingénieur Informaticien,LA,47
KeyPers_LA_1230501,Ingénieur Informaticien,LA,48
KeyPers_LA_1230502,Ingénieur Data,LA,60
KeyPers_LA_1230503,Ingénieur Informaticien,LA,31
KeyPers_LA_1230504,Ingénieur Informaticien,LA,74
KeyPers_LA_1230505,Economiste,LA,25
KeyPers_LA_1230506,Ingénieur Data,LA,31
KeyPers_LA_1230507,Ingénieur Data,LA,90
KeyPers_LA_1230508,Cadre,LA,31
KeyPers_LA_1230509,Cadre,LA,73
KeyPers_LA_1230510,Ingénieur Informaticien,LA,55
KeyPers_LA_1230511,Cadre,LA,72
KeyPers_LA_1230512,Cadre,LA,37
KeyPers_LA_1230513,Cadre,LA,80
KeyPers_LA_1230514,Ingénieur Data,LA,27
KeyPers_LA_1230515,Economiste,LA,54
KeyPers_LA_1230516,Ingénieur Data,LA,62
KeyPers_LA_1230517,Ingénieur Data,LA,38
KeyPers_LA_1230518,Ingénieur Informaticien,LA,84
KeyPers_LA_1230519,Ingénieur Data,LA,83
KeyPers_LA_1230520,Cadre,LA,93
KeyPers_LA_1230521,Ingénieur Informaticien,LA,68
KeyPers_LA_1230522,Ingénieur Informaticien,LA,72
KeyPers_LA_1230523,Ingénieur Data,LA,93
KeyPers_LA_1230524,Cadre,LA,44
KeyPers_LA_1230525,Ingénieur Data,LA,87
KeyPers_LA_1230526,Ingénieur Data,LA,46
KeyPers_LA_1230527,Ingénieur Informaticien,LA,76
KeyPers_LA_1230528,Economiste,LA,62
KeyPers_LA_1230529,Economiste,LA,64
KeyPers_LA_1230530,Ingénieur Informaticien,LA,31
KeyPers_LA_1230531,Ingénieur Informaticien,LA,32
KeyPers_LA_1230532,Ingénieur Data,LA,41
KeyPers_LA_1230533,Ingénieur Informaticien,LA,43
KeyPers_LA_1230534,Ingénieur Informaticien,LA,38
KeyPers_LA_1230535,Ingénieur Informaticien,LA,65
KeyPers_LA_1230536,Ingénieur Data,LA,79
KeyPers_LA_1230537,Ingénieur Informaticien,LA,90
KeyPers_LA_1230538,Ingénieur Data,LA,39
KeyPers_LA_1230539,Ingénieur Informaticien,LA,42
KeyPers_LA_1230540,Ingénieur Data,LA,68
KeyPers_LA_1230541,Ingénieur Data,LA,48
KeyPers_LA_1230542,Ingénieur Data,LA,44
KeyPers_LA_1230543,Cadre,LA,54
KeyPers_LA_1230544,Ingénieur Data,LA,68
KeyPers_LA_1230545,Cadre,LA,80
KeyPers_LA_1230546,Cadre,LA,39
KeyPers_LA_1230547,Ingénieur Informaticien,LA,73
KeyPers_LA_1230548,Economiste,LA,74
KeyPers_LA_1230549,Cadre,LA,56
KeyPers_LA_1230550,Ingénieur Informaticien,LA,54
KeyPers_LA_1230551,Ingénieur Informaticien,LA,85
KeyPers_LA_1230552,Ingénieur Data,LA,35
KeyPers_LA_1230553,Ingénieur Informaticien,LA,95
KeyPers_LA_1230554,Cadre,LA,35
KeyPers_LA_1230555,Ingénieur Data,LA,87
KeyPers_LA_1230556,Ingénieur Informaticien,LA,50
KeyPers_LA_1230557,Cadre,LA,71
KeyPers_LA_1230558,Ingénieur Data,LA,31
KeyPers_LA_1230559,Ingénieur Informaticien,LA,63
KeyPers_LA_1230560,Ingénieur Data,LA,86
KeyPers_LA_1230561,Ingénieur Informaticien,LA,29
KeyPers_LA_1230562,Cadre,LA,80
KeyPers_LA_1230563,Ingénieur Data,LA,51
KeyPers_LA_1230564,Cadre,LA,73
KeyPers_LA_1230565,DRH,LA,56
KeyPers_LA_1230566,Ingénieur Informaticien,LA,42
KeyPers_LA_1230567,Ingénieur Informaticien,LA,71
KeyPers_LA_1230568,Ingénieur Informaticien,LA,79
KeyPers_LA_1230569,Ingénieur Data,LA,51
KeyPers_LA_1230570,Ingénieur Informaticien,LA,36
KeyPers_LA_1230571,Ingénieur Informaticien,LA,39
KeyPers_LA_1230572,Cadre,LA,48
KeyPers_LA_1230573,Ingénieur Informaticien,LA,62
KeyPers_LA_1230574,Cadre,LA,36
KeyPers_LA_1230575,Ingénieur Informaticien,LA,66
KeyPers_LA_1230576,Ingénieur Data,LA,58
KeyPers_LA_1230577,Ingénieur Data,LA,35
KeyPers_LA_1230578,Ingénieur Data,LA,86
KeyPers_LA_1230579,Cadre,LA,46
KeyPers_LA_1230580,Cadre,LA,26
KeyPers_LA_1230581,Ingénieur Data,LA,32
KeyPers_LA_1230582,Ingénieur Informaticien,LA,67
KeyPers_LA_1230583,Ingénieur Informaticien,LA,34
KeyPers_LA_1230584,Ingénieur Informaticien,LA,32
KeyPers_LA_1230585,Ingénieur Informaticien,LA,74
KeyPers_LA_1230586,Ingénieur Informaticien,LA,85
KeyPers_LA_1230587,Ingénieur Data,LA,66
KeyPers_LA_1230588,Cadre,LA,59
KeyPers_LA_1230589,Ingénieur Data,LA,92
KeyPers_LA_1230590,Economiste,LA,37
KeyPers_LA_1230591,Ingénieur Data,LA,40
KeyPers_LA_1230592,Economiste,LA,77
KeyPers_LA_1230593,Cadre,LA,69
KeyPers_LA_1230594,Ingénieur Informaticien,LA,64
KeyPers_LA_1230595,Ingénieur Informaticien,LA,62
KeyPers_LA_1230596,Ingénieur Data,LA,72
KeyPers_LA_1230597,Ingénieur Informaticien,LA,28
KeyPers_LA_1230598,Cadre,LA,49
KeyPers_LA_1230599,Ingénieur Data,LA,72
KeyPers_LA_1230600,Ingénieur Data,LA,39
KeyPers_LA_1230601,Ingénieur Informaticien,LA,75
KeyPers_LA_1230602,Ingénieur Data,LA,69
KeyPers_LA_1230603,Ingénieur Data,LA,88
KeyPers_LA_1230604,Cadre,LA,56
KeyPers_LA_1230605,Cadre,LA,71
KeyPers_LA_1230606,Cadre,LA,59
KeyPers_LA_1230607,Ingénieur Informaticien,LA,54
KeyPers_LA_1230608,Cadre,LA,89
KeyPers_LA_1230609,Ingénieur Data,LA,46
KeyPers_LA_1230610,Ingénieur Data,LA,62
KeyPers_LA_1230611,Ingénieur Data,LA,88
KeyPers_LA_1230612,Ingénieur Informaticien,LA,31
KeyPers_LA_1230613,Ingénieur Informaticien,LA,88
KeyPers_LA_1230614,Ingénieur Data,LA,25
KeyPers_LA_1230615,Ingénieur Informaticien,LA,87
KeyPers_LA_1230616,Ingénieur Data,LA,79
KeyPers_LA_1230617,Ingénieur Data,LA,46
KeyPers_LA_1230618,Economiste,LA,69
KeyPers_LA_1230619,Cadre,LA,54
KeyPers_LA_1230620,Ingénieur Informaticien,LA,83
KeyPers_LA_1230621,Ingénieur Data,LA,74
KeyPers_LA_1230622,Ingénieur Informaticien,LA,48
KeyPers_LA_1230623,Ingénieur Data,LA,72
KeyPers_LA_1230624,Cadre,LA,86
KeyPers_LA_1230625,Cadre,LA,81
KeyPers_LA_1230626,Ingénieur Data,LA,38
KeyPers_LA_1230627,Ingénieur Informaticien,LA,53
KeyPers_LA_1230628,Ingénieur Data,LA,76
KeyPers_LA_1230629,Ingénieur Data,LA,83
KeyPers_LA_1230630,Ingénieur Informaticien,LA,34
KeyPers_LA_1230631,Ingénieur Informaticien,LA,36
KeyPers_LA_1230632,Cadre,LA,79
KeyPers_LA_1230633,Ingénieur Informaticien,LA,84
KeyPers_LA_1230634,Ingénieur Informaticien,LA,91
KeyPers_LA_1230635,Economiste,LA,38
KeyPers_LA_1230636,Ingénieur Informaticien,LA,70
KeyPers_LA_1230637,Ingénieur Data,LA,47
KeyPers_LA_1230638,Ingénieur Informaticien,LA,85
KeyPers_LA_1230639,Ingénieur Data,LA,47
KeyPers_LA_1230640,Ingénieur Informaticien,LA,86
KeyPers_LA_1230641,Ingénieur Informaticien,LA,80
KeyPers_LA_1230642,Ingénieur Informaticien,LA,50
KeyPers_LA_1230643,Ingénieur Data,LA,55
KeyPers_LA_1230644,Ingénieur Data,LA,69
KeyPers_LA_1230645,Ingénieur Informaticien,LA,33
KeyPers_LA_1230646,Economiste,LA,49
KeyPers_LA_1230647,Cadre,LA,42
KeyPers_LA_1230648,Ingénieur Data,LA,78
KeyPers_LA_1230649,Ingénieur Informaticien,LA,49
KeyPers_LA_1230650,Ingénieur Informaticien,LA,48
KeyPers_LA_1230651,Cadre,LA,78
KeyPers_LA_1230652,Ingénieur Data,LA,86
KeyPers_LA_1230653,Ingénieur Data,LA,76
KeyPers_LA_1230654,Ingénieur Informaticien,LA,61
KeyPers_LA_1230655,Ingénieur Data,LA,44
KeyPers_LA_1230656,Cadre,LA,28
KeyPers_LA_1230657,Ingénieur Data,LA,60
KeyPers_LA_1230658,Ingénieur Data,LA,31
KeyPers_LA_1230659,Cadre,LA,27
KeyPers_LA_1230660,Ingénieur Data,LA,54
KeyPers_LA_1230661,Ingénieur Informaticien,LA,42
KeyPers_LA_1230662,Cadre,LA,78
KeyPers_LA_1230663,Ingénieur Data,LA,33
KeyPers_LA_1230664,Ingénieur Data,LA,84
KeyPers_LA_1230665,Ingénieur Informaticien,LA,91
KeyPers_LA_1230666,Ingénieur Informaticien,LA,85
KeyPers_LA_1230667,Ingénieur Informaticien,LA,88
KeyPers_LA_1230668,Economiste,LA,63
KeyPers_LA_1230669,Cadre,LA,95
KeyPers_LA_1230670,Ingénieur Data,LA,41
KeyPers_LA_1230671,Ingénieur Informaticien,LA,86
KeyPers_LA_1230672,Cadre,LA,34
KeyPers_LA_1230673,Ingénieur Informaticien,LA,79
KeyPers_LA_1230674,Ingénieur Data,LA,35
KeyPers_LA_1230675,Cadre,LA,63
KeyPers_LA_1230676,Ingénieur Informaticien,LA,94
KeyPers_LA_1230677,Ingénieur Data,LA,59
KeyPers_LA_1230678,Ingénieur Data,LA,49
KeyPers_LA_1230679,Ingénieur Data,LA,74
KeyPers_LA_1230680,Ingénieur Data,LA,67
KeyPers_LA_1230681,Ingénieur Informaticien,LA,43
KeyPers_LA_1230682,Ingénieur Data,LA,34
KeyPers_LA_1230683,Ingénieur Data,LA,27
KeyPers_LA_1230684,Ingénieur Informaticien,LA,58
KeyPers_LA_1230685,Ingénieur Data,LA,59
KeyPers_LA_1230686,Ingénieur Informaticien,LA,30
KeyPers_LA_1230687,Ingénieur Informaticien,LA,59
KeyPers_LA_1230688,Cadre,LA,51
KeyPers_LA_1230689,Ingénieur Data,LA,71
KeyPers_LA_1230690,Ingénieur Data,LA,53
KeyPers_LA_1230691,Ingénieur Data,LA,59
KeyPers_LA_1230692,Ingénieur Informaticien,LA,87
KeyPers_LA_1230693,Ingénieur Data,LA,61
KeyPers_LA_1230694,Ingénieur Data,LA,88
KeyPers_LA_1230695,Economiste,LA,38
KeyPers_LA_1230696,Ingénieur Data,LA,47
KeyPers_LA_1230697,Ingénieur Informaticien,LA,81
KeyPers_LA_1230698,Ingénieur Data,LA,93
KeyPers_LA_1230699,Ingénieur Informaticien,LA,83
KeyPers_LA_1230700,Ingénieur Data,LA,27
KeyPers_LA_1230701,Ingénieur Informaticien,LA,46
KeyPers_LA_1230702,Ingénieur Data,LA,73
KeyPers_LA_1230703,Ingénieur Informaticien,LA,81
KeyPers_LA_1230704,Ingénieur Data,LA,53
KeyPers_LA_1230705,Ingénieur Informaticien,LA,90
KeyPers_LA_1230706,Ingénieur Data,LA,90
KeyPers_LA_1230707,Ingénieur Data,LA,26
KeyPers_LA_1230708,Ingénieur Data,LA,62
KeyPers_LA_1230709,Economiste,LA,93
KeyPers_LA_1230710,Economiste,LA,86
KeyPers_LA_1230711,Ingénieur Data,LA,26
KeyPers_LA_1230712,Ingénieur Data,LA,47
KeyPers_LA_1230713,Ingénieur Data,LA,71
KeyPers_LA_1230714,Ingénieur Data,LA,82
KeyPers_LA_1230715,Ingénieur Data,LA,77
KeyPers_LA_1230716,Ingénieur Data,LA,64
KeyPers_LA_1230717,Economiste,LA,73
KeyPers_LA_1230718,Ingénieur Data,LA,70
KeyPers_LA_1230719,Ingénieur Data,LA,52
KeyPers_LA_1230720,Cadre,LA,64
KeyPers_LA_1230721,Ingénieur Data,LA,59
KeyPers_LA_1230722,Ingénieur Data,LA,47
KeyPers_LA_1230723,Ingénieur Informaticien,LA,40
KeyPers_LA_1230724,Cadre,LA,47
KeyPers_LA_1230725,Ingénieur Data,LA,69
KeyPers_LA_1230726,Economiste,LA,86
KeyPers_LA_1230727,Ingénieur Data,LA,74
KeyPers_LA_1230728,Cadre,LA,80
KeyPers_LA_1230729,Ingénieur Data,LA,92
KeyPers_LA_1230730,Ingénieur Data,LA,94
KeyPers_LA_1230731,Ingénieur Informaticien,LA,84
KeyPers_LA_1230732,Ingénieur Informaticien,LA,93
KeyPers_LA_1230733,Ingénieur Data,LA,87
KeyPers_LA_1230734,Ingénieur Data,LA,82
KeyPers_LA_1230735,Ingénieur Data,LA,39
KeyPers_LA_1230736,Cadre,LA,31
KeyPers_LA_1230737,Ingénieur Informaticien,LA,51
KeyPers_LA_1230738,Ingénieur Informaticien,LA,36
KeyPers_LA_1230739,Cadre,LA,77
KeyPers_LA_1230740,Ingénieur Data,LA,86
KeyPers_LA_1230741,Cadre,LA,74
KeyPers_LA_1230742,Ingénieur Informaticien,LA,55
KeyPers_LA_1230743,Ingénieur Informaticien,LA,47
KeyPers_LA_1230744,Ingénieur Informaticien,LA,50
KeyPers_LA_1230745,Ingénieur Data,LA,39
KeyPers_LA_1230746,Ingénieur Data,LA,59
KeyPers_LA_1230747,Cadre,LA,41
KeyPers_LA_1230748,Ingénieur Data,LA,77
KeyPers_LA_1230749,Cadre,LA,58
KeyPers_LA_1230750,Ingénieur Informaticien,LA,60
KeyPers_LA_1230751,Ingénieur Informaticien,LA,48
KeyPers_LA_1230752,Ingénieur Data,LA,95
KeyPers_LA_1230753,Ingénieur Informaticien,LA,94
KeyPers_LA_1230754,Ingénieur Data,LA,68
KeyPers_LA_1230755,Ingénieur Informaticien,LA,67
KeyPers_LA_1230756,Cadre,LA,53
KeyPers_LA_1230757,Ingénieur Data,LA,28
KeyPers_LA_1230758,Ingénieur Informaticien,LA,64
KeyPers_LA_1230759,Ingénieur Data,LA,50
KeyPers_LA_1230760,Ingénieur Informaticien,LA,65
KeyPers_LA_1230761,Cadre,LA,87
KeyPers_LA_1230762,Cadre,LA,36
KeyPers_LA_1230763,Cadre,LA,36
KeyPers_LA_1230764,Economiste,LA,93
KeyPers_LA_1230765,Ingénieur Informaticien,LA,64
KeyPers_LA_1230766,Ingénieur Data,LA,94
KeyPers_LA_1230767,Ingénieur Data,LA,69
KeyPers_LA_1230768,Ingénieur Data,LA,60
KeyPers_LA_1230769,Ingénieur Data,LA,64
KeyPers_LA_1230770,Ingénieur Data,LA,36
KeyPers_LA_1230771,Ingénieur Informaticien,LA,80
KeyPers_LA_1230772,Cadre,LA,74
KeyPers_LA_1230773,Ingénieur Informaticien,LA,83
KeyPers_LA_1230774,Economiste,LA,65
KeyPers_LA_1230775,Ingénieur Data,LA,59
KeyPers_LA_1230776,Ingénieur Data,LA,95
KeyPers_LA_1230777,Ingénieur Informaticien,LA,86
KeyPers_LA_1230778,Ingénieur Data,LA,25
KeyPers_LA_1230779,Ingénieur Informaticien,LA,76
KeyPers_LA_1230780,Ingénieur Informaticien,LA,75
KeyPers_LA_1230781,Economiste,LA,56
KeyPers_LA_1230782,Cadre,LA,73
KeyPers_LA_1230783,Ingénieur Data,LA,77
KeyPers_LA_1230784,Ingénieur Informaticien,LA,52
KeyPers_LA_1230785,Ingénieur Informaticien,LA,44
KeyPers_LA_1230786,Cadre,LA,60
KeyPers_LA_1230787,Ingénieur Informaticien,LA,67
KeyPers_LA_1230788,Ingénieur Informaticien,LA,70
KeyPers_LA_1230789,Ingénieur Data,LA,74
KeyPers_LA_1230790,Ingénieur Informaticien,LA,65
KeyPers_LA_1230791,Cadre,LA,33
KeyPers_LA_1230792,DRH,LA,39
KeyPers_LA_1230793,Ingénieur Data,LA,52
KeyPers_LA_1230794,Cadre,LA,79
KeyPers_LA_1230795,Ingénieur Informaticien,LA,62
KeyPers_LA_1230796,Ingénieur Informaticien,LA,54
KeyPers_LA_1230797,Economiste,LA,81
KeyPers_LA_1230798,Economiste,LA,54
KeyPers_LA_1230799,Ingénieur Data,LA,27
KeyPers_LA_1230800,Ingénieur Data,LA,70
KeyPers_LA_1230801,Cadre,LA,56
KeyPers_LA_1230802,Ingénieur Informaticien,LA,75
KeyPers_LA_1230803,Ingénieur Informaticien,LA,90
KeyPers_LA_1230804,Ingénieur Informaticien,LA,50
KeyPers_LA_1230805,Cadre,LA,25
KeyPers_LA_1230806,DRH,LA,63
KeyPers_LA_1230807,Ingénieur Data,LA,36
KeyPers_LA_1230808,Ingénieur Data,LA,58
KeyPers_LA_1230809,Ingénieur Data,LA,59
KeyPers_LA_1230810,Ingénieur Data,LA,61
KeyPers_LA_1230811,Ingénieur Data,LA,27
KeyPers_LA_1230812,Ingénieur Data,LA,40
KeyPers_LA_1230813,Ingénieur Informaticien,LA,91
KeyPers_LA_1230814,Economiste,LA,27
KeyPers_LA_1230815,Cadre,LA,77
KeyPers_LA_1230816,Cadre,LA,58
KeyPers_LA_1230817,Ingénieur Informaticien,LA,62
KeyPers_LA_1230818,Ingénieur Informaticien,LA,30
KeyPers_LA_1230819,Cadre,LA,32
KeyPers_LA_1230820,DRH,LA,56
KeyPers_LA_1230821,Ingénieur Informaticien,LA,92
KeyPers_LA_1230822,Ingénieur Informaticien,LA,37
KeyPers_LA_1230823,Ingénieur Data,LA,76
KeyPers_LA_1230824,Cadre,LA,28
KeyPers_LA_1230825,Economiste,LA,61
KeyPers_LA_1230826,Ingénieur Informaticien,LA,91
KeyPers_LA_1230827,Ingénieur Informaticien,LA,88
KeyPers_LA_1230828,Ingénieur Informaticien,LA,81
KeyPers_LA_1230829,Ingénieur Data,LA,58
KeyPers_LA_1230830,Ingénieur Informaticien,LA,46
KeyPers_LA_1230831,Ingénieur Informaticien,LA,69
KeyPers_LA_1230832,Ingénieur Informaticien,LA,27
KeyPers_LA_1230833,Economiste,LA,71
KeyPers_LA_1230834,Ingénieur Informaticien,LA,43
KeyPers_LA_1230835,Ingénieur Data,LA,82
KeyPers_LA_1230836,Ingénieur Data,LA,46
KeyPers_LA_1230837,Ingénieur Informaticien,LA,89
KeyPers_LA_1230838,Ingénieur Data,LA,66
KeyPers_LA_1230839,Cadre,LA,94
KeyPers_LA_1230840,Ingénieur Data,LA,84
KeyPers_LA_1230841,Ingénieur Informaticien,LA,85
KeyPers_LA_1230842,Ingénieur Data,LA,70
KeyPers_LA_1230843,Ingénieur Data,LA,39
KeyPers_LA_1230844,Ingénieur Informaticien,LA,39
KeyPers_LA_1230845,Ingénieur Informaticien,LA,64
KeyPers_LA_1230846,Ingénieur Data,LA,58
KeyPers_LA_1230847,Ingénieur Data,LA,60
KeyPers_LA_1230848,Ingénieur Informaticien,LA,32
KeyPers_LA_1230849,Ingénieur Data,LA,66
KeyPers_LA_1230850,Ingénieur Data,LA,34
KeyPers_LA_1230851,Ingénieur Informaticien,LA,59
KeyPers_LA_1230852,Ingénieur Informaticien,LA,84
KeyPers_LA_1230853,Ingénieur Data,LA,28
KeyPers_LA_1230854,Ingénieur Data,LA,33
KeyPers_LA_1230855,Cadre,LA,43
KeyPers_LA_1230856,Cadre,LA,43
KeyPers_LA_1230857,Ingénieur Informaticien,LA,80
KeyPers_LA_1230858,Cadre,LA,95
KeyPers_LA_1230859,Ingénieur Data,LA,59
KeyPers_LA_1230860,Cadre,LA,24
KeyPers_LA_1230861,Ingénieur Data,LA,72
KeyPers_LA_1230862,Ingénieur Informaticien,LA,90
KeyPers_LA_1230863,Ingénieur Data,LA,68
KeyPers_LA_1230864,Ingénieur Data,LA,26
KeyPers_LA_1230865,Ingénieur Data,LA,71
KeyPers_LA_1230866,Ingénieur Informaticien,LA,57
KeyPers_LA_1230867,Ingénieur Informaticien,LA,33
KeyPers_LA_1230868,Ingénieur Informaticien,LA,84
KeyPers_LA_1230869,Ingénieur Informaticien,LA,71
KeyPers_LA_1230870,Ingénieur Informaticien,LA,75
KeyPers_LA_1230871,Ingénieur Informaticien,LA,72
KeyPers_LA_1230872,Cadre,LA,75
KeyPers_LA_1230873,Ingénieur Informaticien,LA,48
KeyPers_LA_1230874,Ingénieur Informaticien,LA,37
KeyPers_LA_1230875,Cadre,LA,54
KeyPers_LA_1230876,Ingénieur Data,LA,81
KeyPers_LA_1230877,Ingénieur Data,LA,28
KeyPers_LA_1230878,Ingénieur Informaticien,LA,56
KeyPers_LA_1230879,Ingénieur Data,LA,67
KeyPers_LA_1230880,Cadre,LA,82
KeyPers_LA_1230881,Ingénieur Data,LA,75
KeyPers_LA_1230882,Ingénieur Data,LA,93
KeyPers_LA_1230883,Ingénieur Informaticien,LA,49
KeyPers_LA_1230884,Ingénieur Data,LA,86
KeyPers_LA_1230885,Ingénieur Informaticien,LA,24
KeyPers_LA_1230886,Ingénieur Informaticien,LA,96
KeyPers_LA_1230887,Cadre,LA,61
KeyPers_LA_1230888,Ingénieur Informaticien,LA,50
KeyPers_LA_1230889,Ingénieur Informaticien,LA,68
KeyPers_LA_1230890,Cadre,LA,62
KeyPers_LA_1230891,Ingénieur Informaticien,LA,40
KeyPers_LA_1230892,Ingénieur Data,LA,88
KeyPers_LA_1230893,Ingénieur Informaticien,LA,55
KeyPers_LA_1230894,Ingénieur Informaticien,LA,52
KeyPers_LA_1230895,Economiste,LA,52
KeyPers_LA_1230896,Ingénieur Informaticien,LA,60
KeyPers_LA_1230897,Ingénieur Informaticien,LA,81
KeyPers_LA_1230898,Ingénieur Data,LA,44
KeyPers_LA_1230899,Ingénieur Informaticien,LA,32
KeyPers_LA_1230900,Ingénieur Data,LA,68
KeyPers_LA_1230901,Ingénieur Informaticien,LA,81
KeyPers_LA_1230902,Ingénieur Data,LA,47
KeyPers_LA_1230903,Ingénieur Data,LA,70
KeyPers_LA_1230904,Ingénieur Data,LA,82
KeyPers_LA_1230905,Ingénieur Informaticien,LA,27
KeyPers_LA_1230906,Cadre,LA,47
KeyPers_LA_1230907,Cadre,LA,83
KeyPers_LA_1230908,Ingénieur Informaticien,LA,41
KeyPers_LA_1230909,Ingénieur Data,LA,81
KeyPers_LA_1230910,Ingénieur Informaticien,LA,65
KeyPers_LA_1230911,Ingénieur Data,LA,94
KeyPers_LA_1230912,Ingénieur Informaticien,LA,30
KeyPers_LA_1230913,Ingénieur Informaticien,LA,25
KeyPers_LA_1230914,Ingénieur Data,LA,68
KeyPers_LA_1230915,Cadre,LA,95
KeyPers_LA_1230916,Cadre,LA,35
KeyPers_LA_1230917,Ingénieur Data,LA,53
KeyPers_LA_1230918,Economiste,LA,87
KeyPers_LA_1230919,Ingénieur Informaticien,LA,58
KeyPers_LA_1230920,Ingénieur Data,LA,47
KeyPers_LA_1230921,Ingénieur Informaticien,LA,55
KeyPers_LA_1230922,Ingénieur Informaticien,LA,45
KeyPers_LA_1230923,Ingénieur Data,LA,46
KeyPers_LA_1230924,DRH,LA,26
KeyPers_LA_1230925,Ingénieur Informaticien,LA,56
KeyPers_LA_1230926,Cadre,LA,84
KeyPers_LA_1230927,Economiste,LA,95
KeyPers_LA_1230928,Ingénieur Data,LA,47
KeyPers_LA_1230929,Cadre,LA,40
KeyPers_LA_1230930,Ingénieur Informaticien,LA,68
KeyPers_LA_1230931,Cadre,LA,48
KeyPers_LA_1230932,Ingénieur Informaticien,LA,30
KeyPers_LA_1230933,Ingénieur Data,LA,33
KeyPers_LA_1230934,Cadre,LA,56
KeyPers_LA_1230935,Ingénieur Informaticien,LA,33
KeyPers_LA_1230936,Ingénieur Informaticien,LA,86
KeyPers_LA_1230937,Ingénieur Data,LA,63
KeyPers_LA_1230938,Ingénieur Informaticien,LA,34
KeyPers_LA_1230939,Ingénieur Data,LA,53
KeyPers_LA_1230940,DRH,LA,77
KeyPers_LA_1230941,Ingénieur Data,LA,69
KeyPers_LA_1230942,Ingénieur Data,LA,39
KeyPers_LA_1230943,DRH,LA,36
KeyPers_LA_1230944,Ingénieur Data,LA,32
KeyPers_LA_1230945,Ingénieur Informaticien,LA,54
KeyPers_LA_1230946,Ingénieur Informaticien,LA,68
KeyPers_LA_1230947,Ingénieur Data,LA,87
KeyPers_LA_1230948,Ingénieur Data,LA,41
KeyPers_LA_1230949,Cadre,LA,62
KeyPers_LA_1230950,Ingénieur Informaticien,LA,89
KeyPers_LA_1230951,Economiste,LA,32
KeyPers_LA_1230952,Ingénieur Data,LA,36
KeyPers_LA_1230953,Economiste,LA,45
KeyPers_LA_1230954,Ingénieur Informaticien,LA,85
KeyPers_LA_1230955,Cadre,LA,87
KeyPers_LA_1230956,Ingénieur Informaticien,LA,28
KeyPers_LA_1230957,Ingénieur Data,LA,26
KeyPers_LA_1230958,Ingénieur Informaticien,LA,53
KeyPers_LA_1230959,Ingénieur Informaticien,LA,48
KeyPers_LA_1230960,Economiste,LA,63
KeyPers_LA_1230961,Ingénieur Informaticien,LA,47
KeyPers_LA_1230962,Ingénieur Data,LA,45
KeyPers_LA_1230963,Ingénieur Informaticien,LA,76
KeyPers_LA_1230964,Cadre,LA,88
KeyPers_LA_1230965,Ingénieur Data,LA,36
KeyPers_LA_1230966,Ingénieur Informaticien,LA,82
KeyPers_LA_1230967,Ingénieur Informaticien,LA,68
KeyPers_LA_1230968,Ingénieur Informaticien,LA,84
KeyPers_LA_1230969,Ingénieur Informaticien,LA,38
KeyPers_LA_1230970,Ingénieur Informaticien,LA,91
KeyPers_LA_1230971,Ingénieur Data,LA,49
KeyPers_LA_1230972,Ingénieur Informaticien,LA,29
KeyPers_LA_1230973,Ingénieur Data,LA,50
KeyPers_LA_1230974,Ingénieur Data,LA,41
KeyPers_LA_1230975,Ingénieur Data,LA,56
KeyPers_LA_1230976,Ingénieur Data,LA,58
KeyPers_LA_1230977,Ingénieur Data,LA,67
KeyPers_LA_1230978,Economiste,LA,51
KeyPers_LA_1230979,Cadre,LA,73
KeyPers_LA_1230980,Economiste,LA,75
KeyPers_LA_1230981,Ingénieur Data,LA,38
KeyPers_LA_1230982,Cadre,LA,44
KeyPers_LA_1230983,Cadre,LA,80
KeyPers_LA_1230984,Ingénieur Informaticien,LA,32
KeyPers_LA_1230985,Economiste,LA,44
KeyPers_LA_1230986,Ingénieur Data,LA,26
KeyPers_LA_1230987,Ingénieur Informaticien,LA,81
KeyPers_LA_1230988,Economiste,LA,56
KeyPers_LA_1230989,Economiste,LA,90
KeyPers_LA_1230990,Cadre,LA,25
KeyPers_LA_1230991,Ingénieur Data,LA,47
KeyPers_LA_1230992,Ingénieur Informaticien,LA,33
KeyPers_LA_1230993,Cadre,LA,29
KeyPers_LA_1230994,Ingénieur Informaticien,LA,51
KeyPers_LA_1230995,Ingénieur Data,LA,55
KeyPers_LA_1230996,Ingénieur Informaticien,LA,53
KeyPers_LA_1230997,Ingénieur Informaticien,LA,36
KeyPers_LA_1230998,Ingénieur Informaticien,LA,62
KeyPers_LA_1230999,Ingénieur Informaticien,LA,29
KeyPers_LA_1231000,Ingénieur Informaticien,LA,70
KeyPers_LA_1231001,DRH,LA,95
KeyPers_LA_1231002,Ingénieur Informaticien,LA,32
KeyPers_LA_1231003,Cadre,LA,40
KeyPers_LA_1231004,Economiste,LA,95
KeyPers_LA_1231005,Ingénieur Data,LA,94
KeyPers_LA_1231006,Ingénieur Informaticien,LA,25
KeyPers_LA_1231007,Cadre,LA,41
KeyPers_LA_1231008,Ingénieur Data,LA,63
KeyPers_LA_1231009,Ingénieur Informaticien,LA,87
KeyPers_LA_1231010,Ingénieur Informaticien,LA,75
KeyPers_LA_1231011,Ingénieur Data,LA,71
KeyPers_LA_1231012,Cadre,LA,65
KeyPers_LA_1231013,Ingénieur Informaticien,LA,75
KeyPers_LA_1231014,Cadre,LA,45
KeyPers_LA_1231015,Ingénieur Informaticien,LA,37
KeyPers_LA_1231016,Economiste,LA,47
KeyPers_LA_1231017,Ingénieur Informaticien,LA,54
KeyPers_LA_1231018,Ingénieur Data,LA,28
KeyPers_LA_1231019,Ingénieur Informaticien,LA,29
KeyPers_LA_1231020,Ingénieur Data,LA,46
KeyPers_LA_1231021,Cadre,LA,33
KeyPers_LA_1231022,Economiste,LA,82
KeyPers_LA_1231023,Ingénieur Informaticien,LA,76
KeyPers_LA_1231024,Ingénieur Informaticien,LA,65
KeyPers_LA_1231025,Cadre,LA,47
KeyPers_LA_1231026,Ingénieur Data,LA,80
KeyPers_LA_1231027,Ingénieur Informaticien,LA,34
KeyPers_LA_1231028,Cadre,LA,25
KeyPers_LA_1231029,Ingénieur Informaticien,LA,67
KeyPers_LA_1231030,Ingénieur Data,LA,27
KeyPers_LA_1231031,Ingénieur Data,LA,71
KeyPers_LA_1231032,Ingénieur Data,LA,76
KeyPers_LA_1231033,Ingénieur Data,LA,58
KeyPers_LA_1231034,Cadre,LA,56
KeyPers_LA_1231035,Ingénieur Data,LA,59
KeyPers_LA_1231036,Ingénieur Informaticien,LA,48
KeyPers_LA_1231037,Cadre,LA,77
KeyPers_LA_1231038,DRH,LA,95
KeyPers_LA_1231039,Ingénieur Data,LA,79
KeyPers_LA_1231040,Ingénieur Informaticien,LA,49
KeyPers_LA_1231041,Economiste,LA,70
KeyPers_LA_1231042,Cadre,LA,79
KeyPers_LA_1231043,Ingénieur Data,LA,27
KeyPers_LA_1231044,Cadre,LA,80
KeyPers_LA_1231045,Cadre,LA,26
KeyPers_LA_1231046,Ingénieur Data,LA,30
KeyPers_LA_1231047,Cadre,LA,67
KeyPers_LA_1231048,Ingénieur Informaticien,LA,58
KeyPers_LA_1231049,Ingénieur Informaticien,LA,83
KeyPers_LA_1231050,Cadre,LA,67
KeyPers_LA_1231051,Ingénieur Data,LA,67
KeyPers_LA_1231052,Cadre,LA,76
KeyPers_LA_1231053,Ingénieur Informaticien,LA,42
KeyPers_LA_1231054,Cadre,LA,69
KeyPers_LA_1231055,Ingénieur Informaticien,LA,45
KeyPers_LA_1231056,Ingénieur Data,LA,31
KeyPers_LA_1231057,Ingénieur Data,LA,37
KeyPers_LA_1231058,Cadre,LA,81
KeyPers_LA_1231059,Ingénieur Informaticien,LA,91
KeyPers_LA_1231060,Cadre,LA,85
KeyPers_LA_1231061,Cadre,LA,40
KeyPers_LA_1231062,Economiste,LA,45
KeyPers_LA_1231063,Ingénieur Data,LA,74
KeyPers_LA_1231064,Cadre,LA,68
KeyPers_LA_1231065,Ingénieur Data,LA,34
KeyPers_LA_1231066,Ingénieur Informaticien,LA,40
KeyPers_LA_1231067,Cadre,LA,44
KeyPers_LA_1231068,Cadre,LA,37
KeyPers_LA_1231069,Cadre,LA,74
KeyPers_LA_1231070,Ingénieur Informaticien,LA,75
KeyPers_LA_1231071,Ingénieur Data,LA,39
KeyPers_LA_1231072,Ingénieur Data,LA,90
KeyPers_LA_1231073,Ingénieur Data,LA,67
KeyPers_LA_1231074,Ingénieur Informaticien,LA,49
KeyPers_LA_1231075,Economiste,LA,50
KeyPers_LA_1231076,Ingénieur Data,LA,79
KeyPers_LA_1231077,Economiste,LA,92
KeyPers_LA_1231078,Ingénieur Informaticien,LA,50
KeyPers_LA_1231079,Ingénieur Data,LA,37
KeyPers_LA_1231080,Ingénieur Data,LA,65
KeyPers_LA_1231081,Ingénieur Informaticien,LA,83
KeyPers_LA_1231082,Ingénieur Data,LA,42
KeyPers_LA_1231083,Ingénieur Data,LA,57
KeyPers_LA_1231084,Cadre,LA,38
KeyPers_LA_1231085,Economiste,LA,75
KeyPers_LA_1231086,Ingénieur Data,LA,88
KeyPers_LA_1231087,Ingénieur Data,LA,28
KeyPers_LA_1231088,Ingénieur Data,LA,79
KeyPers_LA_1231089,Ingénieur Informaticien,LA,31
KeyPers_LA_1231090,Ingénieur Informaticien,LA,80
KeyPers_LA_1231091,Ingénieur Informaticien,LA,25
KeyPers_LA_1231092,Ingénieur Data,LA,41
KeyPers_LA_1231093,Economiste,LA,60
KeyPers_LA_1231094,Cadre,LA,42
KeyPers_LA_1231095,Ingénieur Data,LA,27
KeyPers_LA_1231096,Ingénieur Informaticien,LA,83
KeyPers_LA_1231097,Cadre,LA,26
KeyPers_LA_1231098,Ingénieur Informaticien,LA,60
KeyPers_LA_1231099,Ingénieur Data,LA,74
KeyPers_LA_1231100,Ingénieur Informaticien,LA,47
KeyPers_LA_1231101,Economiste,LA,37
KeyPers_LA_1231102,Cadre,LA,30
KeyPers_LA_1231103,Ingénieur Data,LA,41
KeyPers_LA_1231104,Ingénieur Data,LA,70
KeyPers_LA_1231105,Ingénieur Informaticien,LA,74
KeyPers_LA_1231106,Ingénieur Data,LA,94
KeyPers_LA_1231107,Ingénieur Data,LA,92
KeyPers_LA_1231108,Ingénieur Data,LA,88
KeyPers_LA_1231109,Cadre,LA,27
KeyPers_LA_1231110,Economiste,LA,59
KeyPers_LA_1231111,Ingénieur Informaticien,LA,53
KeyPers_LA_1231112,Ingénieur Data,LA,39
KeyPers_LA_1231113,Ingénieur Informaticien,LA,67
KeyPers_LA_1231114,Ingénieur Data,LA,80
KeyPers_LA_1231115,Cadre,LA,74
KeyPers_LA_1231116,Ingénieur Data,LA,66
KeyPers_LA_1231117,Ingénieur Informaticien,LA,44
KeyPers_LA_1231118,Ingénieur Informaticien,LA,30
KeyPers_LA_1231119,Ingénieur Informaticien,LA,37
KeyPers_LA_1231120,Cadre,LA,85
KeyPers_LA_1231121,Ingénieur Informaticien,LA,81
KeyPers_LA_1231122,Ingénieur Informaticien,LA,40
KeyPers_LA_1231123,Ingénieur Informaticien,LA,67
KeyPers_LA_1231124,Ingénieur Data,LA,64
KeyPers_LA_1231125,Cadre,LA,69
KeyPers_LA_1231126,Ingénieur Data,LA,45
KeyPers_LA_1231127,Ingénieur Informaticien,LA,85
KeyPers_LA_1231128,DRH,LA,45
KeyPers_LA_1231129,Cadre,LA,61
KeyPers_LA_1231130,Ingénieur Data,LA,88
KeyPers_LA_1231131,Ingénieur Data,LA,83
KeyPers_LA_1231132,Ingénieur Data,LA,34
KeyPers_LA_1231133,Ingénieur Informaticien,LA,27
KeyPers_LA_1231134,Ingénieur Data,LA,77
KeyPers_LA_1231135,Ingénieur Informaticien,LA,69
KeyPers_LA_1231136,DRH,LA,48
KeyPers_LA_1231137,Ingénieur Data,LA,64
KeyPers_LA_1231138,Ingénieur Data,LA,81
KeyPers_LA_1231139,Ingénieur Informaticien,LA,35
KeyPers_LA_1231140,Ingénieur Data,LA,45
KeyPers_LA_1231141,Ingénieur Data,LA,40
KeyPers_LA_1231142,Ingénieur Data,LA,65
KeyPers_LA_1231143,Ingénieur Informaticien,LA,86
KeyPers_LA_1231144,Cadre,LA,42
KeyPers_LA_1231145,Ingénieur Informaticien,LA,93
KeyPers_LA_1231146,Cadre,LA,44
KeyPers_LA_1231147,Ingénieur Data,LA,58
KeyPers_LA_1231148,Cadre,LA,48
KeyPers_LA_1231149,Cadre,LA,60
KeyPers_LA_1231150,Ingénieur Data,LA,32
KeyPers_LA_1231151,Ingénieur Informaticien,LA,34
KeyPers_LA_1231152,Ingénieur Informaticien,LA,90
KeyPers_LA_1231153,Economiste,LA,52
KeyPers_LA_1231154,Ingénieur Data,LA,73
KeyPers_LA_1231155,Economiste,LA,37
KeyPers_LA_1231156,Ingénieur Informaticien,LA,74
KeyPers_LA_1231157,Ingénieur Data,LA,40
KeyPers_LA_1231158,Ingénieur Informaticien,LA,40
KeyPers_LA_1231159,Ingénieur Informaticien,LA,59
KeyPers_LA_1231160,Ingénieur Informaticien,LA,24
KeyPers_LA_1231161,Ingénieur Informaticien,LA,83
KeyPers_LA_1231162,Economiste,LA,68
KeyPers_LA_1231163,Ingénieur Informaticien,LA,30
KeyPers_LA_1231164,Ingénieur Data,LA,57
KeyPers_LA_1231165,Ingénieur Data,LA,24
KeyPers_LA_1231166,Ingénieur Informaticien,LA,64
KeyPers_LA_1231167,Ingénieur Informaticien,LA,92
KeyPers_LA_1231168,Ingénieur Data,LA,46
KeyPers_LA_1231169,Ingénieur Informaticien,LA,34
KeyPers_LA_1231170,Ingénieur Data,LA,83
KeyPers_LA_1231171,Ingénieur Informaticien,LA,90
KeyPers_LA_1231172,Cadre,LA,74
KeyPers_LA_1231173,Ingénieur Informaticien,LA,66
KeyPers_LA_1231174,Ingénieur Informaticien,LA,77
KeyPers_LA_1231175,Economiste,LA,81
KeyPers_LA_1231176,Ingénieur Data,LA,59
KeyPers_LA_1231177,Ingénieur Informaticien,LA,95
KeyPers_LA_1231178,Ingénieur Data,LA,33
KeyPers_LA_1231179,Ingénieur Informaticien,LA,44
KeyPers_LA_1231180,Ingénieur Informaticien,LA,37
KeyPers_LA_1231181,Ingénieur Data,LA,93
KeyPers_LA_1231182,Ingénieur Data,LA,37
KeyPers_LA_1231183,Ingénieur Informaticien,LA,82
KeyPers_LA_1231184,Cadre,LA,40
KeyPers_LA_1231185,Economiste,LA,88
KeyPers_LA_1231186,Economiste,LA,48
KeyPers_LA_1231187,Ingénieur Informaticien,LA,31
KeyPers_LA_1231188,Ingénieur Informaticien,LA,41
KeyPers_LA_1231189,Ingénieur Data,LA,33
KeyPers_LA_1231190,Ingénieur Data,LA,36
KeyPers_LA_1231191,Ingénieur Data,LA,55
KeyPers_LA_1231192,Economiste,LA,80
KeyPers_LA_1231193,DRH,LA,54
KeyPers_LA_1231194,Ingénieur Informaticien,LA,70
KeyPers_LA_1231195,Ingénieur Data,LA,50
KeyPers_LA_1231196,Cadre,LA,28
KeyPers_LA_1231197,Ingénieur Data,LA,32
KeyPers_LA_1231198,Cadre,LA,45
KeyPers_LA_1231199,Ingénieur Data,LA,69
KeyPers_LA_1231200,Ingénieur Informaticien,LA,49
KeyPers_LA_1231201,Ingénieur Informaticien,LA,73
KeyPers_LA_1231202,Cadre,LA,88
KeyPers_LA_1231203,Cadre,LA,53
KeyPers_LA_1231204,Ingénieur Informaticien,LA,24
KeyPers_LA_1231205,Ingénieur Data,LA,56
KeyPers_LA_1231206,Ingénieur Informaticien,LA,84
KeyPers_LA_1231207,Ingénieur Informaticien,LA,91
KeyPers_LA_1231208,Ingénieur Informaticien,LA,52
KeyPers_LA_1231209,Ingénieur Data,LA,25
KeyPers_LA_1231210,Ingénieur Informaticien,LA,25
KeyPers_LA_1231211,Ingénieur Informaticien,LA,28
KeyPers_LA_1231212,Economiste,LA,80
KeyPers_LA_1231213,Ingénieur Informaticien,LA,66
KeyPers_LA_1231214,Ingénieur Informaticien,LA,45
KeyPers_LA_1231215,Ingénieur Informaticien,LA,38
KeyPers_LA_1231216,Ingénieur Informaticien,LA,36
KeyPers_LA_1231217,Cadre,LA,83
KeyPers_LA_1231218,Ingénieur Informaticien,LA,81
KeyPers_LA_1231219,Ingénieur Informaticien,LA,46
KeyPers_LA_1231220,Ingénieur Data,LA,73
KeyPers_LA_1231221,Cadre,LA,51
KeyPers_LA_1231222,Ingénieur Data,LA,65
KeyPers_LA_1231223,Ingénieur Informaticien,LA,53
KeyPers_LA_1231224,Cadre,LA,78
KeyPers_LA_1231225,Ingénieur Data,LA,87
KeyPers_LA_1231226,Ingénieur Data,LA,46
KeyPers_LA_1231227,Cadre,LA,69
KeyPers_LA_1231228,Cadre,LA,81
KeyPers_LA_1231229,Ingénieur Data,LA,61
KeyPers_LA_1231230,Ingénieur Data,LA,27
KeyPers_LA_1231231,Ingénieur Informaticien,LA,67
KeyPers_LA_1231232,Ingénieur Informaticien,LA,27
KeyPers_LA_1231233,Ingénieur Data,LA,44
KeyPers_LA_1231234,Cadre,LA,46
KeyPers_LA_1231235,Ingénieur Data,LA,71
KeyPers_LA_1231236,Ingénieur Data,LA,66
KeyPers_LA_1231237,Cadre,LA,92
KeyPers_LA_1231238,Ingénieur Data,LA,93
KeyPers_LA_1231239,Economiste,LA,72
KeyPers_LA_1231240,Ingénieur Informaticien,LA,62
KeyPers_LA_1231241,Ingénieur Data,LA,71
KeyPers_LA_1231242,Ingénieur Informaticien,LA,49
KeyPers_LA_1231243,Ingénieur Informaticien,LA,90
KeyPers_LA_1231244,Cadre,LA,56
KeyPers_LA_1231245,Economiste,LA,41
KeyPers_LA_1231246,Ingénieur Data,LA,31
KeyPers_LA_1231247,Ingénieur Data,LA,73
KeyPers_LA_1231248,Ingénieur Data,LA,69
KeyPers_LA_1231249,Ingénieur Informaticien,LA,26
KeyPers_LA_1231250,Ingénieur Informaticien,LA,26
KeyPers_LA_1231251,Ingénieur Informaticien,LA,86
KeyPers_LA_1231252,Ingénieur Informaticien,LA,64
KeyPers_LA_1231253,Ingénieur Data,LA,40
KeyPers_LA_1231254,Ingénieur Informaticien,LA,61
KeyPers_LA_1231255,Ingénieur Data,LA,51
KeyPers_LA_1231256,Ingénieur Data,LA,46
KeyPers_LA_1231257,Ingénieur Informaticien,LA,88
KeyPers_LA_1231258,Ingénieur Data,LA,67
KeyPers_LA_1231259,Ingénieur Data,LA,35
KeyPers_LA_1231260,Ingénieur Informaticien,LA,79
KeyPers_LA_1231261,Cadre,LA,61
KeyPers_LA_1231262,Ingénieur Data,LA,77
KeyPers_LA_1231263,Cadre,LA,88
KeyPers_LA_1231264,Cadre,LA,78
KeyPers_LA_1231265,Ingénieur Data,LA,34
KeyPers_LA_1231266,Ingénieur Informaticien,LA,33
KeyPers_LA_1231267,Ingénieur Informaticien,LA,79
KeyPers_LA_1231268,Cadre,LA,63
KeyPers_LA_1231269,Ingénieur Data,LA,33
KeyPers_LA_1231270,Ingénieur Informaticien,LA,27
KeyPers_LA_1231271,Ingénieur Data,LA,35
KeyPers_LA_1231272,Ingénieur Informaticien,LA,73
KeyPers_LA_1231273,Ingénieur Informaticien,LA,54
KeyPers_LA_1231274,Ingénieur Data,LA,61
KeyPers_LA_1231275,Ingénieur Data,LA,62
KeyPers_LA_1231276,Ingénieur Data,LA,92
KeyPers_LA_1231277,Ingénieur Informaticien,LA,88
KeyPers_LA_1231278,Ingénieur Data,LA,45
KeyPers_LA_1231279,Ingénieur Informaticien,LA,92
KeyPers_LA_1231280,Ingénieur Informaticien,LA,72
KeyPers_LA_1231281,Ingénieur Data,LA,76
KeyPers_LA_1231282,Ingénieur Data,LA,70
KeyPers_LA_1231283,Ingénieur Informaticien,LA,36
KeyPers_LA_1231284,Ingénieur Data,LA,88
KeyPers_LA_1231285,Ingénieur Data,LA,35
KeyPers_LA_1231286,Ingénieur Informaticien,LA,89
KeyPers_LA_1231287,Ingénieur Data,LA,58
KeyPers_LA_1231288,Ingénieur Informaticien,LA,38
KeyPers_LA_1231289,Ingénieur Informaticien,LA,48
KeyPers_LA_1231290,Ingénieur Data,LA,85
KeyPers_LA_1231291,Ingénieur Data,LA,65
KeyPers_LA_1231292,Cadre,LA,92
KeyPers_LA_1231293,Ingénieur Data,LA,35
KeyPers_LA_1231294,Ingénieur Informaticien,LA,96
KeyPers_LA_1231295,Ingénieur Informaticien,LA,69
KeyPers_LA_1231296,Cadre,LA,50
KeyPers_LA_1231297,Economiste,LA,45
KeyPers_LA_1231298,Ingénieur Informaticien,LA,86
KeyPers_LA_1231299,Ingénieur Informaticien,LA,84
KeyPers_LA_1231300,Ingénieur Data,LA,31
KeyPers_LA_1231301,Cadre,LA,89
KeyPers_LA_1231302,Cadre,LA,60
KeyPers_LA_1231303,Ingénieur Data,LA,65
KeyPers_LA_1231304,Ingénieur Informaticien,LA,70
KeyPers_LA_1231305,Ingénieur Informaticien,LA,76
KeyPers_LA_1231306,Economiste,LA,69
KeyPers_LA_1231307,Ingénieur Data,LA,89
KeyPers_LA_1231308,Ingénieur Data,LA,68
KeyPers_LA_1231309,Economiste,LA,29
KeyPers_LA_1231310,DRH,LA,76
KeyPers_LA_1231311,Ingénieur Data,LA,53
KeyPers_LA_1231312,Ingénieur Data,LA,39
KeyPers_LA_1231313,Cadre,LA,30
KeyPers_LA_1231314,Ingénieur Informaticien,LA,79
KeyPers_LA_1231315,Ingénieur Data,LA,74
KeyPers_LA_1231316,Ingénieur Informaticien,LA,47
KeyPers_LA_1231317,Ingénieur Informaticien,LA,43
KeyPers_LA_1231318,Cadre,LA,67
KeyPers_LA_1231319,Ingénieur Informaticien,LA,27
KeyPers_LA_1231320,Ingénieur Data,LA,37
KeyPers_LA_1231321,Ingénieur Informaticien,LA,47
KeyPers_LA_1231322,Ingénieur Data,LA,46
KeyPers_LA_1231323,Cadre,LA,48
KeyPers_LA_1231324,Ingénieur Data,LA,74
KeyPers_LA_1231325,Ingénieur Data,LA,52
KeyPers_LA_1231326,Cadre,LA,46
KeyPers_LA_1231327,Ingénieur Data,LA,39
KeyPers_LA_1231328,Ingénieur Informaticien,LA,93
KeyPers_LA_1231329,Ingénieur Informaticien,LA,88
KeyPers_LA_1231330,Ingénieur Informaticien,LA,95
KeyPers_LA_1231331,Ingénieur Informaticien,LA,93
KeyPers_LA_1231332,Ingénieur Data,LA,63
KeyPers_LA_1231333,Ingénieur Informaticien,LA,35
KeyPers_LA_1231334,Ingénieur Data,LA,48
KeyPers_LA_1231335,Ingénieur Data,LA,52
KeyPers_LA_1231336,Ingénieur Informaticien,LA,48
KeyPers_LA_1231337,Economiste,LA,53
KeyPers_LA_1231338,Cadre,LA,50
KeyPers_LA_1231339,Cadre,LA,41
KeyPers_LA_1231340,Ingénieur Informaticien,LA,50
KeyPers_LA_1231341,Ingénieur Informaticien,LA,46
KeyPers_LA_1231342,Ingénieur Data,LA,29
KeyPers_LA_1231343,Cadre,LA,83
KeyPers_LA_1231344,Cadre,LA,82
KeyPers_LA_1231345,Ingénieur Data,LA,59
KeyPers_LA_1231346,Ingénieur Data,LA,56
KeyPers_LA_1231347,Ingénieur Data,LA,44
KeyPers_LA_1231348,Economiste,LA,84
KeyPers_LA_1231349,Ingénieur Informaticien,LA,45
KeyPers_LA_1231350,Ingénieur Data,LA,59
KeyPers_LA_1231351,Ingénieur Informaticien,LA,42
KeyPers_LA_1231352,Cadre,LA,49
KeyPers_LA_1231353,Ingénieur Data,LA,44
KeyPers_LA_1231354,Economiste,LA,39
KeyPers_LA_1231355,Ingénieur Informaticien,LA,55
KeyPers_LA_1231356,Ingénieur Data,LA,65
KeyPers_LA_1231357,Ingénieur Informaticien,LA,55
KeyPers_LA_1231358,Ingénieur Informaticien,LA,38
KeyPers_LA_1231359,Ingénieur Data,LA,69
KeyPers_LA_1231360,Ingénieur Informaticien,LA,57
KeyPers_LA_1231361,Ingénieur Data,LA,93
KeyPers_LA_1231362,Ingénieur Data,LA,73
KeyPers_LA_1231363,Ingénieur Informaticien,LA,60
KeyPers_LA_1231364,Ingénieur Informaticien,LA,88
KeyPers_LA_1231365,Ingénieur Data,LA,88
KeyPers_LA_1231366,Cadre,LA,86
KeyPers_LA_1231367,Ingénieur Data,LA,50
KeyPers_LA_1231368,Ingénieur Data,LA,73
KeyPers_LA_1231369,Ingénieur Data,LA,78
KeyPers_LA_1231370,Cadre,LA,41
KeyPers_LA_1231371,Economiste,LA,66
KeyPers_LA_1231372,Ingénieur Data,LA,36
KeyPers_LA_1231373,Cadre,LA,64
KeyPers_LA_1231374,Ingénieur Data,LA,59
KeyPers_LA_1231375,Cadre,LA,84
KeyPers_LA_1231376,Ingénieur Data,LA,80
KeyPers_LA_1231377,Ingénieur Informaticien,LA,65
KeyPers_LA_1231378,Ingénieur Informaticien,LA,56
KeyPers_LA_1231379,Ingénieur Informaticien,LA,29
KeyPers_LA_1231380,Ingénieur Informaticien,LA,79
KeyPers_LA_1231381,Ingénieur Informaticien,LA,66
KeyPers_LA_1231382,Economiste,LA,89
KeyPers_LA_1231383,Cadre,LA,46
KeyPers_LA_1231384,Ingénieur Informaticien,LA,56
KeyPers_LA_1231385,Ingénieur Data,LA,28
KeyPers_LA_1231386,Cadre,LA,24
KeyPers_LA_1231387,Ingénieur Data,LA,60
KeyPers_LA_1231388,Ingénieur Data,LA,37
KeyPers_LA_1231389,Economiste,LA,51
KeyPers_LA_1231390,Ingénieur Data,LA,55
KeyPers_LA_1231391,Ingénieur Informaticien,LA,87
KeyPers_LA_1231392,Ingénieur Informaticien,LA,37
KeyPers_LA_1231393,Ingénieur Informaticien,LA,38
KeyPers_LA_1231394,Ingénieur Data,LA,26
KeyPers_LA_1231395,Ingénieur Informaticien,LA,91
KeyPers_LA_1231396,Ingénieur Informaticien,LA,32
KeyPers_LA_1231397,Cadre,LA,25
KeyPers_LA_1231398,Ingénieur Informaticien,LA,28
KeyPers_LA_1231399,DRH,LA,33
KeyPers_LA_1231400,Cadre,LA,55
KeyPers_LA_1231401,Cadre,LA,58
KeyPers_LA_1231402,Ingénieur Data,LA,34
KeyPers_LA_1231403,Ingénieur Data,LA,58
KeyPers_LA_1231404,Cadre,LA,78
KeyPers_LA_1231405,Ingénieur Informaticien,LA,40
KeyPers_LA_1231406,Ingénieur Informaticien,LA,39
KeyPers_LA_1231407,Ingénieur Data,LA,67
KeyPers_LA_1231408,Ingénieur Data,LA,41
KeyPers_LA_1231409,Cadre,LA,81
KeyPers_LA_1231410,Ingénieur Data,LA,44
KeyPers_LA_1231411,Ingénieur Informaticien,LA,51
KeyPers_LA_1231412,Cadre,LA,73
KeyPers_LA_1231413,Ingénieur Informaticien,LA,80
KeyPers_LA_1231414,Ingénieur Informaticien,LA,81
KeyPers_LA_1231415,Ingénieur Informaticien,LA,56
KeyPers_LA_1231416,Ingénieur Informaticien,LA,28
KeyPers_LA_1231417,Cadre,LA,52
KeyPers_LA_1231418,Ingénieur Data,LA,28
KeyPers_LA_1231419,Ingénieur Data,LA,48
KeyPers_LA_1231420,Economiste,LA,95
KeyPers_LA_1231421,Ingénieur Data,LA,91
KeyPers_LA_1231422,Cadre,LA,48
KeyPers_LA_1231423,Ingénieur Informaticien,LA,45
KeyPers_LA_1231424,Ingénieur Data,LA,82
KeyPers_LA_1231425,Ingénieur Informaticien,LA,74
KeyPers_LA_1231426,Ingénieur Informaticien,LA,75
KeyPers_LA_1231427,Ingénieur Informaticien,LA,85
KeyPers_LA_1231428,Cadre,LA,29
KeyPers_LA_1231429,Cadre,LA,47
KeyPers_LA_1231430,Cadre,LA,94
KeyPers_LA_1231431,Ingénieur Data,LA,41
KeyPers_LA_1231432,Ingénieur Data,LA,35
KeyPers_LA_1231433,Ingénieur Data,LA,74
KeyPers_LA_1231434,Ingénieur Informaticien,LA,66
KeyPers_LA_1231435,Cadre,LA,87
KeyPers_LA_1231436,Ingénieur Informaticien,LA,50
KeyPers_LA_1231437,Ingénieur Data,LA,55
KeyPers_LA_1231438,Ingénieur Informaticien,LA,52
KeyPers_LA_1231439,Ingénieur Data,LA,93
KeyPers_LA_1231440,Ingénieur Informaticien,LA,95
KeyPers_LA_1231441,Ingénieur Data,LA,70
KeyPers_LA_1231442,Ingénieur Data,LA,33
KeyPers_LA_1231443,Ingénieur Data,LA,75
KeyPers_LA_1231444,Ingénieur Informaticien,LA,31
KeyPers_LA_1231445,Economiste,LA,43
KeyPers_LA_1231446,Ingénieur Data,LA,93
KeyPers_LA_1231447,Ingénieur Informaticien,LA,58
KeyPers_LA_1231448,Ingénieur Data,LA,66
KeyPers_LA_1231449,Ingénieur Data,LA,78
KeyPers_LA_1231450,Economiste,LA,62
KeyPers_LA_1231451,Cadre,LA,37
KeyPers_LA_1231452,Ingénieur Data,LA,26
KeyPers_LA_1231453,Ingénieur Data,LA,93
KeyPers_LA_1231454,Economiste,LA,62
KeyPers_LA_1231455,Ingénieur Data,LA,56
KeyPers_LA_1231456,Ingénieur Informaticien,LA,86
KeyPers_LA_1231457,Ingénieur Informaticien,LA,58
KeyPers_LA_1231458,Ingénieur Data,LA,89
KeyPers_LA_1231459,Ingénieur Informaticien,LA,45
KeyPers_LA_1231460,Ingénieur Data,LA,32
KeyPers_LA_1231461,Cadre,LA,40
KeyPers_LA_1231462,Cadre,LA,42
KeyPers_LA_1231463,Cadre,LA,62
KeyPers_LA_1231464,Ingénieur Data,LA,50
KeyPers_LA_1231465,Ingénieur Data,LA,76
KeyPers_LA_1231466,Economiste,LA,94
KeyPers_LA_1231467,Ingénieur Data,LA,29
KeyPers_LA_1231468,Cadre,LA,28
KeyPers_LA_1231469,Cadre,LA,90
KeyPers_LA_1231470,Cadre,LA,45
KeyPers_LA_1231471,Ingénieur Informaticien,LA,79
KeyPers_LA_1231472,Ingénieur Informaticien,LA,51
KeyPers_LA_1231473,Ingénieur Informaticien,LA,50
KeyPers_LA_1231474,Cadre,LA,52
KeyPers_LA_1231475,Ingénieur Data,LA,88
KeyPers_LA_1231476,Ingénieur Data,LA,96
KeyPers_LA_1231477,Cadre,LA,78
KeyPers_LA_1231478,Cadre,LA,74
KeyPers_LA_1231479,Ingénieur Data,LA,39
KeyPers_LA_1231480,Ingénieur Informaticien,LA,28
KeyPers_LA_1231481,Ingénieur Informaticien,LA,89
KeyPers_LA_1231482,Cadre,LA,43
KeyPers_LA_1231483,Ingénieur Data,LA,85
KeyPers_LA_1231484,Economiste,LA,33
KeyPers_LA_1231485,Ingénieur Informaticien,LA,33
KeyPers_LA_1231486,Ingénieur Data,LA,29
KeyPers_LA_1231487,DRH,LA,69
KeyPers_LA_1231488,Ingénieur Informaticien,LA,59
KeyPers_LA_1231489,Cadre,LA,83
KeyPers_LA_1231490,Cadre,LA,83
KeyPers_LA_1231491,Ingénieur Data,LA,72
KeyPers_LA_1231492,Cadre,LA,54
KeyPers_LA_1231493,Cadre,LA,44
KeyPers_LA_1231494,Cadre,LA,81
KeyPers_LA_1231495,Ingénieur Informaticien,LA,38
KeyPers_LA_1231496,DRH,LA,83
KeyPers_LA_1231497,Ingénieur Informaticien,LA,92
KeyPers_LA_1231498,Ingénieur Informaticien,LA,37
KeyPers_LA_1231499,Ingénieur Informaticien,LA,43
KeyPers_LA_1231500,Cadre,LA,85
KeyPers_LA_1231501,Ingénieur Data,LA,41
KeyPers_LA_1231502,Ingénieur Data,LA,55
KeyPers_LA_1231503,Ingénieur Data,LA,31
KeyPers_LA_1231504,Ingénieur Data,LA,39
KeyPers_LA_1231505,Ingénieur Informaticien,LA,56
KeyPers_LA_1231506,Ingénieur Data,LA,47
KeyPers_LA_1231507,Ingénieur Data,LA,61
KeyPers_LA_1231508,Ingénieur Informaticien,LA,48
KeyPers_LA_1231509,Ingénieur Informaticien,LA,81
KeyPers_LA_1231510,Ingénieur Informaticien,LA,85
KeyPers_LA_1231511,Ingénieur Informaticien,LA,88
KeyPers_LA_1231512,Cadre,LA,92
KeyPers_LA_1231513,Ingénieur Data,LA,35
KeyPers_LA_1231514,Ingénieur Data,LA,29
KeyPers_LA_1231515,Economiste,LA,42
KeyPers_LA_1231516,Ingénieur Informaticien,LA,66
KeyPers_LA_1231517,Ingénieur Informaticien,LA,89
KeyPers_LA_1231518,Ingénieur Data,LA,47
KeyPers_LA_1231519,Ingénieur Informaticien,LA,41
KeyPers_LA_1231520,Cadre,LA,93
KeyPers_LA_1231521,Cadre,LA,62
KeyPers_LA_1231522,Ingénieur Informaticien,LA,36
KeyPers_LA_1231523,Ingénieur Informaticien,LA,28
KeyPers_LA_1231524,Ingénieur Data,LA,82
KeyPers_LA_1231525,Ingénieur Informaticien,LA,75
KeyPers_LA_1231526,Ingénieur Data,LA,75
KeyPers_LA_1231527,Cadre,LA,59
KeyPers_LA_1231528,Ingénieur Data,LA,64
KeyPers_LA_1231529,Ingénieur Data,LA,89
KeyPers_LA_1231530,Ingénieur Informaticien,LA,74
KeyPers_LA_1231531,Ingénieur Data,LA,83
KeyPers_LA_1231532,Ingénieur Informaticien,LA,93
KeyPers_LA_1231533,Ingénieur Informaticien,LA,68
KeyPers_LA_1231534,Ingénieur Data,LA,81
KeyPers_LA_1231535,DRH,LA,74
KeyPers_LA_1231536,Ingénieur Data,LA,39
KeyPers_LA_1231537,Ingénieur Informaticien,LA,53
KeyPers_LA_1231538,Ingénieur Informaticien,LA,52
KeyPers_LA_1231539,Cadre,LA,64
KeyPers_LA_1231540,Ingénieur Data,LA,69
KeyPers_LA_1231541,Ingénieur Informaticien,LA,37
KeyPers_LA_1231542,Ingénieur Data,LA,69
KeyPers_LA_1231543,Ingénieur Data,LA,53
KeyPers_LA_1231544,Cadre,LA,76
KeyPers_LA_1231545,Ingénieur Data,LA,35
KeyPers_LA_1231546,Ingénieur Informaticien,LA,92
KeyPers_LA_1231547,Ingénieur Data,LA,95
KeyPers_LA_1231548,Ingénieur Informaticien,LA,80
KeyPers_LA_1231549,Ingénieur Informaticien,LA,87
KeyPers_LA_1231550,Economiste,LA,56
KeyPers_LA_1231551,Ingénieur Informaticien,LA,69
KeyPers_LA_1231552,Ingénieur Informaticien,LA,53
KeyPers_LA_1231553,Ingénieur Data,LA,92
KeyPers_LA_1231554,Cadre,LA,40
KeyPers_LA_1231555,Ingénieur Informaticien,LA,46
KeyPers_LA_1231556,Ingénieur Informaticien,LA,87
KeyPers_LA_1231557,Economiste,LA,59
KeyPers_LA_1231558,Ingénieur Data,LA,85
KeyPers_LA_1231559,Ingénieur Informaticien,LA,56
KeyPers_LA_1231560,Ingénieur Informaticien,LA,77
KeyPers_LA_1231561,Ingénieur Data,LA,65
KeyPers_LA_1231562,Ingénieur Data,LA,60
KeyPers_LA_1231563,Ingénieur Informaticien,LA,45
KeyPers_LA_1231564,Ingénieur Data,LA,90
KeyPers_LA_1231565,Cadre,LA,33
KeyPers_LA_1231566,Ingénieur Data,LA,30
KeyPers_LA_1231567,Ingénieur Data,LA,72
KeyPers_LA_1231568,Ingénieur Informaticien,LA,80
KeyPers_LA_1231569,Ingénieur Data,LA,56
KeyPers_LA_1231570,Ingénieur Data,LA,56
KeyPers_LA_1231571,Cadre,LA,34
KeyPers_LA_1231572,Ingénieur Data,LA,44
KeyPers_LA_1231573,Ingénieur Informaticien,LA,35
KeyPers_LA_1231574,Ingénieur Informaticien,LA,89
KeyPers_LA_1231575,Cadre,LA,85
KeyPers_LA_1231576,Ingénieur Informaticien,LA,26
KeyPers_LA_1231577,Cadre,LA,72
KeyPers_LA_1231578,Economiste,LA,53
KeyPers_LA_1231579,Ingénieur Informaticien,LA,42
KeyPers_LA_1231580,Ingénieur Data,LA,52
KeyPers_LA_1231581,Cadre,LA,53
KeyPers_LA_1231582,Ingénieur Data,LA,29
KeyPers_LA_1231583,Economiste,LA,82
KeyPers_LA_1231584,Economiste,LA,82
KeyPers_LA_1231585,Ingénieur Data,LA,54
KeyPers_LA_1231586,Ingénieur Informaticien,LA,48
KeyPers_LA_1231587,Ingénieur Informaticien,LA,81
KeyPers_LA_1231588,Ingénieur Informaticien,LA,92
KeyPers_LA_1231589,Economiste,LA,41
KeyPers_LA_1231590,Ingénieur Data,LA,84
KeyPers_LA_1231591,Ingénieur Informaticien,LA,64
KeyPers_LA_1231592,Cadre,LA,73
KeyPers_LA_1231593,Economiste,LA,43
KeyPers_LA_1231594,Ingénieur Informaticien,LA,87
KeyPers_LA_1231595,Ingénieur Data,LA,92
KeyPers_LA_1231596,Ingénieur Data,LA,26
KeyPers_LA_1231597,Economiste,LA,41
KeyPers_LA_1231598,Ingénieur Data,LA,92
KeyPers_LA_1231599,Cadre,LA,61
KeyPers_LA_1231600,Ingénieur Data,LA,27
KeyPers_LA_1231601,Ingénieur Data,LA,61
KeyPers_LA_1231602,Ingénieur Informaticien,LA,79
KeyPers_LA_1231603,Ingénieur Data,LA,37
KeyPers_LA_1231604,Cadre,LA,90
KeyPers_LA_1231605,Ingénieur Data,LA,56
KeyPers_LA_1231606,Cadre,LA,71
KeyPers_LA_1231607,Cadre,LA,48
KeyPers_LA_1231608,Ingénieur Informaticien,LA,33
KeyPers_LA_1231609,Ingénieur Informaticien,LA,63
KeyPers_LA_1231610,Ingénieur Informaticien,LA,67
KeyPers_LA_1231611,Ingénieur Data,LA,68
KeyPers_LA_1231612,Ingénieur Data,LA,87
KeyPers_LA_1231613,Ingénieur Data,LA,94
KeyPers_LA_1231614,Ingénieur Informaticien,LA,25
KeyPers_LA_1231615,Ingénieur Informaticien,LA,42
KeyPers_LA_1231616,Ingénieur Data,LA,26
KeyPers_LA_1231617,Ingénieur Data,LA,31
KeyPers_LA_1231618,Ingénieur Data,LA,29
KeyPers_LA_1231619,Cadre,LA,45
KeyPers_LA_1231620,Ingénieur Data,LA,95
KeyPers_LA_1231621,Ingénieur Data,LA,93
KeyPers_LA_1231622,Ingénieur Informaticien,LA,69
KeyPers_LA_1231623,Ingénieur Data,LA,95
KeyPers_LA_1231624,Cadre,LA,60
KeyPers_LA_1231625,Ingénieur Informaticien,LA,70
KeyPers_LA_1231626,Ingénieur Data,LA,50
KeyPers_LA_1231627,Ingénieur Informaticien,LA,85
KeyPers_LA_1231628,Cadre,LA,48
KeyPers_LA_1231629,Cadre,LA,58
KeyPers_LA_1231630,Ingénieur Data,LA,93
KeyPers_LA_1231631,Ingénieur Data,LA,86
KeyPers_LA_1231632,Ingénieur Data,LA,33
KeyPers_LA_1231633,Ingénieur Data,LA,28
KeyPers_LA_1231634,Ingénieur Informaticien,LA,48
KeyPers_LA_1231635,Ingénieur Data,LA,25
KeyPers_LA_1231636,Ingénieur Informaticien,LA,51
KeyPers_LA_1231637,Ingénieur Data,LA,73
KeyPers_LA_1231638,Ingénieur Data,LA,28
KeyPers_LA_1231639,Ingénieur Data,LA,73
KeyPers_LA_1231640,Ingénieur Informaticien,LA,41
KeyPers_LA_1231641,Ingénieur Informaticien,LA,36
KeyPers_LA_1231642,Cadre,LA,29
KeyPers_LA_1231643,Ingénieur Informaticien,LA,71
KeyPers_LA_1231644,Ingénieur Informaticien,LA,83
KeyPers_LA_1231645,Ingénieur Informaticien,LA,66
KeyPers_LA_1231646,Ingénieur Informaticien,LA,84
KeyPers_LA_1231647,Ingénieur Data,LA,39
KeyPers_LA_1231648,Economiste,LA,87
KeyPers_LA_1231649,Cadre,LA,81
KeyPers_LA_1231650,Ingénieur Informaticien,LA,93
KeyPers_LA_1231651,Ingénieur Informaticien,LA,40
KeyPers_LA_1231652,Ingénieur Data,LA,57
KeyPers_LA_1231653,Ingénieur Data,LA,70
KeyPers_LA_1231654,Ingénieur Informaticien,LA,46
KeyPers_LA_1231655,Ingénieur Informaticien,LA,94
KeyPers_LA_1231656,Ingénieur Data,LA,49
KeyPers_LA_1231657,Ingénieur Informaticien,LA,27
KeyPers_LA_1231658,Ingénieur Informaticien,LA,31
KeyPers_LA_1231659,Ingénieur Data,LA,84
KeyPers_LA_1231660,Cadre,LA,53
KeyPers_LA_1231661,Economiste,LA,51
KeyPers_LA_1231662,Ingénieur Data,LA,65
KeyPers_LA_1231663,Ingénieur Informaticien,LA,94
KeyPers_LA_1231664,Cadre,LA,47
KeyPers_LA_1231665,Cadre,LA,77
KeyPers_LA_1231666,Ingénieur Informaticien,LA,91
KeyPers_LA_1231667,Ingénieur Data,LA,51
KeyPers_LA_1231668,Ingénieur Data,LA,74
KeyPers_LA_1231669,Ingénieur Data,LA,93
KeyPers_LA_1231670,DRH,LA,72
KeyPers_LA_1231671,Ingénieur Data,LA,43
KeyPers_LA_1231672,Ingénieur Data,LA,66
KeyPers_LA_1231673,Ingénieur Data,LA,25
KeyPers_LA_1231674,Ingénieur Informaticien,LA,92
KeyPers_LA_1231675,Ingénieur Informaticien,LA,57
KeyPers_LA_1231676,Ingénieur Informaticien,LA,41
KeyPers_LA_1231677,Ingénieur Data,LA,62
KeyPers_LA_1231678,Ingénieur Data,LA,48
KeyPers_LA_1231679,Ingénieur Data,LA,59
KeyPers_LA_1231680,Ingénieur Informaticien,LA,80
KeyPers_LA_1231681,Cadre,LA,93
KeyPers_LA_1231682,Ingénieur Informaticien,LA,60
KeyPers_LA_1231683,Ingénieur Data,LA,54
KeyPers_LA_1231684,Ingénieur Data,LA,50
KeyPers_LA_1231685,Ingénieur Informaticien,LA,31
KeyPers_LA_1231686,Ingénieur Informaticien,LA,42
KeyPers_LA_1231687,Ingénieur Data,LA,66
KeyPers_LA_1231688,Ingénieur Informaticien,LA,63
KeyPers_LA_1231689,Ingénieur Informaticien,LA,65
KeyPers_LA_1231690,Ingénieur Data,LA,91
KeyPers_LA_1231691,Ingénieur Informaticien,LA,47
KeyPers_LA_1231692,Ingénieur Informaticien,LA,67
KeyPers_LA_1231693,Ingénieur Informaticien,LA,46
KeyPers_LA_1231694,Ingénieur Informaticien,LA,73
KeyPers_LA_1231695,Cadre,LA,33
KeyPers_LA_1231696,Ingénieur Informaticien,LA,42
KeyPers_LA_1231697,Ingénieur Informaticien,LA,68
KeyPers_LA_1231698,Economiste,LA,52
KeyPers_LA_1231699,Cadre,LA,73
KeyPers_LA_1231700,Ingénieur Informaticien,LA,81
KeyPers_LA_1231701,Ingénieur Data,LA,78
KeyPers_LA_1231702,Ingénieur Informaticien,LA,27
KeyPers_LA_1231703,Ingénieur Informaticien,LA,26
KeyPers_LA_1231704,Ingénieur Data,LA,82
KeyPers_LA_1231705,Cadre,LA,25
KeyPers_LA_1231706,Ingénieur Data,LA,42
KeyPers_LA_1231707,Ingénieur Data,LA,95
KeyPers_LA_1231708,Ingénieur Data,LA,80
KeyPers_LA_1231709,Ingénieur Data,LA,80
KeyPers_LA_1231710,Ingénieur Data,LA,41
KeyPers_LA_1231711,Cadre,LA,49
KeyPers_LA_1231712,Ingénieur Informaticien,LA,78
KeyPers_LA_1231713,Ingénieur Informaticien,LA,29
KeyPers_LA_1231714,Ingénieur Informaticien,LA,82
KeyPers_LA_1231715,Ingénieur Data,LA,48
KeyPers_LA_1231716,Ingénieur Data,LA,90
KeyPers_LA_1231717,Economiste,LA,79
KeyPers_LA_1231718,Ingénieur Data,LA,60
KeyPers_LA_1231719,Ingénieur Informaticien,LA,86
KeyPers_LA_1231720,Cadre,LA,59
KeyPers_LA_1231721,Ingénieur Data,LA,35
KeyPers_LA_1231722,Ingénieur Informaticien,LA,44
KeyPers_LA_1231723,Cadre,LA,33
KeyPers_LA_1231724,Ingénieur Informaticien,LA,91
KeyPers_LA_1231725,Ingénieur Informaticien,LA,58
KeyPers_LA_1231726,Ingénieur Data,LA,26
KeyPers_LA_1231727,Ingénieur Informaticien,LA,44
KeyPers_LA_1231728,Ingénieur Informaticien,LA,68
KeyPers_LA_1231729,Ingénieur Data,LA,44
KeyPers_LA_1231730,Ingénieur Data,LA,26
KeyPers_LA_1231731,Ingénieur Informaticien,LA,51
KeyPers_LA_1231732,Cadre,LA,41
KeyPers_LA_1231733,Cadre,LA,71
KeyPers_LA_1231734,Ingénieur Data,LA,87
KeyPers_LA_1231735,Economiste,LA,82
KeyPers_LA_1231736,Economiste,LA,54
KeyPers_LA_1231737,Ingénieur Data,LA,30
KeyPers_LA_1231738,Cadre,LA,28
KeyPers_LA_1231739,Ingénieur Data,LA,70
KeyPers_LA_1231740,Ingénieur Data,LA,91
KeyPers_LA_1231741,Economiste,LA,50
KeyPers_LA_1231742,Ingénieur Informaticien,LA,65
KeyPers_LA_1231743,Ingénieur Informaticien,LA,48
KeyPers_LA_1231744,Ingénieur Data,LA,64
KeyPers_LA_1231745,Ingénieur Informaticien,LA,71
KeyPers_LA_1231746,Economiste,LA,29
KeyPers_LA_1231747,Ingénieur Data,LA,72
KeyPers_LA_1231748,Ingénieur Data,LA,83
KeyPers_LA_1231749,Ingénieur Informaticien,LA,32
KeyPers_LA_1231750,Ingénieur Informaticien,LA,31
KeyPers_LA_1231751,Ingénieur Data,LA,94
KeyPers_LA_1231752,Ingénieur Data,LA,67
KeyPers_LA_1231753,Ingénieur Informaticien,LA,55
KeyPers_LA_1231754,Ingénieur Informaticien,LA,24
KeyPers_LA_1231755,Ingénieur Data,LA,29
KeyPers_LA_1231756,Ingénieur Data,LA,83
KeyPers_LA_1231757,Ingénieur Data,LA,48
KeyPers_LA_1231758,Ingénieur Data,LA,27
KeyPers_LA_1231759,Cadre,LA,36
KeyPers_LA_1231760,Ingénieur Informaticien,LA,56
KeyPers_LA_1231761,Ingénieur Data,LA,55
KeyPers_LA_1231762,Cadre,LA,25
KeyPers_LA_1231763,Ingénieur Data,LA,77
KeyPers_LA_1231764,Ingénieur Informaticien,LA,36
KeyPers_LA_1231765,Ingénieur Informaticien,LA,28
KeyPers_LA_1231766,Ingénieur Data,LA,95
KeyPers_LA_1231767,Ingénieur Informaticien,LA,34
KeyPers_LA_1231768,Ingénieur Informaticien,LA,66
KeyPers_LA_1231769,Cadre,LA,93
KeyPers_LA_1231770,DRH,LA,88
KeyPers_LA_1231771,Ingénieur Informaticien,LA,67
KeyPers_LA_1231772,Cadre,LA,70
KeyPers_LA_1231773,Ingénieur Data,LA,44
KeyPers_LA_1231774,Ingénieur Informaticien,LA,68
KeyPers_LA_1231775,Ingénieur Data,LA,60
KeyPers_LA_1231776,Ingénieur Informaticien,LA,91
KeyPers_LA_1231777,Cadre,LA,45
KeyPers_LA_1231778,Ingénieur Informaticien,LA,34
KeyPers_LA_1231779,Ingénieur Informaticien,LA,39
KeyPers_LA_1231780,Ingénieur Data,LA,61
KeyPers_LA_1231781,Ingénieur Informaticien,LA,89
KeyPers_LA_1231782,Cadre,LA,72
KeyPers_LA_1231783,Ingénieur Informaticien,LA,93
KeyPers_LA_1231784,Ingénieur Informaticien,LA,82
KeyPers_LA_1231785,Ingénieur Data,LA,53
KeyPers_LA_1231786,Economiste,LA,70
KeyPers_LA_1231787,Ingénieur Informaticien,LA,57
KeyPers_LA_1231788,Ingénieur Informaticien,LA,24
KeyPers_LA_1231789,Ingénieur Informaticien,LA,80
KeyPers_LA_1231790,Cadre,LA,52
KeyPers_LA_1231791,Ingénieur Data,LA,90
KeyPers_LA_1231792,Cadre,LA,94
KeyPers_LA_1231793,Cadre,LA,58
KeyPers_LA_1231794,Ingénieur Data,LA,74
KeyPers_LA_1231795,Ingénieur Informaticien,LA,32
KeyPers_LA_1231796,Ingénieur Data,LA,81
KeyPers_LA_1231797,Ingénieur Informaticien,LA,37
KeyPers_LA_1231798,Ingénieur Data,LA,46
KeyPers_LA_1231799,Cadre,LA,37
KeyPers_LA_1231800,Cadre,LA,58
KeyPers_LA_1231801,Cadre,LA,41
KeyPers_LA_1231802,Ingénieur Data,LA,72
KeyPers_LA_1231803,Cadre,LA,80
KeyPers_LA_1231804,Ingénieur Informaticien,LA,42
KeyPers_LA_1231805,Ingénieur Informaticien,LA,86
KeyPers_LA_1231806,Ingénieur Data,LA,87
KeyPers_LA_1231807,Ingénieur Data,LA,42
KeyPers_LA_1231808,Ingénieur Data,LA,63
KeyPers_LA_1231809,Ingénieur Informaticien,LA,71
KeyPers_LA_1231810,Ingénieur Data,LA,60
KeyPers_LA_1231811,Ingénieur Informaticien,LA,58
KeyPers_LA_1231812,Ingénieur Data,LA,31
KeyPers_LA_1231813,Ingénieur Data,LA,46
KeyPers_LA_1231814,Cadre,LA,32
KeyPers_LA_1231815,Cadre,LA,86
KeyPers_LA_1231816,Ingénieur Data,LA,57
KeyPers_LA_1231817,Ingénieur Informaticien,LA,80
KeyPers_LA_1231818,Ingénieur Informaticien,LA,57
KeyPers_LA_1231819,Ingénieur Informaticien,LA,28
KeyPers_LA_1231820,Ingénieur Informaticien,LA,83
KeyPers_LA_1231821,Cadre,LA,52
KeyPers_LA_1231822,Ingénieur Informaticien,LA,78
KeyPers_LA_1231823,Ingénieur Informaticien,LA,94
KeyPers_LA_1231824,Ingénieur Data,LA,35
KeyPers_LA_1231825,Cadre,LA,44
KeyPers_LA_1231826,Cadre,LA,26
KeyPers_LA_1231827,Economiste,LA,71
KeyPers_LA_1231828,Ingénieur Informaticien,LA,78
KeyPers_LA_1231829,Cadre,LA,82
KeyPers_LA_1231830,Ingénieur Informaticien,LA,72
KeyPers_LA_1231831,Ingénieur Data,LA,44
KeyPers_LA_1231832,Ingénieur Informaticien,LA,28
KeyPers_LA_1231833,Ingénieur Informaticien,LA,45
KeyPers_LA_1231834,Ingénieur Data,LA,50
KeyPers_LA_1231835,Ingénieur Data,LA,84
KeyPers_LA_1231836,Cadre,LA,90
KeyPers_LA_1231837,Ingénieur Data,LA,65
KeyPers_LA_1231838,Cadre,LA,56
KeyPers_LA_1231839,Ingénieur Data,LA,91
KeyPers_LA_1231840,Ingénieur Informaticien,LA,49
KeyPers_LA_1231841,Ingénieur Data,LA,30
KeyPers_LA_1231842,Ingénieur Data,LA,82
KeyPers_LA_1231843,Ingénieur Informaticien,LA,80
KeyPers_LA_1231844,Ingénieur Data,LA,46
KeyPers_LA_1231845,Ingénieur Data,LA,59
KeyPers_LA_1231846,Ingénieur Data,LA,73
KeyPers_LA_1231847,Ingénieur Data,LA,51
KeyPers_LA_1231848,Cadre,LA,54
KeyPers_LA_1231849,Ingénieur Data,LA,67
KeyPers_LA_1231850,Ingénieur Data,LA,45
KeyPers_LA_1231851,Ingénieur Data,LA,79
KeyPers_LA_1231852,Cadre,LA,93
KeyPers_LA_1231853,Ingénieur Data,LA,94
KeyPers_LA_1231854,Cadre,LA,74
KeyPers_LA_1231855,Ingénieur Data,LA,84
KeyPers_LA_1231856,Ingénieur Informaticien,LA,48
KeyPers_LA_1231857,Economiste,LA,39
KeyPers_LA_1231858,Ingénieur Informaticien,LA,68
KeyPers_LA_1231859,Cadre,LA,83
KeyPers_LA_1231860,Ingénieur Data,LA,96
KeyPers_LA_1231861,Cadre,LA,59
KeyPers_LA_1231862,Ingénieur Informaticien,LA,79
KeyPers_LA_1231863,Economiste,LA,26
KeyPers_LA_1231864,Ingénieur Informaticien,LA,78
KeyPers_LA_1231865,Ingénieur Data,LA,90
KeyPers_LA_1231866,Ingénieur Data,LA,38
KeyPers_LA_1231867,Ingénieur Data,LA,45
KeyPers_LA_1231868,Ingénieur Informaticien,LA,80
KeyPers_LA_1231869,DRH,LA,88
KeyPers_LA_1231870,Ingénieur Data,LA,40
KeyPers_LA_1231871,Ingénieur Informaticien,LA,80
KeyPers_LA_1231872,Cadre,LA,66
KeyPers_LA_1231873,Ingénieur Informaticien,LA,40
KeyPers_LA_1231874,Cadre,LA,47
KeyPers_LA_1231875,Ingénieur Data,LA,76
KeyPers_LA_1231876,Ingénieur Informaticien,LA,47
KeyPers_LA_1231877,Ingénieur Informaticien,LA,54
KeyPers_LA_1231878,Ingénieur Informaticien,LA,38
KeyPers_LA_1231879,Ingénieur Informaticien,LA,55
KeyPers_LA_1231880,Ingénieur Informaticien,LA,41
KeyPers_LA_1231881,Ingénieur Informaticien,LA,29
KeyPers_LA_1231882,Ingénieur Data,LA,48
KeyPers_LA_1231883,Ingénieur Data,LA,28
KeyPers_LA_1231884,Cadre,LA,64
KeyPers_LA_1231885,Ingénieur Data,LA,84
KeyPers_LA_1231886,Ingénieur Informaticien,LA,53
KeyPers_LA_1231887,Ingénieur Informaticien,LA,70
KeyPers_LA_1231888,Cadre,LA,85
KeyPers_LA_1231889,Ingénieur Data,LA,42
KeyPers_LA_1231890,Ingénieur Informaticien,LA,58
KeyPers_LA_1231891,Cadre,LA,53
KeyPers_LA_1231892,Ingénieur Informaticien,LA,69
KeyPers_LA_1231893,Ingénieur Informaticien,LA,26
KeyPers_LA_1231894,Cadre,LA,49
KeyPers_LA_1231895,Cadre,LA,94
KeyPers_LA_1231896,Ingénieur Data,LA,94
KeyPers_LA_1231897,Ingénieur Informaticien,LA,34
KeyPers_LA_1231898,Ingénieur Data,LA,62
KeyPers_LA_1231899,Ingénieur Informaticien,LA,51
KeyPers_LA_1231900,Ingénieur Informaticien,LA,66
KeyPers_LA_1231901,Cadre,LA,59
KeyPers_LA_1231902,Ingénieur Informaticien,LA,28
KeyPers_LA_1231903,Ingénieur Data,LA,55
KeyPers_LA_1231904,Ingénieur Informaticien,LA,45
KeyPers_LA_1231905,Ingénieur Data,LA,47
KeyPers_LA_1231906,Ingénieur Data,LA,24
KeyPers_LA_1231907,Ingénieur Informaticien,LA,38
KeyPers_LA_1231908,Ingénieur Informaticien,LA,68
KeyPers_LA_1231909,Economiste,LA,54
KeyPers_LA_1231910,Ingénieur Data,LA,79
KeyPers_LA_1231911,Cadre,LA,92
KeyPers_LA_1231912,Cadre,LA,64
KeyPers_LA_1231913,Ingénieur Data,LA,64
KeyPers_LA_1231914,Ingénieur Data,LA,31
KeyPers_LA_1231915,Ingénieur Data,LA,54
KeyPers_LA_1231916,Ingénieur Informaticien,LA,71
KeyPers_LA_1231917,Ingénieur Informaticien,LA,33
KeyPers_LA_1231918,Ingénieur Data,LA,47
KeyPers_LA_1231919,Cadre,LA,27
KeyPers_LA_1231920,Ingénieur Informaticien,LA,80
KeyPers_LA_1231921,Ingénieur Informaticien,LA,84
KeyPers_LA_1231922,Ingénieur Data,LA,84
KeyPers_LA_1231923,Ingénieur Informaticien,LA,39
KeyPers_LA_1231924,Economiste,LA,34
KeyPers_LA_1231925,Cadre,LA,35
KeyPers_LA_1231926,Economiste,LA,92
KeyPers_LA_1231927,Ingénieur Data,LA,77
KeyPers_LA_1231928,Ingénieur Data,LA,94
KeyPers_LA_1231929,Ingénieur Data,LA,81
KeyPers_LA_1231930,Economiste,LA,93
KeyPers_LA_1231931,Ingénieur Data,LA,49
KeyPers_LA_1231932,Ingénieur Data,LA,44
KeyPers_LA_1231933,Ingénieur Informaticien,LA,84
KeyPers_LA_1231934,Cadre,LA,35
KeyPers_LA_1231935,Ingénieur Data,LA,61
KeyPers_LA_1231936,Ingénieur Data,LA,94
KeyPers_LA_1231937,Ingénieur Data,LA,65
KeyPers_LA_1231938,Ingénieur Data,LA,37
KeyPers_LA_1231939,Ingénieur Data,LA,79
KeyPers_LA_1231940,Cadre,LA,75
KeyPers_LA_1231941,Ingénieur Informaticien,LA,67
KeyPers_LA_1231942,Ingénieur Informaticien,LA,62
KeyPers_LA_1231943,Cadre,LA,43
KeyPers_LA_1231944,Ingénieur Data,LA,31
KeyPers_LA_1231945,Ingénieur Data,LA,47
KeyPers_LA_1231946,Cadre,LA,64
KeyPers_LA_1231947,Ingénieur Informaticien,LA,54
KeyPers_LA_1231948,Ingénieur Informaticien,LA,48
KeyPers_LA_1231949,Ingénieur Data,LA,60
KeyPers_LA_1231950,Ingénieur Informaticien,LA,73
KeyPers_LA_1231951,Ingénieur Data,LA,88
KeyPers_LA_1231952,Cadre,LA,50
KeyPers_LA_1231953,Ingénieur Data,LA,33
KeyPers_LA_1231954,Ingénieur Data,LA,73
KeyPers_LA_1231955,Economiste,LA,79
KeyPers_LA_1231956,Ingénieur Informaticien,LA,24
KeyPers_LA_1231957,Ingénieur Data,LA,35
KeyPers_LA_1231958,Ingénieur Informaticien,LA,38
KeyPers_LA_1231959,Economiste,LA,37
KeyPers_LA_1231960,Economiste,LA,84
KeyPers_LA_1231961,Ingénieur Data,LA,70
KeyPers_LA_1231962,Ingénieur Data,LA,56
KeyPers_LA_1231963,Ingénieur Informaticien,LA,41
KeyPers_LA_1231964,Ingénieur Informaticien,LA,95
KeyPers_LA_1231965,Ingénieur Informaticien,LA,86
KeyPers_LA_1231966,Ingénieur Data,LA,29
KeyPers_LA_1231967,Ingénieur Data,LA,64
KeyPers_LA_1231968,Cadre,LA,60
KeyPers_LA_1231969,Ingénieur Informaticien,LA,77
KeyPers_LA_1231970,Ingénieur Data,LA,68
KeyPers_LA_1231971,Ingénieur Informaticien,LA,54
KeyPers_LA_1231972,Cadre,LA,69
KeyPers_LA_1231973,Economiste,LA,66
KeyPers_LA_1231974,Ingénieur Data,LA,44
KeyPers_LA_1231975,Ingénieur Informaticien,LA,43
KeyPers_LA_1231976,Economiste,LA,35
KeyPers_LA_1231977,Ingénieur Data,LA,58
KeyPers_LA_1231978,Ingénieur Informaticien,LA,53
KeyPers_LA_1231979,Ingénieur Data,LA,72
KeyPers_LA_1231980,Ingénieur Data,LA,36
KeyPers_LA_1231981,Ingénieur Informaticien,LA,46
KeyPers_LA_1231982,Ingénieur Informaticien,LA,39
KeyPers_LA_1231983,Ingénieur Data,LA,54
KeyPers_LA_1231984,Ingénieur Data,LA,75
KeyPers_LA_1231985,Cadre,LA,52
KeyPers_LA_1231986,Ingénieur Informaticien,LA,26
KeyPers_LA_1231987,Ingénieur Data,LA,33
KeyPers_LA_1231988,Cadre,LA,82
KeyPers_LA_1231989,Ingénieur Data,LA,93
KeyPers_LA_1231990,Ingénieur Data,LA,53
KeyPers_LA_1231991,Ingénieur Informaticien,LA,60
KeyPers_LA_1231992,Ingénieur Informaticien,LA,69
KeyPers_LA_1231993,Ingénieur Data,LA,73
KeyPers_LA_1231994,Ingénieur Data,LA,49
KeyPers_LA_1231995,Cadre,LA,85
KeyPers_LA_1231996,Ingénieur Informaticien,LA,42
KeyPers_LA_1231997,Cadre,LA,84
KeyPers_LA_1231998,Ingénieur Data,LA,60
KeyPers_LA_1231999,Ingénieur Informaticien,LA,63
KeyPers_LA_1232000,Ingénieur Data,LA,37
KeyPers_LA_1232001,Ingénieur Informaticien,LA,66
KeyPers_LA_1232002,Ingénieur Informaticien,LA,77
KeyPers_LA_1232003,Ingénieur Data,LA,91
KeyPers_LA_1232004,Ingénieur Informaticien,LA,52
KeyPers_LA_1232005,Ingénieur Data,LA,37
KeyPers_LA_1232006,Ingénieur Informaticien,LA,92
KeyPers_LA_1232007,Cadre,LA,75
KeyPers_LA_1232008,Ingénieur Informaticien,LA,28
KeyPers_LA_1232009,Ingénieur Informaticien,LA,41
KeyPers_LA_1232010,Ingénieur Data,LA,28
KeyPers_LA_1232011,Ingénieur Informaticien,LA,28
KeyPers_LA_1232012,Cadre,LA,77
KeyPers_LA_1232013,Economiste,LA,76
KeyPers_LA_1232014,Ingénieur Data,LA,60
KeyPers_LA_1232015,Ingénieur Informaticien,LA,27
KeyPers_LA_1232016,Ingénieur Data,LA,92
KeyPers_LA_1232017,Cadre,LA,90
KeyPers_LA_1232018,Ingénieur Informaticien,LA,66
KeyPers_LA_1232019,Ingénieur Data,LA,27
KeyPers_LA_1232020,Ingénieur Informaticien,LA,65
KeyPers_LA_1232021,Ingénieur Data,LA,24
KeyPers_LA_1232022,Ingénieur Informaticien,LA,81
KeyPers_LA_1232023,Ingénieur Informaticien,LA,61
KeyPers_LA_1232024,Ingénieur Data,LA,69
KeyPers_LA_1232025,Cadre,LA,49
KeyPers_LA_1232026,Ingénieur Informaticien,LA,42
KeyPers_LA_1232027,Ingénieur Data,LA,45
KeyPers_LA_1232028,Ingénieur Informaticien,LA,94
KeyPers_LA_1232029,Ingénieur Informaticien,LA,67
KeyPers_LA_1232030,Ingénieur Informaticien,LA,25
KeyPers_LA_1232031,Ingénieur Data,LA,63
KeyPers_LA_1232032,Ingénieur Data,LA,38
KeyPers_LA_1232033,DRH,LA,81
KeyPers_LA_1232034,Ingénieur Informaticien,LA,56
KeyPers_LA_1232035,Ingénieur Informaticien,LA,58
KeyPers_LA_1232036,Cadre,LA,81
KeyPers_LA_1232037,Cadre,LA,62
KeyPers_LA_1232038,Ingénieur Data,LA,44
KeyPers_LA_1232039,Ingénieur Data,LA,47
KeyPers_LA_1232040,Cadre,LA,43
KeyPers_LA_1232041,Ingénieur Informaticien,LA,30
KeyPers_LA_1232042,DRH,LA,52
KeyPers_LA_1232043,Ingénieur Informaticien,LA,56
KeyPers_LA_1232044,Ingénieur Data,LA,30
KeyPers_LA_1232045,Ingénieur Data,LA,91
KeyPers_LA_1232046,Ingénieur Informaticien,LA,79
KeyPers_LA_1232047,Ingénieur Data,LA,58
KeyPers_LA_1232048,Cadre,LA,80
KeyPers_LA_1232049,Ingénieur Data,LA,31
KeyPers_LA_1232050,Ingénieur Data,LA,78
KeyPers_LA_1232051,Ingénieur Data,LA,58
KeyPers_LA_1232052,Ingénieur Informaticien,LA,94
KeyPers_LA_1232053,Ingénieur Informaticien,LA,32
KeyPers_LA_1232054,Ingénieur Data,LA,66
KeyPers_LA_1232055,Ingénieur Informaticien,LA,68
KeyPers_LA_1232056,Ingénieur Data,LA,78
KeyPers_LA_1232057,Ingénieur Data,LA,68
KeyPers_LA_1232058,Ingénieur Data,LA,81
KeyPers_LA_1232059,Ingénieur Informaticien,LA,56
KeyPers_LA_1232060,DRH,LA,57
KeyPers_LA_1232061,Ingénieur Data,LA,71
KeyPers_LA_1232062,Ingénieur Informaticien,LA,32
KeyPers_LA_1232063,Ingénieur Data,LA,26
KeyPers_LA_1232064,Cadre,LA,27
KeyPers_LA_1232065,Ingénieur Data,LA,91
KeyPers_LA_1232066,Ingénieur Informaticien,LA,48
KeyPers_LA_1232067,Ingénieur Informaticien,LA,35
KeyPers_LA_1232068,Ingénieur Informaticien,LA,86
KeyPers_LA_1232069,Cadre,LA,37
KeyPers_LA_1232070,Ingénieur Data,LA,83
KeyPers_LA_1232071,Economiste,LA,88
KeyPers_LA_1232072,Ingénieur Informaticien,LA,95
KeyPers_LA_1232073,Ingénieur Data,LA,65
KeyPers_LA_1232074,Ingénieur Informaticien,LA,80
KeyPers_LA_1232075,Ingénieur Data,LA,28
KeyPers_LA_1232076,Ingénieur Informaticien,LA,91
KeyPers_LA_1232077,Ingénieur Informaticien,LA,73
KeyPers_LA_1232078,Ingénieur Informaticien,LA,61
KeyPers_LA_1232079,Ingénieur Informaticien,LA,88
KeyPers_LA_1232080,Cadre,LA,53
KeyPers_LA_1232081,Economiste,LA,73
KeyPers_LA_1232082,Ingénieur Data,LA,31
KeyPers_LA_1232083,Ingénieur Informaticien,LA,54
KeyPers_LA_1232084,Ingénieur Data,LA,94
KeyPers_LA_1232085,Ingénieur Data,LA,24
KeyPers_LA_1232086,Ingénieur Data,LA,44
KeyPers_LA_1232087,Ingénieur Data,LA,64
KeyPers_LA_1232088,Ingénieur Data,LA,92
KeyPers_LA_1232089,Ingénieur Data,LA,40
KeyPers_LA_1232090,Ingénieur Informaticien,LA,40
KeyPers_LA_1232091,Ingénieur Data,LA,62
KeyPers_LA_1232092,Ingénieur Data,LA,89
KeyPers_LA_1232093,Cadre,LA,29
KeyPers_LA_1232094,Economiste,LA,71
KeyPers_LA_1232095,Ingénieur Informaticien,LA,78
KeyPers_LA_1232096,Cadre,LA,37
KeyPers_LA_1232097,Ingénieur Data,LA,62
KeyPers_LA_1232098,Ingénieur Informaticien,LA,36
KeyPers_LA_1232099,Ingénieur Data,LA,39
KeyPers_LA_1232100,Ingénieur Data,LA,35
KeyPers_LA_1232101,Ingénieur Informaticien,LA,93
KeyPers_LA_1232102,Cadre,LA,33
KeyPers_LA_1232103,Ingénieur Data,LA,40
KeyPers_LA_1232104,DRH,LA,32
KeyPers_LA_1232105,Ingénieur Informaticien,LA,57
KeyPers_LA_1232106,Ingénieur Data,LA,77
KeyPers_LA_1232107,Ingénieur Data,LA,51
KeyPers_LA_1232108,Ingénieur Informaticien,LA,82
KeyPers_LA_1232109,Ingénieur Data,LA,38
KeyPers_LA_1232110,Ingénieur Informaticien,LA,64
KeyPers_LA_1232111,Cadre,LA,52
KeyPers_LA_1232112,Ingénieur Data,LA,84
KeyPers_LA_1232113,Cadre,LA,91
KeyPers_LA_1232114,Ingénieur Data,LA,41
KeyPers_LA_1232115,Ingénieur Informaticien,LA,58
KeyPers_LA_1232116,Economiste,LA,82
KeyPers_LA_1232117,Ingénieur Informaticien,LA,39
KeyPers_LA_1232118,Cadre,LA,73
KeyPers_LA_1232119,Ingénieur Data,LA,87
KeyPers_LA_1232120,DRH,LA,60
KeyPers_LA_1232121,Ingénieur Informaticien,LA,54
KeyPers_LA_1232122,Ingénieur Data,LA,47
KeyPers_LA_1232123,Ingénieur Informaticien,LA,77
KeyPers_LA_1232124,Ingénieur Data,LA,48
KeyPers_LA_1232125,Ingénieur Informaticien,LA,92
KeyPers_LA_1232126,Cadre,LA,35
KeyPers_LA_1232127,Ingénieur Data,LA,61
KeyPers_LA_1232128,Cadre,LA,91
KeyPers_LA_1232129,Ingénieur Informaticien,LA,28
KeyPers_LA_1232130,Cadre,LA,49
KeyPers_LA_1232131,Ingénieur Data,LA,82
KeyPers_LA_1232132,Cadre,LA,56
KeyPers_LA_1232133,Ingénieur Informaticien,LA,34
KeyPers_LA_1232134,Ingénieur Informaticien,LA,89
KeyPers_LA_1232135,Cadre,LA,93
KeyPers_LA_1232136,Economiste,LA,45
KeyPers_LA_1232137,Ingénieur Data,LA,94
KeyPers_LA_1232138,Ingénieur Data,LA,38
KeyPers_LA_1232139,Economiste,LA,31
KeyPers_LA_1232140,Ingénieur Informaticien,LA,40
KeyPers_LA_1232141,Cadre,LA,70
KeyPers_LA_1232142,Ingénieur Data,LA,30
KeyPers_LA_1232143,Ingénieur Informaticien,LA,38
KeyPers_LA_1232144,Cadre,LA,27
KeyPers_LA_1232145,Economiste,LA,44
KeyPers_LA_1232146,Ingénieur Informaticien,LA,34
KeyPers_LA_1232147,Cadre,LA,57
KeyPers_LA_1232148,Ingénieur Data,LA,95
KeyPers_LA_1232149,Cadre,LA,34
KeyPers_LA_1232150,Ingénieur Informaticien,LA,71
KeyPers_LA_1232151,Ingénieur Data,LA,87
KeyPers_LA_1232152,Cadre,LA,38
KeyPers_LA_1232153,Ingénieur Informaticien,LA,72
KeyPers_LA_1232154,Ingénieur Data,LA,72
KeyPers_LA_1232155,Ingénieur Informaticien,LA,51
KeyPers_LA_1232156,Cadre,LA,36
KeyPers_LA_1232157,Ingénieur Informaticien,LA,68
KeyPers_LA_1232158,Economiste,LA,48
KeyPers_LA_1232159,Cadre,LA,41
KeyPers_LA_1232160,Ingénieur Informaticien,LA,29
KeyPers_LA_1232161,Economiste,LA,29
KeyPers_LA_1232162,Ingénieur Informaticien,LA,88
KeyPers_LA_1232163,Ingénieur Data,LA,51
KeyPers_LA_1232164,Ingénieur Informaticien,LA,87
KeyPers_LA_1232165,Ingénieur Data,LA,38
KeyPers_LA_1232166,Cadre,LA,44
KeyPers_LA_1232167,Ingénieur Informaticien,LA,63
KeyPers_LA_1232168,Ingénieur Informaticien,LA,48
KeyPers_LA_1232169,Cadre,LA,29
KeyPers_LA_1232170,Ingénieur Data,LA,44
KeyPers_LA_1232171,Ingénieur Informaticien,LA,52
KeyPers_LA_1232172,Ingénieur Data,LA,74
KeyPers_LA_1232173,Ingénieur Data,LA,55
KeyPers_LA_1232174,Cadre,LA,93
KeyPers_LA_1232175,Ingénieur Informaticien,LA,25
KeyPers_LA_1232176,Ingénieur Data,LA,49
KeyPers_LA_1232177,Ingénieur Informaticien,LA,83
KeyPers_LA_1232178,Cadre,LA,49
KeyPers_LA_1232179,Ingénieur Data,LA,74
KeyPers_LA_1232180,Ingénieur Informaticien,LA,88
KeyPers_LA_1232181,Ingénieur Informaticien,LA,30
KeyPers_LA_1232182,Ingénieur Informaticien,LA,83
KeyPers_LA_1232183,Economiste,LA,61
KeyPers_LA_1232184,Ingénieur Data,LA,84
KeyPers_LA_1232185,Economiste,LA,88
KeyPers_LA_1232186,Ingénieur Informaticien,LA,77
KeyPers_LA_1232187,Ingénieur Informaticien,LA,47
KeyPers_LA_1232188,Cadre,LA,48
KeyPers_LA_1232189,Cadre,LA,30
KeyPers_LA_1232190,Ingénieur Data,LA,38
KeyPers_LA_1232191,Cadre,LA,82
KeyPers_LA_1232192,Ingénieur Informaticien,LA,37
KeyPers_LA_1232193,Ingénieur Informaticien,LA,64
KeyPers_LA_1232194,Cadre,LA,50
KeyPers_LA_1232195,Ingénieur Data,LA,73
KeyPers_LA_1232196,Ingénieur Informaticien,LA,66
KeyPers_LA_1232197,Cadre,LA,80
KeyPers_LA_1232198,Cadre,LA,74
KeyPers_LA_1232199,Ingénieur Informaticien,LA,28
KeyPers_LA_1232200,Ingénieur Informaticien,LA,60
KeyPers_LA_1232201,Ingénieur Informaticien,LA,91
KeyPers_LA_1232202,Ingénieur Informaticien,LA,66
KeyPers_LA_1232203,Ingénieur Informaticien,LA,42
KeyPers_LA_1232204,Ingénieur Informaticien,LA,34
KeyPers_LA_1232205,Ingénieur Data,LA,92
KeyPers_LA_1232206,Ingénieur Informaticien,LA,70
KeyPers_LA_1232207,Ingénieur Informaticien,LA,91
KeyPers_LA_1232208,Ingénieur Data,LA,56
KeyPers_LA_1232209,Ingénieur Data,LA,45
KeyPers_LA_1232210,Ingénieur Informaticien,LA,50
KeyPers_LA_1232211,Ingénieur Informaticien,LA,63
KeyPers_LA_1232212,Ingénieur Data,LA,40
KeyPers_LA_1232213,Ingénieur Data,LA,80
KeyPers_LA_1232214,Cadre,LA,49
KeyPers_LA_1232215,Cadre,LA,29
KeyPers_LA_1232216,Ingénieur Informaticien,LA,45
KeyPers_LA_1232217,Ingénieur Data,LA,76
KeyPers_LA_1232218,Ingénieur Data,LA,38
KeyPers_LA_1232219,Ingénieur Data,LA,48
KeyPers_LA_1232220,Cadre,LA,43
KeyPers_LA_1232221,Ingénieur Informaticien,LA,88
KeyPers_LA_1232222,Ingénieur Data,LA,86
KeyPers_LA_1232223,Cadre,LA,89
KeyPers_LA_1232224,Ingénieur Informaticien,LA,86
KeyPers_LA_1232225,Ingénieur Informaticien,LA,77
KeyPers_LA_1232226,Ingénieur Informaticien,LA,30
KeyPers_LA_1232227,Ingénieur Informaticien,LA,28
KeyPers_LA_1232228,Ingénieur Informaticien,LA,88
KeyPers_LA_1232229,Ingénieur Data,LA,54
KeyPers_LA_1232230,Ingénieur Informaticien,LA,33
KeyPers_LA_1232231,Ingénieur Data,LA,78
KeyPers_LA_1232232,Ingénieur Informaticien,LA,52
KeyPers_LA_1232233,Ingénieur Data,LA,66
KeyPers_LA_1232234,Ingénieur Data,LA,47
KeyPers_LA_1232235,Ingénieur Informaticien,LA,75
KeyPers_LA_1232236,Cadre,LA,44
KeyPers_LA_1232237,Ingénieur Informaticien,LA,65
KeyPers_LA_1232238,Ingénieur Data,LA,49
KeyPers_LA_1232239,Ingénieur Data,LA,64
KeyPers_LA_1232240,Ingénieur Data,LA,45
KeyPers_LA_1232241,Ingénieur Data,LA,51
KeyPers_LA_1232242,Ingénieur Informaticien,LA,33
KeyPers_LA_1232243,Ingénieur Data,LA,36
KeyPers_LA_1232244,Ingénieur Informaticien,LA,82
KeyPers_LA_1232245,Ingénieur Informaticien,LA,88
KeyPers_LA_1232246,Economiste,LA,64
KeyPers_LA_1232247,Cadre,LA,65
KeyPers_LA_1232248,Ingénieur Informaticien,LA,80
KeyPers_LA_1232249,Cadre,LA,26
KeyPers_LA_1232250,Ingénieur Data,LA,39
KeyPers_LA_1232251,Ingénieur Data,LA,35
KeyPers_LA_1232252,Ingénieur Informaticien,LA,66
KeyPers_LA_1232253,Economiste,LA,30
KeyPers_LA_1232254,Ingénieur Informaticien,LA,75
KeyPers_LA_1232255,Ingénieur Informaticien,LA,41
KeyPers_LA_1232256,DRH,LA,56
KeyPers_LA_1232257,Ingénieur Data,LA,62
KeyPers_LA_1232258,Cadre,LA,86
KeyPers_LA_1232259,Cadre,LA,71
KeyPers_LA_1232260,Ingénieur Data,LA,37
KeyPers_LA_1232261,Ingénieur Informaticien,LA,86
KeyPers_LA_1232262,Ingénieur Informaticien,LA,31
KeyPers_LA_1232263,Ingénieur Informaticien,LA,34
KeyPers_LA_1232264,Ingénieur Informaticien,LA,86
KeyPers_LA_1232265,Cadre,LA,69
KeyPers_LA_1232266,Ingénieur Informaticien,LA,48
KeyPers_LA_1232267,Cadre,LA,28
KeyPers_LA_1232268,Ingénieur Data,LA,39
KeyPers_LA_1232269,Ingénieur Informaticien,LA,25
KeyPers_LA_1232270,Economiste,LA,72
KeyPers_LA_1232271,Ingénieur Informaticien,LA,49
KeyPers_LA_1232272,Cadre,LA,58
KeyPers_LA_1232273,DRH,LA,63
KeyPers_LA_1232274,Ingénieur Informaticien,LA,67
KeyPers_LA_1232275,Cadre,LA,29
KeyPers_LA_1232276,Ingénieur Data,LA,86
KeyPers_LA_1232277,Ingénieur Informaticien,LA,55
KeyPers_LA_1232278,Ingénieur Informaticien,LA,67
KeyPers_LA_1232279,Ingénieur Data,LA,58
KeyPers_LA_1232280,Cadre,LA,83
KeyPers_LA_1232281,Economiste,LA,79
KeyPers_LA_1232282,Ingénieur Informaticien,LA,83
KeyPers_LA_1232283,Cadre,LA,81
KeyPers_LA_1232284,Ingénieur Data,LA,30
KeyPers_LA_1232285,Ingénieur Informaticien,LA,83
KeyPers_LA_1232286,Ingénieur Data,LA,62
KeyPers_LA_1232287,Ingénieur Informaticien,LA,69
KeyPers_LA_1232288,Economiste,LA,72
KeyPers_LA_1232289,Cadre,LA,88
KeyPers_LA_1232290,Ingénieur Data,LA,42
KeyPers_LA_1232291,Cadre,LA,42
KeyPers_LA_1232292,Ingénieur Data,LA,42
KeyPers_LA_1232293,Ingénieur Informaticien,LA,28
KeyPers_LA_1232294,Ingénieur Data,LA,26
KeyPers_LA_1232295,Economiste,LA,44
KeyPers_LA_1232296,Cadre,LA,38
KeyPers_LA_1232297,Ingénieur Informaticien,LA,43
KeyPers_LA_1232298,Ingénieur Informaticien,LA,95
KeyPers_LA_1232299,Cadre,LA,32
KeyPers_LA_1232300,Ingénieur Data,LA,70
KeyPers_LA_1232301,Ingénieur Informaticien,LA,57
KeyPers_LA_1232302,Economiste,LA,61
KeyPers_LA_1232303,Ingénieur Informaticien,LA,56
KeyPers_LA_1232304,Ingénieur Data,LA,89
KeyPers_LA_1232305,Ingénieur Informaticien,LA,44
KeyPers_LA_1232306,Ingénieur Data,LA,40
KeyPers_LA_1232307,Cadre,LA,82
KeyPers_LA_1232308,Ingénieur Informaticien,LA,71
KeyPers_LA_1232309,Ingénieur Data,LA,41
KeyPers_LA_1232310,Ingénieur Data,LA,54
KeyPers_LA_1232311,Cadre,LA,72
KeyPers_LA_1232312,Ingénieur Data,LA,34
KeyPers_LA_1232313,Ingénieur Informaticien,LA,26
KeyPers_LA_1232314,Ingénieur Data,LA,94
KeyPers_LA_1232315,Economiste,LA,64
KeyPers_LA_1232316,Cadre,LA,51
KeyPers_LA_1232317,Cadre,LA,53
KeyPers_LA_1232318,Ingénieur Data,LA,70
KeyPers_LA_1232319,Ingénieur Data,LA,51
KeyPers_LA_1232320,Ingénieur Informaticien,LA,30
KeyPers_LA_1232321,Cadre,LA,72
KeyPers_LA_1232322,Economiste,LA,68
KeyPers_LA_1232323,Ingénieur Informaticien,LA,65
KeyPers_LA_1232324,Ingénieur Informaticien,LA,77
KeyPers_LA_1232325,Economiste,LA,85
KeyPers_LA_1232326,Ingénieur Informaticien,LA,90
KeyPers_LA_1232327,Ingénieur Informaticien,LA,60
KeyPers_LA_1232328,Ingénieur Informaticien,LA,64
KeyPers_LA_1232329,Cadre,LA,32
KeyPers_LA_1232330,Economiste,LA,30
KeyPers_LA_1232331,Ingénieur Informaticien,LA,94
KeyPers_LA_1232332,Economiste,LA,83
KeyPers_LA_1232333,Ingénieur Informaticien,LA,54
KeyPers_LA_1232334,Ingénieur Data,LA,77
KeyPers_LA_1232335,Ingénieur Informaticien,LA,43
KeyPers_LA_1232336,Ingénieur Data,LA,37
KeyPers_LA_1232337,Ingénieur Data,LA,95
KeyPers_LA_1232338,Ingénieur Informaticien,LA,93
KeyPers_LA_1232339,Ingénieur Data,LA,91
KeyPers_LA_1232340,Economiste,LA,41
KeyPers_LA_1232341,Cadre,LA,59
KeyPers_LA_1232342,Cadre,LA,71
KeyPers_LA_1232343,Ingénieur Informaticien,LA,63
KeyPers_LA_1232344,Ingénieur Informaticien,LA,55
KeyPers_LA_1232345,Cadre,LA,32
KeyPers_LA_1232346,Ingénieur Informaticien,LA,62
KeyPers_LA_1232347,Ingénieur Informaticien,LA,52
KeyPers_LA_1232348,Ingénieur Informaticien,LA,70
KeyPers_LA_1232349,DRH,LA,81
KeyPers_LA_1232350,Economiste,LA,49
KeyPers_LA_1232351,Ingénieur Data,LA,59
KeyPers_LA_1232352,Ingénieur Informaticien,LA,71
KeyPers_LA_1232353,Cadre,LA,70
KeyPers_LA_1232354,Ingénieur Data,LA,27
KeyPers_LA_1232355,Ingénieur Data,LA,36
KeyPers_LA_1232356,Ingénieur Data,LA,90
KeyPers_LA_1232357,Cadre,LA,85
KeyPers_LA_1232358,Ingénieur Informaticien,LA,64
KeyPers_LA_1232359,Ingénieur Data,LA,45
KeyPers_LA_1232360,Economiste,LA,35
KeyPers_LA_1232361,Cadre,LA,75
KeyPers_LA_1232362,Ingénieur Data,LA,87
KeyPers_LA_1232363,Ingénieur Data,LA,63
KeyPers_LA_1232364,Ingénieur Data,LA,82
KeyPers_LA_1232365,Ingénieur Informaticien,LA,69
KeyPers_LA_1232366,Ingénieur Data,LA,55
KeyPers_LA_1232367,Ingénieur Data,LA,87
KeyPers_LA_1232368,Ingénieur Informaticien,LA,62
KeyPers_LA_1232369,Ingénieur Data,LA,52
KeyPers_LA_1232370,Ingénieur Informaticien,LA,82
KeyPers_LA_1232371,Ingénieur Informaticien,LA,65
KeyPers_LA_1232372,Ingénieur Informaticien,LA,75
KeyPers_LA_1232373,Cadre,LA,81
KeyPers_LA_1232374,Ingénieur Data,LA,82
KeyPers_LA_1232375,Ingénieur Informaticien,LA,32
KeyPers_LA_1232376,Ingénieur Data,LA,94
KeyPers_LA_1232377,Cadre,LA,70
KeyPers_LA_1232378,Ingénieur Data,LA,58
KeyPers_LA_1232379,Ingénieur Data,LA,40
KeyPers_LA_1232380,Ingénieur Informaticien,LA,37
KeyPers_LA_1232381,Cadre,LA,63
KeyPers_LA_1232382,Ingénieur Data,LA,80
KeyPers_LA_1232383,Ingénieur Data,LA,55
KeyPers_LA_1232384,Cadre,LA,64
KeyPers_LA_1232385,Cadre,LA,30
KeyPers_LA_1232386,Ingénieur Data,LA,91
KeyPers_LA_1232387,Ingénieur Informaticien,LA,84
KeyPers_LA_1232388,Ingénieur Data,LA,77
KeyPers_LA_1232389,Cadre,LA,72
KeyPers_LA_1232390,Ingénieur Informaticien,LA,66
KeyPers_LA_1232391,Ingénieur Informaticien,LA,82
KeyPers_LA_1232392,Ingénieur Informaticien,LA,94
KeyPers_LA_1232393,Ingénieur Data,LA,69
KeyPers_LA_1232394,Ingénieur Data,LA,80
KeyPers_LA_1232395,Cadre,LA,92
KeyPers_LA_1232396,Cadre,LA,30
KeyPers_LA_1232397,Ingénieur Data,LA,93
KeyPers_LA_1232398,DRH,LA,78
KeyPers_LA_1232399,Ingénieur Data,LA,75
KeyPers_LA_1232400,Ingénieur Informaticien,LA,77
KeyPers_LA_1232401,Ingénieur Data,LA,83
KeyPers_LA_1232402,Ingénieur Informaticien,LA,36
KeyPers_LA_1232403,Cadre,LA,91
KeyPers_LA_1232404,Ingénieur Data,LA,95
KeyPers_LA_1232405,DRH,LA,34
KeyPers_LA_1232406,Ingénieur Informaticien,LA,60
KeyPers_LA_1232407,Cadre,LA,51
KeyPers_LA_1232408,Ingénieur Data,LA,53
KeyPers_LA_1232409,Ingénieur Informaticien,LA,83
KeyPers_LA_1232410,Ingénieur Informaticien,LA,35
KeyPers_LA_1232411,Ingénieur Informaticien,LA,66
KeyPers_LA_1232412,Cadre,LA,36
KeyPers_LA_1232413,Ingénieur Informaticien,LA,83
KeyPers_LA_1232414,Cadre,LA,58
KeyPers_LA_1232415,Cadre,LA,48
KeyPers_LA_1232416,Ingénieur Informaticien,LA,36
KeyPers_LA_1232417,Ingénieur Informaticien,LA,42
KeyPers_LA_1232418,Economiste,LA,68
KeyPers_LA_1232419,Ingénieur Informaticien,LA,37
KeyPers_LA_1232420,Economiste,LA,37
KeyPers_LA_1232421,Ingénieur Informaticien,LA,56
KeyPers_LA_1232422,Ingénieur Informaticien,LA,43
KeyPers_LA_1232423,Ingénieur Data,LA,85
KeyPers_LA_1232424,Ingénieur Informaticien,LA,46
KeyPers_LA_1232425,DRH,LA,27
KeyPers_LA_1232426,Ingénieur Data,LA,77
KeyPers_LA_1232427,Cadre,LA,77
KeyPers_LA_1232428,Ingénieur Informaticien,LA,47
KeyPers_LA_1232429,Ingénieur Informaticien,LA,92
KeyPers_LA_1232430,Ingénieur Data,LA,82
KeyPers_LA_1232431,Ingénieur Data,LA,57
KeyPers_LA_1232432,Economiste,LA,65
KeyPers_LA_1232433,Ingénieur Data,LA,32
KeyPers_LA_1232434,Ingénieur Data,LA,48
KeyPers_LA_1232435,Economiste,LA,30
KeyPers_LA_1232436,Ingénieur Informaticien,LA,93
KeyPers_LA_1232437,Ingénieur Data,LA,85
KeyPers_LA_1232438,Ingénieur Informaticien,LA,66
KeyPers_LA_1232439,Economiste,LA,72
KeyPers_LA_1232440,Ingénieur Informaticien,LA,66
KeyPers_LA_1232441,Cadre,LA,51
KeyPers_LA_1232442,Ingénieur Data,LA,84
KeyPers_LA_1232443,Ingénieur Data,LA,48
KeyPers_LA_1232444,Ingénieur Data,LA,68
KeyPers_LA_1232445,Ingénieur Informaticien,LA,56
KeyPers_LA_1232446,Ingénieur Data,LA,41
KeyPers_LA_1232447,Ingénieur Informaticien,LA,69
KeyPers_LA_1232448,Cadre,LA,76
KeyPers_LA_1232449,Cadre,LA,71
KeyPers_LA_1232450,Cadre,LA,41
KeyPers_LA_1232451,Ingénieur Data,LA,56
KeyPers_LA_1232452,Cadre,LA,60
KeyPers_LA_1232453,Ingénieur Informaticien,LA,77
KeyPers_LA_1232454,Cadre,LA,50
KeyPers_LA_1232455,Economiste,LA,53
KeyPers_LA_1232456,Ingénieur Data,LA,59
KeyPers_LA_1232457,Cadre,LA,27
KeyPers_LA_1232458,Ingénieur Data,LA,95
KeyPers_LA_1232459,Ingénieur Data,LA,69
KeyPers_LA_1232460,Ingénieur Informaticien,LA,62
KeyPers_LA_1232461,Ingénieur Data,LA,76
KeyPers_LA_1232462,Ingénieur Informaticien,LA,87
KeyPers_LA_1232463,Ingénieur Data,LA,28
KeyPers_LA_1232464,Economiste,LA,67
KeyPers_LA_1232465,Ingénieur Data,LA,33
KeyPers_LA_1232466,Ingénieur Data,LA,75
KeyPers_LA_1232467,Cadre,LA,47
KeyPers_LA_1232468,Ingénieur Data,LA,60
KeyPers_LA_1232469,Economiste,LA,85
KeyPers_LA_1232470,Cadre,LA,83
KeyPers_LA_1232471,Cadre,LA,51
KeyPers_LA_1232472,Ingénieur Data,LA,92
KeyPers_LA_1232473,Ingénieur Data,LA,76
KeyPers_LA_1232474,Ingénieur Data,LA,40
KeyPers_LA_1232475,Cadre,LA,52
KeyPers_LA_1232476,Ingénieur Data,LA,73
KeyPers_LA_1232477,Ingénieur Data,LA,93
KeyPers_LA_1232478,Ingénieur Data,LA,34
KeyPers_LA_1232479,Ingénieur Data,LA,45
KeyPers_LA_1232480,Ingénieur Informaticien,LA,58
KeyPers_LA_1232481,Ingénieur Data,LA,94
KeyPers_LA_1232482,Ingénieur Informaticien,LA,35
KeyPers_LA_1232483,Economiste,LA,35
KeyPers_LA_1232484,Ingénieur Informaticien,LA,68
KeyPers_LA_1232485,Ingénieur Informaticien,LA,84
KeyPers_LA_1232486,Ingénieur Informaticien,LA,45
KeyPers_LA_1232487,Ingénieur Informaticien,LA,56
KeyPers_LA_1232488,DRH,LA,67
KeyPers_LA_1232489,Cadre,LA,25
KeyPers_LA_1232490,Cadre,LA,46
KeyPers_LA_1232491,Ingénieur Informaticien,LA,80
KeyPers_LA_1232492,Cadre,LA,94
KeyPers_LA_1232493,Ingénieur Informaticien,LA,95
KeyPers_LA_1232494,Ingénieur Informaticien,LA,26
KeyPers_LA_1232495,Economiste,LA,51
KeyPers_LA_1232496,Ingénieur Data,LA,53
KeyPers_LA_1232497,Ingénieur Informaticien,LA,47
KeyPers_LA_1232498,Economiste,LA,56
KeyPers_LA_1232499,Cadre,LA,79
KeyPers_LA_1232500,Ingénieur Informaticien,LA,83
KeyPers_LA_1232501,Ingénieur Informaticien,LA,49
KeyPers_LA_1232502,Economiste,LA,48
KeyPers_LA_1232503,Economiste,LA,47
KeyPers_LA_1232504,Ingénieur Data,LA,72
KeyPers_LA_1232505,Cadre,LA,24
KeyPers_LA_1232506,Ingénieur Informaticien,LA,82
KeyPers_LA_1232507,Cadre,LA,25
KeyPers_LA_1232508,Ingénieur Data,LA,69
KeyPers_LA_1232509,Ingénieur Data,LA,76
KeyPers_LA_1232510,Ingénieur Informaticien,LA,46
KeyPers_LA_1232511,Cadre,LA,74
KeyPers_LA_1232512,Ingénieur Data,LA,68
KeyPers_LA_1232513,Cadre,LA,56
KeyPers_LA_1232514,Cadre,LA,56
KeyPers_LA_1232515,Ingénieur Data,LA,35
KeyPers_LA_1232516,Ingénieur Informaticien,LA,52
KeyPers_LA_1232517,Ingénieur Data,LA,45
KeyPers_LA_1232518,Ingénieur Informaticien,LA,33
KeyPers_LA_1232519,Cadre,LA,25
KeyPers_LA_1232520,Economiste,LA,33
KeyPers_LA_1232521,Ingénieur Data,LA,35
KeyPers_LA_1232522,Cadre,LA,44
KeyPers_LA_1232523,Ingénieur Informaticien,LA,55
KeyPers_LA_1232524,Ingénieur Informaticien,LA,68
KeyPers_LA_1232525,Cadre,LA,30
KeyPers_LA_1232526,Ingénieur Data,LA,70
KeyPers_LA_1232527,Ingénieur Data,LA,83
KeyPers_LA_1232528,Ingénieur Data,LA,36
KeyPers_LA_1232529,Cadre,LA,88
KeyPers_LA_1232530,Cadre,LA,79
KeyPers_LA_1232531,Ingénieur Informaticien,LA,87
KeyPers_LA_1232532,Ingénieur Data,LA,45
KeyPers_LA_1232533,Ingénieur Data,LA,48
KeyPers_LA_1232534,Ingénieur Data,LA,65
KeyPers_LA_1232535,Cadre,LA,53
KeyPers_LA_1232536,Ingénieur Data,LA,93
KeyPers_LA_1232537,Ingénieur Data,LA,45
KeyPers_LA_1232538,Ingénieur Informaticien,LA,91
KeyPers_LA_1232539,Ingénieur Informaticien,LA,34
KeyPers_LA_1232540,Ingénieur Informaticien,LA,43
KeyPers_LA_1232541,Cadre,LA,93
KeyPers_LA_1232542,Cadre,LA,72
KeyPers_LA_1232543,Ingénieur Informaticien,LA,65
KeyPers_LA_1232544,Cadre,LA,86
KeyPers_LA_1232545,Cadre,LA,84
KeyPers_LA_1232546,Ingénieur Informaticien,LA,39
KeyPers_LA_1232547,DRH,LA,90
KeyPers_LA_1232548,Ingénieur Data,LA,62
KeyPers_LA_1232549,Ingénieur Data,LA,46
KeyPers_LA_1232550,Cadre,LA,77
KeyPers_LA_1232551,Ingénieur Informaticien,LA,69
KeyPers_LA_1232552,Cadre,LA,95
KeyPers_LA_1232553,Ingénieur Data,LA,32
KeyPers_LA_1232554,Cadre,LA,34
KeyPers_LA_1232555,DRH,LA,27
KeyPers_LA_1232556,Economiste,LA,79
KeyPers_LA_1232557,Ingénieur Data,LA,61
KeyPers_LA_1232558,DRH,LA,42
KeyPers_LA_1232559,Ingénieur Data,LA,66
KeyPers_LA_1232560,Economiste,LA,87
KeyPers_LA_1232561,Cadre,LA,41
KeyPers_LA_1232562,Ingénieur Data,LA,59
KeyPers_LA_1232563,Ingénieur Data,LA,77
KeyPers_LA_1232564,Ingénieur Informaticien,LA,41
KeyPers_LA_1232565,Ingénieur Informaticien,LA,93
KeyPers_LA_1232566,Ingénieur Data,LA,67
KeyPers_LA_1232567,Ingénieur Informaticien,LA,52
KeyPers_LA_1232568,Ingénieur Data,LA,65
KeyPers_LA_1232569,Ingénieur Informaticien,LA,86
KeyPers_LA_1232570,Ingénieur Data,LA,39
KeyPers_LA_1232571,Ingénieur Data,LA,42
KeyPers_LA_1232572,Ingénieur Data,LA,36
KeyPers_LA_1232573,Ingénieur Informaticien,LA,30
KeyPers_LA_1232574,Ingénieur Informaticien,LA,70
KeyPers_LA_1232575,Ingénieur Data,LA,63
KeyPers_LA_1232576,Ingénieur Informaticien,LA,38
KeyPers_LA_1232577,Ingénieur Data,LA,77
KeyPers_LA_1232578,Cadre,LA,83
KeyPers_LA_1232579,Ingénieur Informaticien,LA,47
KeyPers_LA_1232580,Cadre,LA,93
KeyPers_LA_1232581,Ingénieur Informaticien,LA,41
KeyPers_LA_1232582,Ingénieur Data,LA,75
KeyPers_LA_1232583,Ingénieur Data,LA,71
KeyPers_LA_1232584,Ingénieur Informaticien,LA,70
KeyPers_LA_1232585,Ingénieur Data,LA,69
KeyPers_LA_1232586,Ingénieur Data,LA,71
KeyPers_LA_1232587,Ingénieur Data,LA,53
KeyPers_LA_1232588,Economiste,LA,57
KeyPers_LA_1232589,Ingénieur Data,LA,68
KeyPers_LA_1232590,Ingénieur Data,LA,47
KeyPers_LA_1232591,Economiste,LA,88
KeyPers_LA_1232592,Ingénieur Informaticien,LA,57
KeyPers_LA_1232593,Ingénieur Data,LA,49
KeyPers_LA_1232594,Cadre,LA,38
KeyPers_LA_1232595,Ingénieur Informaticien,LA,75
KeyPers_LA_1232596,Ingénieur Data,LA,52
KeyPers_LA_1232597,Ingénieur Informaticien,LA,75
KeyPers_LA_1232598,Ingénieur Data,LA,80
KeyPers_LA_1232599,Cadre,LA,65
KeyPers_LA_1232600,Ingénieur Data,LA,75
KeyPers_LA_1232601,Ingénieur Data,LA,87
KeyPers_LA_1232602,Ingénieur Informaticien,LA,25
KeyPers_LA_1232603,Ingénieur Informaticien,LA,45
KeyPers_LA_1232604,Ingénieur Data,LA,61
KeyPers_LA_1232605,Ingénieur Informaticien,LA,50
KeyPers_LA_1232606,Ingénieur Data,LA,68
KeyPers_LA_1232607,Economiste,LA,75
KeyPers_LA_1232608,Ingénieur Informaticien,LA,49
KeyPers_LA_1232609,Cadre,LA,32
KeyPers_LA_1232610,Ingénieur Data,LA,60
KeyPers_LA_1232611,Ingénieur Informaticien,LA,45
KeyPers_LA_1232612,Ingénieur Data,LA,66
KeyPers_LA_1232613,Ingénieur Data,LA,86
KeyPers_LA_1232614,Ingénieur Informaticien,LA,34
KeyPers_LA_1232615,Ingénieur Data,LA,52
KeyPers_LA_1232616,Cadre,LA,64
KeyPers_LA_1232617,Economiste,LA,33
KeyPers_LA_1232618,Cadre,LA,24
KeyPers_LA_1232619,Ingénieur Data,LA,36
KeyPers_LA_1232620,Cadre,LA,26
KeyPers_LA_1232621,Ingénieur Data,LA,29
KeyPers_LA_1232622,Ingénieur Informaticien,LA,77
KeyPers_LA_1232623,Ingénieur Data,LA,79
KeyPers_LA_1232624,Ingénieur Data,LA,50
KeyPers_LA_1232625,Ingénieur Informaticien,LA,79
KeyPers_LA_1232626,Ingénieur Informaticien,LA,93
KeyPers_LA_1232627,Ingénieur Informaticien,LA,64
KeyPers_LA_1232628,Ingénieur Informaticien,LA,41
KeyPers_LA_1232629,Ingénieur Data,LA,47
KeyPers_LA_1232630,Ingénieur Informaticien,LA,44
KeyPers_LA_1232631,Cadre,LA,90
KeyPers_LA_1232632,Ingénieur Informaticien,LA,66
KeyPers_LA_1232633,Cadre,LA,33
KeyPers_LA_1232634,Ingénieur Data,LA,80
KeyPers_LA_1232635,Ingénieur Data,LA,66
KeyPers_LA_1232636,Ingénieur Informaticien,LA,66
KeyPers_LA_1232637,Ingénieur Data,LA,36
KeyPers_LA_1232638,Ingénieur Data,LA,38
KeyPers_LA_1232639,Cadre,LA,90
KeyPers_LA_1232640,Ingénieur Data,LA,72
KeyPers_LA_1232641,Ingénieur Data,LA,51
KeyPers_LA_1232642,Ingénieur Data,LA,53
KeyPers_LA_1232643,Ingénieur Informaticien,LA,36
KeyPers_LA_1232644,Cadre,LA,26
KeyPers_LA_1232645,Ingénieur Data,LA,77
KeyPers_LA_1232646,Ingénieur Informaticien,LA,28
KeyPers_LA_1232647,Ingénieur Data,LA,30
KeyPers_LA_1232648,Ingénieur Data,LA,30
KeyPers_LA_1232649,Cadre,LA,33
KeyPers_LA_1232650,Cadre,LA,73
KeyPers_LA_1232651,Ingénieur Informaticien,LA,75
KeyPers_LA_1232652,Ingénieur Data,LA,28
KeyPers_LA_1232653,Economiste,LA,35
KeyPers_LA_1232654,Ingénieur Informaticien,LA,87
KeyPers_LA_1232655,Ingénieur Informaticien,LA,89
KeyPers_LA_1232656,Cadre,LA,59
KeyPers_LA_1232657,Ingénieur Data,LA,30
KeyPers_LA_1232658,Cadre,LA,43
KeyPers_LA_1232659,Cadre,LA,47
KeyPers_LA_1232660,Ingénieur Informaticien,LA,30
KeyPers_LA_1232661,Ingénieur Data,LA,66
KeyPers_LA_1232662,Ingénieur Informaticien,LA,91
KeyPers_LA_1232663,Ingénieur Data,LA,37
KeyPers_LA_1232664,Ingénieur Data,LA,78
KeyPers_LA_1232665,Ingénieur Data,LA,90
KeyPers_LA_1232666,Cadre,LA,39
KeyPers_LA_1232667,Ingénieur Informaticien,LA,27
KeyPers_LA_1232668,Ingénieur Data,LA,39
KeyPers_LA_1232669,Ingénieur Data,LA,66
KeyPers_LA_1232670,Ingénieur Informaticien,LA,94
KeyPers_LA_1232671,Ingénieur Informaticien,LA,85
KeyPers_LA_1232672,Cadre,LA,62
KeyPers_LA_1232673,Ingénieur Data,LA,41
KeyPers_LA_1232674,Ingénieur Data,LA,91
KeyPers_LA_1232675,Ingénieur Data,LA,40
KeyPers_LA_1232676,Ingénieur Informaticien,LA,48
KeyPers_LA_1232677,Cadre,LA,73
KeyPers_LA_1232678,Economiste,LA,74
KeyPers_LA_1232679,Ingénieur Data,LA,81
KeyPers_LA_1232680,Ingénieur Informaticien,LA,31
KeyPers_LA_1232681,Ingénieur Data,LA,95
KeyPers_LA_1232682,Ingénieur Informaticien,LA,88
KeyPers_LA_1232683,Ingénieur Informaticien,LA,69
KeyPers_LA_1232684,Ingénieur Informaticien,LA,89
KeyPers_LA_1232685,Ingénieur Informaticien,LA,74
KeyPers_LA_1232686,Ingénieur Data,LA,40
KeyPers_LA_1232687,Ingénieur Informaticien,LA,95
KeyPers_LA_1232688,Ingénieur Data,LA,59
KeyPers_LA_1232689,Ingénieur Data,LA,96
KeyPers_LA_1232690,Ingénieur Informaticien,LA,28
KeyPers_LA_1232691,Economiste,LA,41
KeyPers_LA_1232692,Ingénieur Informaticien,LA,74
KeyPers_LA_1232693,DRH,LA,63
KeyPers_LA_1232694,Ingénieur Data,LA,44
KeyPers_LA_1232695,Ingénieur Informaticien,LA,45
KeyPers_LA_1232696,Ingénieur Data,LA,79
KeyPers_LA_1232697,Ingénieur Informaticien,LA,44
KeyPers_LA_1232698,Economiste,LA,56
KeyPers_LA_1232699,Ingénieur Data,LA,94
KeyPers_LA_1232700,Ingénieur Data,LA,36
KeyPers_LA_1232701,Cadre,LA,73
KeyPers_LA_1232702,Ingénieur Informaticien,LA,88
KeyPers_LA_1232703,Ingénieur Informaticien,LA,26
KeyPers_LA_1232704,Ingénieur Informaticien,LA,40
KeyPers_LA_1232705,Cadre,LA,57
KeyPers_LA_1232706,Ingénieur Informaticien,LA,49
KeyPers_LA_1232707,Cadre,LA,36
KeyPers_LA_1232708,Ingénieur Informaticien,LA,53
KeyPers_LA_1232709,Cadre,LA,58
KeyPers_LA_1232710,Ingénieur Data,LA,41
KeyPers_LA_1232711,Ingénieur Informaticien,LA,71
KeyPers_LA_1232712,Ingénieur Data,LA,33
KeyPers_LA_1232713,Cadre,LA,75
KeyPers_LA_1232714,Ingénieur Data,LA,50
KeyPers_LA_1232715,Cadre,LA,28
KeyPers_LA_1232716,Ingénieur Informaticien,LA,54
KeyPers_LA_1232717,Ingénieur Data,LA,31
KeyPers_LA_1232718,Ingénieur Informaticien,LA,28
KeyPers_LA_1232719,Ingénieur Data,LA,27
KeyPers_LA_1232720,Ingénieur Informaticien,LA,41
KeyPers_LA_1232721,Ingénieur Informaticien,LA,54
KeyPers_LA_1232722,Cadre,LA,60
KeyPers_LA_1232723,Ingénieur Informaticien,LA,33
KeyPers_LA_1232724,Ingénieur Data,LA,60
KeyPers_LA_1232725,Ingénieur Informaticien,LA,28
KeyPers_LA_1232726,Ingénieur Data,LA,67
KeyPers_LA_1232727,Ingénieur Data,LA,96
KeyPers_LA_1232728,Cadre,LA,55
KeyPers_LA_1232729,Ingénieur Informaticien,LA,47
KeyPers_LA_1232730,Ingénieur Informaticien,LA,35
KeyPers_LA_1232731,Ingénieur Informaticien,LA,55
KeyPers_LA_1232732,Cadre,LA,80
KeyPers_LA_1232733,Ingénieur Data,LA,63
KeyPers_LA_1232734,Ingénieur Informaticien,LA,79
KeyPers_LA_1232735,Ingénieur Data,LA,91
KeyPers_LA_1232736,Ingénieur Data,LA,93
KeyPers_LA_1232737,Ingénieur Informaticien,LA,51
KeyPers_LA_1232738,Cadre,LA,37
KeyPers_LA_1232739,Ingénieur Data,LA,39
KeyPers_LA_1232740,Ingénieur Informaticien,LA,41
KeyPers_LA_1232741,Ingénieur Data,LA,65
KeyPers_LA_1232742,Ingénieur Informaticien,LA,69
KeyPers_LA_1232743,Ingénieur Informaticien,LA,81
KeyPers_LA_1232744,Economiste,LA,41
KeyPers_LA_1232745,Ingénieur Informaticien,LA,92
KeyPers_LA_1232746,Cadre,LA,34
KeyPers_LA_1232747,Cadre,LA,70
KeyPers_LA_1232748,Ingénieur Data,LA,71
KeyPers_LA_1232749,Ingénieur Data,LA,73
KeyPers_LA_1232750,Ingénieur Data,LA,40
KeyPers_LA_1232751,Cadre,LA,54
KeyPers_LA_1232752,Cadre,LA,37
KeyPers_LA_1232753,Ingénieur Informaticien,LA,48
KeyPers_LA_1232754,Ingénieur Informaticien,LA,94
KeyPers_LA_1232755,Cadre,LA,26
KeyPers_LA_1232756,Ingénieur Informaticien,LA,41
KeyPers_LA_1232757,Ingénieur Informaticien,LA,50
KeyPers_LA_1232758,Cadre,LA,42
KeyPers_LA_1232759,Cadre,LA,65
KeyPers_LA_1232760,Ingénieur Informaticien,LA,83
KeyPers_LA_1232761,Ingénieur Informaticien,LA,82
KeyPers_LA_1232762,Ingénieur Data,LA,67
KeyPers_LA_1232763,Ingénieur Informaticien,LA,57
KeyPers_LA_1232764,Ingénieur Data,LA,34
KeyPers_LA_1232765,Ingénieur Data,LA,56
KeyPers_LA_1232766,Ingénieur Informaticien,LA,50
KeyPers_LA_1232767,Cadre,LA,66
KeyPers_LA_1232768,Ingénieur Data,LA,53
KeyPers_LA_1232769,Ingénieur Informaticien,LA,87
KeyPers_LA_1232770,Ingénieur Informaticien,LA,73
KeyPers_LA_1232771,Economiste,LA,81
KeyPers_LA_1232772,Ingénieur Informaticien,LA,80
KeyPers_LA_1232773,Ingénieur Informaticien,LA,37
KeyPers_LA_1232774,Ingénieur Informaticien,LA,29
KeyPers_LA_1232775,Ingénieur Informaticien,LA,63
KeyPers_LA_1232776,Ingénieur Data,LA,62
KeyPers_LA_1232777,Ingénieur Informaticien,LA,26
KeyPers_LA_1232778,Ingénieur Data,LA,62
KeyPers_LA_1232779,Ingénieur Data,LA,58
KeyPers_LA_1232780,Ingénieur Informaticien,LA,78
KeyPers_LA_1232781,Ingénieur Informaticien,LA,65
KeyPers_LA_1232782,Cadre,LA,80
KeyPers_LA_1232783,Ingénieur Data,LA,65
KeyPers_LA_1232784,Ingénieur Data,LA,58
KeyPers_LA_1232785,Ingénieur Data,LA,62
KeyPers_LA_1232786,Ingénieur Informaticien,LA,43
KeyPers_LA_1232787,Ingénieur Data,LA,87
KeyPers_LA_1232788,Ingénieur Data,LA,84
KeyPers_LA_1232789,Cadre,LA,69
KeyPers_LA_1232790,Ingénieur Informaticien,LA,82
KeyPers_LA_1232791,DRH,LA,34
KeyPers_LA_1232792,Ingénieur Data,LA,56
KeyPers_LA_1232793,Cadre,LA,42
KeyPers_LA_1232794,Ingénieur Informaticien,LA,47
KeyPers_LA_1232795,Ingénieur Data,LA,72
KeyPers_LA_1232796,Ingénieur Data,LA,34
KeyPers_LA_1232797,Economiste,LA,25
KeyPers_LA_1232798,Ingénieur Informaticien,LA,34
KeyPers_LA_1232799,Ingénieur Informaticien,LA,27
KeyPers_LA_1232800,Ingénieur Data,LA,46
KeyPers_LA_1232801,Ingénieur Informaticien,LA,25
KeyPers_LA_1232802,Cadre,LA,86
KeyPers_LA_1232803,Economiste,LA,70
KeyPers_LA_1232804,Ingénieur Data,LA,42
KeyPers_LA_1232805,Ingénieur Data,LA,30
KeyPers_LA_1232806,Ingénieur Informaticien,LA,68
KeyPers_LA_1232807,Ingénieur Informaticien,LA,60
KeyPers_LA_1232808,Ingénieur Informaticien,LA,43
KeyPers_LA_1232809,Ingénieur Informaticien,LA,59
KeyPers_LA_1232810,Ingénieur Data,LA,27
KeyPers_LA_1232811,Economiste,LA,36
KeyPers_LA_1232812,Cadre,LA,67
KeyPers_LA_1232813,Ingénieur Informaticien,LA,56
KeyPers_LA_1232814,Ingénieur Informaticien,LA,47
KeyPers_LA_1232815,Ingénieur Data,LA,66
KeyPers_LA_1232816,Cadre,LA,95
KeyPers_LA_1232817,Ingénieur Informaticien,LA,26
KeyPers_LA_1232818,Ingénieur Data,LA,53
KeyPers_LA_1232819,Ingénieur Informaticien,LA,77
KeyPers_LA_1232820,Ingénieur Data,LA,82
KeyPers_LA_1232821,DRH,LA,69
KeyPers_LA_1232822,Ingénieur Informaticien,LA,61
KeyPers_LA_1232823,Ingénieur Data,LA,71
KeyPers_LA_1232824,Ingénieur Informaticien,LA,81
KeyPers_LA_1232825,Economiste,LA,41
KeyPers_LA_1232826,Ingénieur Informaticien,LA,57
KeyPers_LA_1232827,Ingénieur Data,LA,93
KeyPers_LA_1232828,Cadre,LA,62
KeyPers_LA_1232829,Ingénieur Informaticien,LA,32
KeyPers_LA_1232830,Ingénieur Data,LA,81
KeyPers_LA_1232831,Ingénieur Informaticien,LA,56
KeyPers_LA_1232832,Ingénieur Data,LA,39
KeyPers_LA_1232833,Ingénieur Data,LA,44
KeyPers_LA_1232834,Cadre,LA,51
KeyPers_LA_1232835,Ingénieur Informaticien,LA,44
KeyPers_LA_1232836,Ingénieur Informaticien,LA,50
KeyPers_LA_1232837,Ingénieur Informaticien,LA,66
KeyPers_LA_1232838,Ingénieur Data,LA,80
KeyPers_LA_1232839,Ingénieur Informaticien,LA,58
KeyPers_LA_1232840,Ingénieur Informaticien,LA,68
KeyPers_LA_1232841,Economiste,LA,62
KeyPers_LA_1232842,Cadre,LA,89
KeyPers_LA_1232843,Ingénieur Data,LA,91
KeyPers_LA_1232844,Ingénieur Informaticien,LA,77
KeyPers_LA_1232845,Cadre,LA,47
KeyPers_LA_1232846,Ingénieur Data,LA,82
KeyPers_LA_1232847,Cadre,LA,70
KeyPers_LA_1232848,Economiste,LA,36
KeyPers_LA_1232849,Economiste,LA,35
KeyPers_LA_1232850,Ingénieur Informaticien,LA,64
KeyPers_LA_1232851,Ingénieur Informaticien,LA,64
KeyPers_LA_1232852,Ingénieur Informaticien,LA,77
KeyPers_LA_1232853,Ingénieur Informaticien,LA,93
KeyPers_LA_1232854,Cadre,LA,44
KeyPers_LA_1232855,Ingénieur Data,LA,35
KeyPers_LA_1232856,Cadre,LA,71
KeyPers_LA_1232857,Cadre,LA,93
KeyPers_LA_1232858,DRH,LA,27
KeyPers_LA_1232859,Ingénieur Data,LA,34
KeyPers_LA_1232860,Cadre,LA,69
KeyPers_LA_1232861,Ingénieur Informaticien,LA,94
KeyPers_LA_1232862,Ingénieur Informaticien,LA,40
KeyPers_LA_1232863,Economiste,LA,90
KeyPers_LA_1232864,Cadre,LA,45
KeyPers_LA_1232865,Cadre,LA,86
KeyPers_LA_1232866,Ingénieur Informaticien,LA,45
KeyPers_LA_1232867,Ingénieur Informaticien,LA,42
KeyPers_LA_1232868,Ingénieur Data,LA,70
KeyPers_LA_1232869,Ingénieur Informaticien,LA,38
KeyPers_LA_1232870,Ingénieur Data,LA,76
KeyPers_LA_1232871,Ingénieur Data,LA,31
KeyPers_LA_1232872,Ingénieur Informaticien,LA,36
KeyPers_LA_1232873,Cadre,LA,77
KeyPers_LA_1232874,Cadre,LA,29
KeyPers_LA_1232875,Cadre,LA,71
KeyPers_LA_1232876,Cadre,LA,65
KeyPers_LA_1232877,Cadre,LA,48
KeyPers_LA_1232878,Cadre,LA,33
KeyPers_LA_1232879,Ingénieur Data,LA,45
KeyPers_LA_1232880,Ingénieur Data,LA,88
KeyPers_LA_1232881,Cadre,LA,57
KeyPers_LA_1232882,Ingénieur Data,LA,35
KeyPers_LA_1232883,Ingénieur Data,LA,41
KeyPers_LA_1232884,Ingénieur Data,LA,82
KeyPers_LA_1232885,Ingénieur Informaticien,LA,35
KeyPers_LA_1232886,Ingénieur Data,LA,50
KeyPers_LA_1232887,Cadre,LA,35
KeyPers_LA_1232888,Economiste,LA,93
KeyPers_LA_1232889,Cadre,LA,59
KeyPers_LA_1232890,Ingénieur Informaticien,LA,94
KeyPers_LA_1232891,Cadre,LA,50
KeyPers_LA_1232892,Cadre,LA,77
KeyPers_LA_1232893,Economiste,LA,38
KeyPers_LA_1232894,Ingénieur Data,LA,95
KeyPers_LA_1232895,Ingénieur Data,LA,90
KeyPers_LA_1232896,Ingénieur Data,LA,37
KeyPers_LA_1232897,DRH,LA,86
KeyPers_LA_1232898,Cadre,LA,31
KeyPers_LA_1232899,Cadre,LA,59
KeyPers_LA_1232900,Ingénieur Informaticien,LA,36
KeyPers_LA_1232901,Economiste,LA,40
KeyPers_LA_1232902,Ingénieur Data,LA,86
KeyPers_LA_1232903,Ingénieur Informaticien,LA,82
KeyPers_LA_1232904,Ingénieur Data,LA,87
KeyPers_LA_1232905,Ingénieur Data,LA,30
KeyPers_LA_1232906,Ingénieur Informaticien,LA,74
KeyPers_LA_1232907,Ingénieur Data,LA,64
KeyPers_LA_1232908,Ingénieur Data,LA,42
KeyPers_LA_1232909,Ingénieur Data,LA,90
KeyPers_LA_1232910,Cadre,LA,31
KeyPers_LA_1232911,Ingénieur Informaticien,LA,52
KeyPers_LA_1232912,Ingénieur Informaticien,LA,38
KeyPers_LA_1232913,Ingénieur Data,LA,78
KeyPers_LA_1232914,Ingénieur Informaticien,LA,88
KeyPers_LA_1232915,Ingénieur Informaticien,LA,79
KeyPers_LA_1232916,Ingénieur Data,LA,93
KeyPers_LA_1232917,Ingénieur Informaticien,LA,29
KeyPers_LA_1232918,Cadre,LA,49
KeyPers_LA_1232919,Cadre,LA,83
KeyPers_LA_1232920,Economiste,LA,60
KeyPers_LA_1232921,Cadre,LA,96
KeyPers_LA_1232922,Ingénieur Informaticien,LA,27
KeyPers_LA_1232923,Ingénieur Data,LA,88
KeyPers_LA_1232924,Ingénieur Data,LA,51
KeyPers_LA_1232925,Ingénieur Data,LA,94
KeyPers_LA_1232926,Cadre,LA,48
KeyPers_LA_1232927,Ingénieur Informaticien,LA,84
KeyPers_LA_1232928,Ingénieur Data,LA,70
KeyPers_LA_1232929,Ingénieur Informaticien,LA,90
KeyPers_LA_1232930,Ingénieur Informaticien,LA,40
KeyPers_LA_1232931,Ingénieur Informaticien,LA,28
KeyPers_LA_1232932,Ingénieur Data,LA,77
KeyPers_LA_1232933,DRH,LA,49
KeyPers_LA_1232934,Ingénieur Data,LA,53
KeyPers_LA_1232935,Ingénieur Data,LA,68
KeyPers_LA_1232936,Cadre,LA,68
KeyPers_LA_1232937,Ingénieur Data,LA,96
KeyPers_LA_1232938,Economiste,LA,77
KeyPers_LA_1232939,Cadre,LA,74
KeyPers_LA_1232940,Cadre,LA,84
KeyPers_LA_1232941,Ingénieur Informaticien,LA,75
KeyPers_LA_1232942,Cadre,LA,88
KeyPers_LA_1232943,Ingénieur Data,LA,70
KeyPers_LA_1232944,Ingénieur Informaticien,LA,42
KeyPers_LA_1232945,Cadre,LA,94
KeyPers_LA_1232946,Ingénieur Data,LA,34
KeyPers_LA_1232947,Ingénieur Data,LA,26
KeyPers_LA_1232948,Cadre,LA,87
KeyPers_LA_1232949,Ingénieur Informaticien,LA,87
KeyPers_LA_1232950,Ingénieur Informaticien,LA,31
KeyPers_LA_1232951,Ingénieur Informaticien,LA,37
KeyPers_LA_1232952,Cadre,LA,52
KeyPers_LA_1232953,Ingénieur Data,LA,73
KeyPers_LA_1232954,Ingénieur Informaticien,LA,33
KeyPers_LA_1232955,Ingénieur Data,LA,89
KeyPers_LA_1232956,Cadre,LA,93
KeyPers_LA_1232957,Ingénieur Data,LA,89
KeyPers_LA_1232958,Ingénieur Data,LA,69
KeyPers_LA_1232959,Ingénieur Data,LA,37
KeyPers_LA_1232960,Ingénieur Informaticien,LA,27
KeyPers_LA_1232961,Economiste,LA,94
KeyPers_LA_1232962,Ingénieur Data,LA,29
KeyPers_LA_1232963,Ingénieur Informaticien,LA,92
KeyPers_LA_1232964,Ingénieur Informaticien,LA,58
KeyPers_LA_1232965,Ingénieur Data,LA,79
KeyPers_LA_1232966,Ingénieur Informaticien,LA,85
KeyPers_LA_1232967,Cadre,LA,57
KeyPers_LA_1232968,Ingénieur Data,LA,37
KeyPers_LA_1232969,Ingénieur Data,LA,89
KeyPers_LA_1232970,Ingénieur Data,LA,77
KeyPers_LA_1232971,Ingénieur Informaticien,LA,71
KeyPers_LA_1232972,Ingénieur Informaticien,LA,67
KeyPers_LA_1232973,Ingénieur Data,LA,76
KeyPers_LA_1232974,Ingénieur Data,LA,25
KeyPers_LA_1232975,DRH,LA,86
KeyPers_LA_1232976,Ingénieur Data,LA,62
KeyPers_LA_1232977,Ingénieur Informaticien,LA,58
KeyPers_LA_1232978,Ingénieur Informaticien,LA,65
KeyPers_LA_1232979,Ingénieur Data,LA,94
KeyPers_LA_1232980,Ingénieur Informaticien,LA,41
KeyPers_LA_1232981,Ingénieur Informaticien,LA,85
KeyPers_LA_1232982,Economiste,LA,43
KeyPers_LA_1232983,Ingénieur Data,LA,75
KeyPers_LA_1232984,Ingénieur Data,LA,26
KeyPers_LA_1232985,Ingénieur Informaticien,LA,70
KeyPers_LA_1232986,Ingénieur Data,LA,55
KeyPers_LA_1232987,Ingénieur Informaticien,LA,91
KeyPers_LA_1232988,Ingénieur Data,LA,91
KeyPers_LA_1232989,Ingénieur Informaticien,LA,41
KeyPers_LA_1232990,Ingénieur Data,LA,88
KeyPers_LA_1232991,Ingénieur Informaticien,LA,32
KeyPers_LA_1232992,Ingénieur Data,LA,76
KeyPers_LA_1232993,Cadre,LA,90
KeyPers_LA_1232994,Ingénieur Data,LA,60
KeyPers_LA_1232995,Ingénieur Data,LA,62
KeyPers_LA_1232996,Ingénieur Informaticien,LA,51
KeyPers_LA_1232997,Ingénieur Informaticien,LA,33
KeyPers_LA_1232998,Cadre,LA,78
KeyPers_LA_1232999,Ingénieur Data,LA,26
KeyPers_LA_1233000,Ingénieur Informaticien,LA,82
KeyPers_LA_1233001,Ingénieur Data,LA,57
KeyPers_LA_1233002,Ingénieur Data,LA,46
KeyPers_LA_1233003,Ingénieur Informaticien,LA,32
KeyPers_LA_1233004,Ingénieur Data,LA,81
KeyPers_LA_1233005,Ingénieur Informaticien,LA,75
KeyPers_LA_1233006,Ingénieur Data,LA,47
KeyPers_LA_1233007,Economiste,LA,57
KeyPers_LA_1233008,Ingénieur Data,LA,88
KeyPers_LA_1233009,Ingénieur Data,LA,43
KeyPers_LA_1233010,Economiste,LA,50
KeyPers_LA_1233011,Ingénieur Data,LA,27
KeyPers_LA_1233012,Ingénieur Informaticien,LA,74
KeyPers_LA_1233013,Ingénieur Informaticien,LA,42
KeyPers_LA_1233014,Ingénieur Informaticien,LA,78
KeyPers_LA_1233015,Ingénieur Informaticien,LA,42
KeyPers_LA_1233016,Cadre,LA,82
KeyPers_LA_1233017,Ingénieur Data,LA,95
KeyPers_LA_1233018,Ingénieur Data,LA,75
KeyPers_LA_1233019,Ingénieur Informaticien,LA,54
KeyPers_LA_1233020,Ingénieur Data,LA,30
KeyPers_LA_1233021,Cadre,LA,59
KeyPers_LA_1233022,Cadre,LA,83
KeyPers_LA_1233023,Ingénieur Informaticien,LA,93
KeyPers_LA_1233024,Ingénieur Informaticien,LA,55
KeyPers_LA_1233025,Ingénieur Data,LA,75
KeyPers_LA_1233026,Ingénieur Informaticien,LA,64
KeyPers_London_1230000,Ingénieur Data,London,52
KeyPers_London_1230001,Ingénieur Data,London,56
KeyPers_London_1230002,Ingénieur Data,London,33
KeyPers_London_1230003,Cadre,London,93
KeyPers_London_1230004,Ingénieur Data,London,34
KeyPers_London_1230005,Ingénieur Informaticien,London,26
KeyPers_London_1230006,Economiste,London,42
KeyPers_London_1230007,Ingénieur Data,London,78
KeyPers_London_1230008,Ingénieur Data,London,34
KeyPers_London_1230009,Ingénieur Data,London,47
KeyPers_London_1230010,Ingénieur Informaticien,London,94
KeyPers_London_1230011,Ingénieur Informaticien,London,88
KeyPers_London_1230012,Ingénieur Data,London,38
KeyPers_London_1230013,Ingénieur Informaticien,London,76
KeyPers_London_1230014,Ingénieur Informaticien,London,24
KeyPers_London_1230015,Ingénieur Data,London,58
KeyPers_London_1230016,Ingénieur Informaticien,London,87
KeyPers_London_1230017,Ingénieur Informaticien,London,80
KeyPers_London_1230018,Ingénieur Informaticien,London,94
KeyPers_London_1230019,Ingénieur Data,London,84
KeyPers_London_1230020,Economiste,London,49
KeyPers_London_1230021,Ingénieur Data,London,43
KeyPers_London_1230022,Cadre,London,31
KeyPers_London_1230023,Ingénieur Data,London,31
KeyPers_London_1230024,Ingénieur Data,London,72
KeyPers_London_1230025,Ingénieur Data,London,88
KeyPers_London_1230026,Ingénieur Informaticien,London,25
KeyPers_London_1230027,Ingénieur Data,London,88
KeyPers_London_1230028,Ingénieur Informaticien,London,63
KeyPers_London_1230029,Ingénieur Informaticien,London,47
KeyPers_London_1230030,Ingénieur Informaticien,London,63
KeyPers_London_1230031,Ingénieur Data,London,68
KeyPers_London_1230032,Ingénieur Informaticien,London,37
KeyPers_London_1230033,Ingénieur Data,London,80
KeyPers_London_1230034,Ingénieur Data,London,39
KeyPers_London_1230035,Ingénieur Data,London,28
KeyPers_London_1230036,Ingénieur Informaticien,London,70
KeyPers_London_1230037,Ingénieur Informaticien,London,95
KeyPers_London_1230038,Ingénieur Data,London,80
KeyPers_London_1230039,Ingénieur Informaticien,London,52
KeyPers_London_1230040,Cadre,London,69
KeyPers_London_1230041,Ingénieur Data,London,71
KeyPers_London_1230042,Ingénieur Informaticien,London,81
KeyPers_London_1230043,Cadre,London,89
KeyPers_London_1230044,Ingénieur Data,London,49
KeyPers_London_1230045,Ingénieur Informaticien,London,44
KeyPers_London_1230046,Ingénieur Data,London,26
KeyPers_London_1230047,Ingénieur Data,London,81
KeyPers_London_1230048,Economiste,London,67
KeyPers_London_1230049,Ingénieur Data,London,63
KeyPers_London_1230050,Ingénieur Data,London,41
KeyPers_London_1230051,Ingénieur Informaticien,London,54
KeyPers_London_1230052,Ingénieur Informaticien,London,75
KeyPers_London_1230053,Cadre,London,60
KeyPers_London_1230054,Economiste,London,84
KeyPers_London_1230055,Ingénieur Informaticien,London,88
KeyPers_London_1230056,Ingénieur Informaticien,London,47
KeyPers_London_1230057,Cadre,London,94
KeyPers_London_1230058,Ingénieur Data,London,70
KeyPers_London_1230059,Ingénieur Informaticien,London,87
KeyPers_London_1230060,Ingénieur Informaticien,London,69
KeyPers_London_1230061,Ingénieur Informaticien,London,54
KeyPers_London_1230062,Ingénieur Data,London,84
KeyPers_London_1230063,Cadre,London,54
KeyPers_London_1230064,Ingénieur Informaticien,London,32
KeyPers_London_1230065,Ingénieur Data,London,95
KeyPers_London_1230066,Ingénieur Data,London,49
KeyPers_London_1230067,Cadre,London,24
KeyPers_London_1230068,Ingénieur Data,London,45
KeyPers_London_1230069,Cadre,London,26
KeyPers_London_1230070,Cadre,London,49
KeyPers_London_1230071,Cadre,London,59
KeyPers_London_1230072,Ingénieur Data,London,94
KeyPers_London_1230073,Ingénieur Data,London,77
KeyPers_London_1230074,Ingénieur Data,London,93
KeyPers_London_1230075,Ingénieur Informaticien,London,94
KeyPers_London_1230076,Ingénieur Informaticien,London,49
KeyPers_London_1230077,Ingénieur Data,London,46
KeyPers_London_1230078,Ingénieur Data,London,77
KeyPers_London_1230079,Ingénieur Data,London,87
KeyPers_London_1230080,DRH,London,53
KeyPers_London_1230081,Ingénieur Data,London,86
KeyPers_London_1230082,Ingénieur Data,London,51
KeyPers_London_1230083,Ingénieur Informaticien,London,64
KeyPers_London_1230084,Economiste,London,53
KeyPers_London_1230085,Cadre,London,39
KeyPers_London_1230086,Cadre,London,65
KeyPers_London_1230087,Ingénieur Informaticien,London,53
KeyPers_London_1230088,Ingénieur Informaticien,London,43
KeyPers_London_1230089,Ingénieur Informaticien,London,70
KeyPers_London_1230090,Ingénieur Data,London,77
KeyPers_London_1230091,Ingénieur Informaticien,London,45
KeyPers_London_1230092,Ingénieur Data,London,35
KeyPers_London_1230093,Ingénieur Informaticien,London,95
KeyPers_London_1230094,Ingénieur Informaticien,London,94
KeyPers_London_1230095,Cadre,London,83
KeyPers_London_1230096,Ingénieur Informaticien,London,72
KeyPers_London_1230097,Ingénieur Informaticien,London,63
KeyPers_London_1230098,Cadre,London,68
KeyPers_London_1230099,Ingénieur Data,London,79
KeyPers_London_1230100,Cadre,London,64
KeyPers_London_1230101,Ingénieur Data,London,73
KeyPers_London_1230102,Ingénieur Data,London,79
KeyPers_London_1230103,Economiste,London,93
KeyPers_London_1230104,Ingénieur Informaticien,London,63
KeyPers_London_1230105,Cadre,London,86
KeyPers_London_1230106,Cadre,London,91
KeyPers_London_1230107,Ingénieur Data,London,86
KeyPers_London_1230108,Ingénieur Informaticien,London,71
KeyPers_London_1230109,Ingénieur Informaticien,London,46
KeyPers_London_1230110,Ingénieur Informaticien,London,44
KeyPers_London_1230111,Ingénieur Informaticien,London,25
KeyPers_London_1230112,Ingénieur Data,London,38
KeyPers_London_1230113,Cadre,London,95
KeyPers_London_1230114,Ingénieur Data,London,44
KeyPers_London_1230115,Ingénieur Informaticien,London,42
KeyPers_London_1230116,Ingénieur Informaticien,London,48
KeyPers_London_1230117,Ingénieur Data,London,37
KeyPers_London_1230118,Ingénieur Informaticien,London,59
KeyPers_London_1230119,Ingénieur Data,London,55
KeyPers_London_1230120,Ingénieur Informaticien,London,55
KeyPers_London_1230121,Cadre,London,64
KeyPers_London_1230122,Ingénieur Informaticien,London,80
KeyPers_London_1230123,Cadre,London,44
KeyPers_London_1230124,Ingénieur Informaticien,London,87
KeyPers_London_1230125,Ingénieur Informaticien,London,72
KeyPers_London_1230126,Cadre,London,47
KeyPers_London_1230127,Ingénieur Informaticien,London,41
KeyPers_London_1230128,Ingénieur Data,London,82
KeyPers_London_1230129,Ingénieur Informaticien,London,59
KeyPers_London_1230130,Cadre,London,38
KeyPers_London_1230131,Ingénieur Data,London,67
KeyPers_London_1230132,Cadre,London,35
KeyPers_London_1230133,Ingénieur Informaticien,London,48
KeyPers_London_1230134,Cadre,London,39
KeyPers_London_1230135,Cadre,London,61
KeyPers_London_1230136,Ingénieur Informaticien,London,77
KeyPers_London_1230137,Ingénieur Informaticien,London,76
KeyPers_London_1230138,DRH,London,67
KeyPers_London_1230139,Cadre,London,77
KeyPers_London_1230140,Cadre,London,76
KeyPers_London_1230141,Ingénieur Data,London,49
KeyPers_London_1230142,Ingénieur Informaticien,London,48
KeyPers_London_1230143,Cadre,London,30
KeyPers_London_1230144,Ingénieur Informaticien,London,62
KeyPers_London_1230145,Ingénieur Informaticien,London,77
KeyPers_London_1230146,Ingénieur Informaticien,London,49
KeyPers_London_1230147,Economiste,London,56
KeyPers_London_1230148,Ingénieur Informaticien,London,35
KeyPers_London_1230149,Cadre,London,33
KeyPers_London_1230150,Ingénieur Data,London,87
KeyPers_London_1230151,Ingénieur Informaticien,London,29
KeyPers_London_1230152,Ingénieur Informaticien,London,43
KeyPers_London_1230153,Ingénieur Informaticien,London,41
KeyPers_London_1230154,Ingénieur Informaticien,London,59
KeyPers_London_1230155,Ingénieur Data,London,31
KeyPers_London_1230156,Ingénieur Informaticien,London,72
KeyPers_London_1230157,Ingénieur Informaticien,London,49
KeyPers_London_1230158,Ingénieur Data,London,46
KeyPers_London_1230159,Ingénieur Data,London,45
KeyPers_London_1230160,Ingénieur Data,London,91
KeyPers_London_1230161,Ingénieur Data,London,49
KeyPers_London_1230162,Cadre,London,57
KeyPers_London_1230163,Ingénieur Informaticien,London,66
KeyPers_London_1230164,Economiste,London,59
KeyPers_London_1230165,Ingénieur Data,London,26
KeyPers_London_1230166,Economiste,London,60
KeyPers_London_1230167,Ingénieur Informaticien,London,27
KeyPers_London_1230168,Ingénieur Informaticien,London,56
KeyPers_London_1230169,Ingénieur Informaticien,London,85
KeyPers_London_1230170,Ingénieur Data,London,83
KeyPers_London_1230171,Ingénieur Informaticien,London,80
KeyPers_London_1230172,Ingénieur Data,London,26
KeyPers_London_1230173,Economiste,London,85
KeyPers_London_1230174,Ingénieur Data,London,68
KeyPers_London_1230175,Cadre,London,91
KeyPers_London_1230176,Ingénieur Informaticien,London,29
KeyPers_London_1230177,Ingénieur Informaticien,London,74
KeyPers_London_1230178,Ingénieur Data,London,48
KeyPers_London_1230179,Ingénieur Informaticien,London,84
KeyPers_London_1230180,Ingénieur Informaticien,London,26
KeyPers_London_1230181,Economiste,London,34
KeyPers_London_1230182,Cadre,London,41
KeyPers_London_1230183,Ingénieur Data,London,43
KeyPers_London_1230184,Cadre,London,63
KeyPers_London_1230185,Economiste,London,65
KeyPers_London_1230186,Ingénieur Informaticien,London,54
KeyPers_London_1230187,Ingénieur Informaticien,London,83
KeyPers_London_1230188,Ingénieur Informaticien,London,73
KeyPers_London_1230189,Ingénieur Data,London,83
KeyPers_London_1230190,Cadre,London,57
KeyPers_London_1230191,Ingénieur Informaticien,London,62
KeyPers_London_1230192,Cadre,London,71
KeyPers_London_1230193,Ingénieur Data,London,87
KeyPers_London_1230194,Ingénieur Informaticien,London,28
KeyPers_London_1230195,Ingénieur Data,London,33
KeyPers_London_1230196,Ingénieur Data,London,48
KeyPers_London_1230197,Ingénieur Informaticien,London,37
KeyPers_London_1230198,Ingénieur Data,London,28
KeyPers_London_1230199,Ingénieur Informaticien,London,72
KeyPers_London_1230200,Ingénieur Informaticien,London,35
KeyPers_London_1230201,Ingénieur Data,London,40
KeyPers_London_1230202,Ingénieur Informaticien,London,56
KeyPers_London_1230203,Ingénieur Data,London,53
KeyPers_London_1230204,Cadre,London,47
KeyPers_London_1230205,Ingénieur Informaticien,London,88
KeyPers_London_1230206,Ingénieur Informaticien,London,78
KeyPers_London_1230207,Ingénieur Informaticien,London,80
KeyPers_London_1230208,Ingénieur Data,London,72
KeyPers_London_1230209,Cadre,London,51
KeyPers_London_1230210,Ingénieur Data,London,36
KeyPers_London_1230211,Economiste,London,73
KeyPers_London_1230212,Ingénieur Data,London,41
KeyPers_London_1230213,Ingénieur Informaticien,London,44
KeyPers_London_1230214,Cadre,London,52
KeyPers_London_1230215,Ingénieur Data,London,84
KeyPers_London_1230216,Ingénieur Data,London,89
KeyPers_London_1230217,Economiste,London,71
KeyPers_London_1230218,Cadre,London,67
KeyPers_London_1230219,Economiste,London,93
KeyPers_London_1230220,Ingénieur Informaticien,London,75
KeyPers_London_1230221,Ingénieur Data,London,66
KeyPers_London_1230222,Ingénieur Informaticien,London,78
KeyPers_London_1230223,Ingénieur Data,London,33
KeyPers_London_1230224,Ingénieur Data,London,28
KeyPers_London_1230225,Ingénieur Informaticien,London,45
KeyPers_London_1230226,Ingénieur Informaticien,London,84
KeyPers_London_1230227,Ingénieur Informaticien,London,91
KeyPers_London_1230228,Ingénieur Informaticien,London,65
KeyPers_London_1230229,Ingénieur Data,London,40
KeyPers_London_1230230,Ingénieur Data,London,55
KeyPers_London_1230231,Ingénieur Informaticien,London,39
KeyPers_London_1230232,Ingénieur Data,London,28
KeyPers_London_1230233,Ingénieur Data,London,38
KeyPers_London_1230234,Ingénieur Informaticien,London,54
KeyPers_London_1230235,Ingénieur Data,London,67
KeyPers_London_1230236,Ingénieur Informaticien,London,95
KeyPers_London_1230237,Ingénieur Informaticien,London,76
KeyPers_London_1230238,Ingénieur Informaticien,London,25
KeyPers_London_1230239,Ingénieur Data,London,60
KeyPers_London_1230240,Ingénieur Informaticien,London,49
KeyPers_London_1230241,Ingénieur Informaticien,London,69
KeyPers_London_1230242,Ingénieur Data,London,95
KeyPers_London_1230243,Ingénieur Informaticien,London,36
KeyPers_London_1230244,Cadre,London,27
KeyPers_London_1230245,Ingénieur Informaticien,London,81
KeyPers_London_1230246,Ingénieur Data,London,62
KeyPers_London_1230247,Ingénieur Informaticien,London,80
KeyPers_London_1230248,Economiste,London,48
KeyPers_London_1230249,Ingénieur Informaticien,London,62
KeyPers_London_1230250,Ingénieur Informaticien,London,45
KeyPers_London_1230251,Ingénieur Data,London,47
KeyPers_London_1230252,Ingénieur Informaticien,London,75
KeyPers_London_1230253,Ingénieur Informaticien,London,33
KeyPers_London_1230254,Cadre,London,62
KeyPers_London_1230255,Ingénieur Data,London,62
KeyPers_London_1230256,Ingénieur Data,London,89
KeyPers_London_1230257,Ingénieur Informaticien,London,69
KeyPers_London_1230258,Ingénieur Informaticien,London,69
KeyPers_London_1230259,Ingénieur Data,London,61
KeyPers_London_1230260,Ingénieur Informaticien,London,63
KeyPers_London_1230261,Ingénieur Data,London,32
KeyPers_London_1230262,Cadre,London,29
KeyPers_London_1230263,Ingénieur Informaticien,London,91
KeyPers_London_1230264,DRH,London,54
KeyPers_London_1230265,Cadre,London,29
KeyPers_London_1230266,Ingénieur Informaticien,London,48
KeyPers_London_1230267,Ingénieur Data,London,93
KeyPers_London_1230268,Ingénieur Data,London,88
KeyPers_London_1230269,Ingénieur Data,London,70
KeyPers_London_1230270,Ingénieur Data,London,62
KeyPers_London_1230271,Ingénieur Informaticien,London,73
KeyPers_London_1230272,Cadre,London,66
KeyPers_London_1230273,Cadre,London,60
KeyPers_London_1230274,Cadre,London,45
KeyPers_London_1230275,Ingénieur Informaticien,London,43
KeyPers_London_1230276,Ingénieur Informaticien,London,49
KeyPers_London_1230277,DRH,London,33
KeyPers_London_1230278,Ingénieur Data,London,55
KeyPers_London_1230279,Cadre,London,59
KeyPers_London_1230280,Ingénieur Data,London,31
KeyPers_London_1230281,Economiste,London,55
KeyPers_London_1230282,Ingénieur Informaticien,London,57
KeyPers_London_1230283,Ingénieur Data,London,79
KeyPers_London_1230284,Ingénieur Data,London,38
KeyPers_London_1230285,Ingénieur Informaticien,London,34
KeyPers_London_1230286,Ingénieur Informaticien,London,74
KeyPers_London_1230287,Ingénieur Data,London,27
KeyPers_London_1230288,Ingénieur Data,London,95
KeyPers_London_1230289,Cadre,London,31
KeyPers_London_1230290,Ingénieur Informaticien,London,92
KeyPers_London_1230291,Ingénieur Informaticien,London,64
KeyPers_London_1230292,Ingénieur Informaticien,London,93
KeyPers_London_1230293,Ingénieur Data,London,76
KeyPers_London_1230294,Economiste,London,73
KeyPers_London_1230295,Ingénieur Informaticien,London,88
KeyPers_London_1230296,Ingénieur Data,London,44
KeyPers_London_1230297,Ingénieur Informaticien,London,65
KeyPers_London_1230298,Cadre,London,29
KeyPers_London_1230299,Ingénieur Informaticien,London,39
KeyPers_London_1230300,Ingénieur Data,London,83
KeyPers_London_1230301,Ingénieur Informaticien,London,93
KeyPers_London_1230302,Cadre,London,57
KeyPers_London_1230303,Ingénieur Informaticien,London,68
KeyPers_London_1230304,Cadre,London,66
KeyPers_London_1230305,Economiste,London,35
KeyPers_London_1230306,Cadre,London,77
KeyPers_London_1230307,Economiste,London,87
KeyPers_London_1230308,Ingénieur Informaticien,London,45
KeyPers_London_1230309,Ingénieur Data,London,63
KeyPers_London_1230310,Ingénieur Informaticien,London,60
KeyPers_London_1230311,DRH,London,65
KeyPers_London_1230312,Ingénieur Data,London,27
KeyPers_London_1230313,Ingénieur Informaticien,London,75
KeyPers_London_1230314,DRH,London,27
KeyPers_London_1230315,Ingénieur Informaticien,London,79
KeyPers_London_1230316,Cadre,London,34
KeyPers_London_1230317,Ingénieur Data,London,65
KeyPers_London_1230318,Cadre,London,36
KeyPers_London_1230319,Ingénieur Informaticien,London,39
KeyPers_London_1230320,Ingénieur Data,London,81
KeyPers_London_1230321,Cadre,London,48
KeyPers_London_1230322,Cadre,London,88
KeyPers_London_1230323,Ingénieur Informaticien,London,38
KeyPers_London_1230324,Ingénieur Informaticien,London,33
KeyPers_London_1230325,Ingénieur Data,London,53
KeyPers_London_1230326,Ingénieur Informaticien,London,91
KeyPers_London_1230327,Ingénieur Informaticien,London,44
KeyPers_London_1230328,Ingénieur Informaticien,London,32
KeyPers_London_1230329,Cadre,London,83
KeyPers_London_1230330,Ingénieur Data,London,27
KeyPers_London_1230331,Ingénieur Informaticien,London,57
KeyPers_London_1230332,Ingénieur Informaticien,London,85
KeyPers_London_1230333,Ingénieur Informaticien,London,95
KeyPers_London_1230334,Cadre,London,64
KeyPers_London_1230335,Ingénieur Informaticien,London,58
KeyPers_London_1230336,Ingénieur Informaticien,London,47
KeyPers_London_1230337,Ingénieur Data,London,53
KeyPers_London_1230338,Cadre,London,74
KeyPers_London_1230339,Cadre,London,43
KeyPers_London_1230340,Cadre,London,80
KeyPers_London_1230341,Ingénieur Data,London,31
KeyPers_London_1230342,Ingénieur Data,London,73
KeyPers_London_1230343,Ingénieur Data,London,77
KeyPers_London_1230344,DRH,London,90
KeyPers_London_1230345,Cadre,London,84
KeyPers_London_1230346,Ingénieur Data,London,32
KeyPers_London_1230347,Economiste,London,72
KeyPers_London_1230348,Economiste,London,61
KeyPers_London_1230349,Ingénieur Data,London,26
KeyPers_London_1230350,Ingénieur Informaticien,London,78
KeyPers_London_1230351,Ingénieur Informaticien,London,34
KeyPers_London_1230352,DRH,London,42
KeyPers_London_1230353,DRH,London,85
KeyPers_London_1230354,Cadre,London,26
KeyPers_London_1230355,Ingénieur Data,London,78
KeyPers_London_1230356,Cadre,London,27
KeyPers_London_1230357,Ingénieur Data,London,92
KeyPers_London_1230358,Ingénieur Data,London,51
KeyPers_London_1230359,Ingénieur Informaticien,London,77
KeyPers_London_1230360,Ingénieur Informaticien,London,87
KeyPers_London_1230361,Cadre,London,65
KeyPers_London_1230362,Ingénieur Informaticien,London,63
KeyPers_London_1230363,Economiste,London,28
KeyPers_London_1230364,Ingénieur Data,London,51
KeyPers_London_1230365,Ingénieur Informaticien,London,48
KeyPers_London_1230366,Ingénieur Informaticien,London,82
KeyPers_London_1230367,Ingénieur Data,London,35
KeyPers_London_1230368,Ingénieur Informaticien,London,64
KeyPers_London_1230369,Ingénieur Data,London,94
KeyPers_London_1230370,Ingénieur Data,London,30
KeyPers_London_1230371,Ingénieur Data,London,73
KeyPers_London_1230372,Ingénieur Data,London,94
KeyPers_London_1230373,Ingénieur Informaticien,London,46
KeyPers_London_1230374,Ingénieur Data,London,51
KeyPers_London_1230375,Ingénieur Data,London,42
KeyPers_London_1230376,Ingénieur Informaticien,London,84
KeyPers_London_1230377,Cadre,London,39
KeyPers_London_1230378,Economiste,London,57
KeyPers_London_1230379,Ingénieur Informaticien,London,77
KeyPers_London_1230380,Ingénieur Informaticien,London,75
KeyPers_London_1230381,Ingénieur Informaticien,London,77
KeyPers_London_1230382,Cadre,London,35
KeyPers_London_1230383,Ingénieur Data,London,79
KeyPers_London_1230384,Ingénieur Informaticien,London,44
KeyPers_London_1230385,Economiste,London,73
KeyPers_London_1230386,Ingénieur Data,London,76
KeyPers_London_1230387,Ingénieur Informaticien,London,75
KeyPers_London_1230388,Ingénieur Informaticien,London,34
KeyPers_London_1230389,Ingénieur Informaticien,London,68
KeyPers_London_1230390,Ingénieur Informaticien,London,90
KeyPers_London_1230391,Ingénieur Informaticien,London,90
KeyPers_London_1230392,Ingénieur Data,London,36
KeyPers_London_1230393,Cadre,London,30
KeyPers_London_1230394,Cadre,London,75
KeyPers_London_1230395,Cadre,London,47
KeyPers_London_1230396,Ingénieur Data,London,66
KeyPers_London_1230397,Cadre,London,75
KeyPers_London_1230398,Economiste,London,38
KeyPers_London_1230399,Cadre,London,52
KeyPers_London_1230400,Ingénieur Data,London,58
KeyPers_London_1230401,Ingénieur Data,London,26
KeyPers_London_1230402,Economiste,London,43
KeyPers_London_1230403,Ingénieur Informaticien,London,93
KeyPers_London_1230404,Cadre,London,83
KeyPers_London_1230405,Ingénieur Data,London,82
KeyPers_London_1230406,Ingénieur Informaticien,London,35
KeyPers_London_1230407,Ingénieur Informaticien,London,47
KeyPers_London_1230408,Ingénieur Data,London,36
KeyPers_London_1230409,Cadre,London,67
KeyPers_London_1230410,Ingénieur Informaticien,London,64
KeyPers_London_1230411,Ingénieur Informaticien,London,93
KeyPers_London_1230412,Ingénieur Informaticien,London,63
KeyPers_London_1230413,Ingénieur Informaticien,London,67
KeyPers_London_1230414,Ingénieur Data,London,62
KeyPers_London_1230415,Ingénieur Informaticien,London,66
KeyPers_London_1230416,Ingénieur Informaticien,London,74
KeyPers_London_1230417,Economiste,London,86
KeyPers_London_1230418,Ingénieur Informaticien,London,87
KeyPers_London_1230419,Ingénieur Informaticien,London,86
KeyPers_London_1230420,Ingénieur Data,London,83
KeyPers_London_1230421,Economiste,London,93
KeyPers_London_1230422,Ingénieur Data,London,45
KeyPers_London_1230423,Cadre,London,73
KeyPers_London_1230424,Ingénieur Informaticien,London,32
KeyPers_London_1230425,Ingénieur Informaticien,London,89
KeyPers_London_1230426,Ingénieur Data,London,96
KeyPers_London_1230427,Ingénieur Informaticien,London,95
KeyPers_London_1230428,Economiste,London,55
KeyPers_London_1230429,Cadre,London,71
KeyPers_London_1230430,Ingénieur Informaticien,London,95
KeyPers_London_1230431,Ingénieur Data,London,77
KeyPers_London_1230432,Ingénieur Data,London,90
KeyPers_London_1230433,Ingénieur Data,London,78
KeyPers_London_1230434,Ingénieur Data,London,69
KeyPers_London_1230435,Ingénieur Data,London,66
KeyPers_London_1230436,Cadre,London,76
KeyPers_London_1230437,Ingénieur Informaticien,London,24
KeyPers_London_1230438,Ingénieur Informaticien,London,83
KeyPers_London_1230439,Ingénieur Data,London,37
KeyPers_London_1230440,Ingénieur Informaticien,London,81
KeyPers_London_1230441,Ingénieur Data,London,67
KeyPers_London_1230442,Cadre,London,24
KeyPers_London_1230443,Cadre,London,80
KeyPers_London_1230444,Economiste,London,66
KeyPers_London_1230445,Ingénieur Data,London,63
KeyPers_London_1230446,Ingénieur Informaticien,London,93
KeyPers_London_1230447,Ingénieur Informaticien,London,89
KeyPers_London_1230448,Ingénieur Data,London,33
KeyPers_London_1230449,DRH,London,47
KeyPers_London_1230450,Ingénieur Data,London,57
KeyPers_London_1230451,Cadre,London,72
KeyPers_London_1230452,Economiste,London,37
KeyPers_London_1230453,Ingénieur Informaticien,London,72
KeyPers_London_1230454,Ingénieur Data,London,72
KeyPers_London_1230455,Ingénieur Informaticien,London,38
KeyPers_London_1230456,Ingénieur Data,London,54
KeyPers_London_1230457,Cadre,London,72
KeyPers_London_1230458,Ingénieur Data,London,60
KeyPers_London_1230459,Ingénieur Informaticien,London,65
KeyPers_London_1230460,Ingénieur Data,London,26
KeyPers_London_1230461,Ingénieur Data,London,89
KeyPers_London_1230462,Cadre,London,87
KeyPers_London_1230463,Ingénieur Informaticien,London,33
KeyPers_London_1230464,Ingénieur Data,London,80
KeyPers_London_1230465,Cadre,London,56
KeyPers_London_1230466,Ingénieur Informaticien,London,25
KeyPers_London_1230467,Cadre,London,36
KeyPers_London_1230468,Ingénieur Data,London,54
KeyPers_London_1230469,Ingénieur Data,London,26
KeyPers_London_1230470,Ingénieur Data,London,89
KeyPers_London_1230471,Ingénieur Data,London,82
KeyPers_London_1230472,Ingénieur Informaticien,London,71
KeyPers_London_1230473,Ingénieur Data,London,67
KeyPers_London_1230474,Cadre,London,89
KeyPers_London_1230475,Cadre,London,39
KeyPers_London_1230476,Economiste,London,87
KeyPers_London_1230477,Ingénieur Informaticien,London,41
KeyPers_London_1230478,Ingénieur Data,London,58
KeyPers_London_1230479,Ingénieur Data,London,54
KeyPers_London_1230480,Ingénieur Informaticien,London,54
KeyPers_London_1230481,Economiste,London,59
KeyPers_London_1230482,Ingénieur Informaticien,London,67
KeyPers_London_1230483,DRH,London,29
KeyPers_London_1230484,Ingénieur Data,London,94
KeyPers_London_1230485,Ingénieur Data,London,86
KeyPers_London_1230486,DRH,London,73
KeyPers_London_1230487,Economiste,London,77
KeyPers_London_1230488,Ingénieur Data,London,92
KeyPers_London_1230489,Ingénieur Data,London,87
KeyPers_London_1230490,Ingénieur Informaticien,London,80
KeyPers_London_1230491,Ingénieur Data,London,46
KeyPers_London_1230492,Cadre,London,35
KeyPers_London_1230493,Cadre,London,65
KeyPers_London_1230494,Ingénieur Data,London,77
KeyPers_London_1230495,Ingénieur Informaticien,London,72
KeyPers_London_1230496,Ingénieur Informaticien,London,67
KeyPers_London_1230497,Economiste,London,51
KeyPers_London_1230498,Ingénieur Informaticien,London,27
KeyPers_London_1230499,Ingénieur Informaticien,London,39
KeyPers_London_1230500,Ingénieur Informaticien,London,39
KeyPers_London_1230501,Ingénieur Data,London,94
KeyPers_London_1230502,Ingénieur Data,London,71
KeyPers_London_1230503,Ingénieur Data,London,64
KeyPers_London_1230504,Cadre,London,33
KeyPers_London_1230505,Ingénieur Data,London,76
KeyPers_London_1230506,Ingénieur Data,London,69
KeyPers_London_1230507,Ingénieur Data,London,69
KeyPers_London_1230508,DRH,London,60
KeyPers_London_1230509,Ingénieur Data,London,43
KeyPers_London_1230510,Cadre,London,40
KeyPers_London_1230511,Ingénieur Informaticien,London,51
KeyPers_London_1230512,Ingénieur Data,London,49
KeyPers_London_1230513,Cadre,London,43
KeyPers_London_1230514,Ingénieur Informaticien,London,39
KeyPers_London_1230515,Ingénieur Data,London,63
KeyPers_London_1230516,Ingénieur Informaticien,London,74
KeyPers_London_1230517,Ingénieur Data,London,65
KeyPers_London_1230518,Cadre,London,83
KeyPers_London_1230519,Ingénieur Informaticien,London,81
KeyPers_London_1230520,Cadre,London,78
KeyPers_London_1230521,Economiste,London,57
KeyPers_London_1230522,Ingénieur Data,London,46
KeyPers_London_1230523,Ingénieur Informaticien,London,68
KeyPers_London_1230524,Ingénieur Informaticien,London,34
KeyPers_London_1230525,Ingénieur Data,London,53
KeyPers_London_1230526,Ingénieur Informaticien,London,93
KeyPers_London_1230527,Cadre,London,68
KeyPers_London_1230528,Ingénieur Informaticien,London,66
KeyPers_London_1230529,Ingénieur Informaticien,London,50
KeyPers_London_1230530,Ingénieur Informaticien,London,35
KeyPers_London_1230531,Ingénieur Data,London,45
KeyPers_London_1230532,Ingénieur Informaticien,London,36
KeyPers_London_1230533,Ingénieur Informaticien,London,81
KeyPers_London_1230534,Ingénieur Data,London,86
KeyPers_London_1230535,Ingénieur Data,London,81
KeyPers_London_1230536,Ingénieur Data,London,52
KeyPers_London_1230537,Ingénieur Informaticien,London,62
KeyPers_London_1230538,Ingénieur Informaticien,London,53
KeyPers_London_1230539,Ingénieur Data,London,45
KeyPers_London_1230540,Ingénieur Informaticien,London,26
KeyPers_London_1230541,Ingénieur Data,London,46
KeyPers_London_1230542,Ingénieur Informaticien,London,25
KeyPers_London_1230543,Ingénieur Data,London,32
KeyPers_London_1230544,Ingénieur Data,London,76
KeyPers_London_1230545,Economiste,London,88
KeyPers_London_1230546,Ingénieur Data,London,64
KeyPers_London_1230547,Economiste,London,44
KeyPers_London_1230548,Ingénieur Informaticien,London,67
KeyPers_London_1230549,Ingénieur Informaticien,London,58
KeyPers_London_1230550,Ingénieur Data,London,72
KeyPers_London_1230551,Ingénieur Informaticien,London,94
KeyPers_London_1230552,Ingénieur Informaticien,London,56
KeyPers_London_1230553,Ingénieur Data,London,87
KeyPers_London_1230554,Ingénieur Data,London,67
KeyPers_London_1230555,Cadre,London,66
KeyPers_London_1230556,Ingénieur Informaticien,London,89
KeyPers_London_1230557,Ingénieur Data,London,26
KeyPers_London_1230558,Cadre,London,24
KeyPers_London_1230559,Cadre,London,63
KeyPers_London_1230560,Economiste,London,31
KeyPers_London_1230561,Ingénieur Informaticien,London,66
KeyPers_London_1230562,Ingénieur Informaticien,London,78
KeyPers_London_1230563,Ingénieur Data,London,95
KeyPers_London_1230564,Ingénieur Data,London,42
KeyPers_London_1230565,Ingénieur Data,London,57
KeyPers_London_1230566,Ingénieur Informaticien,London,42
KeyPers_London_1230567,Ingénieur Data,London,41
KeyPers_London_1230568,Ingénieur Data,London,62
KeyPers_London_1230569,Cadre,London,42
KeyPers_London_1230570,Ingénieur Data,London,32
KeyPers_London_1230571,Ingénieur Informaticien,London,31
KeyPers_London_1230572,Ingénieur Informaticien,London,83
KeyPers_London_1230573,Economiste,London,80
KeyPers_London_1230574,Economiste,London,64
KeyPers_London_1230575,Ingénieur Data,London,70
KeyPers_London_1230576,Ingénieur Informaticien,London,45
KeyPers_London_1230577,Ingénieur Informaticien,London,90
KeyPers_London_1230578,Ingénieur Informaticien,London,80
KeyPers_London_1230579,Ingénieur Informaticien,London,90
KeyPers_London_1230580,Ingénieur Informaticien,London,45
KeyPers_London_1230581,Cadre,London,66
KeyPers_London_1230582,Ingénieur Data,London,57
KeyPers_London_1230583,Ingénieur Informaticien,London,54
KeyPers_London_1230584,Economiste,London,30
KeyPers_London_1230585,Ingénieur Informaticien,London,26
KeyPers_London_1230586,Ingénieur Data,London,64
KeyPers_London_1230587,Economiste,London,37
KeyPers_London_1230588,Ingénieur Informaticien,London,63
KeyPers_London_1230589,Ingénieur Data,London,65
KeyPers_London_1230590,Ingénieur Data,London,87
KeyPers_London_1230591,Ingénieur Data,London,68
KeyPers_London_1230592,Economiste,London,33
KeyPers_London_1230593,Cadre,London,80
KeyPers_London_1230594,Ingénieur Data,London,38
KeyPers_London_1230595,Ingénieur Data,London,82
KeyPers_London_1230596,Ingénieur Informaticien,London,94
KeyPers_London_1230597,Ingénieur Informaticien,London,55
KeyPers_London_1230598,Ingénieur Informaticien,London,53
KeyPers_London_1230599,Cadre,London,85
KeyPers_London_1230600,Cadre,London,40
KeyPers_London_1230601,Cadre,London,80
KeyPers_London_1230602,Ingénieur Data,London,64
KeyPers_London_1230603,DRH,London,70
KeyPers_London_1230604,Ingénieur Data,London,68
KeyPers_London_1230605,Ingénieur Informaticien,London,83
KeyPers_London_1230606,Ingénieur Informaticien,London,74
KeyPers_London_1230607,Ingénieur Informaticien,London,26
KeyPers_London_1230608,Ingénieur Informaticien,London,76
KeyPers_London_1230609,Ingénieur Data,London,27
KeyPers_London_1230610,Ingénieur Data,London,40
KeyPers_London_1230611,Ingénieur Informaticien,London,91
KeyPers_London_1230612,Ingénieur Informaticien,London,87
KeyPers_London_1230613,Ingénieur Data,London,69
KeyPers_London_1230614,Ingénieur Informaticien,London,72
KeyPers_London_1230615,Ingénieur Informaticien,London,92
KeyPers_London_1230616,Ingénieur Data,London,54
KeyPers_London_1230617,Ingénieur Data,London,71
KeyPers_London_1230618,Ingénieur Data,London,52
KeyPers_London_1230619,Ingénieur Data,London,70
KeyPers_London_1230620,Ingénieur Informaticien,London,60
KeyPers_London_1230621,Ingénieur Data,London,51
KeyPers_London_1230622,Ingénieur Informaticien,London,58
KeyPers_London_1230623,Ingénieur Informaticien,London,75
KeyPers_London_1230624,Ingénieur Informaticien,London,84
KeyPers_London_1230625,Ingénieur Informaticien,London,68
KeyPers_London_1230626,Ingénieur Data,London,94
KeyPers_London_1230627,Ingénieur Data,London,70
KeyPers_London_1230628,Ingénieur Data,London,26
KeyPers_London_1230629,Ingénieur Informaticien,London,42
KeyPers_London_1230630,Ingénieur Data,London,52
KeyPers_London_1230631,Ingénieur Informaticien,London,43
KeyPers_London_1230632,Cadre,London,63
KeyPers_London_1230633,Ingénieur Data,London,44
KeyPers_London_1230634,Ingénieur Data,London,92
KeyPers_London_1230635,Cadre,London,40
KeyPers_London_1230636,Ingénieur Informaticien,London,56
KeyPers_London_1230637,Ingénieur Data,London,96
KeyPers_London_1230638,Ingénieur Informaticien,London,51
KeyPers_London_1230639,Ingénieur Data,London,64
KeyPers_London_1230640,Ingénieur Data,London,64
KeyPers_London_1230641,Ingénieur Data,London,47
KeyPers_London_1230642,Ingénieur Informaticien,London,72
KeyPers_London_1230643,Ingénieur Data,London,90
KeyPers_London_1230644,Ingénieur Data,London,31
KeyPers_London_1230645,Ingénieur Informaticien,London,45
KeyPers_London_1230646,Ingénieur Informaticien,London,83
KeyPers_London_1230647,Ingénieur Data,London,56
KeyPers_London_1230648,Ingénieur Informaticien,London,26
KeyPers_London_1230649,Ingénieur Data,London,69
KeyPers_London_1230650,Cadre,London,25
KeyPers_London_1230651,Ingénieur Informaticien,London,42
KeyPers_London_1230652,Ingénieur Informaticien,London,88
KeyPers_London_1230653,Cadre,London,41
KeyPers_London_1230654,Cadre,London,93
KeyPers_London_1230655,Ingénieur Data,London,90
KeyPers_London_1230656,DRH,London,88
KeyPers_London_1230657,Ingénieur Informaticien,London,57
KeyPers_London_1230658,Ingénieur Data,London,49
KeyPers_London_1230659,Ingénieur Informaticien,London,63
KeyPers_London_1230660,Ingénieur Informaticien,London,60
KeyPers_London_1230661,Ingénieur Informaticien,London,85
KeyPers_London_1230662,Economiste,London,49
KeyPers_London_1230663,Ingénieur Informaticien,London,90
KeyPers_London_1230664,Ingénieur Informaticien,London,35
KeyPers_London_1230665,Ingénieur Data,London,75
KeyPers_London_1230666,Ingénieur Informaticien,London,38
KeyPers_London_1230667,Cadre,London,75
KeyPers_London_1230668,Ingénieur Data,London,56
KeyPers_London_1230669,Cadre,London,76
KeyPers_London_1230670,Ingénieur Data,London,62
KeyPers_London_1230671,Ingénieur Informaticien,London,25
KeyPers_London_1230672,Ingénieur Data,London,68
KeyPers_London_1230673,Ingénieur Informaticien,London,89
KeyPers_London_1230674,Ingénieur Informaticien,London,58
KeyPers_London_1230675,Cadre,London,68
KeyPers_London_1230676,Ingénieur Data,London,69
KeyPers_London_1230677,Ingénieur Informaticien,London,59
KeyPers_London_1230678,Cadre,London,69
KeyPers_London_1230679,Ingénieur Informaticien,London,34
KeyPers_London_1230680,Ingénieur Informaticien,London,48
KeyPers_London_1230681,Ingénieur Data,London,62
KeyPers_London_1230682,Cadre,London,76
KeyPers_London_1230683,Ingénieur Informaticien,London,30
KeyPers_London_1230684,Ingénieur Data,London,40
KeyPers_London_1230685,Economiste,London,55
KeyPers_London_1230686,Economiste,London,72
KeyPers_London_1230687,Cadre,London,43
KeyPers_London_1230688,Ingénieur Data,London,49
KeyPers_London_1230689,Ingénieur Data,London,87
KeyPers_London_1230690,Cadre,London,88
KeyPers_London_1230691,Ingénieur Informaticien,London,39
KeyPers_London_1230692,Ingénieur Informaticien,London,38
KeyPers_London_1230693,Ingénieur Data,London,45
KeyPers_London_1230694,Cadre,London,66
KeyPers_London_1230695,Ingénieur Informaticien,London,27
KeyPers_London_1230696,Ingénieur Data,London,69
KeyPers_London_1230697,Ingénieur Data,London,48
KeyPers_London_1230698,Economiste,London,62
KeyPers_London_1230699,Ingénieur Data,London,58
KeyPers_London_1230700,Ingénieur Data,London,71
KeyPers_London_1230701,Ingénieur Data,London,75
KeyPers_London_1230702,Cadre,London,72
KeyPers_London_1230703,Ingénieur Data,London,77
KeyPers_London_1230704,Ingénieur Data,London,54
KeyPers_London_1230705,Ingénieur Data,London,35
KeyPers_London_1230706,Ingénieur Data,London,54
KeyPers_London_1230707,Ingénieur Data,London,46
KeyPers_London_1230708,Ingénieur Data,London,26
KeyPers_London_1230709,Ingénieur Data,London,24
KeyPers_London_1230710,Ingénieur Informaticien,London,24
KeyPers_London_1230711,Ingénieur Data,London,58
KeyPers_London_1230712,Ingénieur Data,London,70
KeyPers_London_1230713,Ingénieur Data,London,59
KeyPers_London_1230714,Ingénieur Informaticien,London,31
KeyPers_London_1230715,Ingénieur Data,London,72
KeyPers_London_1230716,Ingénieur Informaticien,London,63
KeyPers_London_1230717,Ingénieur Data,London,56
KeyPers_London_1230718,Ingénieur Informaticien,London,87
KeyPers_London_1230719,Ingénieur Informaticien,London,41
KeyPers_London_1230720,Ingénieur Data,London,55
KeyPers_London_1230721,Economiste,London,48
KeyPers_London_1230722,Ingénieur Informaticien,London,75
KeyPers_London_1230723,Ingénieur Informaticien,London,86
KeyPers_London_1230724,Ingénieur Data,London,67
KeyPers_London_1230725,Ingénieur Data,London,83
KeyPers_London_1230726,Ingénieur Informaticien,London,78
KeyPers_London_1230727,Ingénieur Informaticien,London,46
KeyPers_London_1230728,Ingénieur Informaticien,London,87
KeyPers_London_1230729,Economiste,London,36
KeyPers_London_1230730,Ingénieur Informaticien,London,48
KeyPers_London_1230731,Cadre,London,39
KeyPers_London_1230732,Ingénieur Informaticien,London,46
KeyPers_London_1230733,Ingénieur Informaticien,London,57
KeyPers_London_1230734,Ingénieur Informaticien,London,28
KeyPers_London_1230735,Cadre,London,94
KeyPers_London_1230736,Ingénieur Informaticien,London,47
KeyPers_London_1230737,DRH,London,35
KeyPers_London_1230738,Ingénieur Data,London,84
KeyPers_London_1230739,Ingénieur Data,London,58
KeyPers_London_1230740,Cadre,London,64
KeyPers_London_1230741,Ingénieur Informaticien,London,25
KeyPers_London_1230742,Cadre,London,86
KeyPers_London_1230743,Ingénieur Data,London,73
KeyPers_London_1230744,Ingénieur Data,London,78
KeyPers_London_1230745,Ingénieur Informaticien,London,29
KeyPers_London_1230746,Ingénieur Data,London,71
KeyPers_London_1230747,DRH,London,75
KeyPers_London_1230748,Ingénieur Informaticien,London,90
KeyPers_London_1230749,Ingénieur Informaticien,London,27
KeyPers_London_1230750,Ingénieur Data,London,66
KeyPers_London_1230751,Cadre,London,42
KeyPers_London_1230752,Ingénieur Data,London,89
KeyPers_London_1230753,Ingénieur Informaticien,London,94
KeyPers_London_1230754,Ingénieur Informaticien,London,51
KeyPers_London_1230755,Cadre,London,25
KeyPers_London_1230756,Ingénieur Informaticien,London,41
KeyPers_London_1230757,Ingénieur Data,London,83
KeyPers_London_1230758,Ingénieur Data,London,59
KeyPers_London_1230759,Ingénieur Data,London,46
KeyPers_London_1230760,Ingénieur Informaticien,London,65
KeyPers_London_1230761,Ingénieur Data,London,78
KeyPers_London_1230762,Ingénieur Data,London,39
KeyPers_London_1230763,Ingénieur Informaticien,London,44
KeyPers_London_1230764,Ingénieur Data,London,28
KeyPers_London_1230765,Ingénieur Informaticien,London,77
KeyPers_London_1230766,Ingénieur Data,London,33
KeyPers_London_1230767,Cadre,London,78
KeyPers_London_1230768,Cadre,London,84
KeyPers_London_1230769,Ingénieur Informaticien,London,48
KeyPers_London_1230770,Cadre,London,25
KeyPers_London_1230771,Ingénieur Informaticien,London,33
KeyPers_London_1230772,Economiste,London,64
KeyPers_London_1230773,Ingénieur Informaticien,London,93
KeyPers_London_1230774,Ingénieur Informaticien,London,85
KeyPers_London_1230775,Ingénieur Informaticien,London,87
KeyPers_London_1230776,Cadre,London,66
KeyPers_London_1230777,Ingénieur Informaticien,London,95
KeyPers_London_1230778,Ingénieur Data,London,24
KeyPers_London_1230779,Cadre,London,73
KeyPers_London_1230780,Ingénieur Data,London,89
KeyPers_London_1230781,Cadre,London,56
KeyPers_London_1230782,Ingénieur Informaticien,London,48
KeyPers_London_1230783,Ingénieur Data,London,95
KeyPers_London_1230784,Ingénieur Informaticien,London,75
KeyPers_London_1230785,Ingénieur Data,London,31
KeyPers_London_1230786,Cadre,London,51
KeyPers_London_1230787,Ingénieur Data,London,86
KeyPers_London_1230788,Cadre,London,50
KeyPers_London_1230789,Ingénieur Informaticien,London,90
KeyPers_London_1230790,Ingénieur Informaticien,London,67
KeyPers_London_1230791,Ingénieur Data,London,48
KeyPers_London_1230792,Ingénieur Informaticien,London,73
KeyPers_London_1230793,Ingénieur Data,London,92
KeyPers_London_1230794,Cadre,London,63
KeyPers_London_1230795,Ingénieur Data,London,52
KeyPers_London_1230796,Ingénieur Informaticien,London,61
KeyPers_London_1230797,Ingénieur Informaticien,London,57
KeyPers_London_1230798,Cadre,London,48
KeyPers_London_1230799,Ingénieur Data,London,95
KeyPers_London_1230800,Ingénieur Informaticien,London,33
KeyPers_London_1230801,Ingénieur Data,London,26
KeyPers_London_1230802,Ingénieur Data,London,50
KeyPers_London_1230803,Ingénieur Informaticien,London,78
KeyPers_London_1230804,Ingénieur Data,London,49
KeyPers_London_1230805,Ingénieur Data,London,59
KeyPers_London_1230806,Ingénieur Informaticien,London,60
KeyPers_London_1230807,Ingénieur Data,London,65
KeyPers_London_1230808,Cadre,London,53
KeyPers_London_1230809,Ingénieur Informaticien,London,94
KeyPers_London_1230810,Ingénieur Data,London,84
KeyPers_London_1230811,Economiste,London,73
KeyPers_London_1230812,Ingénieur Informaticien,London,47
KeyPers_London_1230813,Ingénieur Data,London,66
KeyPers_London_1230814,Ingénieur Data,London,30
KeyPers_London_1230815,Ingénieur Data,London,36
KeyPers_London_1230816,Ingénieur Data,London,31
KeyPers_London_1230817,Cadre,London,55
KeyPers_London_1230818,Cadre,London,78
KeyPers_London_1230819,Cadre,London,92
KeyPers_London_1230820,Cadre,London,79
KeyPers_London_1230821,Ingénieur Informaticien,London,27
KeyPers_London_1230822,Ingénieur Data,London,28
KeyPers_London_1230823,Ingénieur Informaticien,London,28
KeyPers_London_1230824,Ingénieur Data,London,95
KeyPers_London_1230825,Ingénieur Informaticien,London,25
KeyPers_London_1230826,Cadre,London,48
KeyPers_London_1230827,Cadre,London,47
KeyPers_London_1230828,Ingénieur Data,London,45
KeyPers_London_1230829,Ingénieur Data,London,92
KeyPers_London_1230830,Cadre,London,37
KeyPers_London_1230831,Cadre,London,75
KeyPers_London_1230832,Ingénieur Data,London,65
KeyPers_London_1230833,Ingénieur Data,London,50
KeyPers_London_1230834,Cadre,London,94
KeyPers_London_1230835,Cadre,London,34
KeyPers_London_1230836,Ingénieur Data,London,76
KeyPers_London_1230837,Ingénieur Data,London,41
KeyPers_London_1230838,Ingénieur Data,London,79
KeyPers_London_1230839,Ingénieur Data,London,76
KeyPers_London_1230840,Ingénieur Informaticien,London,81
KeyPers_London_1230841,Ingénieur Informaticien,London,70
KeyPers_London_1230842,Ingénieur Informaticien,London,67
KeyPers_London_1230843,Ingénieur Data,London,29
KeyPers_London_1230844,Cadre,London,46
KeyPers_London_1230845,Ingénieur Informaticien,London,25
KeyPers_London_1230846,Ingénieur Data,London,33
KeyPers_London_1230847,Ingénieur Data,London,35
KeyPers_London_1230848,Ingénieur Informaticien,London,55
KeyPers_London_1230849,Ingénieur Informaticien,London,83
KeyPers_London_1230850,Ingénieur Data,London,91
KeyPers_London_1230851,Ingénieur Data,London,63
KeyPers_London_1230852,Ingénieur Informaticien,London,42
KeyPers_London_1230853,Ingénieur Data,London,82
KeyPers_London_1230854,Cadre,London,70
KeyPers_London_1230855,Ingénieur Informaticien,London,49
KeyPers_London_1230856,Cadre,London,94
KeyPers_London_1230857,Ingénieur Data,London,51
KeyPers_London_1230858,Cadre,London,44
KeyPers_London_1230859,Ingénieur Data,London,36
KeyPers_London_1230860,Cadre,London,65
KeyPers_London_1230861,Cadre,London,85
KeyPers_London_1230862,Ingénieur Data,London,49
KeyPers_London_1230863,Economiste,London,58
KeyPers_London_1230864,Ingénieur Informaticien,London,75
KeyPers_London_1230865,Ingénieur Informaticien,London,81
KeyPers_London_1230866,Ingénieur Informaticien,London,79
KeyPers_London_1230867,Ingénieur Informaticien,London,34
KeyPers_London_1230868,Ingénieur Informaticien,London,94
KeyPers_London_1230869,Ingénieur Data,London,70
KeyPers_London_1230870,Ingénieur Data,London,78
KeyPers_London_1230871,Ingénieur Data,London,29
KeyPers_London_1230872,Ingénieur Informaticien,London,63
KeyPers_London_1230873,Ingénieur Data,London,34
KeyPers_London_1230874,Ingénieur Informaticien,London,92
KeyPers_London_1230875,Ingénieur Informaticien,London,60
KeyPers_London_1230876,Ingénieur Informaticien,London,83
KeyPers_London_1230877,Ingénieur Data,London,68
KeyPers_London_1230878,Economiste,London,61
KeyPers_London_1230879,Cadre,London,29
KeyPers_London_1230880,Cadre,London,82
KeyPers_London_1230881,Ingénieur Informaticien,London,27
KeyPers_London_1230882,Economiste,London,26
KeyPers_London_1230883,Ingénieur Data,London,53
KeyPers_London_1230884,Ingénieur Informaticien,London,47
KeyPers_London_1230885,Cadre,London,55
KeyPers_London_1230886,Ingénieur Informaticien,London,62
KeyPers_London_1230887,Ingénieur Informaticien,London,66
KeyPers_London_1230888,Ingénieur Informaticien,London,48
KeyPers_London_1230889,Ingénieur Informaticien,London,50
KeyPers_London_1230890,Ingénieur Informaticien,London,45
KeyPers_London_1230891,Ingénieur Data,London,50
KeyPers_London_1230892,Ingénieur Informaticien,London,81
KeyPers_London_1230893,Ingénieur Data,London,31
KeyPers_London_1230894,Ingénieur Informaticien,London,62
KeyPers_London_1230895,Ingénieur Informaticien,London,45
KeyPers_London_1230896,Ingénieur Informaticien,London,43
KeyPers_London_1230897,Ingénieur Informaticien,London,60
KeyPers_London_1230898,Ingénieur Informaticien,London,61
KeyPers_London_1230899,Economiste,London,33
KeyPers_London_1230900,Cadre,London,63
KeyPers_London_1230901,Ingénieur Informaticien,London,68
KeyPers_London_1230902,Cadre,London,87
KeyPers_London_1230903,Ingénieur Data,London,88
KeyPers_London_1230904,Ingénieur Data,London,71
KeyPers_London_1230905,Economiste,London,30
KeyPers_London_1230906,Ingénieur Informaticien,London,34
KeyPers_London_1230907,Ingénieur Informaticien,London,93
KeyPers_London_1230908,Ingénieur Informaticien,London,31
KeyPers_London_1230909,Ingénieur Data,London,68
KeyPers_London_1230910,Ingénieur Data,London,88
KeyPers_London_1230911,Ingénieur Informaticien,London,29
KeyPers_London_1230912,Ingénieur Data,London,87
KeyPers_London_1230913,Ingénieur Informaticien,London,38
KeyPers_London_1230914,Cadre,London,86
KeyPers_London_1230915,Ingénieur Data,London,81
KeyPers_London_1230916,Ingénieur Informaticien,London,91
KeyPers_London_1230917,Ingénieur Data,London,79
KeyPers_London_1230918,Ingénieur Data,London,96
KeyPers_London_1230919,Ingénieur Informaticien,London,86
KeyPers_London_1230920,Ingénieur Data,London,46
KeyPers_London_1230921,Ingénieur Informaticien,London,50
KeyPers_London_1230922,Cadre,London,32
KeyPers_London_1230923,Ingénieur Data,London,48
KeyPers_London_1230924,Cadre,London,55
KeyPers_London_1230925,Ingénieur Data,London,28
KeyPers_London_1230926,Ingénieur Informaticien,London,81
KeyPers_London_1230927,Ingénieur Informaticien,London,95
KeyPers_London_1230928,Economiste,London,64
KeyPers_London_1230929,Ingénieur Informaticien,London,92
KeyPers_London_1230930,Ingénieur Informaticien,London,24
KeyPers_London_1230931,DRH,London,33
KeyPers_London_1230932,Ingénieur Data,London,66
KeyPers_London_1230933,Ingénieur Data,London,93
KeyPers_London_1230934,Ingénieur Data,London,55
KeyPers_London_1230935,Economiste,London,66
KeyPers_London_1230936,Ingénieur Data,London,62
KeyPers_London_1230937,Cadre,London,51
KeyPers_London_1230938,Ingénieur Data,London,35
KeyPers_London_1230939,Cadre,London,32
KeyPers_London_1230940,Ingénieur Informaticien,London,92
KeyPers_London_1230941,Ingénieur Informaticien,London,51
KeyPers_London_1230942,Ingénieur Informaticien,London,80
KeyPers_London_1230943,Ingénieur Data,London,66
KeyPers_London_1230944,Cadre,London,84
KeyPers_London_1230945,Economiste,London,34
KeyPers_London_1230946,Economiste,London,89
KeyPers_London_1230947,Ingénieur Informaticien,London,43
KeyPers_London_1230948,Ingénieur Data,London,85
KeyPers_London_1230949,Cadre,London,25
KeyPers_London_1230950,Ingénieur Informaticien,London,71
KeyPers_London_1230951,Ingénieur Data,London,41
KeyPers_London_1230952,Cadre,London,72
KeyPers_London_1230953,Ingénieur Informaticien,London,48
KeyPers_London_1230954,Economiste,London,71
KeyPers_London_1230955,Ingénieur Data,London,84
KeyPers_London_1230956,Economiste,London,85
KeyPers_London_1230957,Ingénieur Data,London,44
KeyPers_London_1230958,Ingénieur Informaticien,London,75
KeyPers_London_1230959,Cadre,London,28
KeyPers_London_1230960,Ingénieur Informaticien,London,50
KeyPers_London_1230961,Ingénieur Data,London,69
KeyPers_London_1230962,Ingénieur Data,London,79
KeyPers_London_1230963,Ingénieur Data,London,63
KeyPers_London_1230964,Ingénieur Data,London,48
KeyPers_London_1230965,Cadre,London,48
KeyPers_London_1230966,Ingénieur Data,London,88
KeyPers_London_1230967,Ingénieur Data,London,40
KeyPers_London_1230968,Ingénieur Data,London,40
KeyPers_London_1230969,Ingénieur Data,London,65
KeyPers_London_1230970,Ingénieur Informaticien,London,46
KeyPers_London_1230971,Ingénieur Data,London,51
KeyPers_London_1230972,Ingénieur Informaticien,London,48
KeyPers_London_1230973,Ingénieur Informaticien,London,66
KeyPers_London_1230974,Ingénieur Informaticien,London,44
KeyPers_London_1230975,Ingénieur Data,London,76
KeyPers_London_1230976,Cadre,London,94
KeyPers_London_1230977,Cadre,London,86
KeyPers_London_1230978,Ingénieur Data,London,63
KeyPers_London_1230979,Economiste,London,66
KeyPers_London_1230980,Cadre,London,41
KeyPers_London_1230981,Ingénieur Informaticien,London,38
KeyPers_London_1230982,Ingénieur Data,London,86
KeyPers_London_1230983,Ingénieur Data,London,38
KeyPers_London_1230984,Ingénieur Data,London,90
KeyPers_London_1230985,Cadre,London,81
KeyPers_London_1230986,Ingénieur Data,London,27
KeyPers_London_1230987,Cadre,London,57
KeyPers_London_1230988,Ingénieur Informaticien,London,79
KeyPers_London_1230989,Ingénieur Informaticien,London,75
KeyPers_London_1230990,Ingénieur Informaticien,London,44
KeyPers_London_1230991,Ingénieur Informaticien,London,36
KeyPers_London_1230992,Ingénieur Informaticien,London,61
KeyPers_London_1230993,Cadre,London,80
KeyPers_London_1230994,Ingénieur Data,London,41
KeyPers_London_1230995,Ingénieur Data,London,38
KeyPers_London_1230996,Ingénieur Data,London,79
KeyPers_London_1230997,Ingénieur Informaticien,London,82
KeyPers_London_1230998,Ingénieur Informaticien,London,52
KeyPers_London_1230999,Ingénieur Data,London,96
KeyPers_London_1231000,Ingénieur Data,London,41
KeyPers_London_1231001,Ingénieur Data,London,50
KeyPers_London_1231002,Ingénieur Data,London,71
KeyPers_London_1231003,Ingénieur Informaticien,London,54
KeyPers_London_1231004,Ingénieur Data,London,94
KeyPers_London_1231005,Economiste,London,74
KeyPers_London_1231006,Ingénieur Informaticien,London,40
KeyPers_London_1231007,Ingénieur Informaticien,London,88
KeyPers_London_1231008,Ingénieur Data,London,95
KeyPers_London_1231009,Cadre,London,39
KeyPers_London_1231010,Ingénieur Data,London,62
KeyPers_London_1231011,Cadre,London,68
KeyPers_London_1231012,Ingénieur Informaticien,London,74
KeyPers_London_1231013,Ingénieur Data,London,47
KeyPers_London_1231014,Ingénieur Data,London,39
KeyPers_London_1231015,Ingénieur Informaticien,London,81
KeyPers_London_1231016,Ingénieur Informaticien,London,66
KeyPers_London_1231017,Ingénieur Informaticien,London,68
KeyPers_London_1231018,Ingénieur Informaticien,London,24
KeyPers_London_1231019,Ingénieur Data,London,68
KeyPers_London_1231020,Ingénieur Informaticien,London,42
KeyPers_London_1231021,Cadre,London,52
KeyPers_London_1231022,Ingénieur Data,London,79
KeyPers_London_1231023,Cadre,London,95
KeyPers_London_1231024,Ingénieur Data,London,36
KeyPers_London_1231025,Economiste,London,86
KeyPers_London_1231026,Cadre,London,57
KeyPers_London_1231027,Ingénieur Data,London,37
KeyPers_London_1231028,Cadre,London,70
KeyPers_London_1231029,Ingénieur Data,London,69
KeyPers_London_1231030,Ingénieur Data,London,74
KeyPers_London_1231031,Ingénieur Informaticien,London,54
KeyPers_London_1231032,Cadre,London,40
KeyPers_London_1231033,Ingénieur Informaticien,London,73
KeyPers_London_1231034,Cadre,London,47
KeyPers_London_1231035,Ingénieur Data,London,49
KeyPers_London_1231036,Ingénieur Informaticien,London,56
KeyPers_London_1231037,Ingénieur Data,London,88
KeyPers_London_1231038,Ingénieur Informaticien,London,27
KeyPers_London_1231039,Cadre,London,29
KeyPers_London_1231040,Ingénieur Data,London,39
KeyPers_London_1231041,Ingénieur Informaticien,London,52
KeyPers_London_1231042,Ingénieur Data,London,91
KeyPers_London_1231043,Ingénieur Data,London,59
KeyPers_London_1231044,Ingénieur Informaticien,London,43
KeyPers_London_1231045,Ingénieur Data,London,74
KeyPers_London_1231046,Ingénieur Informaticien,London,69
KeyPers_London_1231047,Ingénieur Data,London,62
KeyPers_London_1231048,Economiste,London,25
KeyPers_London_1231049,Economiste,London,43
KeyPers_London_1231050,Ingénieur Data,London,89
KeyPers_London_1231051,Cadre,London,84
KeyPers_London_1231052,Ingénieur Informaticien,London,89
KeyPers_London_1231053,Ingénieur Data,London,52
KeyPers_London_1231054,Ingénieur Informaticien,London,71
KeyPers_London_1231055,Ingénieur Data,London,67
KeyPers_London_1231056,Ingénieur Data,London,40
KeyPers_London_1231057,Ingénieur Data,London,56
KeyPers_London_1231058,Ingénieur Informaticien,London,86
KeyPers_London_1231059,Ingénieur Informaticien,London,32
KeyPers_London_1231060,Ingénieur Informaticien,London,35
KeyPers_London_1231061,Ingénieur Informaticien,London,77
KeyPers_London_1231062,Ingénieur Data,London,87
KeyPers_London_1231063,Cadre,London,32
KeyPers_London_1231064,DRH,London,85
KeyPers_London_1231065,Ingénieur Informaticien,London,96
KeyPers_London_1231066,Ingénieur Data,London,32
KeyPers_London_1231067,Ingénieur Informaticien,London,58
KeyPers_London_1231068,Ingénieur Data,London,77
KeyPers_London_1231069,Ingénieur Informaticien,London,65
KeyPers_London_1231070,Ingénieur Data,London,34
KeyPers_London_1231071,Ingénieur Informaticien,London,76
KeyPers_London_1231072,Ingénieur Data,London,27
KeyPers_London_1231073,Ingénieur Informaticien,London,94
KeyPers_London_1231074,Ingénieur Data,London,43
KeyPers_London_1231075,Ingénieur Data,London,91
KeyPers_London_1231076,Ingénieur Informaticien,London,46
KeyPers_London_1231077,Economiste,London,47
KeyPers_London_1231078,Ingénieur Data,London,84
KeyPers_London_1231079,Ingénieur Informaticien,London,49
KeyPers_London_1231080,Cadre,London,40
KeyPers_London_1231081,Ingénieur Data,London,54
KeyPers_London_1231082,Economiste,London,64
KeyPers_London_1231083,Ingénieur Data,London,37
KeyPers_London_1231084,Ingénieur Data,London,81
KeyPers_London_1231085,Ingénieur Informaticien,London,42
KeyPers_London_1231086,Ingénieur Informaticien,London,49
KeyPers_London_1231087,Economiste,London,90
KeyPers_London_1231088,Ingénieur Data,London,80
KeyPers_London_1231089,Ingénieur Informaticien,London,70
KeyPers_London_1231090,Ingénieur Data,London,72
KeyPers_London_1231091,Ingénieur Informaticien,London,56
KeyPers_London_1231092,Ingénieur Informaticien,London,44
KeyPers_London_1231093,Cadre,London,83
KeyPers_London_1231094,Ingénieur Data,London,70
KeyPers_London_1231095,Cadre,London,80
KeyPers_London_1231096,Ingénieur Informaticien,London,72
KeyPers_London_1231097,Ingénieur Data,London,67
KeyPers_London_1231098,Ingénieur Data,London,74
KeyPers_London_1231099,Ingénieur Informaticien,London,91
KeyPers_London_1231100,Cadre,London,87
KeyPers_London_1231101,Ingénieur Informaticien,London,33
KeyPers_London_1231102,Ingénieur Data,London,64
KeyPers_London_1231103,Ingénieur Data,London,87
KeyPers_London_1231104,Ingénieur Data,London,32
KeyPers_London_1231105,Ingénieur Informaticien,London,41
KeyPers_London_1231106,Ingénieur Informaticien,London,75
KeyPers_London_1231107,Ingénieur Informaticien,London,68
KeyPers_London_1231108,Ingénieur Data,London,34
KeyPers_London_1231109,Ingénieur Informaticien,London,78
KeyPers_London_1231110,Ingénieur Informaticien,London,72
KeyPers_London_1231111,Ingénieur Informaticien,London,83
KeyPers_London_1231112,Cadre,London,27
KeyPers_London_1231113,Ingénieur Informaticien,London,71
KeyPers_London_1231114,Cadre,London,89
KeyPers_London_1231115,Ingénieur Informaticien,London,50
KeyPers_London_1231116,Ingénieur Informaticien,London,89
KeyPers_London_1231117,Ingénieur Data,London,42
KeyPers_London_1231118,Ingénieur Data,London,92
KeyPers_London_1231119,Ingénieur Informaticien,London,85
KeyPers_London_1231120,Ingénieur Data,London,71
KeyPers_London_1231121,Ingénieur Informaticien,London,86
KeyPers_London_1231122,Ingénieur Data,London,36
KeyPers_London_1231123,Ingénieur Data,London,41
KeyPers_London_1231124,Ingénieur Data,London,40
KeyPers_London_1231125,Cadre,London,34
KeyPers_London_1231126,Ingénieur Informaticien,London,53
KeyPers_London_1231127,Cadre,London,32
KeyPers_London_1231128,Ingénieur Data,London,36
KeyPers_London_1231129,Ingénieur Informaticien,London,48
KeyPers_London_1231130,Cadre,London,63
KeyPers_London_1231131,Cadre,London,25
KeyPers_London_1231132,Cadre,London,51
KeyPers_London_1231133,Ingénieur Informaticien,London,77
KeyPers_London_1231134,Ingénieur Data,London,34
KeyPers_London_1231135,Ingénieur Data,London,65
KeyPers_London_1231136,Ingénieur Informaticien,London,70
KeyPers_London_1231137,Ingénieur Informaticien,London,73
KeyPers_London_1231138,DRH,London,24
KeyPers_London_1231139,Ingénieur Informaticien,London,87
KeyPers_London_1231140,Ingénieur Informaticien,London,46
KeyPers_London_1231141,Ingénieur Informaticien,London,77
KeyPers_London_1231142,Ingénieur Informaticien,London,70
KeyPers_London_1231143,Cadre,London,51
KeyPers_London_1231144,Ingénieur Informaticien,London,50
KeyPers_London_1231145,Ingénieur Data,London,79
KeyPers_London_1231146,Ingénieur Informaticien,London,24
KeyPers_London_1231147,Ingénieur Data,London,28
KeyPers_London_1231148,Ingénieur Data,London,47
KeyPers_London_1231149,Ingénieur Data,London,78
KeyPers_London_1231150,Ingénieur Data,London,56
KeyPers_London_1231151,Ingénieur Data,London,31
KeyPers_London_1231152,Ingénieur Data,London,41
KeyPers_London_1231153,Economiste,London,30
KeyPers_London_1231154,Ingénieur Data,London,90
KeyPers_London_1231155,Ingénieur Informaticien,London,62
KeyPers_London_1231156,Ingénieur Informaticien,London,60
KeyPers_London_1231157,Ingénieur Informaticien,London,51
KeyPers_London_1231158,Ingénieur Informaticien,London,90
KeyPers_London_1231159,Ingénieur Data,London,64
KeyPers_London_1231160,Ingénieur Informaticien,London,34
KeyPers_London_1231161,Cadre,London,38
KeyPers_London_1231162,Ingénieur Data,London,91
KeyPers_London_1231163,Cadre,London,39
KeyPers_London_1231164,Ingénieur Data,London,67
KeyPers_London_1231165,Ingénieur Data,London,46
KeyPers_London_1231166,Cadre,London,40
KeyPers_London_1231167,Cadre,London,78
KeyPers_London_1231168,Ingénieur Informaticien,London,66
KeyPers_London_1231169,Ingénieur Informaticien,London,87
KeyPers_London_1231170,Ingénieur Informaticien,London,82
KeyPers_London_1231171,Ingénieur Informaticien,London,67
KeyPers_London_1231172,Ingénieur Informaticien,London,96
KeyPers_London_1231173,Cadre,London,31
KeyPers_London_1231174,Cadre,London,38
KeyPers_London_1231175,Ingénieur Informaticien,London,37
KeyPers_London_1231176,Economiste,London,33
KeyPers_London_1231177,Ingénieur Informaticien,London,45
KeyPers_London_1231178,Ingénieur Informaticien,London,60
KeyPers_London_1231179,Ingénieur Data,London,58
KeyPers_London_1231180,Cadre,London,45
KeyPers_London_1231181,Ingénieur Data,London,43
KeyPers_London_1231182,Cadre,London,66
KeyPers_London_1231183,Economiste,London,76
KeyPers_London_1231184,Ingénieur Informaticien,London,85
KeyPers_London_1231185,Ingénieur Informaticien,London,60
KeyPers_London_1231186,Ingénieur Informaticien,London,65
KeyPers_London_1231187,Ingénieur Data,London,93
KeyPers_London_1231188,Ingénieur Informaticien,London,56
KeyPers_London_1231189,Ingénieur Informaticien,London,32
KeyPers_London_1231190,Ingénieur Informaticien,London,89
KeyPers_London_1231191,Ingénieur Data,London,52
KeyPers_London_1231192,Ingénieur Data,London,86
KeyPers_London_1231193,Ingénieur Data,London,54
KeyPers_London_1231194,Cadre,London,62
KeyPers_London_1231195,Cadre,London,28
KeyPers_London_1231196,Ingénieur Informaticien,London,82
KeyPers_London_1231197,Ingénieur Informaticien,London,52
KeyPers_London_1231198,Ingénieur Informaticien,London,45
KeyPers_London_1231199,Ingénieur Informaticien,London,78
KeyPers_London_1231200,Ingénieur Data,London,80
KeyPers_London_1231201,Cadre,London,74
KeyPers_London_1231202,Ingénieur Data,London,43
KeyPers_London_1231203,Economiste,London,94
KeyPers_London_1231204,Ingénieur Informaticien,London,50
KeyPers_London_1231205,Economiste,London,41
KeyPers_London_1231206,Ingénieur Informaticien,London,30
KeyPers_London_1231207,Ingénieur Data,London,83
KeyPers_London_1231208,Ingénieur Informaticien,London,42
KeyPers_London_1231209,Ingénieur Data,London,87
KeyPers_London_1231210,Cadre,London,24
KeyPers_London_1231211,Ingénieur Informaticien,London,57
KeyPers_London_1231212,Economiste,London,57
KeyPers_London_1231213,Ingénieur Data,London,30
KeyPers_London_1231214,Ingénieur Data,London,38
KeyPers_London_1231215,Ingénieur Data,London,32
KeyPers_London_1231216,Ingénieur Data,London,95
KeyPers_London_1231217,Cadre,London,28
KeyPers_London_1231218,DRH,London,52
KeyPers_London_1231219,Ingénieur Informaticien,London,86
KeyPers_London_1231220,Ingénieur Informaticien,London,84
KeyPers_London_1231221,DRH,London,27
KeyPers_London_1231222,Ingénieur Data,London,64
KeyPers_London_1231223,Ingénieur Informaticien,London,49
KeyPers_London_1231224,Ingénieur Informaticien,London,35
KeyPers_London_1231225,Ingénieur Data,London,88
KeyPers_London_1231226,Cadre,London,59
KeyPers_London_1231227,Ingénieur Informaticien,London,83
KeyPers_London_1231228,Ingénieur Informaticien,London,79
KeyPers_London_1231229,Cadre,London,32
KeyPers_London_1231230,Ingénieur Data,London,95
KeyPers_London_1231231,Ingénieur Informaticien,London,32
KeyPers_London_1231232,Ingénieur Informaticien,London,92
KeyPers_London_1231233,Ingénieur Data,London,39
KeyPers_London_1231234,Ingénieur Data,London,35
KeyPers_London_1231235,Cadre,London,30
KeyPers_London_1231236,Ingénieur Informaticien,London,61
KeyPers_London_1231237,Ingénieur Informaticien,London,65
KeyPers_London_1231238,Ingénieur Informaticien,London,55
KeyPers_London_1231239,Ingénieur Data,London,77
KeyPers_London_1231240,Ingénieur Data,London,65
KeyPers_London_1231241,Ingénieur Data,London,40
KeyPers_London_1231242,Ingénieur Informaticien,London,56
KeyPers_London_1231243,Ingénieur Informaticien,London,45
KeyPers_London_1231244,Ingénieur Informaticien,London,85
KeyPers_London_1231245,Ingénieur Informaticien,London,64
KeyPers_London_1231246,Ingénieur Data,London,28
KeyPers_London_1231247,Ingénieur Data,London,81
KeyPers_London_1231248,Ingénieur Informaticien,London,85
KeyPers_London_1231249,Cadre,London,28
KeyPers_London_1231250,Ingénieur Data,London,85
KeyPers_London_1231251,Cadre,London,84
KeyPers_London_1231252,Ingénieur Informaticien,London,59
KeyPers_London_1231253,Cadre,London,80
KeyPers_London_1231254,Ingénieur Data,London,41
KeyPers_London_1231255,Ingénieur Informaticien,London,92
KeyPers_London_1231256,Ingénieur Data,London,92
KeyPers_London_1231257,Ingénieur Data,London,88
KeyPers_London_1231258,DRH,London,53
KeyPers_London_1231259,Ingénieur Data,London,41
KeyPers_London_1231260,Ingénieur Informaticien,London,82
KeyPers_London_1231261,Ingénieur Informaticien,London,94
KeyPers_London_1231262,Ingénieur Informaticien,London,78
KeyPers_London_1231263,Cadre,London,77
KeyPers_London_1231264,Ingénieur Data,London,62
KeyPers_London_1231265,Economiste,London,85
KeyPers_London_1231266,Ingénieur Data,London,93
KeyPers_London_1231267,Ingénieur Data,London,86
KeyPers_London_1231268,Ingénieur Informaticien,London,54
KeyPers_London_1231269,Ingénieur Data,London,55
KeyPers_London_1231270,Ingénieur Data,London,91
KeyPers_London_1231271,Ingénieur Informaticien,London,69
KeyPers_London_1231272,Cadre,London,48
KeyPers_London_1231273,Cadre,London,60
KeyPers_London_1231274,Cadre,London,64
KeyPers_London_1231275,Cadre,London,95
KeyPers_London_1231276,Cadre,London,76
KeyPers_London_1231277,Ingénieur Data,London,38
KeyPers_London_1231278,Cadre,London,29
KeyPers_London_1231279,Ingénieur Data,London,95
KeyPers_London_1231280,Ingénieur Data,London,50
KeyPers_London_1231281,Ingénieur Informaticien,London,81
KeyPers_London_1231282,Ingénieur Informaticien,London,53
KeyPers_London_1231283,Economiste,London,34
KeyPers_London_1231284,Cadre,London,81
KeyPers_London_1231285,Ingénieur Informaticien,London,89
KeyPers_London_1231286,DRH,London,87
KeyPers_London_1231287,Ingénieur Data,London,46
KeyPers_London_1231288,Ingénieur Data,London,94
KeyPers_London_1231289,Ingénieur Data,London,38
KeyPers_London_1231290,Ingénieur Data,London,47
KeyPers_London_1231291,Economiste,London,57
KeyPers_London_1231292,Ingénieur Data,London,92
KeyPers_London_1231293,Ingénieur Data,London,61
KeyPers_London_1231294,Ingénieur Data,London,42
KeyPers_London_1231295,Ingénieur Data,London,62
KeyPers_London_1231296,Ingénieur Data,London,70
KeyPers_London_1231297,Ingénieur Informaticien,London,78
KeyPers_London_1231298,DRH,London,54
KeyPers_London_1231299,Ingénieur Data,London,64
KeyPers_London_1231300,Ingénieur Data,London,24
KeyPers_London_1231301,Ingénieur Data,London,79
KeyPers_London_1231302,Ingénieur Data,London,95
KeyPers_London_1231303,Ingénieur Informaticien,London,92
KeyPers_London_1231304,Ingénieur Data,London,77
KeyPers_London_1231305,Ingénieur Informaticien,London,48
KeyPers_London_1231306,Ingénieur Informaticien,London,67
KeyPers_London_1231307,Cadre,London,68
KeyPers_London_1231308,Ingénieur Data,London,28
KeyPers_London_1231309,Ingénieur Informaticien,London,68
KeyPers_London_1231310,Ingénieur Data,London,61
KeyPers_London_1231311,Ingénieur Data,London,81
KeyPers_London_1231312,Ingénieur Data,London,60
KeyPers_London_1231313,Ingénieur Data,London,50
KeyPers_London_1231314,Cadre,London,77
KeyPers_London_1231315,Ingénieur Data,London,64
KeyPers_London_1231316,Ingénieur Data,London,68
KeyPers_London_1231317,Ingénieur Data,London,62
KeyPers_London_1231318,Ingénieur Informaticien,London,67
KeyPers_London_1231319,Ingénieur Informaticien,London,54
KeyPers_London_1231320,Cadre,London,48
KeyPers_London_1231321,Ingénieur Data,London,66
KeyPers_London_1231322,Economiste,London,45
KeyPers_London_1231323,Cadre,London,84
KeyPers_London_1231324,Ingénieur Informaticien,London,34
KeyPers_London_1231325,Cadre,London,63
KeyPers_London_1231326,Ingénieur Informaticien,London,85
KeyPers_London_1231327,Ingénieur Informaticien,London,66
KeyPers_London_1231328,Ingénieur Data,London,95
KeyPers_London_1231329,Economiste,London,47
KeyPers_London_1231330,Cadre,London,33
KeyPers_London_1231331,Ingénieur Informaticien,London,72
KeyPers_London_1231332,Cadre,London,68
KeyPers_London_1231333,Ingénieur Data,London,73
KeyPers_London_1231334,Ingénieur Informaticien,London,45
KeyPers_London_1231335,Ingénieur Data,London,63
KeyPers_London_1231336,Ingénieur Informaticien,London,71
KeyPers_London_1231337,Ingénieur Data,London,27
KeyPers_London_1231338,Economiste,London,50
KeyPers_London_1231339,Ingénieur Informaticien,London,92
KeyPers_London_1231340,Ingénieur Informaticien,London,93
KeyPers_London_1231341,Ingénieur Informaticien,London,63
KeyPers_London_1231342,Ingénieur Informaticien,London,51
KeyPers_London_1231343,Ingénieur Informaticien,London,83
KeyPers_London_1231344,Cadre,London,53
KeyPers_London_1231345,Ingénieur Informaticien,London,46
KeyPers_London_1231346,Ingénieur Informaticien,London,76
KeyPers_London_1231347,Cadre,London,81
KeyPers_London_1231348,Cadre,London,82
KeyPers_London_1231349,Ingénieur Informaticien,London,82
KeyPers_London_1231350,Ingénieur Data,London,40
KeyPers_London_1231351,Ingénieur Informaticien,London,27
KeyPers_London_1231352,Ingénieur Data,London,34
KeyPers_London_1231353,Ingénieur Informaticien,London,72
KeyPers_London_1231354,Cadre,London,31
KeyPers_London_1231355,Ingénieur Data,London,46
KeyPers_London_1231356,Ingénieur Data,London,42
KeyPers_London_1231357,Ingénieur Informaticien,London,91
KeyPers_London_1231358,Ingénieur Informaticien,London,74
KeyPers_London_1231359,Ingénieur Data,London,78
KeyPers_London_1231360,Ingénieur Informaticien,London,93
KeyPers_London_1231361,Ingénieur Data,London,24
KeyPers_London_1231362,Ingénieur Informaticien,London,53
KeyPers_London_1231363,Ingénieur Informaticien,London,37
KeyPers_London_1231364,Ingénieur Informaticien,London,50
KeyPers_London_1231365,Ingénieur Informaticien,London,90
KeyPers_London_1231366,Ingénieur Informaticien,London,49
KeyPers_London_1231367,Ingénieur Data,London,73
KeyPers_London_1231368,Ingénieur Data,London,34
KeyPers_London_1231369,Ingénieur Informaticien,London,31
KeyPers_London_1231370,Ingénieur Data,London,63
KeyPers_London_1231371,Ingénieur Informaticien,London,72
KeyPers_London_1231372,Ingénieur Informaticien,London,58
KeyPers_London_1231373,Ingénieur Data,London,47
KeyPers_London_1231374,Ingénieur Informaticien,London,84
KeyPers_London_1231375,Ingénieur Informaticien,London,74
KeyPers_London_1231376,Ingénieur Data,London,28
KeyPers_London_1231377,Ingénieur Data,London,71
KeyPers_London_1231378,Ingénieur Data,London,50
KeyPers_London_1231379,Cadre,London,76
KeyPers_London_1231380,Ingénieur Data,London,93
KeyPers_London_1231381,Ingénieur Informaticien,London,68
KeyPers_London_1231382,Ingénieur Informaticien,London,39
KeyPers_London_1231383,Ingénieur Informaticien,London,30
KeyPers_London_1231384,Ingénieur Informaticien,London,35
KeyPers_London_1231385,Ingénieur Data,London,91
KeyPers_London_1231386,Economiste,London,92
KeyPers_London_1231387,Ingénieur Informaticien,London,95
KeyPers_London_1231388,Ingénieur Data,London,46
KeyPers_London_1231389,Ingénieur Informaticien,London,85
KeyPers_London_1231390,Ingénieur Data,London,27
KeyPers_London_1231391,Ingénieur Data,London,29
KeyPers_London_1231392,Ingénieur Informaticien,London,38
KeyPers_London_1231393,Ingénieur Data,London,41
KeyPers_London_1231394,Ingénieur Data,London,82
KeyPers_London_1231395,Ingénieur Data,London,58
KeyPers_London_1231396,Ingénieur Informaticien,London,34
KeyPers_London_1231397,Cadre,London,45
KeyPers_London_1231398,Ingénieur Informaticien,London,75
KeyPers_London_1231399,Ingénieur Data,London,61
KeyPers_London_1231400,Cadre,London,74
KeyPers_London_1231401,Ingénieur Informaticien,London,34
KeyPers_London_1231402,Ingénieur Informaticien,London,57
KeyPers_London_1231403,Ingénieur Data,London,29
KeyPers_London_1231404,Ingénieur Data,London,62
KeyPers_London_1231405,DRH,London,85
KeyPers_London_1231406,Ingénieur Informaticien,London,95
KeyPers_London_1231407,Cadre,London,39
KeyPers_London_1231408,Ingénieur Informaticien,London,43
KeyPers_London_1231409,Ingénieur Data,London,78
KeyPers_London_1231410,Cadre,London,53
KeyPers_London_1231411,Ingénieur Data,London,55
KeyPers_London_1231412,Ingénieur Data,London,92
KeyPers_London_1231413,Economiste,London,52
KeyPers_London_1231414,Ingénieur Informaticien,London,64
KeyPers_London_1231415,Ingénieur Data,London,70
KeyPers_London_1231416,Ingénieur Data,London,74
KeyPers_London_1231417,Ingénieur Data,London,91
KeyPers_London_1231418,Ingénieur Data,London,57
KeyPers_London_1231419,Ingénieur Informaticien,London,91
KeyPers_London_1231420,Economiste,London,87
KeyPers_London_1231421,Ingénieur Informaticien,London,74
KeyPers_London_1231422,Cadre,London,28
KeyPers_London_1231423,Ingénieur Informaticien,London,30
KeyPers_London_1231424,Cadre,London,66
KeyPers_London_1231425,Cadre,London,94
KeyPers_London_1231426,Ingénieur Informaticien,London,34
KeyPers_London_1231427,Ingénieur Informaticien,London,62
KeyPers_London_1231428,Ingénieur Informaticien,London,95
KeyPers_London_1231429,Cadre,London,33
KeyPers_London_1231430,Cadre,London,38
KeyPers_London_1231431,Ingénieur Informaticien,London,85
KeyPers_London_1231432,Ingénieur Informaticien,London,29
KeyPers_London_1231433,Ingénieur Informaticien,London,27
KeyPers_London_1231434,Ingénieur Data,London,90
KeyPers_London_1231435,Ingénieur Informaticien,London,57
KeyPers_London_1231436,Ingénieur Informaticien,London,70
KeyPers_London_1231437,Economiste,London,49
KeyPers_London_1231438,Ingénieur Informaticien,London,28
KeyPers_London_1231439,Ingénieur Data,London,38
KeyPers_London_1231440,Ingénieur Data,London,39
KeyPers_London_1231441,Ingénieur Informaticien,London,30
KeyPers_London_1231442,Ingénieur Data,London,85
KeyPers_London_1231443,Cadre,London,52
KeyPers_London_1231444,Ingénieur Informaticien,London,49
KeyPers_London_1231445,Ingénieur Data,London,31
KeyPers_London_1231446,Cadre,London,74
KeyPers_London_1231447,Ingénieur Informaticien,London,94
KeyPers_London_1231448,Economiste,London,61
KeyPers_London_1231449,Ingénieur Informaticien,London,28
KeyPers_London_1231450,Ingénieur Data,London,73
KeyPers_London_1231451,Cadre,London,33
KeyPers_London_1231452,Ingénieur Informaticien,London,62
KeyPers_London_1231453,Ingénieur Data,London,76
KeyPers_London_1231454,Ingénieur Informaticien,London,75
KeyPers_London_1231455,Ingénieur Informaticien,London,60
KeyPers_London_1231456,Cadre,London,72
KeyPers_London_1231457,Ingénieur Data,London,90
KeyPers_London_1231458,Ingénieur Informaticien,London,71
KeyPers_London_1231459,Ingénieur Data,London,54
KeyPers_London_1231460,Ingénieur Informaticien,London,72
KeyPers_London_1231461,Ingénieur Informaticien,London,25
KeyPers_London_1231462,Ingénieur Informaticien,London,76
KeyPers_London_1231463,Ingénieur Data,London,51
KeyPers_London_1231464,Ingénieur Informaticien,London,48
KeyPers_London_1231465,Ingénieur Informaticien,London,66
KeyPers_London_1231466,Ingénieur Informaticien,London,55
KeyPers_London_1231467,Ingénieur Data,London,41
KeyPers_London_1231468,Cadre,London,82
KeyPers_London_1231469,Ingénieur Data,London,31
KeyPers_London_1231470,Ingénieur Data,London,70
KeyPers_London_1231471,Ingénieur Informaticien,London,25
KeyPers_London_1231472,Cadre,London,24
KeyPers_London_1231473,Ingénieur Data,London,49
KeyPers_London_1231474,Ingénieur Informaticien,London,54
KeyPers_London_1231475,Ingénieur Data,London,79
KeyPers_London_1231476,Cadre,London,42
KeyPers_London_1231477,Ingénieur Informaticien,London,30
KeyPers_London_1231478,Cadre,London,64
KeyPers_London_1231479,Ingénieur Informaticien,London,59
KeyPers_London_1231480,Ingénieur Data,London,86
KeyPers_London_1231481,Cadre,London,31
KeyPers_London_1231482,Ingénieur Data,London,31
KeyPers_London_1231483,Ingénieur Informaticien,London,64
KeyPers_London_1231484,Cadre,London,70
KeyPers_London_1231485,Ingénieur Data,London,79
KeyPers_London_1231486,Ingénieur Informaticien,London,71
KeyPers_London_1231487,Ingénieur Data,London,87
KeyPers_London_1231488,Ingénieur Informaticien,London,85
KeyPers_London_1231489,DRH,London,49
KeyPers_London_1231490,Ingénieur Data,London,86
KeyPers_London_1231491,Ingénieur Informaticien,London,44
KeyPers_London_1231492,Ingénieur Informaticien,London,84
KeyPers_London_1231493,Ingénieur Informaticien,London,57
KeyPers_London_1231494,Economiste,London,44
KeyPers_London_1231495,Cadre,London,40
KeyPers_London_1231496,Ingénieur Data,London,55
KeyPers_London_1231497,Ingénieur Data,London,79
KeyPers_London_1231498,Ingénieur Data,London,71
KeyPers_London_1231499,DRH,London,30
KeyPers_London_1231500,Ingénieur Data,London,48
KeyPers_London_1231501,Cadre,London,85
KeyPers_London_1231502,Cadre,London,73
KeyPers_London_1231503,Ingénieur Informaticien,London,93
KeyPers_London_1231504,Cadre,London,49
KeyPers_London_1231505,Ingénieur Data,London,49
KeyPers_London_1231506,Cadre,London,81
KeyPers_London_1231507,Ingénieur Data,London,60
KeyPers_London_1231508,Cadre,London,78
KeyPers_London_1231509,Ingénieur Informaticien,London,88
KeyPers_London_1231510,Ingénieur Informaticien,London,45
KeyPers_London_1231511,DRH,London,75
KeyPers_London_1231512,Ingénieur Data,London,83
KeyPers_London_1231513,Cadre,London,47
KeyPers_London_1231514,Ingénieur Informaticien,London,86
KeyPers_London_1231515,Ingénieur Informaticien,London,30
KeyPers_London_1231516,Ingénieur Informaticien,London,57
KeyPers_London_1231517,Ingénieur Data,London,74
KeyPers_London_1231518,Economiste,London,45
KeyPers_London_1231519,Ingénieur Data,London,75
KeyPers_London_1231520,Cadre,London,60
KeyPers_London_1231521,Ingénieur Informaticien,London,32
KeyPers_London_1231522,Ingénieur Informaticien,London,85
KeyPers_London_1231523,Ingénieur Data,London,71
KeyPers_London_1231524,Ingénieur Data,London,78
KeyPers_London_1231525,Ingénieur Informaticien,London,42
KeyPers_London_1231526,Ingénieur Informaticien,London,65
KeyPers_London_1231527,Cadre,London,94
KeyPers_London_1231528,Ingénieur Data,London,46
KeyPers_London_1231529,Ingénieur Data,London,88
KeyPers_London_1231530,Cadre,London,77
KeyPers_London_1231531,Ingénieur Informaticien,London,45
KeyPers_London_1231532,Ingénieur Data,London,44
KeyPers_London_1231533,Ingénieur Data,London,47
KeyPers_London_1231534,Ingénieur Data,London,62
KeyPers_London_1231535,Ingénieur Data,London,73
KeyPers_London_1231536,Economiste,London,52
KeyPers_London_1231537,Ingénieur Informaticien,London,50
KeyPers_London_1231538,Ingénieur Data,London,56
KeyPers_London_1231539,Ingénieur Data,London,92
KeyPers_London_1231540,Ingénieur Informaticien,London,34
KeyPers_London_1231541,Ingénieur Data,London,94
KeyPers_London_1231542,Cadre,London,77
KeyPers_London_1231543,Ingénieur Informaticien,London,47
KeyPers_London_1231544,Ingénieur Data,London,91
KeyPers_London_1231545,Ingénieur Data,London,44
KeyPers_London_1231546,Cadre,London,49
KeyPers_London_1231547,Economiste,London,85
KeyPers_London_1231548,Ingénieur Informaticien,London,58
KeyPers_London_1231549,Ingénieur Informaticien,London,79
KeyPers_London_1231550,Ingénieur Informaticien,London,42
KeyPers_London_1231551,Economiste,London,94
KeyPers_London_1231552,Cadre,London,35
KeyPers_London_1231553,Ingénieur Informaticien,London,33
KeyPers_London_1231554,Economiste,London,25
KeyPers_London_1231555,Ingénieur Informaticien,London,72
KeyPers_London_1231556,Ingénieur Data,London,29
KeyPers_London_1231557,Economiste,London,94
KeyPers_London_1231558,Ingénieur Informaticien,London,61
KeyPers_London_1231559,Ingénieur Informaticien,London,68
KeyPers_London_1231560,Ingénieur Data,London,65
KeyPers_London_1231561,Ingénieur Informaticien,London,75
KeyPers_London_1231562,Cadre,London,36
KeyPers_London_1231563,Ingénieur Data,London,82
KeyPers_London_1231564,Economiste,London,87
KeyPers_London_1231565,Ingénieur Informaticien,London,84
KeyPers_London_1231566,Cadre,London,39
KeyPers_London_1231567,Ingénieur Informaticien,London,39
KeyPers_London_1231568,Ingénieur Informaticien,London,70
KeyPers_London_1231569,Cadre,London,83
KeyPers_London_1231570,Cadre,London,27
KeyPers_London_1231571,Ingénieur Informaticien,London,38
KeyPers_London_1231572,Ingénieur Informaticien,London,47
KeyPers_London_1231573,Cadre,London,27
KeyPers_London_1231574,DRH,London,84
KeyPers_London_1231575,Ingénieur Informaticien,London,49
KeyPers_London_1231576,Ingénieur Informaticien,London,72
KeyPers_London_1231577,Ingénieur Data,London,64
KeyPers_London_1231578,Ingénieur Data,London,39
KeyPers_London_1231579,Cadre,London,83
KeyPers_London_1231580,Cadre,London,89
KeyPers_London_1231581,Ingénieur Data,London,66
KeyPers_London_1231582,Ingénieur Data,London,85
KeyPers_London_1231583,Ingénieur Data,London,37
KeyPers_London_1231584,Cadre,London,93
KeyPers_London_1231585,Ingénieur Data,London,89
KeyPers_London_1231586,Ingénieur Data,London,75
KeyPers_London_1231587,Ingénieur Informaticien,London,42
KeyPers_London_1231588,Ingénieur Data,London,80
KeyPers_London_1231589,Ingénieur Data,London,70
KeyPers_London_1231590,Ingénieur Data,London,47
KeyPers_London_1231591,Ingénieur Data,London,80
KeyPers_London_1231592,Cadre,London,58
KeyPers_London_1231593,Economiste,London,46
KeyPers_London_1231594,Cadre,London,26
KeyPers_London_1231595,Cadre,London,96
KeyPers_London_1231596,Ingénieur Data,London,45
KeyPers_London_1231597,Ingénieur Data,London,94
KeyPers_London_1231598,Ingénieur Data,London,72
KeyPers_London_1231599,Ingénieur Data,London,58
KeyPers_London_1231600,Ingénieur Informaticien,London,79
KeyPers_London_1231601,Ingénieur Informaticien,London,78
KeyPers_London_1231602,Ingénieur Informaticien,London,87
KeyPers_London_1231603,Ingénieur Data,London,70
KeyPers_London_1231604,Ingénieur Informaticien,London,57
KeyPers_London_1231605,Ingénieur Data,London,48
KeyPers_London_1231606,Cadre,London,38
KeyPers_London_1231607,Ingénieur Informaticien,London,48
KeyPers_London_1231608,Economiste,London,50
KeyPers_London_1231609,Ingénieur Informaticien,London,54
KeyPers_London_1231610,Ingénieur Informaticien,London,34
KeyPers_London_1231611,Ingénieur Data,London,61
KeyPers_London_1231612,Ingénieur Data,London,89
KeyPers_London_1231613,Ingénieur Informaticien,London,47
KeyPers_London_1231614,Ingénieur Informaticien,London,37
KeyPers_London_1231615,Economiste,London,67
KeyPers_London_1231616,Ingénieur Informaticien,London,59
KeyPers_London_1231617,Ingénieur Data,London,63
KeyPers_London_1231618,Economiste,London,25
KeyPers_London_1231619,Ingénieur Data,London,81
KeyPers_London_1231620,Ingénieur Data,London,94
KeyPers_London_1231621,Ingénieur Data,London,57
KeyPers_London_1231622,Ingénieur Data,London,38
KeyPers_London_1231623,Ingénieur Informaticien,London,88
KeyPers_London_1231624,Cadre,London,57
KeyPers_London_1231625,Economiste,London,56
KeyPers_London_1231626,Ingénieur Data,London,67
KeyPers_London_1231627,Ingénieur Data,London,87
KeyPers_London_1231628,Cadre,London,61
KeyPers_London_1231629,Ingénieur Data,London,79
KeyPers_London_1231630,Cadre,London,78
KeyPers_London_1231631,Economiste,London,82
KeyPers_London_1231632,Ingénieur Data,London,29
KeyPers_London_1231633,Ingénieur Informaticien,London,55
KeyPers_London_1231634,Ingénieur Informaticien,London,49
KeyPers_London_1231635,Ingénieur Informaticien,London,81
KeyPers_London_1231636,Ingénieur Informaticien,London,33
KeyPers_London_1231637,Economiste,London,79
KeyPers_London_1231638,Cadre,London,25
KeyPers_London_1231639,Ingénieur Informaticien,London,94
KeyPers_London_1231640,Ingénieur Data,London,35
KeyPers_London_1231641,Cadre,London,61
KeyPers_London_1231642,Economiste,London,73
KeyPers_London_1231643,Ingénieur Informaticien,London,57
KeyPers_London_1231644,Ingénieur Data,London,62
KeyPers_London_1231645,Ingénieur Data,London,25
KeyPers_London_1231646,Ingénieur Data,London,75
KeyPers_London_1231647,Ingénieur Data,London,94
KeyPers_London_1231648,Cadre,London,55
KeyPers_London_1231649,Ingénieur Data,London,73
KeyPers_London_1231650,Cadre,London,86
KeyPers_London_1231651,Ingénieur Informaticien,London,43
KeyPers_London_1231652,Ingénieur Informaticien,London,82
KeyPers_London_1231653,Ingénieur Informaticien,London,40
KeyPers_London_1231654,Ingénieur Informaticien,London,52
KeyPers_London_1231655,Ingénieur Informaticien,London,35
KeyPers_London_1231656,Ingénieur Data,London,50
KeyPers_London_1231657,Ingénieur Informaticien,London,71
KeyPers_London_1231658,Cadre,London,58
KeyPers_London_1231659,Cadre,London,90
KeyPers_London_1231660,Ingénieur Informaticien,London,55
KeyPers_London_1231661,Ingénieur Data,London,71
KeyPers_London_1231662,Ingénieur Informaticien,London,64
KeyPers_London_1231663,Ingénieur Data,London,42
KeyPers_London_1231664,Ingénieur Data,London,38
KeyPers_London_1231665,Ingénieur Data,London,89
KeyPers_London_1231666,Ingénieur Data,London,89
KeyPers_London_1231667,Cadre,London,40
KeyPers_London_1231668,Cadre,London,76
KeyPers_London_1231669,Cadre,London,51
KeyPers_London_1231670,Ingénieur Informaticien,London,80
KeyPers_London_1231671,Ingénieur Data,London,86
KeyPers_London_1231672,Cadre,London,70
KeyPers_London_1231673,Cadre,London,61
KeyPers_London_1231674,Cadre,London,37
KeyPers_London_1231675,Cadre,London,38
KeyPers_London_1231676,Ingénieur Informaticien,London,94
KeyPers_London_1231677,Ingénieur Data,London,52
KeyPers_London_1231678,Cadre,London,54
KeyPers_London_1231679,Ingénieur Data,London,73
KeyPers_London_1231680,Ingénieur Informaticien,London,49
KeyPers_London_1231681,Ingénieur Data,London,91
KeyPers_London_1231682,Ingénieur Data,London,83
KeyPers_London_1231683,Cadre,London,43
KeyPers_London_1231684,Ingénieur Data,London,66
KeyPers_London_1231685,Ingénieur Informaticien,London,67
KeyPers_London_1231686,Ingénieur Informaticien,London,56
KeyPers_London_1231687,Ingénieur Data,London,51
KeyPers_London_1231688,Ingénieur Data,London,67
KeyPers_London_1231689,Ingénieur Data,London,32
KeyPers_London_1231690,Ingénieur Data,London,86
KeyPers_London_1231691,Ingénieur Informaticien,London,95
KeyPers_London_1231692,Cadre,London,47
KeyPers_London_1231693,Ingénieur Data,London,38
KeyPers_London_1231694,DRH,London,82
KeyPers_London_1231695,Cadre,London,59
KeyPers_London_1231696,Ingénieur Data,London,51
KeyPers_London_1231697,Ingénieur Informaticien,London,71
KeyPers_London_1231698,Cadre,London,48
KeyPers_London_1231699,Cadre,London,25
KeyPers_London_1231700,Ingénieur Informaticien,London,32
KeyPers_London_1231701,Cadre,London,35
KeyPers_London_1231702,Ingénieur Data,London,50
KeyPers_London_1231703,Ingénieur Informaticien,London,49
KeyPers_London_1231704,Ingénieur Informaticien,London,25
KeyPers_London_1231705,Ingénieur Data,London,77
KeyPers_London_1231706,Ingénieur Data,London,45
KeyPers_London_1231707,Ingénieur Informaticien,London,25
KeyPers_London_1231708,Ingénieur Data,London,56
KeyPers_London_1231709,Ingénieur Data,London,46
KeyPers_London_1231710,Cadre,London,54
KeyPers_London_1231711,Ingénieur Data,London,28
KeyPers_London_1231712,Ingénieur Informaticien,London,55
KeyPers_London_1231713,Ingénieur Data,London,96
KeyPers_London_1231714,Ingénieur Data,London,70
KeyPers_London_1231715,Ingénieur Data,London,52
KeyPers_London_1231716,Ingénieur Data,London,48
KeyPers_London_1231717,Ingénieur Data,London,80
KeyPers_London_1231718,DRH,London,28
KeyPers_London_1231719,Ingénieur Data,London,91
KeyPers_London_1231720,Cadre,London,80
KeyPers_London_1231721,Ingénieur Informaticien,London,40
KeyPers_London_1231722,Ingénieur Data,London,24
KeyPers_London_1231723,Ingénieur Informaticien,London,35
KeyPers_London_1231724,Ingénieur Informaticien,London,33
KeyPers_London_1231725,Ingénieur Data,London,52
KeyPers_London_1231726,Cadre,London,59
KeyPers_London_1231727,Ingénieur Informaticien,London,41
KeyPers_London_1231728,Cadre,London,43
KeyPers_London_1231729,Ingénieur Informaticien,London,56
KeyPers_London_1231730,Cadre,London,96
KeyPers_London_1231731,Cadre,London,48
KeyPers_London_1231732,Ingénieur Informaticien,London,35
KeyPers_London_1231733,Economiste,London,31
KeyPers_London_1231734,Cadre,London,68
KeyPers_London_1231735,Ingénieur Informaticien,London,50
KeyPers_London_1231736,Cadre,London,67
KeyPers_London_1231737,Economiste,London,44
KeyPers_London_1231738,Ingénieur Informaticien,London,59
KeyPers_London_1231739,Ingénieur Data,London,56
KeyPers_London_1231740,Cadre,London,41
KeyPers_London_1231741,Ingénieur Data,London,69
KeyPers_London_1231742,Ingénieur Data,London,74
KeyPers_London_1231743,Ingénieur Informaticien,London,68
KeyPers_London_1231744,Cadre,London,30
KeyPers_London_1231745,Ingénieur Informaticien,London,41
KeyPers_London_1231746,Ingénieur Informaticien,London,85
KeyPers_London_1231747,DRH,London,29
KeyPers_London_1231748,Ingénieur Data,London,72
KeyPers_London_1231749,Economiste,London,78
KeyPers_London_1231750,Cadre,London,83
KeyPers_London_1231751,Ingénieur Data,London,45
KeyPers_London_1231752,Ingénieur Data,London,93
KeyPers_London_1231753,Ingénieur Data,London,90
KeyPers_London_1231754,Ingénieur Informaticien,London,48
KeyPers_London_1231755,Cadre,London,40
KeyPers_London_1231756,Ingénieur Data,London,62
KeyPers_London_1231757,Ingénieur Data,London,82
KeyPers_London_1231758,Ingénieur Informaticien,London,64
KeyPers_London_1231759,Ingénieur Informaticien,London,49
KeyPers_London_1231760,Ingénieur Informaticien,London,90
KeyPers_London_1231761,Ingénieur Data,London,54
KeyPers_London_1231762,Ingénieur Informaticien,London,28
KeyPers_London_1231763,Ingénieur Informaticien,London,47
KeyPers_London_1231764,Ingénieur Data,London,50
KeyPers_London_1231765,Ingénieur Informaticien,London,74
KeyPers_London_1231766,Ingénieur Data,London,47
KeyPers_London_1231767,Ingénieur Informaticien,London,92
KeyPers_London_1231768,Ingénieur Data,London,47
KeyPers_London_1231769,Cadre,London,80
KeyPers_London_1231770,Ingénieur Informaticien,London,66
KeyPers_London_1231771,Ingénieur Data,London,27
KeyPers_London_1231772,Ingénieur Informaticien,London,25
KeyPers_London_1231773,Ingénieur Informaticien,London,80
KeyPers_London_1231774,Ingénieur Informaticien,London,83
KeyPers_London_1231775,Ingénieur Data,London,70
KeyPers_London_1231776,Ingénieur Data,London,71
KeyPers_London_1231777,Ingénieur Informaticien,London,78
KeyPers_London_1231778,Ingénieur Informaticien,London,67
KeyPers_London_1231779,Ingénieur Data,London,45
KeyPers_London_1231780,Ingénieur Informaticien,London,70
KeyPers_London_1231781,DRH,London,28
KeyPers_London_1231782,Cadre,London,35
KeyPers_London_1231783,Ingénieur Data,London,74
KeyPers_London_1231784,Ingénieur Informaticien,London,81
KeyPers_London_1231785,Ingénieur Data,London,80
KeyPers_London_1231786,Ingénieur Informaticien,London,87
KeyPers_London_1231787,Cadre,London,70
KeyPers_London_1231788,Ingénieur Data,London,92
KeyPers_London_1231789,Ingénieur Informaticien,London,96
KeyPers_London_1231790,Ingénieur Data,London,32
KeyPers_London_1231791,Ingénieur Data,London,59
KeyPers_London_1231792,Ingénieur Data,London,53
KeyPers_London_1231793,Ingénieur Informaticien,London,54
KeyPers_London_1231794,Cadre,London,45
KeyPers_London_1231795,Ingénieur Data,London,81
KeyPers_London_1231796,Ingénieur Data,London,36
KeyPers_London_1231797,Cadre,London,56
KeyPers_London_1231798,Ingénieur Data,London,42
KeyPers_London_1231799,Ingénieur Data,London,71
KeyPers_London_1231800,Ingénieur Data,London,77
KeyPers_London_1231801,Ingénieur Informaticien,London,25
KeyPers_London_1231802,Ingénieur Data,London,70
KeyPers_London_1231803,Cadre,London,79
KeyPers_London_1231804,Ingénieur Data,London,66
KeyPers_London_1231805,Economiste,London,67
KeyPers_London_1231806,Ingénieur Data,London,54
KeyPers_London_1231807,Ingénieur Data,London,92
KeyPers_London_1231808,Cadre,London,78
KeyPers_London_1231809,Ingénieur Data,London,67
KeyPers_London_1231810,Ingénieur Data,London,37
KeyPers_London_1231811,Cadre,London,84
KeyPers_London_1231812,Ingénieur Data,London,61
KeyPers_London_1231813,Ingénieur Data,London,82
KeyPers_London_1231814,Ingénieur Data,London,90
KeyPers_London_1231815,Ingénieur Informaticien,London,36
KeyPers_London_1231816,Ingénieur Informaticien,London,72
KeyPers_London_1231817,Ingénieur Informaticien,London,45
KeyPers_London_1231818,Ingénieur Data,London,73
KeyPers_London_1231819,Ingénieur Informaticien,London,44
KeyPers_London_1231820,Ingénieur Data,London,25
KeyPers_London_1231821,Ingénieur Informaticien,London,92
KeyPers_London_1231822,Ingénieur Informaticien,London,29
KeyPers_London_1231823,Ingénieur Data,London,75
KeyPers_London_1231824,Cadre,London,70
KeyPers_London_1231825,Ingénieur Informaticien,London,39
KeyPers_London_1231826,Ingénieur Informaticien,London,96
KeyPers_London_1231827,Ingénieur Informaticien,London,89
KeyPers_London_1231828,Cadre,London,87
KeyPers_London_1231829,Cadre,London,90
KeyPers_London_1231830,Cadre,London,83
KeyPers_London_1231831,Ingénieur Data,London,77
KeyPers_London_1231832,Ingénieur Informaticien,London,65
KeyPers_London_1231833,Economiste,London,87
KeyPers_London_1231834,Ingénieur Informaticien,London,29
KeyPers_London_1231835,Ingénieur Informaticien,London,80
KeyPers_London_1231836,Ingénieur Data,London,39
KeyPers_London_1231837,Cadre,London,80
KeyPers_London_1231838,Ingénieur Informaticien,London,58
KeyPers_London_1231839,Ingénieur Informaticien,London,93
KeyPers_London_1231840,Cadre,London,82
KeyPers_London_1231841,Ingénieur Data,London,64
KeyPers_London_1231842,Cadre,London,65
KeyPers_London_1231843,Ingénieur Data,London,25
KeyPers_London_1231844,Ingénieur Data,London,25
KeyPers_London_1231845,Ingénieur Data,London,79
KeyPers_London_1231846,Cadre,London,90
KeyPers_London_1231847,Ingénieur Informaticien,London,72
KeyPers_London_1231848,Ingénieur Informaticien,London,74
KeyPers_London_1231849,Ingénieur Data,London,88
KeyPers_London_1231850,Ingénieur Data,London,66
KeyPers_London_1231851,Ingénieur Informaticien,London,78
KeyPers_London_1231852,Ingénieur Data,London,57
KeyPers_London_1231853,Ingénieur Informaticien,London,28
KeyPers_London_1231854,Ingénieur Data,London,68
KeyPers_London_1231855,Ingénieur Data,London,47
KeyPers_London_1231856,Ingénieur Data,London,74
KeyPers_London_1231857,Ingénieur Data,London,26
KeyPers_London_1231858,Cadre,London,29
KeyPers_London_1231859,Ingénieur Informaticien,London,56
KeyPers_London_1231860,Cadre,London,45
KeyPers_London_1231861,Ingénieur Data,London,62
KeyPers_London_1231862,Cadre,London,36
KeyPers_London_1231863,Ingénieur Informaticien,London,63
KeyPers_London_1231864,Ingénieur Data,London,35
KeyPers_London_1231865,Ingénieur Data,London,37
KeyPers_London_1231866,Cadre,London,77
KeyPers_London_1231867,Economiste,London,65
KeyPers_London_1231868,Ingénieur Informaticien,London,76
KeyPers_London_1231869,Ingénieur Informaticien,London,50
KeyPers_London_1231870,Ingénieur Informaticien,London,27
KeyPers_London_1231871,Ingénieur Data,London,72
KeyPers_London_1231872,Ingénieur Data,London,25
KeyPers_London_1231873,Ingénieur Data,London,87
KeyPers_London_1231874,Economiste,London,50
KeyPers_London_1231875,Ingénieur Informaticien,London,84
KeyPers_London_1231876,Ingénieur Informaticien,London,94
KeyPers_London_1231877,Ingénieur Data,London,69
KeyPers_London_1231878,Ingénieur Informaticien,London,88
KeyPers_London_1231879,Cadre,London,65
KeyPers_London_1231880,Ingénieur Data,London,80
KeyPers_London_1231881,Ingénieur Data,London,45
KeyPers_London_1231882,Economiste,London,61
KeyPers_London_1231883,Ingénieur Data,London,61
KeyPers_London_1231884,Ingénieur Data,London,53
KeyPers_London_1231885,Ingénieur Informaticien,London,79
KeyPers_London_1231886,Ingénieur Informaticien,London,63
KeyPers_London_1231887,Cadre,London,44
KeyPers_London_1231888,Ingénieur Data,London,81
KeyPers_London_1231889,Ingénieur Data,London,76
KeyPers_London_1231890,Ingénieur Informaticien,London,40
KeyPers_London_1231891,Ingénieur Data,London,52
KeyPers_London_1231892,Cadre,London,55
KeyPers_London_1231893,Ingénieur Informaticien,London,39
KeyPers_London_1231894,Ingénieur Data,London,36
KeyPers_London_1231895,Ingénieur Data,London,77
KeyPers_London_1231896,Ingénieur Informaticien,London,95
KeyPers_London_1231897,Ingénieur Informaticien,London,58
KeyPers_London_1231898,Ingénieur Data,London,72
KeyPers_London_1231899,Ingénieur Informaticien,London,91
KeyPers_London_1231900,Ingénieur Informaticien,London,44
KeyPers_London_1231901,Ingénieur Informaticien,London,49
KeyPers_London_1231902,Ingénieur Informaticien,London,88
KeyPers_London_1231903,Ingénieur Data,London,55
KeyPers_London_1231904,Ingénieur Informaticien,London,34
KeyPers_London_1231905,Cadre,London,52
KeyPers_London_1231906,Cadre,London,35
KeyPers_London_1231907,Ingénieur Informaticien,London,80
KeyPers_London_1231908,Ingénieur Informaticien,London,26
KeyPers_London_1231909,Ingénieur Data,London,71
KeyPers_London_1231910,Ingénieur Data,London,83
KeyPers_London_1231911,Ingénieur Data,London,92
KeyPers_London_1231912,Ingénieur Informaticien,London,48
KeyPers_London_1231913,Cadre,London,81
KeyPers_London_1231914,Ingénieur Data,London,74
KeyPers_London_1231915,Ingénieur Data,London,76
KeyPers_London_1231916,Economiste,London,34
KeyPers_London_1231917,Cadre,London,61
KeyPers_London_1231918,Ingénieur Informaticien,London,84
KeyPers_London_1231919,Ingénieur Informaticien,London,84
KeyPers_London_1231920,Ingénieur Informaticien,London,93
KeyPers_London_1231921,Ingénieur Data,London,76
KeyPers_London_1231922,Ingénieur Informaticien,London,49
KeyPers_London_1231923,Ingénieur Informaticien,London,24
KeyPers_London_1231924,Ingénieur Data,London,39
KeyPers_London_1231925,Ingénieur Data,London,66
KeyPers_London_1231926,DRH,London,91
KeyPers_London_1231927,Ingénieur Data,London,40
KeyPers_London_1231928,Ingénieur Data,London,25
KeyPers_London_1231929,Economiste,London,69
KeyPers_London_1231930,Cadre,London,25
KeyPers_London_1231931,Economiste,London,65
KeyPers_London_1231932,Ingénieur Informaticien,London,44
KeyPers_London_1231933,Ingénieur Informaticien,London,71
KeyPers_London_1231934,Cadre,London,63
KeyPers_London_1231935,Cadre,London,64
KeyPers_London_1231936,Ingénieur Informaticien,London,28
KeyPers_London_1231937,Ingénieur Informaticien,London,89
KeyPers_London_1231938,Ingénieur Data,London,40
KeyPers_London_1231939,Ingénieur Informaticien,London,47
KeyPers_London_1231940,Economiste,London,95
KeyPers_London_1231941,Ingénieur Data,London,84
KeyPers_London_1231942,Ingénieur Data,London,41
KeyPers_London_1231943,Ingénieur Data,London,77
KeyPers_London_1231944,Ingénieur Informaticien,London,70
KeyPers_London_1231945,Economiste,London,93
KeyPers_London_1231946,Cadre,London,51
KeyPers_London_1231947,Ingénieur Informaticien,London,28
KeyPers_London_1231948,Ingénieur Informaticien,London,66
KeyPers_London_1231949,Ingénieur Informaticien,London,33
KeyPers_London_1231950,Ingénieur Data,London,47
KeyPers_London_1231951,Ingénieur Informaticien,London,88
KeyPers_London_1231952,Ingénieur Data,London,35
KeyPers_London_1231953,Ingénieur Data,London,62
KeyPers_London_1231954,Ingénieur Data,London,93
KeyPers_London_1231955,Cadre,London,58
KeyPers_London_1231956,Ingénieur Data,London,95
KeyPers_London_1231957,Ingénieur Informaticien,London,59
KeyPers_London_1231958,Cadre,London,72
KeyPers_London_1231959,Ingénieur Data,London,55
KeyPers_London_1231960,Ingénieur Data,London,96
KeyPers_London_1231961,Ingénieur Informaticien,London,81
KeyPers_London_1231962,Cadre,London,47
KeyPers_London_1231963,Ingénieur Informaticien,London,90
KeyPers_London_1231964,Ingénieur Data,London,82
KeyPers_London_1231965,Economiste,London,48
KeyPers_London_1231966,Ingénieur Informaticien,London,27
KeyPers_London_1231967,Cadre,London,56
KeyPers_London_1231968,Ingénieur Informaticien,London,27
KeyPers_London_1231969,Cadre,London,83
KeyPers_London_1231970,Cadre,London,36
KeyPers_London_1231971,Cadre,London,59
KeyPers_London_1231972,Ingénieur Informaticien,London,28
KeyPers_London_1231973,Ingénieur Data,London,40
KeyPers_London_1231974,DRH,London,37
KeyPers_London_1231975,Ingénieur Data,London,48
KeyPers_London_1231976,Ingénieur Data,London,29
KeyPers_London_1231977,Ingénieur Informaticien,London,87
KeyPers_London_1231978,Ingénieur Informaticien,London,54
KeyPers_London_1231979,Ingénieur Informaticien,London,39
KeyPers_London_1231980,Ingénieur Data,London,96
KeyPers_London_1231981,Ingénieur Informaticien,London,28
KeyPers_London_1231982,Ingénieur Data,London,96
KeyPers_London_1231983,Cadre,London,70
KeyPers_London_1231984,Ingénieur Data,London,84
KeyPers_London_1231985,Cadre,London,42
KeyPers_London_1231986,Ingénieur Data,London,67
KeyPers_London_1231987,DRH,London,94
KeyPers_London_1231988,Ingénieur Data,London,82
KeyPers_London_1231989,Cadre,London,79
KeyPers_London_1231990,Ingénieur Informaticien,London,75
KeyPers_London_1231991,Ingénieur Data,London,28
KeyPers_London_1231992,Ingénieur Informaticien,London,92
KeyPers_London_1231993,Ingénieur Data,London,25
KeyPers_London_1231994,Ingénieur Data,London,85
KeyPers_London_1231995,Ingénieur Data,London,83
KeyPers_London_1231996,Cadre,London,74
KeyPers_London_1231997,Ingénieur Data,London,38
KeyPers_London_1231998,Ingénieur Informaticien,London,33
KeyPers_London_1231999,Ingénieur Informaticien,London,34
KeyPers_London_1232000,Ingénieur Informaticien,London,82
KeyPers_London_1232001,Ingénieur Informaticien,London,49
KeyPers_London_1232002,Ingénieur Data,London,53
KeyPers_London_1232003,Ingénieur Data,London,33
KeyPers_London_1232004,Ingénieur Data,London,30
KeyPers_London_1232005,Ingénieur Data,London,68
KeyPers_London_1232006,Ingénieur Informaticien,London,46
KeyPers_London_1232007,Cadre,London,88
KeyPers_London_1232008,Ingénieur Informaticien,London,34
KeyPers_London_1232009,Ingénieur Informaticien,London,70
KeyPers_London_1232010,Ingénieur Informaticien,London,36
KeyPers_London_1232011,Ingénieur Informaticien,London,76
KeyPers_London_1232012,Ingénieur Data,London,46
KeyPers_London_1232013,Cadre,London,58
KeyPers_London_1232014,Ingénieur Informaticien,London,29
KeyPers_London_1232015,Ingénieur Informaticien,London,55
KeyPers_London_1232016,Economiste,London,30
KeyPers_London_1232017,Cadre,London,69
KeyPers_London_1232018,Ingénieur Data,London,75
KeyPers_London_1232019,Ingénieur Data,London,80
KeyPers_London_1232020,Ingénieur Informaticien,London,29
KeyPers_London_1232021,Ingénieur Data,London,94
KeyPers_London_1232022,Ingénieur Data,London,60
KeyPers_London_1232023,Ingénieur Informaticien,London,50
KeyPers_London_1232024,Ingénieur Informaticien,London,59
KeyPers_London_1232025,Ingénieur Data,London,83
KeyPers_London_1232026,DRH,London,32
KeyPers_London_1232027,Ingénieur Data,London,67
KeyPers_London_1232028,Ingénieur Informaticien,London,89
KeyPers_London_1232029,Ingénieur Informaticien,London,53
KeyPers_London_1232030,Ingénieur Informaticien,London,95
KeyPers_London_1232031,DRH,London,88
KeyPers_London_1232032,Cadre,London,94
KeyPers_London_1232033,Ingénieur Informaticien,London,52
KeyPers_London_1232034,Ingénieur Data,London,89
KeyPers_London_1232035,Ingénieur Data,London,48
KeyPers_London_1232036,Ingénieur Data,London,80
KeyPers_London_1232037,Ingénieur Data,London,61
KeyPers_London_1232038,Cadre,London,72
KeyPers_London_1232039,Cadre,London,80
KeyPers_London_1232040,Ingénieur Data,London,42
KeyPers_London_1232041,Ingénieur Informaticien,London,64
KeyPers_London_1232042,Cadre,London,45
KeyPers_London_1232043,Ingénieur Data,London,58
KeyPers_London_1232044,Ingénieur Informaticien,London,56
KeyPers_London_1232045,Economiste,London,32
KeyPers_London_1232046,Ingénieur Informaticien,London,63
KeyPers_London_1232047,Ingénieur Data,London,52
KeyPers_London_1232048,Ingénieur Data,London,55
KeyPers_London_1232049,Ingénieur Informaticien,London,36
KeyPers_London_1232050,Ingénieur Data,London,32
KeyPers_London_1232051,Ingénieur Informaticien,London,68
KeyPers_London_1232052,Ingénieur Informaticien,London,38
KeyPers_London_1232053,DRH,London,91
KeyPers_London_1232054,Ingénieur Informaticien,London,60
KeyPers_London_1232055,Cadre,London,28
KeyPers_London_1232056,Ingénieur Data,London,46
KeyPers_London_1232057,Ingénieur Informaticien,London,48
KeyPers_London_1232058,Ingénieur Informaticien,London,27
KeyPers_London_1232059,Ingénieur Informaticien,London,73
KeyPers_London_1232060,Ingénieur Data,London,61
KeyPers_London_1232061,Ingénieur Informaticien,London,36
KeyPers_London_1232062,Ingénieur Informaticien,London,65
KeyPers_London_1232063,Economiste,London,76
KeyPers_London_1232064,Ingénieur Data,London,88
KeyPers_London_1232065,Ingénieur Informaticien,London,89
KeyPers_London_1232066,Ingénieur Data,London,33
KeyPers_London_1232067,Ingénieur Informaticien,London,49
KeyPers_London_1232068,Ingénieur Data,London,42
KeyPers_London_1232069,Ingénieur Informaticien,London,68
KeyPers_London_1232070,Ingénieur Data,London,36
KeyPers_London_1232071,Ingénieur Informaticien,London,84
KeyPers_London_1232072,Ingénieur Data,London,83
KeyPers_London_1232073,Ingénieur Data,London,83
KeyPers_London_1232074,Ingénieur Data,London,64
KeyPers_London_1232075,Ingénieur Informaticien,London,30
KeyPers_London_1232076,Economiste,London,57
KeyPers_London_1232077,Ingénieur Data,London,76
KeyPers_London_1232078,Cadre,London,84
KeyPers_London_1232079,Cadre,London,41
KeyPers_London_1232080,Cadre,London,83
KeyPers_London_1232081,Ingénieur Informaticien,London,53
KeyPers_London_1232082,Ingénieur Data,London,38
KeyPers_London_1232083,Ingénieur Informaticien,London,81
KeyPers_London_1232084,Ingénieur Data,London,26
KeyPers_London_1232085,Ingénieur Informaticien,London,43
KeyPers_London_1232086,Ingénieur Data,London,52
KeyPers_London_1232087,Ingénieur Data,London,46
KeyPers_London_1232088,Ingénieur Informaticien,London,28
KeyPers_London_1232089,Ingénieur Informaticien,London,85
KeyPers_London_1232090,Cadre,London,31
KeyPers_London_1232091,Ingénieur Informaticien,London,75
KeyPers_London_1232092,Cadre,London,37
KeyPers_London_1232093,Ingénieur Data,London,43
KeyPers_London_1232094,Ingénieur Data,London,38
KeyPers_London_1232095,Economiste,London,81
KeyPers_London_1232096,Ingénieur Informaticien,London,78
KeyPers_London_1232097,Ingénieur Data,London,71
KeyPers_London_1232098,Economiste,London,49
KeyPers_London_1232099,DRH,London,58
KeyPers_London_1232100,Ingénieur Informaticien,London,94
KeyPers_London_1232101,Ingénieur Data,London,36
KeyPers_London_1232102,Ingénieur Informaticien,London,55
KeyPers_London_1232103,Economiste,London,45
KeyPers_London_1232104,Cadre,London,39
KeyPers_London_1232105,Ingénieur Informaticien,London,57
KeyPers_London_1232106,Ingénieur Data,London,80
KeyPers_London_1232107,Ingénieur Informaticien,London,61
KeyPers_London_1232108,Ingénieur Informaticien,London,81
KeyPers_London_1232109,Ingénieur Informaticien,London,78
KeyPers_London_1232110,Economiste,London,67
KeyPers_London_1232111,Cadre,London,90
KeyPers_London_1232112,Ingénieur Informaticien,London,42
KeyPers_London_1232113,Economiste,London,62
KeyPers_London_1232114,Ingénieur Informaticien,London,52
KeyPers_London_1232115,Ingénieur Informaticien,London,92
KeyPers_London_1232116,Ingénieur Informaticien,London,89
KeyPers_London_1232117,Ingénieur Informaticien,London,81
KeyPers_London_1232118,Ingénieur Informaticien,London,66
KeyPers_London_1232119,Ingénieur Data,London,70
KeyPers_London_1232120,Ingénieur Informaticien,London,30
KeyPers_London_1232121,Cadre,London,94
KeyPers_London_1232122,Ingénieur Data,London,87
KeyPers_London_1232123,Cadre,London,80
KeyPers_London_1232124,Ingénieur Data,London,73
KeyPers_London_1232125,Ingénieur Informaticien,London,91
KeyPers_London_1232126,Cadre,London,84
KeyPers_London_1232127,Economiste,London,49
KeyPers_London_1232128,Ingénieur Informaticien,London,52
KeyPers_London_1232129,Ingénieur Data,London,79
KeyPers_London_1232130,Ingénieur Data,London,73
KeyPers_London_1232131,Economiste,London,42
KeyPers_London_1232132,Cadre,London,67
KeyPers_London_1232133,Cadre,London,92
KeyPers_London_1232134,Ingénieur Data,London,47
KeyPers_London_1232135,Ingénieur Informaticien,London,36
KeyPers_London_1232136,Economiste,London,81
KeyPers_London_1232137,Ingénieur Data,London,48
KeyPers_London_1232138,Ingénieur Informaticien,London,75
KeyPers_London_1232139,Ingénieur Informaticien,London,53
KeyPers_London_1232140,Ingénieur Informaticien,London,59
KeyPers_London_1232141,Ingénieur Data,London,51
KeyPers_London_1232142,Ingénieur Data,London,40
KeyPers_London_1232143,Ingénieur Informaticien,London,83
KeyPers_London_1232144,Ingénieur Informaticien,London,52
KeyPers_London_1232145,Ingénieur Data,London,54
KeyPers_London_1232146,Ingénieur Informaticien,London,83
KeyPers_London_1232147,Ingénieur Data,London,25
KeyPers_London_1232148,Economiste,London,80
KeyPers_London_1232149,Ingénieur Informaticien,London,33
KeyPers_London_1232150,Ingénieur Data,London,96
KeyPers_London_1232151,Ingénieur Data,London,44
KeyPers_London_1232152,Ingénieur Data,London,68
KeyPers_London_1232153,Ingénieur Informaticien,London,73
KeyPers_London_1232154,Ingénieur Data,London,45
KeyPers_London_1232155,Ingénieur Informaticien,London,51
KeyPers_London_1232156,Ingénieur Data,London,44
KeyPers_London_1232157,Ingénieur Data,London,66
KeyPers_London_1232158,Ingénieur Informaticien,London,47
KeyPers_London_1232159,Ingénieur Informaticien,London,49
KeyPers_London_1232160,Economiste,London,37
KeyPers_London_1232161,Ingénieur Data,London,65
KeyPers_London_1232162,Ingénieur Informaticien,London,68
KeyPers_London_1232163,Ingénieur Data,London,95
KeyPers_London_1232164,Ingénieur Informaticien,London,88
KeyPers_London_1232165,Ingénieur Informaticien,London,85
KeyPers_London_1232166,Ingénieur Informaticien,London,66
KeyPers_London_1232167,Cadre,London,35
KeyPers_London_1232168,Economiste,London,65
KeyPers_London_1232169,Ingénieur Data,London,93
KeyPers_London_1232170,Ingénieur Data,London,69
KeyPers_London_1232171,Ingénieur Informaticien,London,27
KeyPers_London_1232172,Ingénieur Informaticien,London,85
KeyPers_London_1232173,Cadre,London,90
KeyPers_London_1232174,Ingénieur Informaticien,London,42
KeyPers_London_1232175,Cadre,London,89
KeyPers_London_1232176,Ingénieur Informaticien,London,67
KeyPers_London_1232177,Ingénieur Data,London,73
KeyPers_London_1232178,Ingénieur Data,London,43
KeyPers_London_1232179,Ingénieur Informaticien,London,72
KeyPers_London_1232180,Ingénieur Data,London,62
KeyPers_London_1232181,Cadre,London,89
KeyPers_London_1232182,Cadre,London,54
KeyPers_London_1232183,Ingénieur Data,London,78
KeyPers_London_1232184,Ingénieur Data,London,33
KeyPers_London_1232185,Ingénieur Data,London,55
KeyPers_London_1232186,Cadre,London,69
KeyPers_London_1232187,Ingénieur Informaticien,London,29
KeyPers_London_1232188,Ingénieur Informaticien,London,59
KeyPers_London_1232189,Ingénieur Informaticien,London,46
KeyPers_London_1232190,Ingénieur Informaticien,London,41
KeyPers_London_1232191,Ingénieur Data,London,29
KeyPers_London_1232192,Ingénieur Data,London,27
KeyPers_London_1232193,Ingénieur Informaticien,London,79
KeyPers_London_1232194,Ingénieur Informaticien,London,93
KeyPers_London_1232195,Ingénieur Informaticien,London,76
KeyPers_London_1232196,Ingénieur Data,London,74
KeyPers_London_1232197,Ingénieur Data,London,56
KeyPers_London_1232198,Cadre,London,73
KeyPers_London_1232199,Cadre,London,81
KeyPers_London_1232200,Ingénieur Informaticien,London,74
KeyPers_London_1232201,Ingénieur Informaticien,London,69
KeyPers_London_1232202,Ingénieur Data,London,93
KeyPers_London_1232203,Ingénieur Informaticien,London,53
KeyPers_London_1232204,Ingénieur Informaticien,London,81
KeyPers_London_1232205,Ingénieur Data,London,90
KeyPers_London_1232206,Ingénieur Data,London,90
KeyPers_London_1232207,Ingénieur Data,London,78
KeyPers_London_1232208,DRH,London,32
KeyPers_London_1232209,Ingénieur Data,London,58
KeyPers_London_1232210,Ingénieur Informaticien,London,88
KeyPers_London_1232211,Ingénieur Data,London,42
KeyPers_London_1232212,Cadre,London,27
KeyPers_London_1232213,Economiste,London,58
KeyPers_London_1232214,Ingénieur Data,London,90
KeyPers_London_1232215,Ingénieur Informaticien,London,71
KeyPers_London_1232216,Cadre,London,36
KeyPers_London_1232217,Ingénieur Informaticien,London,36
KeyPers_London_1232218,Ingénieur Informaticien,London,51
KeyPers_London_1232219,Cadre,London,53
KeyPers_London_1232220,Cadre,London,71
KeyPers_London_1232221,Ingénieur Informaticien,London,85
KeyPers_London_1232222,Cadre,London,39
KeyPers_London_1232223,Ingénieur Informaticien,London,95
KeyPers_London_1232224,Economiste,London,95
KeyPers_London_1232225,Ingénieur Data,London,26
KeyPers_London_1232226,Ingénieur Informaticien,London,43
KeyPers_London_1232227,Ingénieur Informaticien,London,33
KeyPers_London_1232228,Ingénieur Data,London,27
KeyPers_London_1232229,Ingénieur Informaticien,London,29
KeyPers_London_1232230,Ingénieur Informaticien,London,72
KeyPers_London_1232231,Ingénieur Informaticien,London,94
KeyPers_London_1232232,Ingénieur Data,London,86
KeyPers_London_1232233,Ingénieur Informaticien,London,80
KeyPers_London_1232234,Economiste,London,67
KeyPers_London_1232235,Ingénieur Informaticien,London,34
KeyPers_London_1232236,Cadre,London,89
KeyPers_London_1232237,Ingénieur Data,London,47
KeyPers_London_1232238,Ingénieur Informaticien,London,86
KeyPers_London_1232239,Ingénieur Data,London,37
KeyPers_London_1232240,Cadre,London,82
KeyPers_London_1232241,Ingénieur Informaticien,London,66
KeyPers_London_1232242,Ingénieur Data,London,37
KeyPers_London_1232243,Cadre,London,62
KeyPers_London_1232244,Ingénieur Informaticien,London,89
KeyPers_London_1232245,Ingénieur Informaticien,London,39
KeyPers_London_1232246,Ingénieur Data,London,45
KeyPers_London_1232247,Cadre,London,57
KeyPers_London_1232248,Cadre,London,35
KeyPers_London_1232249,Economiste,London,47
KeyPers_London_1232250,Ingénieur Informaticien,London,37
KeyPers_London_1232251,Ingénieur Informaticien,London,93
KeyPers_London_1232252,Economiste,London,82
KeyPers_London_1232253,Ingénieur Data,London,84
KeyPers_London_1232254,Ingénieur Informaticien,London,89
KeyPers_London_1232255,Ingénieur Data,London,49
KeyPers_London_1232256,Ingénieur Data,London,92
KeyPers_London_1232257,Ingénieur Data,London,78
KeyPers_London_1232258,Economiste,London,63
KeyPers_London_1232259,Ingénieur Informaticien,London,75
KeyPers_London_1232260,Ingénieur Data,London,45
KeyPers_London_1232261,Ingénieur Informaticien,London,93
KeyPers_London_1232262,Cadre,London,82
KeyPers_London_1232263,Ingénieur Informaticien,London,31
KeyPers_London_1232264,Ingénieur Data,London,56
KeyPers_London_1232265,Economiste,London,59
KeyPers_London_1232266,Ingénieur Informaticien,London,45
KeyPers_London_1232267,Economiste,London,72
KeyPers_London_1232268,Ingénieur Informaticien,London,26
KeyPers_London_1232269,Ingénieur Data,London,47
KeyPers_London_1232270,Ingénieur Data,London,56
KeyPers_London_1232271,Cadre,London,41
KeyPers_London_1232272,Ingénieur Data,London,79
KeyPers_London_1232273,Ingénieur Data,London,39
KeyPers_London_1232274,Ingénieur Informaticien,London,49
KeyPers_London_1232275,Cadre,London,65
KeyPers_London_1232276,Ingénieur Informaticien,London,29
KeyPers_London_1232277,DRH,London,25
KeyPers_London_1232278,Ingénieur Data,London,55
KeyPers_London_1232279,Ingénieur Data,London,49
KeyPers_London_1232280,Cadre,London,24
KeyPers_London_1232281,Ingénieur Data,London,37
KeyPers_London_1232282,Ingénieur Data,London,48
KeyPers_London_1232283,Ingénieur Data,London,30
KeyPers_London_1232284,Ingénieur Informaticien,London,44
KeyPers_London_1232285,Ingénieur Informaticien,London,39
KeyPers_London_1232286,Ingénieur Data,London,31
KeyPers_London_1232287,Ingénieur Informaticien,London,60
KeyPers_London_1232288,Cadre,London,94
KeyPers_London_1232289,Ingénieur Informaticien,London,82
KeyPers_London_1232290,Ingénieur Informaticien,London,38
KeyPers_London_1232291,Ingénieur Informaticien,London,30
KeyPers_London_1232292,Ingénieur Data,London,84
KeyPers_London_1232293,Ingénieur Data,London,78
KeyPers_London_1232294,Cadre,London,48
KeyPers_London_1232295,Ingénieur Data,London,86
KeyPers_London_1232296,Ingénieur Informaticien,London,60
KeyPers_London_1232297,Ingénieur Data,London,88
KeyPers_London_1232298,Ingénieur Data,London,36
KeyPers_London_1232299,Ingénieur Data,London,91
KeyPers_London_1232300,Ingénieur Informaticien,London,44
KeyPers_London_1232301,Ingénieur Data,London,81
KeyPers_London_1232302,Ingénieur Data,London,26
KeyPers_London_1232303,Ingénieur Data,London,64
KeyPers_London_1232304,Cadre,London,63
KeyPers_London_1232305,Ingénieur Informaticien,London,27
KeyPers_London_1232306,Ingénieur Informaticien,London,63
KeyPers_London_1232307,Ingénieur Informaticien,London,32
KeyPers_London_1232308,Ingénieur Data,London,70
KeyPers_London_1232309,Ingénieur Data,London,84
KeyPers_London_1232310,Ingénieur Informaticien,London,60
KeyPers_London_1232311,Ingénieur Informaticien,London,37
KeyPers_London_1232312,Economiste,London,69
KeyPers_London_1232313,Ingénieur Data,London,30
KeyPers_London_1232314,Ingénieur Data,London,58
KeyPers_London_1232315,Ingénieur Informaticien,London,72
KeyPers_London_1232316,Ingénieur Data,London,90
KeyPers_London_1232317,DRH,London,28
KeyPers_London_1232318,Cadre,London,48
KeyPers_London_1232319,Ingénieur Data,London,61
KeyPers_London_1232320,Ingénieur Data,London,42
KeyPers_London_1232321,Ingénieur Informaticien,London,37
KeyPers_London_1232322,Ingénieur Data,London,41
KeyPers_London_1232323,Ingénieur Informaticien,London,89
KeyPers_London_1232324,Ingénieur Data,London,27
KeyPers_London_1232325,Ingénieur Data,London,72
KeyPers_London_1232326,Ingénieur Data,London,84
KeyPers_London_1232327,Cadre,London,80
KeyPers_London_1232328,Ingénieur Data,London,79
KeyPers_London_1232329,Ingénieur Data,London,75
KeyPers_London_1232330,Economiste,London,81
KeyPers_London_1232331,Ingénieur Data,London,60
KeyPers_London_1232332,Ingénieur Informaticien,London,29
KeyPers_London_1232333,Ingénieur Data,London,53
KeyPers_London_1232334,Ingénieur Data,London,87
KeyPers_London_1232335,Ingénieur Informaticien,London,31
KeyPers_London_1232336,Ingénieur Informaticien,London,74
KeyPers_London_1232337,Ingénieur Informaticien,London,27
KeyPers_London_1232338,Economiste,London,96
KeyPers_London_1232339,Ingénieur Data,London,35
KeyPers_London_1232340,Ingénieur Data,London,83
KeyPers_London_1232341,Ingénieur Informaticien,London,38
KeyPers_London_1232342,Economiste,London,82
KeyPers_London_1232343,Ingénieur Informaticien,London,74
KeyPers_London_1232344,Ingénieur Informaticien,London,27
KeyPers_London_1232345,Ingénieur Informaticien,London,31
KeyPers_London_1232346,Ingénieur Informaticien,London,26
KeyPers_London_1232347,Ingénieur Data,London,32
KeyPers_London_1232348,Ingénieur Informaticien,London,82
KeyPers_London_1232349,Ingénieur Informaticien,London,33
KeyPers_London_1232350,Ingénieur Data,London,25
KeyPers_London_1232351,Ingénieur Informaticien,London,77
KeyPers_London_1232352,Ingénieur Data,London,25
KeyPers_London_1232353,Ingénieur Informaticien,London,72
KeyPers_London_1232354,Cadre,London,47
KeyPers_London_1232355,Cadre,London,90
KeyPers_London_1232356,Cadre,London,87
KeyPers_London_1232357,Ingénieur Data,London,44
KeyPers_London_1232358,Ingénieur Informaticien,London,33
KeyPers_London_1232359,Ingénieur Informaticien,London,64
KeyPers_London_1232360,Ingénieur Informaticien,London,34
KeyPers_London_1232361,Economiste,London,95
KeyPers_London_1232362,Ingénieur Data,London,61
KeyPers_London_1232363,Ingénieur Informaticien,London,83
KeyPers_London_1232364,Ingénieur Informaticien,London,39
KeyPers_London_1232365,Ingénieur Informaticien,London,37
KeyPers_London_1232366,Ingénieur Informaticien,London,52
KeyPers_London_1232367,Ingénieur Informaticien,London,46
KeyPers_London_1232368,Ingénieur Informaticien,London,64
KeyPers_London_1232369,Ingénieur Informaticien,London,56
KeyPers_London_1232370,Cadre,London,57
KeyPers_London_1232371,Ingénieur Data,London,47
KeyPers_London_1232372,Ingénieur Informaticien,London,41
KeyPers_London_1232373,Ingénieur Informaticien,London,43
KeyPers_London_1232374,Ingénieur Informaticien,London,90
KeyPers_London_1232375,Ingénieur Informaticien,London,72
KeyPers_London_1232376,Ingénieur Data,London,47
KeyPers_London_1232377,Ingénieur Data,London,79
KeyPers_London_1232378,Cadre,London,73
KeyPers_London_1232379,Ingénieur Data,London,28
KeyPers_London_1232380,Ingénieur Data,London,59
KeyPers_London_1232381,Ingénieur Data,London,91
KeyPers_London_1232382,Cadre,London,66
KeyPers_London_1232383,Cadre,London,57
KeyPers_London_1232384,Economiste,London,33
KeyPers_London_1232385,Ingénieur Data,London,53
KeyPers_London_1232386,Ingénieur Informaticien,London,43
KeyPers_London_1232387,Ingénieur Data,London,27
KeyPers_London_1232388,Ingénieur Informaticien,London,78
KeyPers_London_1232389,Ingénieur Informaticien,London,35
KeyPers_London_1232390,Ingénieur Informaticien,London,78
KeyPers_London_1232391,Ingénieur Informaticien,London,86
KeyPers_London_1232392,Ingénieur Informaticien,London,35
KeyPers_London_1232393,Ingénieur Data,London,81
KeyPers_London_1232394,Ingénieur Informaticien,London,34
KeyPers_London_1232395,Ingénieur Data,London,82
KeyPers_London_1232396,Cadre,London,73
KeyPers_London_1232397,Ingénieur Data,London,39
KeyPers_London_1232398,Ingénieur Data,London,35
KeyPers_London_1232399,Ingénieur Informaticien,London,79
KeyPers_London_1232400,Ingénieur Informaticien,London,78
KeyPers_London_1232401,Ingénieur Informaticien,London,69
KeyPers_London_1232402,Ingénieur Data,London,74
KeyPers_London_1232403,Ingénieur Informaticien,London,49
KeyPers_London_1232404,Ingénieur Data,London,39
KeyPers_London_1232405,Ingénieur Informaticien,London,83
KeyPers_London_1232406,Ingénieur Informaticien,London,55
KeyPers_London_1232407,Cadre,London,33
KeyPers_London_1232408,Cadre,London,66
KeyPers_London_1232409,Ingénieur Data,London,84
KeyPers_London_1232410,Ingénieur Data,London,76
KeyPers_London_1232411,Ingénieur Data,London,26
KeyPers_London_1232412,Ingénieur Data,London,61
KeyPers_London_1232413,Economiste,London,66
KeyPers_London_1232414,Ingénieur Informaticien,London,84
KeyPers_London_1232415,Cadre,London,68
KeyPers_London_1232416,Ingénieur Informaticien,London,94
KeyPers_London_1232417,Cadre,London,86
KeyPers_London_1232418,Ingénieur Informaticien,London,39
KeyPers_London_1232419,Ingénieur Data,London,34
KeyPers_London_1232420,Ingénieur Data,London,71
KeyPers_London_1232421,Ingénieur Data,London,87
KeyPers_London_1232422,Cadre,London,46
KeyPers_London_1232423,Ingénieur Data,London,92
KeyPers_London_1232424,Cadre,London,39
KeyPers_London_1232425,Ingénieur Data,London,33
KeyPers_London_1232426,Cadre,London,30
KeyPers_London_1232427,Ingénieur Data,London,27
KeyPers_London_1232428,Ingénieur Informaticien,London,40
KeyPers_London_1232429,Ingénieur Informaticien,London,75
KeyPers_London_1232430,Ingénieur Data,London,60
KeyPers_London_1232431,Ingénieur Data,London,37
KeyPers_London_1232432,Ingénieur Informaticien,London,47
KeyPers_London_1232433,Cadre,London,37
KeyPers_London_1232434,Ingénieur Informaticien,London,73
KeyPers_London_1232435,Ingénieur Informaticien,London,50
KeyPers_London_1232436,Economiste,London,50
KeyPers_London_1232437,Economiste,London,87
KeyPers_London_1232438,Ingénieur Data,London,38
KeyPers_London_1232439,Cadre,London,74
KeyPers_London_1232440,Ingénieur Informaticien,London,91
KeyPers_London_1232441,Ingénieur Informaticien,London,32
KeyPers_London_1232442,Ingénieur Informaticien,London,42
KeyPers_London_1232443,Ingénieur Data,London,66
KeyPers_London_1232444,Ingénieur Data,London,73
KeyPers_London_1232445,Ingénieur Data,London,61
KeyPers_London_1232446,Ingénieur Informaticien,London,78
KeyPers_London_1232447,Cadre,London,58
KeyPers_London_1232448,Cadre,London,47
KeyPers_London_1232449,Ingénieur Data,London,70
KeyPers_London_1232450,Cadre,London,68
KeyPers_London_1232451,Cadre,London,95
KeyPers_London_1232452,Ingénieur Informaticien,London,83
KeyPers_London_1232453,Ingénieur Informaticien,London,42
KeyPers_London_1232454,Ingénieur Data,London,34
KeyPers_London_1232455,Cadre,London,68
KeyPers_London_1232456,Ingénieur Informaticien,London,72
KeyPers_London_1232457,Cadre,London,24
KeyPers_London_1232458,Ingénieur Informaticien,London,82
KeyPers_London_1232459,Ingénieur Informaticien,London,36
KeyPers_London_1232460,Ingénieur Data,London,81
KeyPers_London_1232461,Ingénieur Data,London,75
KeyPers_London_1232462,Ingénieur Informaticien,London,78
KeyPers_London_1232463,Ingénieur Informaticien,London,50
KeyPers_London_1232464,Economiste,London,59
KeyPers_London_1232465,Cadre,London,36
KeyPers_London_1232466,Economiste,London,31
KeyPers_London_1232467,Cadre,London,32
KeyPers_London_1232468,Cadre,London,51
KeyPers_London_1232469,Economiste,London,36
KeyPers_London_1232470,Economiste,London,76
KeyPers_London_1232471,Ingénieur Data,London,48
KeyPers_London_1232472,Ingénieur Data,London,66
KeyPers_London_1232473,Cadre,London,87
KeyPers_London_1232474,Economiste,London,40
KeyPers_London_1232475,Ingénieur Informaticien,London,38
KeyPers_London_1232476,Ingénieur Informaticien,London,38
KeyPers_London_1232477,Ingénieur Informaticien,London,46
KeyPers_London_1232478,Ingénieur Informaticien,London,74
KeyPers_London_1232479,Ingénieur Data,London,27
KeyPers_London_1232480,Ingénieur Informaticien,London,86
KeyPers_London_1232481,Ingénieur Data,London,46
KeyPers_London_1232482,Cadre,London,75
KeyPers_London_1232483,Ingénieur Informaticien,London,69
KeyPers_London_1232484,Ingénieur Data,London,45
KeyPers_London_1232485,Ingénieur Data,London,26
KeyPers_London_1232486,DRH,London,56
KeyPers_London_1232487,Ingénieur Data,London,26
KeyPers_London_1232488,Ingénieur Data,London,43
KeyPers_London_1232489,Economiste,London,44
KeyPers_London_1232490,Ingénieur Data,London,81
KeyPers_London_1232491,Ingénieur Informaticien,London,30
KeyPers_London_1232492,Ingénieur Informaticien,London,93
KeyPers_London_1232493,Ingénieur Data,London,40
KeyPers_London_1232494,Ingénieur Data,London,86
KeyPers_London_1232495,Ingénieur Informaticien,London,43
KeyPers_London_1232496,Ingénieur Data,London,29
KeyPers_London_1232497,Ingénieur Informaticien,London,61
KeyPers_London_1232498,Cadre,London,66
KeyPers_London_1232499,Ingénieur Informaticien,London,48
KeyPers_London_1232500,Cadre,London,67
KeyPers_London_1232501,Ingénieur Data,London,69
KeyPers_London_1232502,Ingénieur Informaticien,London,31
KeyPers_London_1232503,Cadre,London,26
KeyPers_London_1232504,Cadre,London,72
KeyPers_London_1232505,Ingénieur Data,London,37
KeyPers_London_1232506,Ingénieur Data,London,56
KeyPers_London_1232507,Ingénieur Data,London,39
KeyPers_London_1232508,Ingénieur Informaticien,London,81
KeyPers_London_1232509,Ingénieur Data,London,44
KeyPers_London_1232510,Ingénieur Data,London,85
KeyPers_London_1232511,Cadre,London,62
KeyPers_London_1232512,Ingénieur Data,London,41
KeyPers_London_1232513,Cadre,London,50
KeyPers_London_1232514,Cadre,London,52
KeyPers_London_1232515,Ingénieur Informaticien,London,59
KeyPers_London_1232516,Cadre,London,60
KeyPers_London_1232517,Ingénieur Informaticien,London,89
KeyPers_London_1232518,Ingénieur Data,London,42
KeyPers_London_1232519,Ingénieur Informaticien,London,51
KeyPers_London_1232520,Ingénieur Data,London,92
KeyPers_London_1232521,Cadre,London,55
KeyPers_London_1232522,Ingénieur Informaticien,London,41
KeyPers_London_1232523,Ingénieur Data,London,66
KeyPers_London_1232524,Ingénieur Informaticien,London,56
KeyPers_London_1232525,Ingénieur Data,London,58
KeyPers_London_1232526,Economiste,London,85
KeyPers_London_1232527,Ingénieur Data,London,95
KeyPers_London_1232528,Ingénieur Data,London,87
KeyPers_London_1232529,Economiste,London,47
KeyPers_London_1232530,Cadre,London,29
KeyPers_London_1232531,Economiste,London,39
KeyPers_London_1232532,Cadre,London,32
KeyPers_London_1232533,Ingénieur Data,London,58
KeyPers_London_1232534,Ingénieur Data,London,88
KeyPers_London_1232535,Ingénieur Informaticien,London,34
KeyPers_London_1232536,Ingénieur Data,London,60
KeyPers_London_1232537,Ingénieur Data,London,64
KeyPers_London_1232538,Ingénieur Informaticien,London,91
KeyPers_London_1232539,Ingénieur Data,London,35
KeyPers_London_1232540,Ingénieur Data,London,60
KeyPers_London_1232541,Ingénieur Informaticien,London,41
KeyPers_London_1232542,Ingénieur Data,London,61
KeyPers_London_1232543,Ingénieur Data,London,38
KeyPers_London_1232544,Cadre,London,71
KeyPers_London_1232545,Ingénieur Informaticien,London,72
KeyPers_London_1232546,Ingénieur Data,London,42
KeyPers_London_1232547,Cadre,London,88
KeyPers_London_1232548,Ingénieur Data,London,41
KeyPers_London_1232549,Cadre,London,70
KeyPers_London_1232550,Cadre,London,66
KeyPers_London_1232551,Economiste,London,58
KeyPers_London_1232552,Ingénieur Data,London,69
KeyPers_London_1232553,Ingénieur Data,London,81
KeyPers_London_1232554,Ingénieur Informaticien,London,89
KeyPers_London_1232555,Ingénieur Data,London,53
KeyPers_London_1232556,Ingénieur Informaticien,London,91
KeyPers_London_1232557,Ingénieur Data,London,74
KeyPers_London_1232558,Ingénieur Data,London,92
KeyPers_London_1232559,Ingénieur Data,London,39
KeyPers_London_1232560,Ingénieur Informaticien,London,60
KeyPers_London_1232561,Ingénieur Informaticien,London,50
KeyPers_London_1232562,Ingénieur Informaticien,London,37
KeyPers_London_1232563,Ingénieur Data,London,26
KeyPers_London_1232564,Cadre,London,77
KeyPers_London_1232565,Ingénieur Informaticien,London,30
KeyPers_London_1232566,Ingénieur Data,London,65
KeyPers_London_1232567,Ingénieur Data,London,64
KeyPers_London_1232568,Ingénieur Data,London,25
KeyPers_London_1232569,Ingénieur Informaticien,London,43
KeyPers_London_1232570,Ingénieur Data,London,93
KeyPers_London_1232571,Ingénieur Data,London,71
KeyPers_London_1232572,Ingénieur Data,London,87
KeyPers_London_1232573,Cadre,London,72
KeyPers_London_1232574,Ingénieur Informaticien,London,93
KeyPers_London_1232575,Ingénieur Informaticien,London,71
KeyPers_London_1232576,Ingénieur Informaticien,London,85
KeyPers_London_1232577,Ingénieur Data,London,44
KeyPers_London_1232578,Cadre,London,90
KeyPers_London_1232579,Economiste,London,79
KeyPers_London_1232580,Ingénieur Data,London,26
KeyPers_London_1232581,Cadre,London,72
KeyPers_London_1232582,Ingénieur Informaticien,London,29
KeyPers_London_1232583,Ingénieur Data,London,30
KeyPers_London_1232584,Ingénieur Informaticien,London,49
KeyPers_London_1232585,DRH,London,67
KeyPers_London_1232586,Ingénieur Informaticien,London,68
KeyPers_London_1232587,Ingénieur Informaticien,London,75
KeyPers_London_1232588,Ingénieur Informaticien,London,56
KeyPers_London_1232589,Economiste,London,63
KeyPers_London_1232590,Ingénieur Informaticien,London,37
KeyPers_London_1232591,Ingénieur Data,London,27
KeyPers_London_1232592,Ingénieur Informaticien,London,68
KeyPers_London_1232593,Ingénieur Informaticien,London,92
KeyPers_London_1232594,Ingénieur Informaticien,London,83
KeyPers_London_1232595,Ingénieur Data,London,57
KeyPers_London_1232596,Ingénieur Informaticien,London,78
KeyPers_London_1232597,Ingénieur Informaticien,London,62
KeyPers_London_1232598,Ingénieur Data,London,79
KeyPers_London_1232599,Ingénieur Data,London,40
KeyPers_London_1232600,Ingénieur Informaticien,London,93
KeyPers_London_1232601,Economiste,London,71
KeyPers_London_1232602,Economiste,London,27
KeyPers_London_1232603,Cadre,London,68
KeyPers_London_1232604,Ingénieur Informaticien,London,55
KeyPers_London_1232605,Ingénieur Data,London,64
KeyPers_London_1232606,Cadre,London,51
KeyPers_London_1232607,Ingénieur Data,London,56
KeyPers_London_1232608,Ingénieur Data,London,34
KeyPers_London_1232609,Ingénieur Data,London,51
KeyPers_London_1232610,Economiste,London,53
KeyPers_London_1232611,Ingénieur Data,London,54
KeyPers_London_1232612,Ingénieur Informaticien,London,61
KeyPers_London_1232613,Cadre,London,31
KeyPers_London_1232614,Ingénieur Informaticien,London,57
KeyPers_London_1232615,Ingénieur Data,London,52
KeyPers_London_1232616,Ingénieur Informaticien,London,75
KeyPers_London_1232617,DRH,London,45
KeyPers_London_1232618,Ingénieur Data,London,37
KeyPers_London_1232619,Ingénieur Data,London,86
KeyPers_London_1232620,Ingénieur Data,London,86
KeyPers_London_1232621,Cadre,London,41
KeyPers_London_1232622,Cadre,London,69
KeyPers_London_1232623,Ingénieur Data,London,73
KeyPers_London_1232624,Ingénieur Data,London,77
KeyPers_London_1232625,Cadre,London,74
KeyPers_London_1232626,Ingénieur Data,London,77
KeyPers_London_1232627,Ingénieur Informaticien,London,44
KeyPers_London_1232628,Ingénieur Data,London,64
KeyPers_London_1232629,Ingénieur Informaticien,London,85
KeyPers_London_1232630,Ingénieur Informaticien,London,76
KeyPers_London_1232631,Cadre,London,59
KeyPers_London_1232632,Ingénieur Data,London,63
KeyPers_London_1232633,Ingénieur Informaticien,London,62
KeyPers_London_1232634,Cadre,London,54
KeyPers_London_1232635,Ingénieur Data,London,60
KeyPers_London_1232636,Cadre,London,78
KeyPers_London_1232637,Ingénieur Data,London,48
KeyPers_London_1232638,Ingénieur Data,London,40
KeyPers_London_1232639,Ingénieur Data,London,84
KeyPers_London_1232640,Ingénieur Data,London,30
KeyPers_London_1232641,DRH,London,58
KeyPers_London_1232642,Ingénieur Data,London,39
KeyPers_London_1232643,Ingénieur Data,London,87
KeyPers_London_1232644,Ingénieur Informaticien,London,52
KeyPers_London_1232645,Cadre,London,61
KeyPers_London_1232646,Ingénieur Data,London,52
KeyPers_London_1232647,Ingénieur Data,London,71
KeyPers_London_1232648,Economiste,London,44
KeyPers_London_1232649,Ingénieur Informaticien,London,63
KeyPers_London_1232650,Cadre,London,83
KeyPers_London_1232651,Ingénieur Data,London,54
KeyPers_London_1232652,Ingénieur Informaticien,London,46
KeyPers_London_1232653,Ingénieur Data,London,65
KeyPers_London_1232654,Ingénieur Data,London,71
KeyPers_London_1232655,Ingénieur Informaticien,London,74
KeyPers_London_1232656,Ingénieur Data,London,91
KeyPers_London_1232657,Ingénieur Informaticien,London,88
KeyPers_London_1232658,Ingénieur Informaticien,London,66
KeyPers_London_1232659,Ingénieur Data,London,81
KeyPers_London_1232660,Ingénieur Data,London,28
KeyPers_London_1232661,Ingénieur Data,London,87
KeyPers_London_1232662,Ingénieur Data,London,60
KeyPers_London_1232663,Ingénieur Informaticien,London,44
KeyPers_London_1232664,Economiste,London,40
KeyPers_London_1232665,Ingénieur Data,London,83
KeyPers_London_1232666,Ingénieur Data,London,28
KeyPers_London_1232667,Ingénieur Informaticien,London,41
KeyPers_London_1232668,Ingénieur Informaticien,London,86
KeyPers_London_1232669,Cadre,London,55
KeyPers_London_1232670,Ingénieur Informaticien,London,27
KeyPers_London_1232671,Ingénieur Informaticien,London,32
KeyPers_London_1232672,Ingénieur Data,London,80
KeyPers_London_1232673,Ingénieur Informaticien,London,34
KeyPers_London_1232674,Ingénieur Data,London,74
KeyPers_London_1232675,Cadre,London,87
KeyPers_London_1232676,Cadre,London,43
KeyPers_London_1232677,Ingénieur Data,London,74
KeyPers_London_1232678,Cadre,London,90
KeyPers_London_1232679,Ingénieur Informaticien,London,92
KeyPers_London_1232680,Cadre,London,61
KeyPers_London_1232681,Cadre,London,29
KeyPers_London_1232682,Ingénieur Data,London,61
KeyPers_London_1232683,Cadre,London,80
KeyPers_London_1232684,Ingénieur Informaticien,London,40
KeyPers_London_1232685,Ingénieur Data,London,81
KeyPers_London_1232686,Ingénieur Informaticien,London,95
KeyPers_London_1232687,Ingénieur Data,London,71
KeyPers_London_1232688,Ingénieur Informaticien,London,35
KeyPers_London_1232689,Ingénieur Data,London,48
KeyPers_London_1232690,Ingénieur Data,London,57
KeyPers_London_1232691,Cadre,London,40
KeyPers_London_1232692,Ingénieur Informaticien,London,26
KeyPers_London_1232693,Ingénieur Data,London,58
KeyPers_London_1232694,Ingénieur Data,London,63
KeyPers_London_1232695,Ingénieur Informaticien,London,95
KeyPers_London_1232696,Ingénieur Informaticien,London,50
KeyPers_London_1232697,Ingénieur Informaticien,London,34
KeyPers_London_1232698,Ingénieur Informaticien,London,37
KeyPers_London_1232699,Ingénieur Data,London,51
KeyPers_London_1232700,Ingénieur Data,London,67
KeyPers_London_1232701,Economiste,London,35
KeyPers_London_1232702,Ingénieur Data,London,30
KeyPers_London_1232703,Ingénieur Data,London,75
KeyPers_London_1232704,Economiste,London,53
KeyPers_London_1232705,Ingénieur Data,London,32
KeyPers_London_1232706,Cadre,London,59
KeyPers_London_1232707,Cadre,London,76
KeyPers_London_1232708,Ingénieur Data,London,39
KeyPers_London_1232709,DRH,London,80
KeyPers_London_1232710,Ingénieur Data,London,70
KeyPers_London_1232711,Ingénieur Data,London,51
KeyPers_London_1232712,Economiste,London,50
KeyPers_London_1232713,Ingénieur Informaticien,London,63
KeyPers_London_1232714,Ingénieur Data,London,36
KeyPers_London_1232715,Ingénieur Data,London,60
KeyPers_London_1232716,Cadre,London,90
KeyPers_London_1232717,Economiste,London,37
KeyPers_London_1232718,Ingénieur Informaticien,London,46
KeyPers_London_1232719,Cadre,London,54
KeyPers_London_1232720,Ingénieur Informaticien,London,41
KeyPers_London_1232721,Ingénieur Informaticien,London,90
KeyPers_London_1232722,Ingénieur Informaticien,London,58
KeyPers_London_1232723,Ingénieur Informaticien,London,52
KeyPers_London_1232724,Ingénieur Data,London,73
KeyPers_London_1232725,Ingénieur Data,London,66
KeyPers_London_1232726,Ingénieur Data,London,46
KeyPers_London_1232727,Cadre,London,86
KeyPers_London_1232728,Economiste,London,48
KeyPers_London_1232729,Ingénieur Data,London,83
KeyPers_London_1232730,Economiste,London,30
KeyPers_London_1232731,Ingénieur Informaticien,London,77
KeyPers_London_1232732,Ingénieur Data,London,67
KeyPers_London_1232733,Ingénieur Data,London,39
KeyPers_London_1232734,Cadre,London,52
KeyPers_London_1232735,Ingénieur Data,London,41
KeyPers_London_1232736,Ingénieur Informaticien,London,75
KeyPers_London_1232737,Ingénieur Data,London,72
KeyPers_London_1232738,Ingénieur Data,London,46
KeyPers_London_1232739,Ingénieur Informaticien,London,90
KeyPers_London_1232740,Ingénieur Data,London,89
KeyPers_London_1232741,Ingénieur Informaticien,London,35
KeyPers_London_1232742,Ingénieur Informaticien,London,66
KeyPers_London_1232743,Cadre,London,67
KeyPers_London_1232744,Ingénieur Data,London,40
KeyPers_London_1232745,Ingénieur Informaticien,London,86
KeyPers_London_1232746,Ingénieur Informaticien,London,63
KeyPers_London_1232747,Ingénieur Data,London,32
KeyPers_London_1232748,Ingénieur Data,London,58
KeyPers_London_1232749,Ingénieur Informaticien,London,29
KeyPers_London_1232750,Ingénieur Data,London,28
KeyPers_London_1232751,Cadre,London,49
KeyPers_London_1232752,Ingénieur Informaticien,London,54
KeyPers_London_1232753,Ingénieur Data,London,60
KeyPers_London_1232754,Ingénieur Informaticien,London,46
KeyPers_London_1232755,Ingénieur Data,London,95
KeyPers_London_1232756,Ingénieur Informaticien,London,41
KeyPers_London_1232757,Ingénieur Informaticien,London,45
KeyPers_London_1232758,Cadre,London,27
KeyPers_London_1232759,Ingénieur Data,London,77
KeyPers_London_1232760,Ingénieur Data,London,72
KeyPers_London_1232761,Ingénieur Data,London,54
KeyPers_London_1232762,Ingénieur Informaticien,London,77
KeyPers_London_1232763,Ingénieur Data,London,40
KeyPers_London_1232764,Ingénieur Data,London,78
KeyPers_London_1232765,Ingénieur Informaticien,London,73
KeyPers_London_1232766,Ingénieur Informaticien,London,80
KeyPers_London_1232767,Ingénieur Informaticien,London,48
KeyPers_London_1232768,Ingénieur Informaticien,London,84
KeyPers_London_1232769,Ingénieur Informaticien,London,52
KeyPers_London_1232770,Ingénieur Informaticien,London,76
KeyPers_London_1232771,Cadre,London,29
KeyPers_London_1232772,Ingénieur Data,London,60
KeyPers_London_1232773,Ingénieur Data,London,67
KeyPers_London_1232774,Ingénieur Data,London,44
KeyPers_London_1232775,Cadre,London,92
KeyPers_London_1232776,Ingénieur Data,London,69
KeyPers_London_1232777,Ingénieur Informaticien,London,95
KeyPers_London_1232778,Cadre,London,32
KeyPers_London_1232779,Ingénieur Informaticien,London,37
KeyPers_London_1232780,Ingénieur Data,London,54
KeyPers_London_1232781,Ingénieur Data,London,32
KeyPers_London_1232782,Cadre,London,54
KeyPers_London_1232783,DRH,London,85
KeyPers_London_1232784,Cadre,London,25
KeyPers_London_1232785,Ingénieur Informaticien,London,57
KeyPers_London_1232786,Cadre,London,25
KeyPers_London_1232787,Ingénieur Data,London,79
KeyPers_London_1232788,Economiste,London,93
KeyPers_London_1232789,Ingénieur Data,London,57
KeyPers_London_1232790,Ingénieur Informaticien,London,29
KeyPers_London_1232791,Ingénieur Data,London,27
KeyPers_London_1232792,Ingénieur Data,London,96
KeyPers_London_1232793,Ingénieur Data,London,82
KeyPers_London_1232794,Ingénieur Data,London,92
KeyPers_London_1232795,Ingénieur Data,London,53
KeyPers_London_1232796,Ingénieur Data,London,55
KeyPers_London_1232797,Cadre,London,91
KeyPers_London_1232798,Ingénieur Informaticien,London,58
KeyPers_London_1232799,Ingénieur Informaticien,London,24
KeyPers_London_1232800,Ingénieur Informaticien,London,68
KeyPers_London_1232801,Ingénieur Data,London,51
KeyPers_London_1232802,Ingénieur Informaticien,London,88
KeyPers_London_1232803,Ingénieur Informaticien,London,95
KeyPers_London_1232804,Economiste,London,28
KeyPers_London_1232805,Ingénieur Informaticien,London,28
KeyPers_London_1232806,Ingénieur Data,London,75
KeyPers_London_1232807,Ingénieur Informaticien,London,93
KeyPers_London_1232808,Ingénieur Informaticien,London,29
KeyPers_London_1232809,Ingénieur Informaticien,London,61
KeyPers_London_1232810,Ingénieur Data,London,54
KeyPers_London_1232811,Ingénieur Informaticien,London,92
KeyPers_London_1232812,Economiste,London,89
KeyPers_London_1232813,DRH,London,65
KeyPers_London_1232814,Ingénieur Data,London,66
KeyPers_London_1232815,Ingénieur Data,London,25
KeyPers_London_1232816,Ingénieur Informaticien,London,65
KeyPers_London_1232817,Ingénieur Informaticien,London,42
KeyPers_London_1232818,Ingénieur Informaticien,London,48
KeyPers_London_1232819,Cadre,London,84
KeyPers_London_1232820,Ingénieur Data,London,63
KeyPers_London_1232821,Economiste,London,40
KeyPers_London_1232822,Ingénieur Informaticien,London,37
KeyPers_London_1232823,Ingénieur Informaticien,London,57
KeyPers_London_1232824,Ingénieur Informaticien,London,66
KeyPers_London_1232825,Ingénieur Informaticien,London,67
KeyPers_London_1232826,Ingénieur Informaticien,London,44
KeyPers_London_1232827,Cadre,London,30
KeyPers_London_1232828,Ingénieur Data,London,34
KeyPers_London_1232829,Ingénieur Informaticien,London,90
KeyPers_London_1232830,Ingénieur Data,London,38
KeyPers_London_1232831,Ingénieur Informaticien,London,90
KeyPers_London_1232832,Ingénieur Informaticien,London,76
KeyPers_London_1232833,Ingénieur Informaticien,London,78
KeyPers_London_1232834,Cadre,London,46
KeyPers_London_1232835,Ingénieur Data,London,90
KeyPers_London_1232836,Cadre,London,65
KeyPers_London_1232837,Ingénieur Data,London,45
KeyPers_London_1232838,Cadre,London,67
KeyPers_London_1232839,Ingénieur Data,London,78
KeyPers_London_1232840,Ingénieur Data,London,66
KeyPers_London_1232841,Ingénieur Data,London,80
KeyPers_London_1232842,Ingénieur Informaticien,London,32
KeyPers_London_1232843,Ingénieur Informaticien,London,28
KeyPers_London_1232844,Cadre,London,83
KeyPers_London_1232845,Ingénieur Informaticien,London,63
KeyPers_London_1232846,Ingénieur Informaticien,London,51
KeyPers_London_1232847,Cadre,London,96
KeyPers_London_1232848,Ingénieur Data,London,82
KeyPers_London_1232849,Ingénieur Data,London,85
KeyPers_London_1232850,Economiste,London,72
KeyPers_London_1232851,Economiste,London,56
KeyPers_London_1232852,DRH,London,45
KeyPers_London_1232853,Ingénieur Informaticien,London,48
KeyPers_London_1232854,Ingénieur Informaticien,London,52
KeyPers_London_1232855,Ingénieur Informaticien,London,40
KeyPers_London_1232856,Ingénieur Informaticien,London,52
KeyPers_London_1232857,Ingénieur Data,London,80
KeyPers_London_1232858,Ingénieur Data,London,28
KeyPers_London_1232859,Ingénieur Informaticien,London,25
KeyPers_London_1232860,Cadre,London,80
KeyPers_London_1232861,Ingénieur Informaticien,London,34
KeyPers_London_1232862,Cadre,London,90
KeyPers_London_1232863,Ingénieur Data,London,43
KeyPers_London_1232864,Ingénieur Informaticien,London,48
KeyPers_London_1232865,Ingénieur Data,London,31
KeyPers_London_1232866,Ingénieur Data,London,44
KeyPers_London_1232867,Ingénieur Data,London,73
KeyPers_London_1232868,Ingénieur Informaticien,London,91
KeyPers_London_1232869,Ingénieur Data,London,31
KeyPers_London_1232870,Ingénieur Informaticien,London,73
KeyPers_London_1232871,Ingénieur Data,London,60
KeyPers_London_1232872,Ingénieur Informaticien,London,59
KeyPers_London_1232873,Ingénieur Data,London,40
KeyPers_London_1232874,Cadre,London,51
KeyPers_London_1232875,Cadre,London,53
KeyPers_London_1232876,Ingénieur Data,London,34
KeyPers_London_1232877,Cadre,London,35
KeyPers_London_1232878,Ingénieur Data,London,59
KeyPers_London_1232879,Cadre,London,77
KeyPers_London_1232880,Ingénieur Informaticien,London,37
KeyPers_London_1232881,Ingénieur Data,London,42
KeyPers_London_1232882,Ingénieur Data,London,41
KeyPers_London_1232883,Cadre,London,38
KeyPers_London_1232884,Ingénieur Data,London,91
KeyPers_London_1232885,Ingénieur Data,London,29
KeyPers_London_1232886,Ingénieur Informaticien,London,31
KeyPers_London_1232887,Ingénieur Data,London,25
KeyPers_London_1232888,DRH,London,86
KeyPers_London_1232889,Ingénieur Data,London,77
KeyPers_London_1232890,Ingénieur Data,London,75
KeyPers_London_1232891,Ingénieur Data,London,95
KeyPers_London_1232892,Ingénieur Data,London,62
KeyPers_London_1232893,Ingénieur Data,London,72
KeyPers_London_1232894,Ingénieur Informaticien,London,64
KeyPers_London_1232895,Ingénieur Informaticien,London,95
KeyPers_London_1232896,Ingénieur Informaticien,London,66
KeyPers_London_1232897,Ingénieur Data,London,86
KeyPers_London_1232898,Ingénieur Data,London,50
KeyPers_London_1232899,Ingénieur Data,London,85
KeyPers_London_1232900,Cadre,London,85
KeyPers_London_1232901,Ingénieur Informaticien,London,83
KeyPers_London_1232902,Ingénieur Data,London,61
KeyPers_London_1232903,Ingénieur Informaticien,London,61
KeyPers_London_1232904,Cadre,London,30
KeyPers_London_1232905,Cadre,London,66
KeyPers_London_1232906,Ingénieur Data,London,36
KeyPers_London_1232907,Ingénieur Informaticien,London,91
KeyPers_London_1232908,Ingénieur Informaticien,London,33
KeyPers_London_1232909,Ingénieur Data,London,56
KeyPers_London_1232910,Ingénieur Data,London,72
KeyPers_London_1232911,Ingénieur Informaticien,London,61
KeyPers_London_1232912,Cadre,London,31
KeyPers_London_1232913,Ingénieur Informaticien,London,39
KeyPers_London_1232914,Ingénieur Data,London,26
KeyPers_London_1232915,Ingénieur Data,London,71
KeyPers_London_1232916,Cadre,London,55
KeyPers_London_1232917,Economiste,London,51
KeyPers_London_1232918,Cadre,London,28
KeyPers_London_1232919,Ingénieur Data,London,70
KeyPers_London_1232920,DRH,London,38
KeyPers_London_1232921,Cadre,London,33
KeyPers_London_1232922,Ingénieur Informaticien,London,32
KeyPers_London_1232923,Ingénieur Informaticien,London,88
KeyPers_London_1232924,Ingénieur Informaticien,London,39
KeyPers_London_1232925,Ingénieur Data,London,74
KeyPers_London_1232926,Cadre,London,87
KeyPers_London_1232927,Ingénieur Data,London,93
KeyPers_London_1232928,Cadre,London,81
KeyPers_London_1232929,Ingénieur Informaticien,London,73
KeyPers_London_1232930,Ingénieur Informaticien,London,78
KeyPers_London_1232931,Ingénieur Data,London,80
KeyPers_London_1232932,Cadre,London,32
KeyPers_London_1232933,Ingénieur Data,London,37
KeyPers_London_1232934,Ingénieur Data,London,60
KeyPers_London_1232935,Ingénieur Informaticien,London,93
KeyPers_London_1232936,Ingénieur Informaticien,London,27
KeyPers_London_1232937,Ingénieur Data,London,77
KeyPers_London_1232938,Ingénieur Data,London,78
KeyPers_London_1232939,Ingénieur Informaticien,London,44
KeyPers_London_1232940,DRH,London,93
KeyPers_London_1232941,Ingénieur Data,London,65
KeyPers_London_1232942,Cadre,London,31
KeyPers_London_1232943,Cadre,London,93
KeyPers_London_1232944,Ingénieur Informaticien,London,96
KeyPers_London_1232945,Ingénieur Data,London,53
KeyPers_London_1232946,Ingénieur Informaticien,London,47
KeyPers_London_1232947,Ingénieur Informaticien,London,92
KeyPers_London_1232948,Ingénieur Data,London,71
KeyPers_London_1232949,Ingénieur Data,London,25
KeyPers_London_1232950,Cadre,London,63
KeyPers_London_1232951,Cadre,London,76
KeyPers_London_1232952,Ingénieur Data,London,27
KeyPers_London_1232953,Ingénieur Informaticien,London,80
KeyPers_London_1232954,Cadre,London,90
KeyPers_London_1232955,Ingénieur Data,London,29
KeyPers_London_1232956,Ingénieur Data,London,89
KeyPers_London_1232957,Cadre,London,26
KeyPers_London_1232958,Ingénieur Informaticien,London,46
KeyPers_London_1232959,Ingénieur Informaticien,London,65
KeyPers_London_1232960,Ingénieur Data,London,57
KeyPers_London_1232961,Economiste,London,53
KeyPers_London_1232962,Ingénieur Informaticien,London,95
KeyPers_London_1232963,Cadre,London,82
KeyPers_London_1232964,Cadre,London,46
KeyPers_London_1232965,Ingénieur Informaticien,London,57
KeyPers_London_1232966,Ingénieur Informaticien,London,94
KeyPers_London_1232967,Ingénieur Data,London,75
KeyPers_London_1232968,Ingénieur Data,London,65
KeyPers_London_1232969,DRH,London,52
KeyPers_London_1232970,Cadre,London,81
KeyPers_London_1232971,Ingénieur Informaticien,London,50
KeyPers_London_1232972,Ingénieur Informaticien,London,27
KeyPers_London_1232973,Ingénieur Data,London,37
KeyPers_London_1232974,Ingénieur Informaticien,London,79
KeyPers_London_1232975,Economiste,London,78
KeyPers_London_1232976,Ingénieur Data,London,38
KeyPers_London_1232977,Ingénieur Data,London,53
KeyPers_London_1232978,Ingénieur Data,London,43
KeyPers_London_1232979,Ingénieur Informaticien,London,96
KeyPers_London_1232980,Ingénieur Data,London,96
KeyPers_London_1232981,Cadre,London,35
KeyPers_London_1232982,Cadre,London,67
KeyPers_London_1232983,Ingénieur Data,London,64
KeyPers_London_1232984,Economiste,London,45
KeyPers_London_1232985,Ingénieur Informaticien,London,25
KeyPers_London_1232986,Ingénieur Data,London,33
KeyPers_London_1232987,Ingénieur Informaticien,London,32
KeyPers_London_1232988,Ingénieur Data,London,52
KeyPers_London_1232989,Ingénieur Informaticien,London,51
KeyPers_London_1232990,Ingénieur Data,London,52
KeyPers_London_1232991,Ingénieur Data,London,49
KeyPers_London_1232992,Ingénieur Data,London,56
KeyPers_London_1232993,Ingénieur Data,London,29
KeyPers_London_1232994,Ingénieur Informaticien,London,85
KeyPers_London_1232995,Cadre,London,93
KeyPers_London_1232996,Ingénieur Informaticien,London,31
KeyPers_London_1232997,Cadre,London,65
KeyPers_London_1232998,Ingénieur Data,London,71
KeyPers_London_1232999,Cadre,London,74
KeyPers_London_1233000,Ingénieur Informaticien,London,79
KeyPers_London_1233001,Ingénieur Data,London,27
KeyPers_London_1233002,Cadre,London,48
KeyPers_London_1233003,Ingénieur Informaticien,London,51
KeyPers_London_1233004,Ingénieur Informaticien,London,60
KeyPers_London_1233005,Ingénieur Data,London,55
KeyPers_London_1233006,Economiste,London,34
KeyPers_London_1233007,Ingénieur Informaticien,London,74
KeyPers_London_1233008,Ingénieur Informaticien,London,38
KeyPers_London_1233009,Economiste,London,48
KeyPers_London_1233010,Economiste,London,75
KeyPers_London_1233011,Ingénieur Data,London,91
KeyPers_London_1233012,Ingénieur Data,London,61
KeyPers_London_1233013,Ingénieur Informaticien,London,30
KeyPers_London_1233014,Cadre,London,92
KeyPers_London_1233015,Ingénieur Informaticien,London,60
KeyPers_London_1233016,Cadre,London,45
KeyPers_London_1233017,Cadre,London,34
KeyPers_London_1233018,Ingénieur Informaticien,London,68
KeyPers_London_1233019,Economiste,London,95
KeyPers_London_1233020,Ingénieur Informaticien,London,77
KeyPers_London_1233021,Ingénieur Informaticien,London,59
KeyPers_London_1233022,Cadre,London,30
KeyPers_London_1233023,Ingénieur Informaticien,London,91
KeyPers_London_1233024,Ingénieur Data,London,55
KeyPers_London_1233025,Ingénieur Informaticien,London,47
KeyPers_London_1233026,Ingénieur Informaticien,London,84
KeyPers_London_1233027,Ingénieur Data,London,58
KeyPers_London_1233028,Cadre,London,71
KeyPers_London_1233029,Cadre,London,64
KeyPers_London_1233030,Ingénieur Data,London,65
KeyPers_London_1233031,Ingénieur Data,London,51
KeyPers_London_1233032,Ingénieur Informaticien,London,29
KeyPers_London_1233033,Ingénieur Informaticien,London,90
KeyPers_London_1233034,DRH,London,91
KeyPers_London_1233035,Ingénieur Informaticien,London,79
KeyPers_London_1233036,Cadre,London,71
KeyPers_London_1233037,Ingénieur Data,London,35
KeyPers_London_1233038,Ingénieur Informaticien,London,59
KeyPers_London_1233039,Ingénieur Data,London,94
KeyPers_London_1233040,Ingénieur Informaticien,London,83
KeyPers_London_1233041,Ingénieur Informaticien,London,57
KeyPers_London_1233042,Ingénieur Informaticien,London,67
KeyPers_London_1233043,Cadre,London,35
KeyPers_London_1233044,Ingénieur Informaticien,London,68
KeyPers_London_1233045,Cadre,London,56
KeyPers_London_1233046,Ingénieur Informaticien,London,56
KeyPers_London_1233047,Ingénieur Data,London,79
KeyPers_London_1233048,Ingénieur Data,London,83
KeyPers_London_1233049,Ingénieur Informaticien,London,41
KeyPers_London_1233050,Ingénieur Data,London,62
KeyPers_London_1233051,Cadre,London,53
KeyPers_London_1233052,Cadre,London,29
KeyPers_London_1233053,Ingénieur Informaticien,London,26
KeyPers_London_1233054,Ingénieur Data,London,95
KeyPers_London_1233055,Cadre,London,77
KeyPers_London_1233056,Ingénieur Data,London,95
KeyPers_London_1233057,Ingénieur Data,London,64
KeyPers_London_1233058,Cadre,London,77
KeyPers_London_1233059,Ingénieur Informaticien,London,33
KeyPers_London_1233060,Economiste,London,29
KeyPers_London_1233061,Ingénieur Data,London,39
KeyPers_London_1233062,Ingénieur Informaticien,London,88
KeyPers_London_1233063,Ingénieur Data,London,92
KeyPers_London_1233064,Cadre,London,43
KeyPers_London_1233065,Ingénieur Data,London,82
KeyPers_London_1233066,Ingénieur Data,London,37
KeyPers_London_1233067,Ingénieur Data,London,37
KeyPers_London_1233068,Economiste,London,28
KeyPers_London_1233069,Ingénieur Informaticien,London,78
KeyPers_London_1233070,Ingénieur Informaticien,London,66
KeyPers_London_1233071,Economiste,London,25
KeyPers_London_1233072,Ingénieur Data,London,59
KeyPers_London_1233073,Cadre,London,79
KeyPers_London_1233074,Ingénieur Informaticien,London,82
KeyPers_London_1233075,Ingénieur Informaticien,London,85
KeyPers_London_1233076,Cadre,London,56
KeyPers_London_1233077,Cadre,London,31
KeyPers_London_1233078,DRH,London,26
KeyPers_London_1233079,Ingénieur Data,London,51
KeyPers_London_1233080,Ingénieur Data,London,63
KeyPers_London_1233081,Ingénieur Data,London,77
KeyPers_London_1233082,Ingénieur Informaticien,London,75
KeyPers_London_1233083,Ingénieur Informaticien,London,87
KeyPers_London_1233084,Ingénieur Informaticien,London,47
KeyPers_London_1233085,Cadre,London,56
KeyPers_London_1233086,Cadre,London,30
KeyPers_London_1233087,Ingénieur Informaticien,London,58
KeyPers_London_1233088,Ingénieur Data,London,57
KeyPers_London_1233089,Ingénieur Informaticien,London,32
KeyPers_London_1233090,Ingénieur Data,London,75
KeyPers_London_1233091,Cadre,London,74
KeyPers_London_1233092,Ingénieur Data,London,70
KeyPers_London_1233093,Ingénieur Informaticien,London,57
KeyPers_London_1233094,Ingénieur Informaticien,London,87
KeyPers_London_1233095,Economiste,London,47
KeyPers_London_1233096,Ingénieur Informaticien,London,92
KeyPers_London_1233097,Ingénieur Informaticien,London,67
KeyPers_London_1233098,Cadre,London,72
KeyPers_London_1233099,Ingénieur Informaticien,London,70
KeyPers_London_1233100,Cadre,London,29
KeyPers_London_1233101,Ingénieur Informaticien,London,40
KeyPers_London_1233102,Ingénieur Informaticien,London,79
KeyPers_London_1233103,Ingénieur Informaticien,London,79
KeyPers_London_1233104,Ingénieur Informaticien,London,36
KeyPers_London_1233105,Cadre,London,75
KeyPers_London_1233106,Ingénieur Informaticien,London,58
KeyPers_London_1233107,Ingénieur Informaticien,London,76
KeyPers_London_1233108,Ingénieur Informaticien,London,53
KeyPers_London_1233109,Ingénieur Data,London,54
KeyPers_London_1233110,Ingénieur Informaticien,London,83
KeyPers_London_1233111,Ingénieur Data,London,91
KeyPers_London_1233112,Ingénieur Informaticien,London,63
KeyPers_London_1233113,Ingénieur Informaticien,London,42
KeyPers_London_1233114,Ingénieur Informaticien,London,31
KeyPers_London_1233115,Ingénieur Data,London,87
KeyPers_London_1233116,Ingénieur Data,London,26
KeyPers_London_1233117,Ingénieur Data,London,56
KeyPers_London_1233118,Ingénieur Informaticien,London,69
KeyPers_London_1233119,Ingénieur Informaticien,London,66
KeyPers_London_1233120,Ingénieur Informaticien,London,66
KeyPers_London_1233121,Ingénieur Data,London,65
KeyPers_London_1233122,Ingénieur Informaticien,London,65
KeyPers_London_1233123,Ingénieur Data,London,53
KeyPers_London_1233124,Ingénieur Data,London,88
KeyPers_London_1233125,Cadre,London,79
KeyPers_London_1233126,Ingénieur Informaticien,London,82
KeyPers_London_1233127,Ingénieur Data,London,40
KeyPers_London_1233128,Cadre,London,28
KeyPers_London_1233129,Ingénieur Informaticien,London,93
KeyPers_London_1233130,Ingénieur Informaticien,London,91
KeyPers_London_1233131,Ingénieur Data,London,29
KeyPers_London_1233132,Ingénieur Data,London,28
KeyPers_London_1233133,Cadre,London,61
KeyPers_London_1233134,Ingénieur Informaticien,London,71
KeyPers_London_1233135,DRH,London,88
KeyPers_London_1233136,Ingénieur Informaticien,London,49
KeyPers_London_1233137,Ingénieur Data,London,31
KeyPers_London_1233138,Ingénieur Data,London,76
KeyPers_London_1233139,Ingénieur Data,London,83
KeyPers_London_1233140,Ingénieur Data,London,91
KeyPers_London_1233141,DRH,London,95
KeyPers_London_1233142,Ingénieur Informaticien,London,73
KeyPers_London_1233143,Cadre,London,32
KeyPers_London_1233144,Ingénieur Data,London,56
KeyPers_London_1233145,Ingénieur Informaticien,London,79
KeyPers_London_1233146,Ingénieur Data,London,41
KeyPers_London_1233147,Ingénieur Informaticien,London,35
KeyPers_London_1233148,Ingénieur Data,London,64
KeyPers_London_1233149,Ingénieur Informaticien,London,53
KeyPers_London_1233150,Ingénieur Data,London,55
KeyPers_London_1233151,Cadre,London,25
KeyPers_London_1233152,Cadre,London,95
KeyPers_London_1233153,Ingénieur Data,London,61
KeyPers_London_1233154,Cadre,London,38
KeyPers_London_1233155,Ingénieur Data,London,35
KeyPers_London_1233156,Ingénieur Informaticien,London,58
KeyPers_London_1233157,Ingénieur Data,London,64
KeyPers_London_1233158,Cadre,London,49
KeyPers_London_1233159,Ingénieur Data,London,40
KeyPers_London_1233160,Ingénieur Informaticien,London,26
KeyPers_London_1233161,Ingénieur Data,London,52
KeyPers_London_1233162,DRH,London,26
KeyPers_London_1233163,Ingénieur Data,London,88
KeyPers_London_1233164,Economiste,London,56
KeyPers_London_1233165,Ingénieur Informaticien,London,34
KeyPers_London_1233166,Ingénieur Data,London,92
KeyPers_London_1233167,Ingénieur Informaticien,London,24
KeyPers_London_1233168,Cadre,London,59
KeyPers_London_1233169,Ingénieur Data,London,45
KeyPers_London_1233170,Ingénieur Data,London,59
KeyPers_London_1233171,DRH,London,90
KeyPers_London_1233172,Ingénieur Informaticien,London,25
KeyPers_London_1233173,Ingénieur Data,London,66
KeyPers_London_1233174,Cadre,London,90
KeyPers_London_1233175,Ingénieur Informaticien,London,94
KeyPers_London_1233176,Ingénieur Informaticien,London,27
KeyPers_London_1233177,Ingénieur Data,London,73
KeyPers_London_1233178,Ingénieur Informaticien,London,83
KeyPers_London_1233179,DRH,London,37
KeyPers_London_1233180,Ingénieur Informaticien,London,52
KeyPers_London_1233181,Ingénieur Data,London,62
KeyPers_London_1233182,Ingénieur Data,London,42
KeyPers_London_1233183,Ingénieur Informaticien,London,55
KeyPers_London_1233184,Ingénieur Informaticien,London,89
KeyPers_London_1233185,Ingénieur Data,London,55
KeyPers_London_1233186,Cadre,London,78
KeyPers_London_1233187,Ingénieur Data,London,37
KeyPers_London_1233188,Ingénieur Informaticien,London,50
KeyPers_London_1233189,Ingénieur Informaticien,London,43
KeyPers_London_1233190,Cadre,London,76
KeyPers_London_1233191,Ingénieur Data,London,50
KeyPers_London_1233192,Ingénieur Data,London,68
KeyPers_London_1233193,Economiste,London,46
KeyPers_London_1233194,Ingénieur Informaticien,London,45
KeyPers_London_1233195,Ingénieur Data,London,68
KeyPers_London_1233196,Ingénieur Informaticien,London,52
KeyPers_London_1233197,Ingénieur Data,London,82
KeyPers_London_1233198,Ingénieur Informaticien,London,88
KeyPers_London_1233199,Ingénieur Data,London,72
KeyPers_London_1233200,Ingénieur Data,London,67
KeyPers_London_1233201,Cadre,London,92
KeyPers_London_1233202,Ingénieur Data,London,58
KeyPers_London_1233203,Ingénieur Informaticien,London,70
KeyPers_London_1233204,Economiste,London,94
KeyPers_London_1233205,Ingénieur Informaticien,London,26
KeyPers_London_1233206,Cadre,London,54
KeyPers_London_1233207,Ingénieur Informaticien,London,30
KeyPers_London_1233208,Cadre,London,60
KeyPers_London_1233209,Cadre,London,35
KeyPers_London_1233210,Ingénieur Informaticien,London,91
KeyPers_London_1233211,Ingénieur Data,London,88
KeyPers_London_1233212,Ingénieur Data,London,83
KeyPers_London_1233213,Ingénieur Data,London,43
KeyPers_London_1233214,Ingénieur Informaticien,London,30
KeyPers_London_1233215,Cadre,London,32
KeyPers_London_1233216,Ingénieur Informaticien,London,39
KeyPers_London_1233217,Cadre,London,35
KeyPers_London_1233218,Ingénieur Data,London,75
KeyPers_London_1233219,Ingénieur Data,London,78
KeyPers_London_1233220,Ingénieur Informaticien,London,85
KeyPers_London_1233221,DRH,London,73
KeyPers_London_1233222,Ingénieur Data,London,32
KeyPers_London_1233223,Ingénieur Informaticien,London,53
KeyPers_London_1233224,Ingénieur Data,London,83
KeyPers_London_1233225,Ingénieur Data,London,74
KeyPers_London_1233226,Ingénieur Data,London,52
KeyPers_London_1233227,Ingénieur Data,London,92
KeyPers_London_1233228,Ingénieur Data,London,41
KeyPers_London_1233229,Ingénieur Informaticien,London,64
KeyPers_London_1233230,Ingénieur Informaticien,London,33
KeyPers_London_1233231,Ingénieur Data,London,29
KeyPers_London_1233232,Cadre,London,83
KeyPers_London_1233233,Ingénieur Informaticien,London,87
KeyPers_London_1233234,Cadre,London,68
KeyPers_London_1233235,Economiste,London,67
KeyPers_London_1233236,Ingénieur Informaticien,London,61
KeyPers_London_1233237,DRH,London,82
KeyPers_London_1233238,Economiste,London,51
KeyPers_London_1233239,Ingénieur Informaticien,London,26
KeyPers_London_1233240,Ingénieur Informaticien,London,27
KeyPers_London_1233241,Ingénieur Data,London,57
KeyPers_London_1233242,Ingénieur Data,London,83
KeyPers_London_1233243,Ingénieur Data,London,62
KeyPers_London_1233244,Economiste,London,74
KeyPers_London_1233245,Ingénieur Data,London,43
KeyPers_London_1233246,Economiste,London,25
KeyPers_London_1233247,Ingénieur Data,London,47
KeyPers_London_1233248,Ingénieur Informaticien,London,35
KeyPers_London_1233249,Ingénieur Informaticien,London,79
KeyPers_London_1233250,Ingénieur Data,London,85
KeyPers_London_1233251,Ingénieur Informaticien,London,39
KeyPers_London_1233252,Economiste,London,65
KeyPers_London_1233253,Cadre,London,71
KeyPers_London_1233254,Economiste,London,50
KeyPers_London_1233255,Ingénieur Informaticien,London,82
KeyPers_London_1233256,Cadre,London,28
KeyPers_London_1233257,Ingénieur Informaticien,London,88
KeyPers_London_1233258,Ingénieur Informaticien,London,37
KeyPers_London_1233259,Ingénieur Data,London,80
KeyPers_London_1233260,Cadre,London,79
KeyPers_London_1233261,Ingénieur Data,London,93
KeyPers_London_1233262,Ingénieur Data,London,79
KeyPers_London_1233263,Ingénieur Informaticien,London,73
KeyPers_London_1233264,Ingénieur Data,London,75
KeyPers_London_1233265,Ingénieur Data,London,38
KeyPers_London_1233266,Cadre,London,73
KeyPers_London_1233267,Ingénieur Data,London,27
KeyPers_London_1233268,Cadre,London,65
KeyPers_London_1233269,Ingénieur Informaticien,London,82
KeyPers_London_1233270,Cadre,London,41
KeyPers_London_1233271,Ingénieur Informaticien,London,42
KeyPers_London_1233272,Ingénieur Informaticien,London,87
KeyPers_London_1233273,Ingénieur Informaticien,London,29
KeyPers_London_1233274,Ingénieur Data,London,26
KeyPers_London_1233275,Ingénieur Data,London,25
KeyPers_London_1233276,Cadre,London,81
KeyPers_London_1233277,Ingénieur Informaticien,London,66
KeyPers_London_1233278,Ingénieur Data,London,70
KeyPers_London_1233279,Ingénieur Data,London,59
KeyPers_London_1233280,Cadre,London,66
KeyPers_London_1233281,Ingénieur Informaticien,London,58
KeyPers_London_1233282,Ingénieur Data,London,63
KeyPers_London_1233283,Cadre,London,51
KeyPers_London_1233284,Ingénieur Data,London,47
KeyPers_London_1233285,Ingénieur Data,London,42
KeyPers_London_1233286,Ingénieur Data,London,64
KeyPers_London_1233287,Cadre,London,82
KeyPers_London_1233288,Cadre,London,36
KeyPers_London_1233289,Economiste,London,93
KeyPers_London_1233290,Ingénieur Informaticien,London,39
KeyPers_London_1233291,Ingénieur Data,London,34
KeyPers_London_1233292,DRH,London,31
KeyPers_London_1233293,Ingénieur Informaticien,London,52
KeyPers_London_1233294,Economiste,London,27
KeyPers_London_1233295,Ingénieur Informaticien,London,54
KeyPers_London_1233296,Ingénieur Informaticien,London,56
KeyPers_London_1233297,Ingénieur Data,London,59
KeyPers_London_1233298,Ingénieur Informaticien,London,50
KeyPers_London_1233299,Ingénieur Informaticien,London,88
KeyPers_London_1233300,Ingénieur Data,London,55
KeyPers_London_1233301,Cadre,London,42
KeyPers_London_1233302,Ingénieur Informaticien,London,45
KeyPers_London_1233303,Ingénieur Informaticien,London,76
KeyPers_London_1233304,Ingénieur Data,London,59
KeyPers_London_1233305,Ingénieur Informaticien,London,67
KeyPers_London_1233306,Ingénieur Informaticien,London,87
KeyPers_London_1233307,Ingénieur Informaticien,London,71
KeyPers_London_1233308,DRH,London,70
KeyPers_London_1233309,Economiste,London,47
KeyPers_London_1233310,Cadre,London,41
KeyPers_London_1233311,Cadre,London,69
KeyPers_London_1233312,Ingénieur Informaticien,London,81
KeyPers_London_1233313,Ingénieur Data,London,80
KeyPers_London_1233314,Ingénieur Data,London,51
KeyPers_London_1233315,DRH,London,70
KeyPers_London_1233316,Cadre,London,50
KeyPers_London_1233317,Ingénieur Informaticien,London,74
KeyPers_London_1233318,Ingénieur Informaticien,London,83
KeyPers_London_1233319,Ingénieur Informaticien,London,53
KeyPers_London_1233320,Ingénieur Data,London,55
KeyPers_London_1233321,Economiste,London,70
KeyPers_London_1233322,Ingénieur Informaticien,London,78
KeyPers_London_1233323,Ingénieur Data,London,54
KeyPers_London_1233324,Cadre,London,24
KeyPers_London_1233325,Ingénieur Data,London,57
KeyPers_London_1233326,Ingénieur Informaticien,London,84
KeyPers_London_1233327,Ingénieur Data,London,90
KeyPers_London_1233328,Ingénieur Data,London,36
KeyPers_London_1233329,Cadre,London,61
KeyPers_London_1233330,Ingénieur Informaticien,London,44
KeyPers_London_1233331,Ingénieur Informaticien,London,87
KeyPers_London_1233332,Economiste,London,39
KeyPers_London_1233333,Cadre,London,58
KeyPers_London_1233334,Ingénieur Informaticien,London,61
KeyPers_London_1233335,Ingénieur Informaticien,London,27
KeyPers_London_1233336,Ingénieur Informaticien,London,48
KeyPers_London_1233337,Ingénieur Data,London,38
KeyPers_London_1233338,Ingénieur Data,London,60
KeyPers_London_1233339,Ingénieur Informaticien,London,30
KeyPers_London_1233340,Ingénieur Informaticien,London,62
KeyPers_London_1233341,Ingénieur Informaticien,London,82
KeyPers_London_1233342,Ingénieur Data,London,92
KeyPers_London_1233343,Ingénieur Informaticien,London,44
KeyPers_London_1233344,Ingénieur Informaticien,London,82
KeyPers_London_1233345,Ingénieur Data,London,46
KeyPers_London_1233346,Economiste,London,79
KeyPers_London_1233347,Cadre,London,61
KeyPers_London_1233348,Economiste,London,61
KeyPers_London_1233349,Ingénieur Data,London,90
KeyPers_London_1233350,Cadre,London,85
KeyPers_London_1233351,Ingénieur Informaticien,London,93
KeyPers_London_1233352,Cadre,London,34
KeyPers_London_1233353,Cadre,London,82
KeyPers_London_1233354,Ingénieur Informaticien,London,46
KeyPers_London_1233355,Cadre,London,88
KeyPers_London_1233356,Ingénieur Data,London,81
KeyPers_London_1233357,Ingénieur Data,London,72
KeyPers_London_1233358,Ingénieur Data,London,50
KeyPers_London_1233359,DRH,London,47
KeyPers_London_1233360,Ingénieur Informaticien,London,56
KeyPers_London_1233361,Ingénieur Data,London,25
KeyPers_London_1233362,Cadre,London,55
KeyPers_London_1233363,Ingénieur Informaticien,London,76
KeyPers_London_1233364,Ingénieur Data,London,86
KeyPers_London_1233365,Ingénieur Informaticien,London,39
KeyPers_London_1233366,Ingénieur Informaticien,London,75
KeyPers_London_1233367,Cadre,London,79
KeyPers_London_1233368,Ingénieur Data,London,55
KeyPers_London_1233369,Ingénieur Informaticien,London,28
KeyPers_London_1233370,Ingénieur Data,London,81
KeyPers_London_1233371,Ingénieur Informaticien,London,31
KeyPers_London_1233372,Ingénieur Data,London,43
KeyPers_London_1233373,Ingénieur Data,London,31
KeyPers_London_1233374,Ingénieur Informaticien,London,47
KeyPers_London_1233375,Cadre,London,45
KeyPers_London_1233376,Economiste,London,94
KeyPers_London_1233377,Ingénieur Data,London,83
KeyPers_London_1233378,Ingénieur Data,London,80
KeyPers_London_1233379,Ingénieur Data,London,49
KeyPers_London_1233380,Ingénieur Data,London,27
KeyPers_London_1233381,Ingénieur Informaticien,London,50
KeyPers_London_1233382,Ingénieur Data,London,25
KeyPers_London_1233383,Cadre,London,46
KeyPers_London_1233384,Ingénieur Informaticien,London,39
KeyPers_London_1233385,Ingénieur Data,London,70
KeyPers_London_1233386,Ingénieur Informaticien,London,71
KeyPers_London_1233387,Ingénieur Data,London,69
KeyPers_London_1233388,Ingénieur Data,London,86
KeyPers_London_1233389,Ingénieur Informaticien,London,40
KeyPers_London_1233390,Cadre,London,84
KeyPers_London_1233391,Cadre,London,73
KeyPers_London_1233392,Ingénieur Data,London,80
KeyPers_London_1233393,Ingénieur Data,London,30
KeyPers_London_1233394,Ingénieur Informaticien,London,47
KeyPers_London_1233395,Cadre,London,80
KeyPers_London_1233396,Ingénieur Informaticien,London,59
KeyPers_London_1233397,Cadre,London,39
KeyPers_London_1233398,Cadre,London,83
KeyPers_London_1233399,Ingénieur Informaticien,London,34
KeyPers_London_1233400,Ingénieur Data,London,25
KeyPers_London_1233401,Ingénieur Informaticien,London,89
KeyPers_London_1233402,Cadre,London,63
KeyPers_London_1233403,Ingénieur Informaticien,London,34
KeyPers_London_1233404,Ingénieur Data,London,65
KeyPers_London_1233405,Ingénieur Data,London,73
KeyPers_London_1233406,Ingénieur Data,London,76
KeyPers_London_1233407,Ingénieur Informaticien,London,79
KeyPers_London_1233408,Ingénieur Data,London,58
KeyPers_London_1233409,Ingénieur Informaticien,London,24
KeyPers_London_1233410,Ingénieur Data,London,29
KeyPers_London_1233411,Ingénieur Data,London,82
KeyPers_London_1233412,Ingénieur Data,London,56
KeyPers_London_1233413,Economiste,London,50
KeyPers_London_1233414,Cadre,London,54
KeyPers_London_1233415,Cadre,London,41
KeyPers_London_1233416,Cadre,London,78
KeyPers_London_1233417,Ingénieur Informaticien,London,31
KeyPers_London_1233418,Ingénieur Informaticien,London,24
KeyPers_London_1233419,Ingénieur Data,London,53
KeyPers_London_1233420,Ingénieur Informaticien,London,57
KeyPers_London_1233421,Cadre,London,79
KeyPers_London_1233422,Ingénieur Data,London,25
KeyPers_London_1233423,Economiste,London,30
KeyPers_London_1233424,Ingénieur Data,London,91
KeyPers_London_1233425,Ingénieur Informaticien,London,31
KeyPers_London_1233426,Ingénieur Informaticien,London,45
KeyPers_London_1233427,Ingénieur Informaticien,London,86
KeyPers_London_1233428,Ingénieur Informaticien,London,45
KeyPers_London_1233429,Ingénieur Data,London,58
KeyPers_London_1233430,Ingénieur Informaticien,London,78
KeyPers_London_1233431,Ingénieur Data,London,69
KeyPers_London_1233432,Ingénieur Informaticien,London,86
KeyPers_London_1233433,Ingénieur Data,London,50
KeyPers_London_1233434,Cadre,London,86
KeyPers_London_1233435,Economiste,London,89
KeyPers_London_1233436,Ingénieur Data,London,81
KeyPers_London_1233437,Ingénieur Informaticien,London,42
KeyPers_London_1233438,Ingénieur Data,London,76
KeyPers_London_1233439,Economiste,London,90
KeyPers_London_1233440,Ingénieur Informaticien,London,59
KeyPers_London_1233441,Ingénieur Informaticien,London,52
KeyPers_London_1233442,Ingénieur Data,London,28
KeyPers_London_1233443,Ingénieur Informaticien,London,26
KeyPers_London_1233444,Ingénieur Data,London,39
KeyPers_London_1233445,Ingénieur Data,London,27
KeyPers_London_1233446,Ingénieur Informaticien,London,48
KeyPers_London_1233447,Ingénieur Data,London,90
KeyPers_London_1233448,DRH,London,79
KeyPers_London_1233449,Ingénieur Data,London,71
KeyPers_London_1233450,Ingénieur Informaticien,London,80
KeyPers_London_1233451,Ingénieur Informaticien,London,64
KeyPers_London_1233452,Ingénieur Data,London,78
KeyPers_London_1233453,Ingénieur Data,London,69
KeyPers_London_1233454,Cadre,London,88
KeyPers_London_1233455,Ingénieur Data,London,48
KeyPers_London_1233456,Ingénieur Data,London,71
KeyPers_London_1233457,Ingénieur Informaticien,London,53
KeyPers_London_1233458,Ingénieur Informaticien,London,28
KeyPers_London_1233459,Ingénieur Data,London,33
KeyPers_London_1233460,Ingénieur Data,London,69
KeyPers_London_1233461,Ingénieur Data,London,74
KeyPers_London_1233462,Ingénieur Informaticien,London,68
KeyPers_London_1233463,Ingénieur Data,London,78
KeyPers_London_1233464,Economiste,London,41
KeyPers_London_1233465,Cadre,London,71
KeyPers_London_1233466,Ingénieur Data,London,95
KeyPers_London_1233467,Cadre,London,31
KeyPers_London_1233468,Ingénieur Informaticien,London,27
KeyPers_London_1233469,Ingénieur Informaticien,London,73
KeyPers_London_1233470,Cadre,London,46
KeyPers_London_1233471,Cadre,London,92
KeyPers_London_1233472,Ingénieur Data,London,53
KeyPers_London_1233473,Ingénieur Informaticien,London,56
KeyPers_London_1233474,Ingénieur Data,London,76
KeyPers_London_1233475,Ingénieur Informaticien,London,27
KeyPers_London_1233476,Ingénieur Data,London,27
KeyPers_London_1233477,Ingénieur Data,London,41
KeyPers_London_1233478,Ingénieur Informaticien,London,53
KeyPers_London_1233479,Ingénieur Data,London,83
KeyPers_London_1233480,Cadre,London,78
KeyPers_London_1233481,Ingénieur Informaticien,London,44
KeyPers_London_1233482,Cadre,London,83
KeyPers_London_1233483,Cadre,London,50
KeyPers_London_1233484,Ingénieur Informaticien,London,82
KeyPers_London_1233485,Economiste,London,29
KeyPers_London_1233486,Ingénieur Informaticien,London,41
KeyPers_London_1233487,Cadre,London,45
KeyPers_London_1233488,Ingénieur Informaticien,London,41
KeyPers_London_1233489,Ingénieur Data,London,35
KeyPers_London_1233490,Cadre,London,75
KeyPers_London_1233491,Ingénieur Informaticien,London,94
KeyPers_London_1233492,Ingénieur Informaticien,London,84
KeyPers_London_1233493,Ingénieur Informaticien,London,60
KeyPers_London_1233494,Ingénieur Data,London,29
KeyPers_London_1233495,DRH,London,25
KeyPers_London_1233496,Ingénieur Data,London,48
KeyPers_London_1233497,Economiste,London,56
KeyPers_London_1233498,Ingénieur Data,London,28
KeyPers_London_1233499,Cadre,London,70
KeyPers_London_1233500,Ingénieur Informaticien,London,90
KeyPers_London_1233501,Ingénieur Data,London,73
KeyPers_London_1233502,Cadre,London,47
KeyPers_London_1233503,Economiste,London,49
KeyPers_London_1233504,Ingénieur Data,London,91
KeyPers_London_1233505,Ingénieur Informaticien,London,46
KeyPers_London_1233506,Economiste,London,82
KeyPers_London_1233507,Cadre,London,90
KeyPers_London_1233508,Ingénieur Informaticien,London,62
KeyPers_London_1233509,Ingénieur Informaticien,London,52
KeyPers_London_1233510,Cadre,London,36
KeyPers_London_1233511,Ingénieur Informaticien,London,67
KeyPers_London_1233512,Ingénieur Data,London,83
KeyPers_London_1233513,Ingénieur Informaticien,London,29
KeyPers_London_1233514,Ingénieur Informaticien,London,85
KeyPers_London_1233515,Ingénieur Data,London,37
KeyPers_London_1233516,Ingénieur Data,London,95
KeyPers_London_1233517,Ingénieur Data,London,71
KeyPers_London_1233518,Ingénieur Informaticien,London,70
KeyPers_London_1233519,Cadre,London,50
KeyPers_London_1233520,Cadre,London,27
KeyPers_London_1233521,Ingénieur Informaticien,London,59
KeyPers_London_1233522,DRH,London,32
KeyPers_London_1233523,Economiste,London,45
KeyPers_London_1233524,Cadre,London,27
KeyPers_London_1233525,Cadre,London,51
KeyPers_London_1233526,Ingénieur Informaticien,London,41
KeyPers_London_1233527,Ingénieur Informaticien,London,64
KeyPers_London_1233528,Ingénieur Informaticien,London,30
KeyPers_London_1233529,Ingénieur Informaticien,London,71
KeyPers_London_1233530,Ingénieur Data,London,49
KeyPers_London_1233531,Cadre,London,60
KeyPers_London_1233532,Ingénieur Data,London,44
KeyPers_London_1233533,Ingénieur Data,London,83
KeyPers_London_1233534,Ingénieur Data,London,39
KeyPers_London_1233535,Ingénieur Data,London,58
KeyPers_London_1233536,Ingénieur Informaticien,London,38
KeyPers_London_1233537,Cadre,London,67
KeyPers_London_1233538,Ingénieur Data,London,68
KeyPers_London_1233539,Ingénieur Data,London,94
KeyPers_London_1233540,Economiste,London,92
KeyPers_London_1233541,Ingénieur Data,London,91
KeyPers_London_1233542,Ingénieur Informaticien,London,81
KeyPers_London_1233543,Ingénieur Data,London,72
KeyPers_London_1233544,Cadre,London,86
KeyPers_London_1233545,Ingénieur Data,London,37
KeyPers_London_1233546,Ingénieur Informaticien,London,87
KeyPers_London_1233547,Ingénieur Data,London,31
KeyPers_London_1233548,Ingénieur Data,London,26
KeyPers_London_1233549,Ingénieur Data,London,46
KeyPers_London_1233550,Ingénieur Data,London,59
KeyPers_London_1233551,Ingénieur Data,London,74
KeyPers_London_1233552,Ingénieur Data,London,30
KeyPers_London_1233553,Ingénieur Informaticien,London,95
KeyPers_London_1233554,Ingénieur Informaticien,London,60
KeyPers_London_1233555,Economiste,London,28
KeyPers_London_1233556,Cadre,London,34
KeyPers_London_1233557,Ingénieur Informaticien,London,86
KeyPers_London_1233558,Ingénieur Informaticien,London,61
KeyPers_London_1233559,Ingénieur Informaticien,London,45
KeyPers_London_1233560,Ingénieur Data,London,95
KeyPers_London_1233561,Ingénieur Data,London,91
KeyPers_London_1233562,Cadre,London,70
KeyPers_London_1233563,Ingénieur Informaticien,London,88
KeyPers_London_1233564,Ingénieur Informaticien,London,88
KeyPers_London_1233565,Ingénieur Informaticien,London,92
KeyPers_London_1233566,Ingénieur Data,London,47
KeyPers_London_1233567,DRH,London,83
KeyPers_London_1233568,Ingénieur Informaticien,London,44
KeyPers_London_1233569,Ingénieur Data,London,75
KeyPers_London_1233570,Ingénieur Data,London,65
KeyPers_London_1233571,Ingénieur Informaticien,London,78
KeyPers_London_1233572,Ingénieur Informaticien,London,28
KeyPers_London_1233573,Economiste,London,53
KeyPers_London_1233574,Ingénieur Informaticien,London,36
KeyPers_London_1233575,Ingénieur Data,London,68
KeyPers_London_1233576,Ingénieur Data,London,64
KeyPers_London_1233577,Ingénieur Informaticien,London,26
KeyPers_London_1233578,Ingénieur Informaticien,London,42
KeyPers_London_1233579,Economiste,London,59
KeyPers_London_1233580,Ingénieur Informaticien,London,41
KeyPers_London_1233581,Ingénieur Data,London,33
KeyPers_London_1233582,Cadre,London,74
KeyPers_London_1233583,Ingénieur Data,London,80
KeyPers_London_1233584,Ingénieur Data,London,51
KeyPers_London_1233585,Ingénieur Informaticien,London,81
KeyPers_London_1233586,Ingénieur Data,London,94
KeyPers_London_1233587,Cadre,London,51
KeyPers_London_1233588,Ingénieur Informaticien,London,40
KeyPers_London_1233589,Ingénieur Informaticien,London,72
KeyPers_London_1233590,Ingénieur Data,London,92
KeyPers_London_1233591,Ingénieur Informaticien,London,74
KeyPers_London_1233592,Cadre,London,52
KeyPers_London_1233593,Ingénieur Data,London,25
KeyPers_London_1233594,Ingénieur Data,London,51
KeyPers_London_1233595,Cadre,London,30
KeyPers_London_1233596,Cadre,London,67
KeyPers_London_1233597,Ingénieur Data,London,66
KeyPers_London_1233598,Ingénieur Informaticien,London,72
KeyPers_London_1233599,Ingénieur Data,London,85
KeyPers_London_1233600,Ingénieur Informaticien,London,56
KeyPers_London_1233601,Ingénieur Data,London,80
KeyPers_London_1233602,Cadre,London,63
KeyPers_London_1233603,Economiste,London,92
KeyPers_London_1233604,Ingénieur Informaticien,London,95
KeyPers_London_1233605,Ingénieur Informaticien,London,80
KeyPers_London_1233606,Ingénieur Data,London,84
KeyPers_London_1233607,Ingénieur Data,London,29
KeyPers_London_1233608,Cadre,London,47
KeyPers_London_1233609,Ingénieur Informaticien,London,60
KeyPers_London_1233610,Ingénieur Informaticien,London,50
KeyPers_London_1233611,Ingénieur Data,London,46
KeyPers_London_1233612,Cadre,London,72
KeyPers_London_1233613,Ingénieur Informaticien,London,73
KeyPers_London_1233614,Cadre,London,58
KeyPers_London_1233615,Ingénieur Data,London,36
KeyPers_London_1233616,Ingénieur Informaticien,London,46
KeyPers_London_1233617,Ingénieur Data,London,45
KeyPers_London_1233618,Ingénieur Data,London,64
KeyPers_London_1233619,Cadre,London,44
KeyPers_London_1233620,Ingénieur Data,London,31
KeyPers_London_1233621,Ingénieur Data,London,41
KeyPers_London_1233622,Ingénieur Data,London,57
KeyPers_London_1233623,Cadre,London,60
KeyPers_London_1233624,Cadre,London,95
KeyPers_London_1233625,Ingénieur Data,London,41
KeyPers_London_1233626,Ingénieur Informaticien,London,71
KeyPers_London_1233627,Ingénieur Informaticien,London,33
KeyPers_London_1233628,Ingénieur Data,London,46
KeyPers_London_1233629,Cadre,London,67
KeyPers_London_1233630,Ingénieur Data,London,64
KeyPers_London_1233631,Cadre,London,64
KeyPers_London_1233632,Ingénieur Data,London,91
KeyPers_London_1233633,Economiste,London,30
KeyPers_London_1233634,Ingénieur Informaticien,London,83
KeyPers_London_1233635,Cadre,London,67
KeyPers_London_1233636,Ingénieur Data,London,60
KeyPers_London_1233637,Ingénieur Informaticien,London,41
KeyPers_London_1233638,Cadre,London,24
KeyPers_London_1233639,Ingénieur Informaticien,London,36
KeyPers_London_1233640,Economiste,London,64
KeyPers_London_1233641,Ingénieur Data,London,28
KeyPers_London_1233642,Cadre,London,32
KeyPers_London_1233643,Ingénieur Informaticien,London,36
KeyPers_London_1233644,Ingénieur Data,London,82
KeyPers_London_1233645,Ingénieur Data,London,44
KeyPers_London_1233646,Cadre,London,61
KeyPers_London_1233647,Ingénieur Data,London,77
KeyPers_London_1233648,Ingénieur Informaticien,London,71
KeyPers_London_1233649,Ingénieur Data,London,83
KeyPers_London_1233650,Economiste,London,29
KeyPers_London_1233651,Cadre,London,73
KeyPers_London_1233652,Ingénieur Data,London,36
KeyPers_London_1233653,Ingénieur Data,London,37
KeyPers_London_1233654,Ingénieur Informaticien,London,63
KeyPers_London_1233655,Ingénieur Informaticien,London,66
KeyPers_London_1233656,Cadre,London,65
KeyPers_London_1233657,Ingénieur Informaticien,London,26
KeyPers_London_1233658,Ingénieur Data,London,58
KeyPers_London_1233659,Ingénieur Informaticien,London,64
KeyPers_London_1233660,Cadre,London,80
KeyPers_London_1233661,Ingénieur Data,London,79
KeyPers_London_1233662,Ingénieur Data,London,50
KeyPers_London_1233663,Ingénieur Informaticien,London,60
KeyPers_London_1233664,Cadre,London,75
KeyPers_London_1233665,Ingénieur Informaticien,London,36
KeyPers_London_1233666,Cadre,London,82
KeyPers_London_1233667,Cadre,London,57
KeyPers_London_1233668,Cadre,London,75
KeyPers_London_1233669,Ingénieur Informaticien,London,83
KeyPers_London_1233670,Ingénieur Data,London,63
KeyPers_London_1233671,Ingénieur Data,London,25
KeyPers_London_1233672,Ingénieur Informaticien,London,58
KeyPers_London_1233673,Cadre,London,74
KeyPers_London_1233674,Ingénieur Data,London,50
KeyPers_London_1233675,Ingénieur Data,London,83
KeyPers_London_1233676,Ingénieur Data,London,39
KeyPers_London_1233677,Ingénieur Informaticien,London,81
KeyPers_London_1233678,Ingénieur Informaticien,London,75
KeyPers_London_1233679,Ingénieur Informaticien,London,91
KeyPers_London_1233680,Ingénieur Informaticien,London,65
KeyPers_London_1233681,Ingénieur Data,London,42
KeyPers_London_1233682,Ingénieur Informaticien,London,56
KeyPers_London_1233683,Ingénieur Data,London,37
KeyPers_London_1233684,Ingénieur Data,London,78
KeyPers_London_1233685,Ingénieur Data,London,44
KeyPers_London_1233686,Ingénieur Data,London,91
KeyPers_London_1233687,Cadre,London,30
KeyPers_London_1233688,Ingénieur Informaticien,London,28
KeyPers_London_1233689,Ingénieur Informaticien,London,45
KeyPers_London_1233690,Ingénieur Informaticien,London,46
KeyPers_London_1233691,Ingénieur Informaticien,London,39
KeyPers_London_1233692,Ingénieur Data,London,83
KeyPers_London_1233693,Ingénieur Informaticien,London,37
KeyPers_London_1233694,Ingénieur Informaticien,London,71
KeyPers_London_1233695,Ingénieur Informaticien,London,28
KeyPers_London_1233696,Ingénieur Data,London,44
KeyPers_London_1233697,Ingénieur Informaticien,London,25
KeyPers_London_1233698,Cadre,London,58
KeyPers_London_1233699,Ingénieur Data,London,69
KeyPers_London_1233700,Ingénieur Informaticien,London,48
KeyPers_London_1233701,Ingénieur Informaticien,London,65
KeyPers_London_1233702,Ingénieur Informaticien,London,79
KeyPers_London_1233703,Cadre,London,51
KeyPers_London_1233704,Ingénieur Data,London,28
KeyPers_London_1233705,Ingénieur Data,London,57
KeyPers_London_1233706,Ingénieur Informaticien,London,30
KeyPers_London_1233707,Cadre,London,55
KeyPers_London_1233708,Ingénieur Data,London,46
KeyPers_London_1233709,Ingénieur Informaticien,London,65
KeyPers_London_1233710,Cadre,London,59
KeyPers_London_1233711,Ingénieur Data,London,77
KeyPers_London_1233712,Ingénieur Data,London,63
KeyPers_London_1233713,Ingénieur Data,London,62
KeyPers_London_1233714,Economiste,London,93
KeyPers_London_1233715,Ingénieur Data,London,44
KeyPers_London_1233716,Cadre,London,54
KeyPers_London_1233717,Economiste,London,67
KeyPers_London_1233718,Ingénieur Informaticien,London,51
KeyPers_London_1233719,Ingénieur Informaticien,London,87
KeyPers_London_1233720,Ingénieur Data,London,80
KeyPers_London_1233721,Ingénieur Informaticien,London,34
KeyPers_London_1233722,Ingénieur Data,London,31
KeyPers_London_1233723,Ingénieur Data,London,55
KeyPers_London_1233724,Ingénieur Informaticien,London,40
KeyPers_London_1233725,Ingénieur Data,London,80
KeyPers_London_1233726,Cadre,London,86
KeyPers_London_1233727,Ingénieur Informaticien,London,63
KeyPers_London_1233728,Ingénieur Informaticien,London,73
KeyPers_London_1233729,Ingénieur Informaticien,London,76
KeyPers_London_1233730,Cadre,London,41
KeyPers_London_1233731,Cadre,London,54
KeyPers_London_1233732,Ingénieur Informaticien,London,68
KeyPers_London_1233733,Cadre,London,93
KeyPers_London_1233734,Cadre,London,36
KeyPers_London_1233735,Cadre,London,44
KeyPers_London_1233736,Ingénieur Informaticien,London,87
KeyPers_London_1233737,Ingénieur Data,London,41
KeyPers_London_1233738,Ingénieur Data,London,94
KeyPers_London_1233739,Cadre,London,53
KeyPers_London_1233740,Ingénieur Data,London,79
KeyPers_London_1233741,Ingénieur Data,London,90
KeyPers_London_1233742,Ingénieur Data,London,58
KeyPers_London_1233743,Cadre,London,81
KeyPers_London_1233744,Ingénieur Informaticien,London,67
KeyPers_London_1233745,Ingénieur Data,London,50
KeyPers_London_1233746,Cadre,London,50
KeyPers_London_1233747,Ingénieur Data,London,36
KeyPers_London_1233748,Economiste,London,61
KeyPers_London_1233749,Ingénieur Informaticien,London,74
KeyPers_London_1233750,Ingénieur Informaticien,London,37
KeyPers_London_1233751,Ingénieur Data,London,79
KeyPers_London_1233752,Economiste,London,71
KeyPers_London_1233753,Ingénieur Data,London,69
KeyPers_London_1233754,Cadre,London,85
KeyPers_London_1233755,Ingénieur Informaticien,London,96
KeyPers_London_1233756,Ingénieur Data,London,24
KeyPers_London_1233757,Ingénieur Informaticien,London,79
KeyPers_London_1233758,Economiste,London,84
KeyPers_London_1233759,Cadre,London,72
KeyPers_London_1233760,Ingénieur Informaticien,London,34
KeyPers_London_1233761,Economiste,London,41
KeyPers_London_1233762,Ingénieur Data,London,55
KeyPers_London_1233763,Ingénieur Data,London,75
KeyPers_London_1233764,Cadre,London,91
KeyPers_London_1233765,Ingénieur Informaticien,London,68
KeyPers_London_1233766,Cadre,London,82
KeyPers_London_1233767,Ingénieur Data,London,32
KeyPers_London_1233768,Ingénieur Informaticien,London,28
KeyPers_London_1233769,Ingénieur Informaticien,London,42
KeyPers_London_1233770,Ingénieur Informaticien,London,52
KeyPers_London_1233771,Ingénieur Data,London,57
KeyPers_London_1233772,Economiste,London,69
KeyPers_London_1233773,Ingénieur Data,London,64
KeyPers_London_1233774,Ingénieur Data,London,40
KeyPers_London_1233775,DRH,London,57
KeyPers_London_1233776,Cadre,London,51
KeyPers_London_1233777,Cadre,London,88
KeyPers_London_1233778,Ingénieur Informaticien,London,65
KeyPers_London_1233779,Ingénieur Data,London,68
KeyPers_London_1233780,DRH,London,32
KeyPers_London_1233781,Ingénieur Data,London,73
KeyPers_London_1233782,Ingénieur Informaticien,London,59
KeyPers_London_1233783,Ingénieur Data,London,86
KeyPers_London_1233784,Ingénieur Informaticien,London,72
KeyPers_London_1233785,DRH,London,89
KeyPers_London_1233786,Ingénieur Informaticien,London,24
KeyPers_London_1233787,DRH,London,73
KeyPers_London_1233788,Ingénieur Informaticien,London,83
KeyPers_London_1233789,Ingénieur Data,London,42
KeyPers_London_1233790,Ingénieur Data,London,28
KeyPers_London_1233791,Ingénieur Informaticien,London,49
KeyPers_London_1233792,Cadre,London,92
KeyPers_London_1233793,Ingénieur Data,London,40
KeyPers_London_1233794,Economiste,London,88
KeyPers_London_1233795,Ingénieur Informaticien,London,38
KeyPers_London_1233796,Ingénieur Data,London,84
KeyPers_London_1233797,Ingénieur Data,London,75
KeyPers_London_1233798,Ingénieur Informaticien,London,51
KeyPers_London_1233799,Ingénieur Informaticien,London,27
KeyPers_London_1233800,DRH,London,63
KeyPers_London_1233801,Ingénieur Data,London,78
KeyPers_London_1233802,Ingénieur Informaticien,London,93
KeyPers_London_1233803,Ingénieur Informaticien,London,45
KeyPers_London_1233804,Ingénieur Data,London,57
KeyPers_London_1233805,Ingénieur Data,London,70
KeyPers_London_1233806,Cadre,London,58
KeyPers_London_1233807,Ingénieur Informaticien,London,80
KeyPers_London_1233808,Ingénieur Data,London,90
KeyPers_London_1233809,Ingénieur Informaticien,London,30
KeyPers_London_1233810,Ingénieur Informaticien,London,64
KeyPers_London_1233811,Ingénieur Informaticien,London,82
KeyPers_London_1233812,Ingénieur Informaticien,London,52
KeyPers_London_1233813,Ingénieur Data,London,68
KeyPers_London_1233814,Cadre,London,29
KeyPers_London_1233815,Ingénieur Data,London,56
KeyPers_London_1233816,Ingénieur Informaticien,London,44
KeyPers_London_1233817,Ingénieur Informaticien,London,53
KeyPers_London_1233818,Ingénieur Data,London,39
KeyPers_London_1233819,Cadre,London,66
KeyPers_London_1233820,Ingénieur Informaticien,London,85
KeyPers_London_1233821,Cadre,London,62
KeyPers_London_1233822,Cadre,London,50
KeyPers_London_1233823,Ingénieur Data,London,72
KeyPers_London_1233824,Ingénieur Informaticien,London,69
KeyPers_London_1233825,Ingénieur Data,London,88
KeyPers_London_1233826,Economiste,London,53
KeyPers_London_1233827,Ingénieur Data,London,55
KeyPers_London_1233828,Cadre,London,83
KeyPers_London_1233829,Ingénieur Informaticien,London,82
KeyPers_London_1233830,DRH,London,29
KeyPers_London_1233831,Ingénieur Informaticien,London,36
KeyPers_London_1233832,Ingénieur Informaticien,London,36
KeyPers_London_1233833,Ingénieur Data,London,53
KeyPers_London_1233834,Cadre,London,84
KeyPers_London_1233835,Ingénieur Informaticien,London,38
KeyPers_London_1233836,Ingénieur Informaticien,London,47
KeyPers_London_1233837,Ingénieur Data,London,76
KeyPers_London_1233838,Ingénieur Informaticien,London,81
KeyPers_London_1233839,Ingénieur Data,London,50
KeyPers_London_1233840,Ingénieur Informaticien,London,41
KeyPers_London_1233841,Ingénieur Data,London,61
KeyPers_London_1233842,Ingénieur Data,London,41
KeyPers_London_1233843,Ingénieur Informaticien,London,41
KeyPers_London_1233844,Ingénieur Informaticien,London,82
KeyPers_London_1233845,Cadre,London,43
KeyPers_London_1233846,Ingénieur Data,London,32
KeyPers_London_1233847,Ingénieur Informaticien,London,71
KeyPers_London_1233848,Ingénieur Data,London,38
KeyPers_London_1233849,Ingénieur Informaticien,London,60
KeyPers_London_1233850,Ingénieur Data,London,71
KeyPers_London_1233851,Ingénieur Informaticien,London,70
KeyPers_London_1233852,Ingénieur Informaticien,London,29
KeyPers_London_1233853,Ingénieur Data,London,77
KeyPers_London_1233854,Economiste,London,93
KeyPers_London_1233855,Cadre,London,79
KeyPers_London_1233856,Ingénieur Data,London,73
KeyPers_London_1233857,Ingénieur Data,London,35
KeyPers_London_1233858,Ingénieur Informaticien,London,83
KeyPers_London_1233859,Ingénieur Informaticien,London,58
KeyPers_London_1233860,Ingénieur Informaticien,London,47
KeyPers_London_1233861,Ingénieur Data,London,34
KeyPers_London_1233862,Ingénieur Informaticien,London,52
KeyPers_London_1233863,Ingénieur Data,London,85
KeyPers_London_1233864,Cadre,London,28
KeyPers_London_1233865,Economiste,London,24
KeyPers_London_1233866,Economiste,London,26
KeyPers_London_1233867,Ingénieur Data,London,54
KeyPers_London_1233868,Ingénieur Informaticien,London,24
KeyPers_London_1233869,Economiste,London,66
KeyPers_London_1233870,Ingénieur Data,London,73
KeyPers_London_1233871,Ingénieur Informaticien,London,48
KeyPers_London_1233872,Ingénieur Data,London,25
KeyPers_London_1233873,Economiste,London,72
KeyPers_London_1233874,Ingénieur Data,London,58
KeyPers_London_1233875,Cadre,London,27
KeyPers_London_1233876,Cadre,London,56
KeyPers_London_1233877,Ingénieur Data,London,69
KeyPers_London_1233878,Ingénieur Data,London,29
KeyPers_London_1233879,Ingénieur Data,London,63
KeyPers_London_1233880,Cadre,London,24
KeyPers_London_1233881,Ingénieur Data,London,32
KeyPers_London_1233882,Ingénieur Informaticien,London,92
KeyPers_London_1233883,Ingénieur Data,London,49
KeyPers_London_1233884,Ingénieur Data,London,73
KeyPers_London_1233885,Ingénieur Informaticien,London,81
KeyPers_London_1233886,Ingénieur Informaticien,London,76
KeyPers_London_1233887,Economiste,London,58
KeyPers_London_1233888,Ingénieur Data,London,71
KeyPers_London_1233889,Ingénieur Informaticien,London,31
KeyPers_London_1233890,Ingénieur Informaticien,London,81
KeyPers_London_1233891,Economiste,London,26
KeyPers_London_1233892,Ingénieur Informaticien,London,68
KeyPers_London_1233893,Ingénieur Informaticien,London,75
KeyPers_London_1233894,Ingénieur Data,London,37
KeyPers_London_1233895,Economiste,London,51
KeyPers_London_1233896,Cadre,London,48
KeyPers_London_1233897,Ingénieur Data,London,49
KeyPers_London_1233898,Ingénieur Data,London,50
KeyPers_London_1233899,Ingénieur Data,London,29
KeyPers_London_1233900,Ingénieur Informaticien,London,77
KeyPers_London_1233901,Ingénieur Data,London,48
KeyPers_London_1233902,Ingénieur Informaticien,London,68
KeyPers_London_1233903,Cadre,London,38
KeyPers_London_1233904,Cadre,London,91
KeyPers_London_1233905,Ingénieur Data,London,90
KeyPers_London_1233906,Cadre,London,40
KeyPers_London_1233907,Ingénieur Informaticien,London,96
KeyPers_London_1233908,DRH,London,36
KeyPers_London_1233909,Ingénieur Informaticien,London,72
KeyPers_London_1233910,Ingénieur Data,London,65
KeyPers_London_1233911,Ingénieur Data,London,64
KeyPers_London_1233912,Ingénieur Informaticien,London,62
KeyPers_London_1233913,Cadre,London,72
KeyPers_London_1233914,Ingénieur Informaticien,London,28
KeyPers_London_1233915,Ingénieur Informaticien,London,63
KeyPers_London_1233916,Ingénieur Informaticien,London,35
KeyPers_London_1233917,Ingénieur Informaticien,London,48
KeyPers_London_1233918,Ingénieur Data,London,53
KeyPers_London_1233919,Ingénieur Data,London,30
KeyPers_London_1233920,Economiste,London,46
KeyPers_London_1233921,Cadre,London,48
KeyPers_London_1233922,Ingénieur Informaticien,London,86
KeyPers_London_1233923,Ingénieur Data,London,30
KeyPers_London_1233924,Ingénieur Informaticien,London,44
KeyPers_London_1233925,Economiste,London,73
KeyPers_London_1233926,Economiste,London,29
KeyPers_London_1233927,Cadre,London,33
KeyPers_London_1233928,Ingénieur Data,London,36
KeyPers_London_1233929,Ingénieur Informaticien,London,64
KeyPers_London_1233930,Ingénieur Data,London,69
KeyPers_London_1233931,Ingénieur Data,London,81
KeyPers_London_1233932,Ingénieur Data,London,51
KeyPers_London_1233933,Ingénieur Informaticien,London,84
KeyPers_London_1233934,Ingénieur Informaticien,London,62
KeyPers_London_1233935,Cadre,London,36
KeyPers_London_1233936,Ingénieur Informaticien,London,56
KeyPers_London_1233937,Ingénieur Data,London,53
KeyPers_London_1233938,Cadre,London,81
KeyPers_London_1233939,Ingénieur Informaticien,London,49
KeyPers_London_1233940,Ingénieur Informaticien,London,58
KeyPers_London_1233941,Ingénieur Informaticien,London,26
KeyPers_London_1233942,Cadre,London,88
KeyPers_London_1233943,Ingénieur Informaticien,London,76
KeyPers_London_1233944,Ingénieur Informaticien,London,60
KeyPers_London_1233945,Ingénieur Data,London,82
KeyPers_London_1233946,Ingénieur Data,London,41
KeyPers_London_1233947,Ingénieur Data,London,34
KeyPers_London_1233948,Ingénieur Data,London,68
KeyPers_London_1233949,Ingénieur Data,London,76
KeyPers_London_1233950,Ingénieur Data,London,69
KeyPers_London_1233951,Cadre,London,29
KeyPers_London_1233952,Cadre,London,85
KeyPers_London_1233953,Cadre,London,25
KeyPers_London_1233954,Ingénieur Informaticien,London,26
KeyPers_London_1233955,Cadre,London,92
KeyPers_London_1233956,Economiste,London,79
KeyPers_London_1233957,Ingénieur Informaticien,London,49
KeyPers_London_1233958,Economiste,London,49
KeyPers_London_1233959,Ingénieur Informaticien,London,85
KeyPers_London_1233960,Economiste,London,42
KeyPers_London_1233961,Cadre,London,53
KeyPers_London_1233962,Ingénieur Data,London,53
KeyPers_London_1233963,Economiste,London,47
KeyPers_London_1233964,Economiste,London,77
KeyPers_London_1233965,Cadre,London,78
KeyPers_London_1233966,Ingénieur Informaticien,London,46
KeyPers_London_1233967,Ingénieur Data,London,43
KeyPers_London_1233968,Cadre,London,25
KeyPers_London_1233969,Ingénieur Data,London,87
KeyPers_London_1233970,Cadre,London,64
KeyPers_London_1233971,Cadre,London,96
KeyPers_London_1233972,Ingénieur Informaticien,London,60
KeyPers_London_1233973,Ingénieur Data,London,55
KeyPers_London_1233974,Ingénieur Data,London,73
KeyPers_London_1233975,Ingénieur Informaticien,London,87
KeyPers_London_1233976,Ingénieur Data,London,69
KeyPers_London_1233977,Cadre,London,61
KeyPers_London_1233978,Ingénieur Informaticien,London,95
KeyPers_London_1233979,Ingénieur Data,London,74
KeyPers_London_1233980,Cadre,London,81
KeyPers_London_1233981,Ingénieur Informaticien,London,94
KeyPers_London_1233982,Ingénieur Data,London,73
KeyPers_London_1233983,Economiste,London,87
KeyPers_London_1233984,Ingénieur Informaticien,London,58
KeyPers_London_1233985,Ingénieur Informaticien,London,89
KeyPers_London_1233986,Ingénieur Data,London,40
KeyPers_London_1233987,Ingénieur Data,London,65
KeyPers_London_1233988,Ingénieur Informaticien,London,24
KeyPers_London_1233989,Cadre,London,80
KeyPers_London_1233990,Ingénieur Data,London,70
KeyPers_London_1233991,Ingénieur Data,London,30
KeyPers_London_1233992,Ingénieur Informaticien,London,87
KeyPers_London_1233993,Economiste,London,35
KeyPers_London_1233994,Ingénieur Data,London,89
KeyPers_London_1233995,Ingénieur Data,London,54
KeyPers_London_1233996,Ingénieur Data,London,89
KeyPers_London_1233997,Ingénieur Data,London,59
KeyPers_London_1233998,Cadre,London,32
KeyPers_London_1233999,Ingénieur Informaticien,London,65
KeyPers_London_1234000,Ingénieur Data,London,74
KeyPers_London_1234001,Ingénieur Data,London,63
KeyPers_London_1234002,Ingénieur Data,London,77
KeyPers_London_1234003,Ingénieur Informaticien,London,27
KeyPers_London_1234004,Ingénieur Informaticien,London,58
KeyPers_London_1234005,Ingénieur Informaticien,London,45
KeyPers_London_1234006,DRH,London,85
KeyPers_London_1234007,Ingénieur Data,London,85
KeyPers_London_1234008,Ingénieur Informaticien,London,47
KeyPers_London_1234009,Ingénieur Informaticien,London,52
KeyPers_London_1234010,Cadre,London,66
KeyPers_London_1234011,Cadre,London,53
KeyPers_London_1234012,Ingénieur Informaticien,London,26
KeyPers_London_1234013,Economiste,London,84
KeyPers_London_1234014,Ingénieur Data,London,36
KeyPers_London_1234015,Ingénieur Informaticien,London,91
KeyPers_London_1234016,Economiste,London,29
KeyPers_London_1234017,Ingénieur Informaticien,London,83
KeyPers_London_1234018,Ingénieur Data,London,37
KeyPers_London_1234019,Ingénieur Data,London,69
KeyPers_London_1234020,Ingénieur Informaticien,London,74
KeyPers_London_1234021,Ingénieur Data,London,51
KeyPers_London_1234022,Ingénieur Data,London,35
KeyPers_London_1234023,Ingénieur Informaticien,London,65
KeyPers_London_1234024,Ingénieur Informaticien,London,59
KeyPers_London_1234025,Ingénieur Informaticien,London,50
KeyPers_London_1234026,Ingénieur Data,London,33
KeyPers_London_1234027,Ingénieur Data,London,36
KeyPers_London_1234028,Cadre,London,62
KeyPers_London_1234029,DRH,London,59
KeyPers_London_1234030,Ingénieur Data,London,53
KeyPers_London_1234031,Cadre,London,88
KeyPers_London_1234032,Ingénieur Data,London,60
KeyPers_London_1234033,Cadre,London,38
KeyPers_London_1234034,Ingénieur Informaticien,London,58
KeyPers_London_1234035,Ingénieur Data,London,41
KeyPers_London_1234036,Ingénieur Data,London,56
KeyPers_London_1234037,Ingénieur Informaticien,London,41
KeyPers_London_1234038,Ingénieur Informaticien,London,55
KeyPers_London_1234039,Ingénieur Informaticien,London,69
KeyPers_London_1234040,Cadre,London,57
KeyPers_London_1234041,Economiste,London,36
KeyPers_London_1234042,Cadre,London,95
KeyPers_London_1234043,Ingénieur Data,London,34
KeyPers_London_1234044,Ingénieur Informaticien,London,77
KeyPers_London_1234045,Cadre,London,31
KeyPers_London_1234046,Ingénieur Data,London,91
KeyPers_London_1234047,Ingénieur Data,London,61
KeyPers_London_1234048,Ingénieur Data,London,59
KeyPers_London_1234049,Ingénieur Informaticien,London,94
KeyPers_London_1234050,Ingénieur Informaticien,London,78
KeyPers_London_1234051,Ingénieur Informaticien,London,82
KeyPers_London_1234052,Cadre,London,26
KeyPers_London_1234053,Cadre,London,69
KeyPers_London_1234054,Cadre,London,86
KeyPers_London_1234055,Ingénieur Data,London,87
KeyPers_London_1234056,Cadre,London,77
KeyPers_London_1234057,Ingénieur Informaticien,London,89
KeyPers_London_1234058,Cadre,London,66
KeyPers_London_1234059,Ingénieur Informaticien,London,64
KeyPers_London_1234060,Ingénieur Informaticien,London,41
KeyPers_London_1234061,Cadre,London,89
KeyPers_London_1234062,Ingénieur Informaticien,London,56
KeyPers_London_1234063,Ingénieur Data,London,65
KeyPers_London_1234064,Ingénieur Informaticien,London,93
KeyPers_London_1234065,Ingénieur Informaticien,London,28
KeyPers_London_1234066,Ingénieur Informaticien,London,62
KeyPers_London_1234067,Cadre,London,51
KeyPers_London_1234068,Ingénieur Informaticien,London,52
KeyPers_London_1234069,Cadre,London,29
KeyPers_London_1234070,DRH,London,65
KeyPers_London_1234071,Ingénieur Informaticien,London,73
KeyPers_London_1234072,Ingénieur Informaticien,London,80
KeyPers_London_1234073,Ingénieur Informaticien,London,29
KeyPers_London_1234074,Ingénieur Informaticien,London,74
KeyPers_London_1234075,Ingénieur Informaticien,London,40
KeyPers_London_1234076,Ingénieur Informaticien,London,82
KeyPers_London_1234077,Ingénieur Informaticien,London,52
KeyPers_London_1234078,Ingénieur Data,London,30
KeyPers_London_1234079,Ingénieur Data,London,26
KeyPers_London_1234080,Ingénieur Data,London,93
KeyPers_London_1234081,Ingénieur Informaticien,London,82
KeyPers_London_1234082,Ingénieur Informaticien,London,27
KeyPers_London_1234083,Ingénieur Data,London,72
KeyPers_London_1234084,Ingénieur Informaticien,London,49
KeyPers_London_1234085,Ingénieur Data,London,93
KeyPers_London_1234086,Ingénieur Informaticien,London,58
KeyPers_London_1234087,Ingénieur Data,London,59
KeyPers_London_1234088,Cadre,London,45
KeyPers_London_1234089,Ingénieur Informaticien,London,83
KeyPers_London_1234090,Ingénieur Informaticien,London,41
KeyPers_London_1234091,Cadre,London,45
KeyPers_London_1234092,Cadre,London,34
KeyPers_London_1234093,Cadre,London,84
KeyPers_London_1234094,Ingénieur Data,London,57
KeyPers_London_1234095,DRH,London,69
KeyPers_London_1234096,Ingénieur Data,London,62
KeyPers_London_1234097,Ingénieur Data,London,36
KeyPers_London_1234098,DRH,London,84
KeyPers_London_1234099,Ingénieur Informaticien,London,49
KeyPers_London_1234100,Ingénieur Data,London,66
KeyPers_London_1234101,Ingénieur Informaticien,London,43
KeyPers_London_1234102,Cadre,London,77
KeyPers_London_1234103,Ingénieur Informaticien,London,61
KeyPers_London_1234104,Cadre,London,85
KeyPers_London_1234105,Ingénieur Informaticien,London,44
KeyPers_London_1234106,Ingénieur Data,London,48
KeyPers_London_1234107,Cadre,London,52
KeyPers_London_1234108,Ingénieur Data,London,62
KeyPers_London_1234109,Economiste,London,76
KeyPers_London_1234110,Cadre,London,89
KeyPers_London_1234111,Ingénieur Informaticien,London,46
KeyPers_London_1234112,Ingénieur Data,London,79
KeyPers_London_1234113,Ingénieur Informaticien,London,48
KeyPers_London_1234114,Ingénieur Informaticien,London,63
KeyPers_London_1234115,Ingénieur Data,London,83
KeyPers_London_1234116,Ingénieur Data,London,56
KeyPers_London_1234117,Ingénieur Informaticien,London,94
KeyPers_London_1234118,Ingénieur Informaticien,London,67
KeyPers_London_1234119,Ingénieur Data,London,76
KeyPers_London_1234120,Cadre,London,39
KeyPers_London_1234121,Ingénieur Data,London,61
KeyPers_London_1234122,Ingénieur Data,London,49
KeyPers_London_1234123,Cadre,London,49
KeyPers_London_1234124,Ingénieur Informaticien,London,28
KeyPers_London_1234125,Ingénieur Informaticien,London,55
KeyPers_London_1234126,Ingénieur Informaticien,London,66
KeyPers_London_1234127,Ingénieur Data,London,43
KeyPers_London_1234128,Ingénieur Informaticien,London,61
KeyPers_London_1234129,Ingénieur Data,London,27
KeyPers_London_1234130,Ingénieur Informaticien,London,52
KeyPers_London_1234131,Ingénieur Data,London,90
KeyPers_London_1234132,Ingénieur Informaticien,London,74
KeyPers_London_1234133,Ingénieur Informaticien,London,27
KeyPers_London_1234134,Ingénieur Informaticien,London,91
KeyPers_London_1234135,DRH,London,32
KeyPers_London_1234136,Ingénieur Informaticien,London,78
KeyPers_London_1234137,Ingénieur Informaticien,London,91
KeyPers_London_1234138,Ingénieur Informaticien,London,70
KeyPers_London_1234139,Ingénieur Informaticien,London,27
KeyPers_London_1234140,Ingénieur Informaticien,London,47
KeyPers_London_1234141,Ingénieur Data,London,44
KeyPers_London_1234142,Cadre,London,90
KeyPers_London_1234143,Cadre,London,94
KeyPers_London_1234144,Ingénieur Informaticien,London,60
KeyPers_London_1234145,Ingénieur Data,London,32
KeyPers_London_1234146,Ingénieur Informaticien,London,94
KeyPers_London_1234147,Ingénieur Data,London,49
KeyPers_London_1234148,Ingénieur Informaticien,London,48
KeyPers_London_1234149,Cadre,London,78
KeyPers_London_1234150,Ingénieur Informaticien,London,59
KeyPers_London_1234151,Ingénieur Informaticien,London,26
KeyPers_London_1234152,Ingénieur Data,London,80
KeyPers_London_1234153,Ingénieur Informaticien,London,85
KeyPers_London_1234154,Ingénieur Informaticien,London,62
KeyPers_London_1234155,Ingénieur Data,London,39
KeyPers_London_1234156,Ingénieur Data,London,69
KeyPers_London_1234157,Cadre,London,93
KeyPers_London_1234158,Ingénieur Data,London,66
KeyPers_London_1234159,Ingénieur Informaticien,London,33
KeyPers_London_1234160,Ingénieur Informaticien,London,46
KeyPers_London_1234161,Cadre,London,74
KeyPers_London_1234162,Ingénieur Informaticien,London,26
KeyPers_London_1234163,Cadre,London,95
KeyPers_London_1234164,Ingénieur Data,London,46
KeyPers_London_1234165,Ingénieur Informaticien,London,51
KeyPers_London_1234166,Ingénieur Data,London,27
KeyPers_London_1234167,Ingénieur Data,London,48
KeyPers_London_1234168,Ingénieur Informaticien,London,73
KeyPers_London_1234169,Ingénieur Informaticien,London,43
KeyPers_London_1234170,Ingénieur Informaticien,London,66
KeyPers_London_1234171,Ingénieur Data,London,56
KeyPers_London_1234172,Cadre,London,71
KeyPers_London_1234173,Ingénieur Data,London,47
KeyPers_London_1234174,Ingénieur Data,London,59
KeyPers_London_1234175,Ingénieur Data,London,90
KeyPers_London_1234176,Economiste,London,78
KeyPers_London_1234177,Ingénieur Informaticien,London,81
KeyPers_London_1234178,Ingénieur Data,London,75
KeyPers_London_1234179,Ingénieur Informaticien,London,94
KeyPers_London_1234180,Economiste,London,42
KeyPers_London_1234181,Cadre,London,43
KeyPers_London_1234182,Ingénieur Informaticien,London,67
KeyPers_London_1234183,Ingénieur Informaticien,London,59
KeyPers_London_1234184,Ingénieur Data,London,48
KeyPers_London_1234185,Cadre,London,27
KeyPers_London_1234186,Ingénieur Data,London,76
KeyPers_London_1234187,Ingénieur Informaticien,London,84
KeyPers_London_1234188,Economiste,London,77
KeyPers_London_1234189,Ingénieur Data,London,34
KeyPers_London_1234190,Ingénieur Informaticien,London,41
KeyPers_London_1234191,Ingénieur Data,London,74
KeyPers_London_1234192,DRH,London,34
KeyPers_London_1234193,Ingénieur Informaticien,London,67
KeyPers_London_1234194,Ingénieur Data,London,64
KeyPers_London_1234195,Cadre,London,34
KeyPers_London_1234196,Ingénieur Informaticien,London,29
KeyPers_London_1234197,Economiste,London,58
KeyPers_London_1234198,Ingénieur Data,London,86
KeyPers_London_1234199,Ingénieur Informaticien,London,62
KeyPers_London_1234200,Ingénieur Data,London,41
KeyPers_London_1234201,Ingénieur Data,London,28
KeyPers_London_1234202,Ingénieur Informaticien,London,47
KeyPers_London_1234203,Ingénieur Data,London,31
KeyPers_London_1234204,Ingénieur Data,London,69
KeyPers_London_1234205,Cadre,London,92
KeyPers_London_1234206,Ingénieur Informaticien,London,85
KeyPers_London_1234207,Cadre,London,39
KeyPers_London_1234208,Cadre,London,30
KeyPers_London_1234209,Cadre,London,88
KeyPers_London_1234210,Ingénieur Informaticien,London,92
KeyPers_London_1234211,Cadre,London,71
KeyPers_London_1234212,Ingénieur Informaticien,London,70
KeyPers_London_1234213,Ingénieur Informaticien,London,84
KeyPers_London_1234214,Economiste,London,41
KeyPers_London_1234215,Ingénieur Informaticien,London,40
KeyPers_London_1234216,Ingénieur Informaticien,London,92
KeyPers_London_1234217,Ingénieur Data,London,28
KeyPers_London_1234218,Ingénieur Data,London,74
KeyPers_NewYork_1230000,Ingénieur Data,NewYork,35
KeyPers_NewYork_1230001,Cadre,NewYork,79
KeyPers_NewYork_1230002,Ingénieur Informaticien,NewYork,65
KeyPers_NewYork_1230003,Ingénieur Data,NewYork,90
KeyPers_NewYork_1230004,Ingénieur Informaticien,NewYork,40
KeyPers_NewYork_1230005,Cadre,NewYork,50
KeyPers_NewYork_1230006,Ingénieur Informaticien,NewYork,43
KeyPers_NewYork_1230007,Ingénieur Informaticien,NewYork,58
KeyPers_NewYork_1230008,Ingénieur Data,NewYork,36
KeyPers_NewYork_1230009,Economiste,NewYork,70
KeyPers_NewYork_1230010,Ingénieur Data,NewYork,83
KeyPers_NewYork_1230011,Ingénieur Data,NewYork,44
KeyPers_NewYork_1230012,Ingénieur Data,NewYork,48
KeyPers_NewYork_1230013,Ingénieur Data,NewYork,88
KeyPers_NewYork_1230014,Ingénieur Informaticien,NewYork,87
KeyPers_NewYork_1230015,DRH,NewYork,71
KeyPers_NewYork_1230016,Ingénieur Informaticien,NewYork,25
KeyPers_NewYork_1230017,Ingénieur Informaticien,NewYork,71
KeyPers_NewYork_1230018,Ingénieur Informaticien,NewYork,29
KeyPers_NewYork_1230019,Ingénieur Data,NewYork,43
KeyPers_NewYork_1230020,Ingénieur Data,NewYork,89
KeyPers_NewYork_1230021,Ingénieur Informaticien,NewYork,57
KeyPers_NewYork_1230022,Ingénieur Informaticien,NewYork,40
KeyPers_NewYork_1230023,Ingénieur Data,NewYork,36
KeyPers_NewYork_1230024,Ingénieur Data,NewYork,87
KeyPers_NewYork_1230025,Ingénieur Informaticien,NewYork,88
KeyPers_NewYork_1230026,Ingénieur Informaticien,NewYork,63
KeyPers_NewYork_1230027,Ingénieur Informaticien,NewYork,63
KeyPers_NewYork_1230028,Ingénieur Informaticien,NewYork,39
KeyPers_NewYork_1230029,Ingénieur Informaticien,NewYork,81
KeyPers_NewYork_1230030,Ingénieur Informaticien,NewYork,43
KeyPers_NewYork_1230031,Cadre,NewYork,43
KeyPers_NewYork_1230032,Economiste,NewYork,29
KeyPers_NewYork_1230033,DRH,NewYork,59
KeyPers_NewYork_1230034,Ingénieur Informaticien,NewYork,28
KeyPers_NewYork_1230035,Ingénieur Data,NewYork,50
KeyPers_NewYork_1230036,Ingénieur Data,NewYork,89
KeyPers_NewYork_1230037,Ingénieur Informaticien,NewYork,53
KeyPers_NewYork_1230038,Ingénieur Informaticien,NewYork,28
KeyPers_NewYork_1230039,Ingénieur Data,NewYork,60
KeyPers_NewYork_1230040,Ingénieur Informaticien,NewYork,51
KeyPers_NewYork_1230041,Ingénieur Informaticien,NewYork,84
KeyPers_NewYork_1230042,Cadre,NewYork,45
KeyPers_NewYork_1230043,Cadre,NewYork,78
KeyPers_NewYork_1230044,Ingénieur Informaticien,NewYork,67
KeyPers_NewYork_1230045,Ingénieur Data,NewYork,90
KeyPers_NewYork_1230046,Cadre,NewYork,89
KeyPers_NewYork_1230047,Ingénieur Data,NewYork,87
KeyPers_NewYork_1230048,Ingénieur Data,NewYork,35
KeyPers_NewYork_1230049,Ingénieur Data,NewYork,51
KeyPers_NewYork_1230050,Ingénieur Informaticien,NewYork,80
KeyPers_NewYork_1230051,Ingénieur Informaticien,NewYork,54
KeyPers_NewYork_1230052,Ingénieur Data,NewYork,42
KeyPers_NewYork_1230053,Ingénieur Data,NewYork,85
KeyPers_NewYork_1230054,Ingénieur Data,NewYork,69
KeyPers_NewYork_1230055,Ingénieur Data,NewYork,60
KeyPers_NewYork_1230056,Ingénieur Informaticien,NewYork,88
KeyPers_NewYork_1230057,Ingénieur Informaticien,NewYork,47
KeyPers_NewYork_1230058,Ingénieur Informaticien,NewYork,59
KeyPers_NewYork_1230059,Economiste,NewYork,69
KeyPers_NewYork_1230060,Ingénieur Informaticien,NewYork,53
KeyPers_NewYork_1230061,Economiste,NewYork,67
KeyPers_NewYork_1230062,Ingénieur Data,NewYork,75
KeyPers_NewYork_1230063,Ingénieur Informaticien,NewYork,64
KeyPers_NewYork_1230064,Ingénieur Informaticien,NewYork,39
KeyPers_NewYork_1230065,Cadre,NewYork,53
KeyPers_NewYork_1230066,Ingénieur Informaticien,NewYork,55
KeyPers_NewYork_1230067,Ingénieur Informaticien,NewYork,70
KeyPers_NewYork_1230068,Ingénieur Informaticien,NewYork,94
KeyPers_NewYork_1230069,Ingénieur Data,NewYork,74
KeyPers_NewYork_1230070,Ingénieur Data,NewYork,84
KeyPers_NewYork_1230071,Ingénieur Informaticien,NewYork,46
KeyPers_NewYork_1230072,Ingénieur Data,NewYork,79
KeyPers_NewYork_1230073,Ingénieur Data,NewYork,30
KeyPers_NewYork_1230074,Ingénieur Data,NewYork,63
KeyPers_NewYork_1230075,Ingénieur Data,NewYork,25
KeyPers_NewYork_1230076,Ingénieur Data,NewYork,54
KeyPers_NewYork_1230077,Ingénieur Data,NewYork,50
KeyPers_NewYork_1230078,Ingénieur Informaticien,NewYork,44
KeyPers_NewYork_1230079,Ingénieur Data,NewYork,81
KeyPers_NewYork_1230080,Ingénieur Informaticien,NewYork,85
KeyPers_NewYork_1230081,Cadre,NewYork,67
KeyPers_NewYork_1230082,Economiste,NewYork,65
KeyPers_NewYork_1230083,Ingénieur Data,NewYork,85
KeyPers_NewYork_1230084,Ingénieur Informaticien,NewYork,72
KeyPers_NewYork_1230085,Ingénieur Informaticien,NewYork,56
KeyPers_NewYork_1230086,Ingénieur Data,NewYork,85
KeyPers_NewYork_1230087,Ingénieur Data,NewYork,74
KeyPers_NewYork_1230088,Ingénieur Data,NewYork,70
KeyPers_NewYork_1230089,Ingénieur Data,NewYork,69
KeyPers_NewYork_1230090,Economiste,NewYork,93
KeyPers_NewYork_1230091,Cadre,NewYork,47
KeyPers_NewYork_1230092,Cadre,NewYork,38
KeyPers_NewYork_1230093,Ingénieur Informaticien,NewYork,36
KeyPers_NewYork_1230094,Ingénieur Informaticien,NewYork,50
KeyPers_NewYork_1230095,Ingénieur Informaticien,NewYork,57
KeyPers_NewYork_1230096,Cadre,NewYork,96
KeyPers_NewYork_1230097,Cadre,NewYork,67
KeyPers_NewYork_1230098,Ingénieur Informaticien,NewYork,44
KeyPers_NewYork_1230099,Cadre,NewYork,29
KeyPers_NewYork_1230100,Ingénieur Informaticien,NewYork,58
KeyPers_NewYork_1230101,Ingénieur Data,NewYork,49
KeyPers_NewYork_1230102,Cadre,NewYork,47
KeyPers_NewYork_1230103,Ingénieur Informaticien,NewYork,48
KeyPers_NewYork_1230104,Ingénieur Informaticien,NewYork,89
KeyPers_NewYork_1230105,Economiste,NewYork,86
KeyPers_NewYork_1230106,Ingénieur Data,NewYork,86
KeyPers_NewYork_1230107,Cadre,NewYork,28
KeyPers_NewYork_1230108,Economiste,NewYork,64
KeyPers_NewYork_1230109,Ingénieur Informaticien,NewYork,42
KeyPers_NewYork_1230110,Ingénieur Data,NewYork,35
KeyPers_NewYork_1230111,Ingénieur Data,NewYork,70
KeyPers_NewYork_1230112,Ingénieur Data,NewYork,39
KeyPers_NewYork_1230113,Ingénieur Data,NewYork,54
KeyPers_NewYork_1230114,Ingénieur Data,NewYork,66
KeyPers_NewYork_1230115,Ingénieur Informaticien,NewYork,87
KeyPers_NewYork_1230116,Ingénieur Data,NewYork,46
KeyPers_NewYork_1230117,Ingénieur Data,NewYork,37
KeyPers_NewYork_1230118,Ingénieur Informaticien,NewYork,46
KeyPers_NewYork_1230119,Ingénieur Informaticien,NewYork,95
KeyPers_NewYork_1230120,Ingénieur Data,NewYork,57
KeyPers_NewYork_1230121,Ingénieur Informaticien,NewYork,34
KeyPers_NewYork_1230122,Ingénieur Data,NewYork,89
KeyPers_NewYork_1230123,Economiste,NewYork,73
KeyPers_NewYork_1230124,Cadre,NewYork,91
KeyPers_NewYork_1230125,Cadre,NewYork,27
KeyPers_NewYork_1230126,Ingénieur Data,NewYork,28
KeyPers_NewYork_1230127,Ingénieur Data,NewYork,37
KeyPers_NewYork_1230128,Ingénieur Informaticien,NewYork,91
KeyPers_NewYork_1230129,Ingénieur Data,NewYork,75
KeyPers_NewYork_1230130,Ingénieur Informaticien,NewYork,68
KeyPers_NewYork_1230131,Cadre,NewYork,75
KeyPers_NewYork_1230132,Ingénieur Informaticien,NewYork,37
KeyPers_NewYork_1230133,Ingénieur Data,NewYork,91
KeyPers_NewYork_1230134,Ingénieur Data,NewYork,85
KeyPers_NewYork_1230135,Cadre,NewYork,58
KeyPers_NewYork_1230136,Ingénieur Informaticien,NewYork,46
KeyPers_NewYork_1230137,Ingénieur Data,NewYork,58
KeyPers_NewYork_1230138,Ingénieur Data,NewYork,65
KeyPers_NewYork_1230139,Ingénieur Data,NewYork,48
KeyPers_NewYork_1230140,Ingénieur Data,NewYork,53
KeyPers_NewYork_1230141,Ingénieur Data,NewYork,43
KeyPers_NewYork_1230142,Cadre,NewYork,88
KeyPers_NewYork_1230143,Ingénieur Informaticien,NewYork,35
KeyPers_NewYork_1230144,Ingénieur Informaticien,NewYork,70
KeyPers_NewYork_1230145,Ingénieur Informaticien,NewYork,29
KeyPers_NewYork_1230146,Ingénieur Informaticien,NewYork,92
KeyPers_NewYork_1230147,Ingénieur Data,NewYork,28
KeyPers_NewYork_1230148,Ingénieur Informaticien,NewYork,80
KeyPers_NewYork_1230149,Cadre,NewYork,48
KeyPers_NewYork_1230150,Ingénieur Data,NewYork,79
KeyPers_NewYork_1230151,Ingénieur Informaticien,NewYork,56
KeyPers_NewYork_1230152,Cadre,NewYork,44
KeyPers_NewYork_1230153,Cadre,NewYork,75
KeyPers_NewYork_1230154,Ingénieur Informaticien,NewYork,54
KeyPers_NewYork_1230155,Ingénieur Informaticien,NewYork,69
KeyPers_NewYork_1230156,Ingénieur Informaticien,NewYork,38
KeyPers_NewYork_1230157,Ingénieur Informaticien,NewYork,76
KeyPers_NewYork_1230158,Ingénieur Informaticien,NewYork,34
KeyPers_NewYork_1230159,Ingénieur Informaticien,NewYork,81
KeyPers_NewYork_1230160,Ingénieur Informaticien,NewYork,54
KeyPers_NewYork_1230161,Ingénieur Informaticien,NewYork,31
KeyPers_NewYork_1230162,Ingénieur Informaticien,NewYork,38
KeyPers_NewYork_1230163,Ingénieur Informaticien,NewYork,68
KeyPers_NewYork_1230164,Economiste,NewYork,47
KeyPers_NewYork_1230165,Ingénieur Informaticien,NewYork,41
KeyPers_NewYork_1230166,Ingénieur Informaticien,NewYork,35
KeyPers_NewYork_1230167,Cadre,NewYork,65
KeyPers_NewYork_1230168,Ingénieur Data,NewYork,33
KeyPers_NewYork_1230169,Ingénieur Data,NewYork,89
KeyPers_NewYork_1230170,Ingénieur Data,NewYork,95
KeyPers_NewYork_1230171,Ingénieur Informaticien,NewYork,87
KeyPers_NewYork_1230172,Ingénieur Data,NewYork,33
KeyPers_NewYork_1230173,Ingénieur Data,NewYork,34
KeyPers_NewYork_1230174,Ingénieur Informaticien,NewYork,68
KeyPers_NewYork_1230175,Ingénieur Informaticien,NewYork,86
KeyPers_NewYork_1230176,Ingénieur Data,NewYork,80
KeyPers_NewYork_1230177,Cadre,NewYork,93
KeyPers_NewYork_1230178,Economiste,NewYork,63
KeyPers_NewYork_1230179,Ingénieur Informaticien,NewYork,45
KeyPers_NewYork_1230180,Ingénieur Data,NewYork,78
KeyPers_NewYork_1230181,Ingénieur Informaticien,NewYork,84
KeyPers_NewYork_1230182,Ingénieur Informaticien,NewYork,52
KeyPers_NewYork_1230183,Ingénieur Informaticien,NewYork,83
KeyPers_NewYork_1230184,Ingénieur Informaticien,NewYork,93
KeyPers_NewYork_1230185,Ingénieur Data,NewYork,61
KeyPers_NewYork_1230186,Ingénieur Informaticien,NewYork,41
KeyPers_NewYork_1230187,Ingénieur Data,NewYork,58
KeyPers_NewYork_1230188,Economiste,NewYork,64
KeyPers_NewYork_1230189,Ingénieur Informaticien,NewYork,43
KeyPers_NewYork_1230190,Ingénieur Informaticien,NewYork,35
KeyPers_NewYork_1230191,Cadre,NewYork,89
KeyPers_NewYork_1230192,Ingénieur Data,NewYork,48
KeyPers_NewYork_1230193,Ingénieur Data,NewYork,76
KeyPers_NewYork_1230194,Cadre,NewYork,84
KeyPers_NewYork_1230195,Cadre,NewYork,77
KeyPers_NewYork_1230196,Ingénieur Informaticien,NewYork,27
KeyPers_NewYork_1230197,Economiste,NewYork,35
KeyPers_NewYork_1230198,Ingénieur Data,NewYork,76
KeyPers_NewYork_1230199,Ingénieur Data,NewYork,55
KeyPers_NewYork_1230200,Ingénieur Data,NewYork,47
KeyPers_NewYork_1230201,Ingénieur Informaticien,NewYork,91
KeyPers_NewYork_1230202,Ingénieur Data,NewYork,63
KeyPers_NewYork_1230203,Ingénieur Informaticien,NewYork,25
KeyPers_NewYork_1230204,Ingénieur Informaticien,NewYork,68
KeyPers_NewYork_1230205,Ingénieur Data,NewYork,73
KeyPers_NewYork_1230206,Economiste,NewYork,62
KeyPers_NewYork_1230207,Ingénieur Informaticien,NewYork,27
KeyPers_NewYork_1230208,Economiste,NewYork,96
KeyPers_NewYork_1230209,Ingénieur Informaticien,NewYork,50
KeyPers_NewYork_1230210,Ingénieur Informaticien,NewYork,85
KeyPers_NewYork_1230211,Ingénieur Data,NewYork,71
KeyPers_NewYork_1230212,Ingénieur Informaticien,NewYork,27
KeyPers_NewYork_1230213,Ingénieur Informaticien,NewYork,81
KeyPers_NewYork_1230214,Ingénieur Informaticien,NewYork,94
KeyPers_NewYork_1230215,Cadre,NewYork,33
KeyPers_NewYork_1230216,Ingénieur Data,NewYork,47
KeyPers_NewYork_1230217,Ingénieur Data,NewYork,44
KeyPers_NewYork_1230218,Ingénieur Data,NewYork,80
KeyPers_NewYork_1230219,Cadre,NewYork,94
KeyPers_NewYork_1230220,Ingénieur Data,NewYork,75
KeyPers_NewYork_1230221,Ingénieur Data,NewYork,41
KeyPers_NewYork_1230222,Ingénieur Data,NewYork,75
KeyPers_NewYork_1230223,Ingénieur Data,NewYork,45
KeyPers_NewYork_1230224,Economiste,NewYork,89
KeyPers_NewYork_1230225,Ingénieur Data,NewYork,67
KeyPers_NewYork_1230226,Ingénieur Data,NewYork,62
KeyPers_NewYork_1230227,Cadre,NewYork,50
KeyPers_NewYork_1230228,Ingénieur Informaticien,NewYork,24
KeyPers_NewYork_1230229,Cadre,NewYork,65
KeyPers_NewYork_1230230,Ingénieur Data,NewYork,65
KeyPers_NewYork_1230231,Economiste,NewYork,31
KeyPers_NewYork_1230232,Ingénieur Data,NewYork,79
KeyPers_NewYork_1230233,Ingénieur Informaticien,NewYork,30
KeyPers_NewYork_1230234,Cadre,NewYork,90
KeyPers_NewYork_1230235,Cadre,NewYork,69
KeyPers_NewYork_1230236,Ingénieur Informaticien,NewYork,88
KeyPers_NewYork_1230237,Cadre,NewYork,67
KeyPers_NewYork_1230238,Ingénieur Data,NewYork,75
KeyPers_NewYork_1230239,Ingénieur Informaticien,NewYork,57
KeyPers_NewYork_1230240,Ingénieur Informaticien,NewYork,66
KeyPers_NewYork_1230241,Ingénieur Informaticien,NewYork,92
KeyPers_NewYork_1230242,Ingénieur Data,NewYork,60
KeyPers_NewYork_1230243,Ingénieur Data,NewYork,42
KeyPers_NewYork_1230244,Ingénieur Informaticien,NewYork,64
KeyPers_NewYork_1230245,Ingénieur Informaticien,NewYork,60
KeyPers_NewYork_1230246,Ingénieur Data,NewYork,51
KeyPers_NewYork_1230247,Ingénieur Informaticien,NewYork,75
KeyPers_NewYork_1230248,Ingénieur Data,NewYork,75
KeyPers_NewYork_1230249,Ingénieur Informaticien,NewYork,29
KeyPers_NewYork_1230250,Cadre,NewYork,49
KeyPers_NewYork_1230251,Ingénieur Data,NewYork,90
KeyPers_NewYork_1230252,Ingénieur Informaticien,NewYork,66
KeyPers_NewYork_1230253,Cadre,NewYork,95
KeyPers_NewYork_1230254,Ingénieur Informaticien,NewYork,49
KeyPers_NewYork_1230255,Ingénieur Data,NewYork,83
KeyPers_NewYork_1230256,Ingénieur Data,NewYork,48
KeyPers_NewYork_1230257,Ingénieur Data,NewYork,47
KeyPers_NewYork_1230258,Ingénieur Informaticien,NewYork,51
KeyPers_NewYork_1230259,Cadre,NewYork,81
KeyPers_NewYork_1230260,DRH,NewYork,88
KeyPers_NewYork_1230261,Cadre,NewYork,80
KeyPers_NewYork_1230262,Ingénieur Data,NewYork,45
KeyPers_NewYork_1230263,Ingénieur Data,NewYork,46
KeyPers_NewYork_1230264,Ingénieur Data,NewYork,36
KeyPers_NewYork_1230265,Ingénieur Data,NewYork,82
KeyPers_NewYork_1230266,Ingénieur Informaticien,NewYork,80
KeyPers_NewYork_1230267,Ingénieur Informaticien,NewYork,24
KeyPers_NewYork_1230268,Ingénieur Informaticien,NewYork,52
KeyPers_NewYork_1230269,Ingénieur Data,NewYork,70
KeyPers_NewYork_1230270,DRH,NewYork,68
KeyPers_NewYork_1230271,Ingénieur Data,NewYork,70
KeyPers_NewYork_1230272,Economiste,NewYork,57
KeyPers_NewYork_1230273,Cadre,NewYork,59
KeyPers_NewYork_1230274,Economiste,NewYork,93
KeyPers_NewYork_1230275,Ingénieur Data,NewYork,55
KeyPers_NewYork_1230276,Cadre,NewYork,27
KeyPers_NewYork_1230277,Ingénieur Informaticien,NewYork,77
KeyPers_NewYork_1230278,Ingénieur Data,NewYork,69
KeyPers_NewYork_1230279,Cadre,NewYork,43
KeyPers_NewYork_1230280,Cadre,NewYork,50
KeyPers_NewYork_1230281,Ingénieur Informaticien,NewYork,50
KeyPers_NewYork_1230282,Cadre,NewYork,82
KeyPers_NewYork_1230283,Ingénieur Data,NewYork,88
KeyPers_NewYork_1230284,Ingénieur Informaticien,NewYork,83
KeyPers_NewYork_1230285,Economiste,NewYork,29
KeyPers_NewYork_1230286,Cadre,NewYork,51
KeyPers_NewYork_1230287,Ingénieur Data,NewYork,55
KeyPers_NewYork_1230288,Ingénieur Informaticien,NewYork,93
KeyPers_NewYork_1230289,Ingénieur Data,NewYork,38
KeyPers_NewYork_1230290,Ingénieur Informaticien,NewYork,71
KeyPers_NewYork_1230291,Ingénieur Data,NewYork,39
KeyPers_NewYork_1230292,Ingénieur Data,NewYork,27
KeyPers_NewYork_1230293,Ingénieur Informaticien,NewYork,31
KeyPers_NewYork_1230294,Ingénieur Data,NewYork,83
KeyPers_NewYork_1230295,Ingénieur Informaticien,NewYork,74
KeyPers_NewYork_1230296,Ingénieur Data,NewYork,33
KeyPers_NewYork_1230297,Ingénieur Informaticien,NewYork,51
KeyPers_NewYork_1230298,Ingénieur Informaticien,NewYork,62
KeyPers_NewYork_1230299,Ingénieur Informaticien,NewYork,64
KeyPers_NewYork_1230300,Ingénieur Informaticien,NewYork,77
KeyPers_NewYork_1230301,Economiste,NewYork,80
KeyPers_NewYork_1230302,Cadre,NewYork,81
KeyPers_NewYork_1230303,Ingénieur Data,NewYork,26
KeyPers_NewYork_1230304,Ingénieur Informaticien,NewYork,29
KeyPers_NewYork_1230305,Ingénieur Data,NewYork,62
KeyPers_NewYork_1230306,Ingénieur Data,NewYork,82
KeyPers_NewYork_1230307,Ingénieur Informaticien,NewYork,84
KeyPers_NewYork_1230308,Ingénieur Data,NewYork,24
KeyPers_NewYork_1230309,Ingénieur Data,NewYork,35
KeyPers_NewYork_1230310,Ingénieur Data,NewYork,37
KeyPers_NewYork_1230311,Ingénieur Data,NewYork,92
KeyPers_NewYork_1230312,Ingénieur Informaticien,NewYork,55
KeyPers_NewYork_1230313,Ingénieur Informaticien,NewYork,73
KeyPers_NewYork_1230314,Ingénieur Informaticien,NewYork,32
KeyPers_NewYork_1230315,Ingénieur Informaticien,NewYork,84
KeyPers_NewYork_1230316,Ingénieur Data,NewYork,82
KeyPers_NewYork_1230317,Ingénieur Data,NewYork,56
KeyPers_NewYork_1230318,Cadre,NewYork,91
KeyPers_NewYork_1230319,Cadre,NewYork,52
KeyPers_NewYork_1230320,Ingénieur Data,NewYork,65
KeyPers_NewYork_1230321,Cadre,NewYork,43
KeyPers_NewYork_1230322,Ingénieur Informaticien,NewYork,28
KeyPers_NewYork_1230323,Ingénieur Data,NewYork,71
KeyPers_NewYork_1230324,Ingénieur Informaticien,NewYork,94
KeyPers_NewYork_1230325,Ingénieur Data,NewYork,88
KeyPers_NewYork_1230326,Ingénieur Informaticien,NewYork,62
KeyPers_NewYork_1230327,Ingénieur Informaticien,NewYork,29
KeyPers_NewYork_1230328,Ingénieur Data,NewYork,75
KeyPers_NewYork_1230329,Ingénieur Data,NewYork,94
KeyPers_NewYork_1230330,Ingénieur Informaticien,NewYork,39
KeyPers_NewYork_1230331,Ingénieur Informaticien,NewYork,72
KeyPers_NewYork_1230332,Ingénieur Data,NewYork,28
KeyPers_NewYork_1230333,Ingénieur Informaticien,NewYork,34
KeyPers_NewYork_1230334,Ingénieur Informaticien,NewYork,52
KeyPers_NewYork_1230335,Ingénieur Informaticien,NewYork,38
KeyPers_NewYork_1230336,Ingénieur Informaticien,NewYork,89
KeyPers_NewYork_1230337,Ingénieur Informaticien,NewYork,37
KeyPers_NewYork_1230338,Ingénieur Data,NewYork,30
KeyPers_NewYork_1230339,Ingénieur Informaticien,NewYork,38
KeyPers_NewYork_1230340,Ingénieur Data,NewYork,80
KeyPers_NewYork_1230341,Ingénieur Data,NewYork,69
KeyPers_NewYork_1230342,Economiste,NewYork,52
KeyPers_NewYork_1230343,Ingénieur Data,NewYork,81
KeyPers_NewYork_1230344,Cadre,NewYork,55
KeyPers_NewYork_1230345,Ingénieur Data,NewYork,68
KeyPers_NewYork_1230346,Economiste,NewYork,70
KeyPers_NewYork_1230347,Ingénieur Informaticien,NewYork,84
KeyPers_NewYork_1230348,Ingénieur Data,NewYork,86
KeyPers_NewYork_1230349,Ingénieur Informaticien,NewYork,46
KeyPers_NewYork_1230350,Cadre,NewYork,59
KeyPers_NewYork_1230351,Ingénieur Data,NewYork,36
KeyPers_NewYork_1230352,Ingénieur Data,NewYork,28
KeyPers_NewYork_1230353,Ingénieur Informaticien,NewYork,89
KeyPers_NewYork_1230354,Ingénieur Informaticien,NewYork,73
KeyPers_NewYork_1230355,Ingénieur Data,NewYork,28
KeyPers_NewYork_1230356,Ingénieur Data,NewYork,63
KeyPers_NewYork_1230357,Ingénieur Data,NewYork,54
KeyPers_NewYork_1230358,Ingénieur Data,NewYork,88
KeyPers_NewYork_1230359,Ingénieur Informaticien,NewYork,44
KeyPers_NewYork_1230360,Ingénieur Informaticien,NewYork,50
KeyPers_NewYork_1230361,Ingénieur Informaticien,NewYork,39
KeyPers_NewYork_1230362,Ingénieur Data,NewYork,59
KeyPers_NewYork_1230363,Ingénieur Informaticien,NewYork,74
KeyPers_NewYork_1230364,Ingénieur Informaticien,NewYork,27
KeyPers_NewYork_1230365,Ingénieur Informaticien,NewYork,26
KeyPers_NewYork_1230366,Ingénieur Informaticien,NewYork,26
KeyPers_NewYork_1230367,Ingénieur Informaticien,NewYork,75
KeyPers_NewYork_1230368,Ingénieur Data,NewYork,59
KeyPers_NewYork_1230369,Ingénieur Informaticien,NewYork,87
KeyPers_NewYork_1230370,Ingénieur Informaticien,NewYork,59
KeyPers_NewYork_1230371,Cadre,NewYork,33
KeyPers_NewYork_1230372,Ingénieur Informaticien,NewYork,42
KeyPers_NewYork_1230373,Ingénieur Data,NewYork,73
KeyPers_NewYork_1230374,Ingénieur Informaticien,NewYork,56
KeyPers_NewYork_1230375,Economiste,NewYork,88
KeyPers_NewYork_1230376,Ingénieur Informaticien,NewYork,53
KeyPers_NewYork_1230377,Ingénieur Informaticien,NewYork,72
KeyPers_NewYork_1230378,Ingénieur Data,NewYork,58
KeyPers_NewYork_1230379,Ingénieur Informaticien,NewYork,45
KeyPers_NewYork_1230380,Ingénieur Data,NewYork,67
KeyPers_NewYork_1230381,Cadre,NewYork,77
KeyPers_NewYork_1230382,Ingénieur Data,NewYork,50
KeyPers_NewYork_1230383,Ingénieur Informaticien,NewYork,33
KeyPers_NewYork_1230384,Ingénieur Informaticien,NewYork,50
KeyPers_NewYork_1230385,Ingénieur Data,NewYork,88
KeyPers_NewYork_1230386,Cadre,NewYork,63
KeyPers_NewYork_1230387,Ingénieur Informaticien,NewYork,74
KeyPers_NewYork_1230388,Ingénieur Informaticien,NewYork,64
KeyPers_NewYork_1230389,Ingénieur Informaticien,NewYork,57
KeyPers_NewYork_1230390,Cadre,NewYork,33
KeyPers_NewYork_1230391,Ingénieur Data,NewYork,49
KeyPers_NewYork_1230392,Ingénieur Informaticien,NewYork,44
KeyPers_NewYork_1230393,Economiste,NewYork,71
KeyPers_NewYork_1230394,Ingénieur Informaticien,NewYork,59
KeyPers_NewYork_1230395,Ingénieur Informaticien,NewYork,93
KeyPers_NewYork_1230396,Ingénieur Informaticien,NewYork,35
KeyPers_NewYork_1230397,Cadre,NewYork,63
KeyPers_NewYork_1230398,Ingénieur Data,NewYork,75
KeyPers_NewYork_1230399,Cadre,NewYork,46
KeyPers_NewYork_1230400,Ingénieur Informaticien,NewYork,62
KeyPers_NewYork_1230401,Ingénieur Data,NewYork,79
KeyPers_NewYork_1230402,Ingénieur Data,NewYork,29
KeyPers_NewYork_1230403,Ingénieur Informaticien,NewYork,37
KeyPers_NewYork_1230404,Ingénieur Informaticien,NewYork,79
KeyPers_NewYork_1230405,Economiste,NewYork,64
KeyPers_NewYork_1230406,Ingénieur Informaticien,NewYork,25
KeyPers_NewYork_1230407,Ingénieur Informaticien,NewYork,92
KeyPers_NewYork_1230408,Ingénieur Data,NewYork,60
KeyPers_NewYork_1230409,Cadre,NewYork,36
KeyPers_NewYork_1230410,Ingénieur Informaticien,NewYork,63
KeyPers_NewYork_1230411,Ingénieur Data,NewYork,76
KeyPers_NewYork_1230412,Economiste,NewYork,32
KeyPers_NewYork_1230413,Cadre,NewYork,44
KeyPers_NewYork_1230414,Ingénieur Informaticien,NewYork,32
KeyPers_NewYork_1230415,Cadre,NewYork,48
KeyPers_NewYork_1230416,Ingénieur Data,NewYork,60
KeyPers_NewYork_1230417,Cadre,NewYork,24
KeyPers_NewYork_1230418,Cadre,NewYork,56
KeyPers_NewYork_1230419,Ingénieur Data,NewYork,35
KeyPers_NewYork_1230420,Ingénieur Informaticien,NewYork,55
KeyPers_NewYork_1230421,Cadre,NewYork,93
KeyPers_NewYork_1230422,Cadre,NewYork,82
KeyPers_NewYork_1230423,Ingénieur Informaticien,NewYork,77
KeyPers_NewYork_1230424,Ingénieur Data,NewYork,87
KeyPers_NewYork_1230425,Ingénieur Data,NewYork,43
KeyPers_NewYork_1230426,Ingénieur Informaticien,NewYork,34
KeyPers_NewYork_1230427,Ingénieur Data,NewYork,57
KeyPers_NewYork_1230428,Ingénieur Data,NewYork,26
KeyPers_NewYork_1230429,Ingénieur Informaticien,NewYork,53
KeyPers_NewYork_1230430,Cadre,NewYork,94
KeyPers_NewYork_1230431,Ingénieur Informaticien,NewYork,80
KeyPers_NewYork_1230432,Ingénieur Informaticien,NewYork,25
KeyPers_NewYork_1230433,Ingénieur Data,NewYork,95
KeyPers_NewYork_1230434,Cadre,NewYork,89
KeyPers_NewYork_1230435,Ingénieur Data,NewYork,83
KeyPers_NewYork_1230436,Cadre,NewYork,37
KeyPers_NewYork_1230437,Ingénieur Data,NewYork,87
KeyPers_NewYork_1230438,Ingénieur Informaticien,NewYork,43
KeyPers_NewYork_1230439,Cadre,NewYork,82
KeyPers_NewYork_1230440,DRH,NewYork,77
KeyPers_NewYork_1230441,Ingénieur Data,NewYork,77
KeyPers_NewYork_1230442,Ingénieur Informaticien,NewYork,84
KeyPers_NewYork_1230443,Ingénieur Data,NewYork,88
KeyPers_NewYork_1230444,Ingénieur Informaticien,NewYork,37
KeyPers_NewYork_1230445,Ingénieur Data,NewYork,90
KeyPers_NewYork_1230446,Economiste,NewYork,78
KeyPers_NewYork_1230447,Cadre,NewYork,26
KeyPers_NewYork_1230448,Ingénieur Informaticien,NewYork,34
KeyPers_NewYork_1230449,Ingénieur Data,NewYork,48
KeyPers_NewYork_1230450,Economiste,NewYork,31
KeyPers_NewYork_1230451,Ingénieur Data,NewYork,76
KeyPers_NewYork_1230452,Ingénieur Data,NewYork,91
KeyPers_NewYork_1230453,Economiste,NewYork,74
KeyPers_NewYork_1230454,Cadre,NewYork,37
KeyPers_NewYork_1230455,Cadre,NewYork,67
KeyPers_NewYork_1230456,Economiste,NewYork,73
KeyPers_NewYork_1230457,Ingénieur Informaticien,NewYork,44
KeyPers_NewYork_1230458,Ingénieur Informaticien,NewYork,60
KeyPers_NewYork_1230459,Cadre,NewYork,42
KeyPers_NewYork_1230460,Ingénieur Data,NewYork,34
KeyPers_NewYork_1230461,Ingénieur Data,NewYork,64
KeyPers_NewYork_1230462,Ingénieur Informaticien,NewYork,44
KeyPers_NewYork_1230463,Ingénieur Informaticien,NewYork,92
KeyPers_NewYork_1230464,Ingénieur Informaticien,NewYork,60
KeyPers_NewYork_1230465,Ingénieur Data,NewYork,88
KeyPers_NewYork_1230466,Economiste,NewYork,84
KeyPers_NewYork_1230467,Ingénieur Data,NewYork,42
KeyPers_NewYork_1230468,Cadre,NewYork,49
KeyPers_NewYork_1230469,Ingénieur Data,NewYork,45
KeyPers_NewYork_1230470,Cadre,NewYork,70
KeyPers_NewYork_1230471,Cadre,NewYork,25
KeyPers_NewYork_1230472,Ingénieur Data,NewYork,36
KeyPers_NewYork_1230473,Ingénieur Data,NewYork,72
KeyPers_NewYork_1230474,Ingénieur Informaticien,NewYork,79
KeyPers_NewYork_1230475,Ingénieur Informaticien,NewYork,53
KeyPers_NewYork_1230476,Ingénieur Informaticien,NewYork,58
KeyPers_NewYork_1230477,Ingénieur Data,NewYork,41
KeyPers_NewYork_1230478,Ingénieur Data,NewYork,40
KeyPers_NewYork_1230479,Ingénieur Informaticien,NewYork,41
KeyPers_NewYork_1230480,Economiste,NewYork,46
KeyPers_NewYork_1230481,Cadre,NewYork,72
KeyPers_NewYork_1230482,Ingénieur Data,NewYork,51
KeyPers_NewYork_1230483,Cadre,NewYork,39
KeyPers_NewYork_1230484,Ingénieur Informaticien,NewYork,31
KeyPers_NewYork_1230485,Ingénieur Data,NewYork,53
KeyPers_NewYork_1230486,Ingénieur Data,NewYork,53
KeyPers_NewYork_1230487,Ingénieur Informaticien,NewYork,95
KeyPers_NewYork_1230488,Ingénieur Informaticien,NewYork,28
KeyPers_NewYork_1230489,Ingénieur Data,NewYork,33
KeyPers_NewYork_1230490,Ingénieur Informaticien,NewYork,35
KeyPers_NewYork_1230491,Cadre,NewYork,59
KeyPers_NewYork_1230492,Ingénieur Informaticien,NewYork,33
KeyPers_NewYork_1230493,Ingénieur Informaticien,NewYork,85
KeyPers_NewYork_1230494,Economiste,NewYork,88
KeyPers_NewYork_1230495,Cadre,NewYork,79
KeyPers_NewYork_1230496,Ingénieur Data,NewYork,82
KeyPers_NewYork_1230497,Ingénieur Informaticien,NewYork,24
KeyPers_NewYork_1230498,Ingénieur Data,NewYork,91
KeyPers_NewYork_1230499,Ingénieur Informaticien,NewYork,59
KeyPers_NewYork_1230500,Ingénieur Informaticien,NewYork,24
KeyPers_NewYork_1230501,Ingénieur Data,NewYork,62
KeyPers_NewYork_1230502,Ingénieur Informaticien,NewYork,78
KeyPers_NewYork_1230503,Ingénieur Informaticien,NewYork,35
KeyPers_NewYork_1230504,Cadre,NewYork,40
KeyPers_NewYork_1230505,Economiste,NewYork,74
KeyPers_NewYork_1230506,Cadre,NewYork,37
KeyPers_NewYork_1230507,Cadre,NewYork,71
KeyPers_NewYork_1230508,Cadre,NewYork,64
KeyPers_NewYork_1230509,Ingénieur Informaticien,NewYork,60
KeyPers_NewYork_1230510,Ingénieur Data,NewYork,66
KeyPers_NewYork_1230511,Ingénieur Data,NewYork,25
KeyPers_NewYork_1230512,Ingénieur Data,NewYork,71
KeyPers_NewYork_1230513,Ingénieur Data,NewYork,74
KeyPers_NewYork_1230514,Cadre,NewYork,43
KeyPers_NewYork_1230515,Ingénieur Data,NewYork,53
KeyPers_NewYork_1230516,Ingénieur Data,NewYork,63
KeyPers_NewYork_1230517,Ingénieur Data,NewYork,51
KeyPers_NewYork_1230518,Ingénieur Data,NewYork,50
KeyPers_NewYork_1230519,Ingénieur Informaticien,NewYork,77
KeyPers_NewYork_1230520,Economiste,NewYork,75
KeyPers_NewYork_1230521,Cadre,NewYork,24
KeyPers_NewYork_1230522,Ingénieur Informaticien,NewYork,52
KeyPers_NewYork_1230523,Ingénieur Informaticien,NewYork,38
KeyPers_NewYork_1230524,Ingénieur Data,NewYork,31
KeyPers_NewYork_1230525,Ingénieur Informaticien,NewYork,27
KeyPers_NewYork_1230526,Ingénieur Data,NewYork,69
KeyPers_NewYork_1230527,Cadre,NewYork,60
KeyPers_NewYork_1230528,Ingénieur Data,NewYork,26
KeyPers_NewYork_1230529,Ingénieur Data,NewYork,72
KeyPers_NewYork_1230530,Ingénieur Informaticien,NewYork,78
KeyPers_NewYork_1230531,Ingénieur Data,NewYork,70
KeyPers_NewYork_1230532,Ingénieur Informaticien,NewYork,57
KeyPers_NewYork_1230533,Ingénieur Data,NewYork,94
KeyPers_NewYork_1230534,Ingénieur Informaticien,NewYork,57
KeyPers_NewYork_1230535,Ingénieur Data,NewYork,28
KeyPers_NewYork_1230536,Cadre,NewYork,46
KeyPers_NewYork_1230537,Cadre,NewYork,26
KeyPers_NewYork_1230538,Ingénieur Informaticien,NewYork,78
KeyPers_NewYork_1230539,Ingénieur Data,NewYork,38
KeyPers_NewYork_1230540,Ingénieur Informaticien,NewYork,31
KeyPers_NewYork_1230541,Ingénieur Informaticien,NewYork,24
KeyPers_NewYork_1230542,Ingénieur Data,NewYork,49
KeyPers_NewYork_1230543,Ingénieur Informaticien,NewYork,38
KeyPers_NewYork_1230544,Cadre,NewYork,40
KeyPers_NewYork_1230545,Cadre,NewYork,83
KeyPers_NewYork_1230546,Ingénieur Informaticien,NewYork,86
KeyPers_NewYork_1230547,Ingénieur Informaticien,NewYork,37
KeyPers_NewYork_1230548,Ingénieur Data,NewYork,30
KeyPers_NewYork_1230549,Ingénieur Data,NewYork,54
KeyPers_NewYork_1230550,Ingénieur Informaticien,NewYork,52
KeyPers_NewYork_1230551,Economiste,NewYork,34
KeyPers_NewYork_1230552,Ingénieur Data,NewYork,34
KeyPers_NewYork_1230553,Cadre,NewYork,83
KeyPers_NewYork_1230554,Ingénieur Data,NewYork,91
KeyPers_NewYork_1230555,Ingénieur Data,NewYork,36
KeyPers_NewYork_1230556,Ingénieur Data,NewYork,91
KeyPers_NewYork_1230557,Ingénieur Data,NewYork,64
KeyPers_NewYork_1230558,Ingénieur Data,NewYork,70
KeyPers_NewYork_1230559,Economiste,NewYork,55
KeyPers_NewYork_1230560,Ingénieur Data,NewYork,43
KeyPers_NewYork_1230561,Ingénieur Informaticien,NewYork,88
KeyPers_NewYork_1230562,Ingénieur Informaticien,NewYork,69
KeyPers_NewYork_1230563,Ingénieur Informaticien,NewYork,37
KeyPers_NewYork_1230564,Ingénieur Data,NewYork,59
KeyPers_NewYork_1230565,Cadre,NewYork,29
KeyPers_NewYork_1230566,Ingénieur Informaticien,NewYork,39
KeyPers_NewYork_1230567,Ingénieur Data,NewYork,68
KeyPers_NewYork_1230568,Ingénieur Informaticien,NewYork,68
KeyPers_NewYork_1230569,Ingénieur Informaticien,NewYork,36
KeyPers_NewYork_1230570,Ingénieur Data,NewYork,48
KeyPers_NewYork_1230571,Cadre,NewYork,91
KeyPers_NewYork_1230572,Economiste,NewYork,94
KeyPers_NewYork_1230573,Ingénieur Data,NewYork,31
KeyPers_NewYork_1230574,Ingénieur Data,NewYork,28
KeyPers_NewYork_1230575,Ingénieur Informaticien,NewYork,78
KeyPers_NewYork_1230576,Cadre,NewYork,49
KeyPers_NewYork_1230577,Ingénieur Informaticien,NewYork,84
KeyPers_NewYork_1230578,Economiste,NewYork,43
KeyPers_NewYork_1230579,DRH,NewYork,85
KeyPers_NewYork_1230580,Cadre,NewYork,67
KeyPers_NewYork_1230581,Ingénieur Informaticien,NewYork,40
KeyPers_NewYork_1230582,Ingénieur Informaticien,NewYork,69
KeyPers_NewYork_1230583,Ingénieur Data,NewYork,83
KeyPers_NewYork_1230584,Ingénieur Data,NewYork,82
KeyPers_NewYork_1230585,Ingénieur Data,NewYork,81
KeyPers_NewYork_1230586,DRH,NewYork,86
KeyPers_NewYork_1230587,Cadre,NewYork,56
KeyPers_NewYork_1230588,Cadre,NewYork,89
KeyPers_NewYork_1230589,Ingénieur Data,NewYork,71
KeyPers_NewYork_1230590,Ingénieur Informaticien,NewYork,88
KeyPers_NewYork_1230591,Economiste,NewYork,86
KeyPers_NewYork_1230592,Ingénieur Informaticien,NewYork,94
KeyPers_NewYork_1230593,Ingénieur Data,NewYork,94
KeyPers_NewYork_1230594,Ingénieur Data,NewYork,87
KeyPers_NewYork_1230595,Cadre,NewYork,65
KeyPers_NewYork_1230596,Ingénieur Informaticien,NewYork,52
KeyPers_NewYork_1230597,Ingénieur Informaticien,NewYork,30
KeyPers_NewYork_1230598,Ingénieur Data,NewYork,79
KeyPers_NewYork_1230599,Ingénieur Data,NewYork,63
KeyPers_NewYork_1230600,Economiste,NewYork,66
KeyPers_NewYork_1230601,Ingénieur Data,NewYork,52
KeyPers_NewYork_1230602,Ingénieur Informaticien,NewYork,57
KeyPers_NewYork_1230603,Cadre,NewYork,40
KeyPers_NewYork_1230604,Ingénieur Data,NewYork,31
KeyPers_NewYork_1230605,Ingénieur Data,NewYork,47
KeyPers_NewYork_1230606,Cadre,NewYork,86
KeyPers_NewYork_1230607,Ingénieur Informaticien,NewYork,63
KeyPers_NewYork_1230608,Ingénieur Informaticien,NewYork,69
KeyPers_NewYork_1230609,Ingénieur Data,NewYork,34
KeyPers_NewYork_1230610,Economiste,NewYork,82
KeyPers_NewYork_1230611,Cadre,NewYork,94
KeyPers_NewYork_1230612,Ingénieur Data,NewYork,37
KeyPers_NewYork_1230613,Ingénieur Informaticien,NewYork,66
KeyPers_NewYork_1230614,Ingénieur Informaticien,NewYork,50
KeyPers_NewYork_1230615,Ingénieur Informaticien,NewYork,79
KeyPers_NewYork_1230616,Cadre,NewYork,71
KeyPers_NewYork_1230617,Ingénieur Data,NewYork,93
KeyPers_NewYork_1230618,Ingénieur Data,NewYork,52
KeyPers_NewYork_1230619,Ingénieur Informaticien,NewYork,69
KeyPers_NewYork_1230620,Ingénieur Informaticien,NewYork,73
KeyPers_NewYork_1230621,Ingénieur Data,NewYork,82
KeyPers_NewYork_1230622,Cadre,NewYork,45
KeyPers_NewYork_1230623,Ingénieur Informaticien,NewYork,27
KeyPers_NewYork_1230624,Ingénieur Informaticien,NewYork,77
KeyPers_NewYork_1230625,Ingénieur Informaticien,NewYork,62
KeyPers_NewYork_1230626,Ingénieur Informaticien,NewYork,90
KeyPers_NewYork_1230627,Ingénieur Data,NewYork,49
KeyPers_NewYork_1230628,Ingénieur Data,NewYork,60
KeyPers_NewYork_1230629,Ingénieur Data,NewYork,96
KeyPers_NewYork_1230630,Ingénieur Data,NewYork,68
KeyPers_NewYork_1230631,Ingénieur Informaticien,NewYork,35
KeyPers_NewYork_1230632,Economiste,NewYork,28
KeyPers_NewYork_1230633,Ingénieur Informaticien,NewYork,94
KeyPers_NewYork_1230634,Ingénieur Data,NewYork,78
KeyPers_NewYork_1230635,Ingénieur Informaticien,NewYork,95
KeyPers_NewYork_1230636,Ingénieur Data,NewYork,73
KeyPers_NewYork_1230637,Ingénieur Data,NewYork,42
KeyPers_NewYork_1230638,Ingénieur Informaticien,NewYork,35
KeyPers_NewYork_1230639,Ingénieur Data,NewYork,35
KeyPers_NewYork_1230640,Ingénieur Data,NewYork,46
KeyPers_NewYork_1230641,Ingénieur Informaticien,NewYork,79
KeyPers_NewYork_1230642,Ingénieur Data,NewYork,69
KeyPers_NewYork_1230643,Ingénieur Data,NewYork,32
KeyPers_NewYork_1230644,Economiste,NewYork,60
KeyPers_NewYork_1230645,Ingénieur Informaticien,NewYork,27
KeyPers_NewYork_1230646,Ingénieur Data,NewYork,48
KeyPers_NewYork_1230647,Ingénieur Informaticien,NewYork,36
KeyPers_NewYork_1230648,Ingénieur Data,NewYork,93
KeyPers_NewYork_1230649,Ingénieur Data,NewYork,70
KeyPers_NewYork_1230650,Ingénieur Data,NewYork,60
KeyPers_NewYork_1230651,Ingénieur Data,NewYork,72
KeyPers_NewYork_1230652,Ingénieur Data,NewYork,63
KeyPers_NewYork_1230653,Ingénieur Informaticien,NewYork,73
KeyPers_NewYork_1230654,Ingénieur Informaticien,NewYork,41
KeyPers_NewYork_1230655,Ingénieur Informaticien,NewYork,55
KeyPers_NewYork_1230656,Cadre,NewYork,58
KeyPers_NewYork_1230657,Cadre,NewYork,92
KeyPers_NewYork_1230658,Ingénieur Data,NewYork,44
KeyPers_NewYork_1230659,Cadre,NewYork,48
KeyPers_NewYork_1230660,Cadre,NewYork,61
KeyPers_NewYork_1230661,Ingénieur Data,NewYork,54
KeyPers_NewYork_1230662,Ingénieur Data,NewYork,61
KeyPers_NewYork_1230663,Ingénieur Informaticien,NewYork,55
KeyPers_NewYork_1230664,Cadre,NewYork,37
KeyPers_NewYork_1230665,Ingénieur Informaticien,NewYork,47
KeyPers_NewYork_1230666,Ingénieur Informaticien,NewYork,90
KeyPers_NewYork_1230667,Cadre,NewYork,24
KeyPers_NewYork_1230668,Ingénieur Informaticien,NewYork,90
KeyPers_NewYork_1230669,Ingénieur Informaticien,NewYork,33
KeyPers_NewYork_1230670,Ingénieur Informaticien,NewYork,56
KeyPers_NewYork_1230671,Ingénieur Data,NewYork,67
KeyPers_NewYork_1230672,Ingénieur Informaticien,NewYork,95
KeyPers_NewYork_1230673,Ingénieur Informaticien,NewYork,66
KeyPers_NewYork_1230674,Ingénieur Informaticien,NewYork,29
KeyPers_NewYork_1230675,Ingénieur Data,NewYork,55
KeyPers_NewYork_1230676,Cadre,NewYork,59
KeyPers_NewYork_1230677,Ingénieur Informaticien,NewYork,29
KeyPers_NewYork_1230678,Ingénieur Informaticien,NewYork,69
KeyPers_NewYork_1230679,Ingénieur Data,NewYork,61
KeyPers_NewYork_1230680,Cadre,NewYork,54
KeyPers_NewYork_1230681,DRH,NewYork,48
KeyPers_NewYork_1230682,Ingénieur Informaticien,NewYork,40
KeyPers_NewYork_1230683,Ingénieur Data,NewYork,42
KeyPers_NewYork_1230684,Ingénieur Informaticien,NewYork,33
KeyPers_NewYork_1230685,Cadre,NewYork,56
KeyPers_NewYork_1230686,Ingénieur Informaticien,NewYork,62
KeyPers_NewYork_1230687,Ingénieur Data,NewYork,79
KeyPers_NewYork_1230688,Ingénieur Data,NewYork,76
KeyPers_NewYork_1230689,Ingénieur Informaticien,NewYork,72
KeyPers_NewYork_1230690,Ingénieur Data,NewYork,37
KeyPers_NewYork_1230691,Ingénieur Informaticien,NewYork,61
KeyPers_NewYork_1230692,Ingénieur Informaticien,NewYork,61
KeyPers_NewYork_1230693,Ingénieur Informaticien,NewYork,78
KeyPers_NewYork_1230694,Ingénieur Data,NewYork,36
KeyPers_NewYork_1230695,Ingénieur Data,NewYork,44
KeyPers_NewYork_1230696,Ingénieur Data,NewYork,48
KeyPers_NewYork_1230697,Ingénieur Data,NewYork,79
KeyPers_NewYork_1230698,Ingénieur Informaticien,NewYork,32
KeyPers_NewYork_1230699,Ingénieur Informaticien,NewYork,51
KeyPers_NewYork_1230700,Ingénieur Informaticien,NewYork,86
KeyPers_NewYork_1230701,Ingénieur Informaticien,NewYork,33
KeyPers_NewYork_1230702,Ingénieur Informaticien,NewYork,34
KeyPers_NewYork_1230703,Ingénieur Informaticien,NewYork,61
KeyPers_NewYork_1230704,Ingénieur Informaticien,NewYork,72
KeyPers_NewYork_1230705,Ingénieur Informaticien,NewYork,62
KeyPers_NewYork_1230706,Ingénieur Informaticien,NewYork,36
KeyPers_NewYork_1230707,Economiste,NewYork,40
KeyPers_NewYork_1230708,Ingénieur Data,NewYork,63
KeyPers_NewYork_1230709,Ingénieur Data,NewYork,79
KeyPers_NewYork_1230710,Ingénieur Informaticien,NewYork,60
KeyPers_NewYork_1230711,Cadre,NewYork,86
KeyPers_NewYork_1230712,Economiste,NewYork,71
KeyPers_NewYork_1230713,Ingénieur Data,NewYork,72
KeyPers_NewYork_1230714,Economiste,NewYork,27
KeyPers_NewYork_1230715,Ingénieur Informaticien,NewYork,48
KeyPers_NewYork_1230716,Ingénieur Data,NewYork,90
KeyPers_NewYork_1230717,Ingénieur Informaticien,NewYork,91
KeyPers_NewYork_1230718,Cadre,NewYork,68
KeyPers_NewYork_1230719,Ingénieur Informaticien,NewYork,62
KeyPers_NewYork_1230720,Ingénieur Informaticien,NewYork,60
KeyPers_NewYork_1230721,Ingénieur Informaticien,NewYork,25
KeyPers_NewYork_1230722,Ingénieur Informaticien,NewYork,45
KeyPers_NewYork_1230723,Ingénieur Data,NewYork,79
KeyPers_NewYork_1230724,Ingénieur Data,NewYork,93
KeyPers_NewYork_1230725,Ingénieur Data,NewYork,86
KeyPers_NewYork_1230726,Ingénieur Informaticien,NewYork,52
KeyPers_NewYork_1230727,Ingénieur Informaticien,NewYork,85
KeyPers_NewYork_1230728,Cadre,NewYork,26
KeyPers_NewYork_1230729,Ingénieur Data,NewYork,61
KeyPers_NewYork_1230730,Ingénieur Informaticien,NewYork,92
KeyPers_NewYork_1230731,Ingénieur Informaticien,NewYork,63
KeyPers_NewYork_1230732,Cadre,NewYork,46
KeyPers_NewYork_1230733,Cadre,NewYork,52
KeyPers_NewYork_1230734,Ingénieur Data,NewYork,94
KeyPers_NewYork_1230735,Ingénieur Informaticien,NewYork,85
KeyPers_NewYork_1230736,Ingénieur Informaticien,NewYork,25
KeyPers_NewYork_1230737,Ingénieur Informaticien,NewYork,41
KeyPers_NewYork_1230738,Ingénieur Informaticien,NewYork,34
KeyPers_NewYork_1230739,Ingénieur Informaticien,NewYork,53
KeyPers_NewYork_1230740,Ingénieur Informaticien,NewYork,65
KeyPers_NewYork_1230741,Ingénieur Data,NewYork,26
KeyPers_NewYork_1230742,Ingénieur Data,NewYork,89
KeyPers_NewYork_1230743,Ingénieur Informaticien,NewYork,48
KeyPers_NewYork_1230744,Ingénieur Informaticien,NewYork,31
KeyPers_NewYork_1230745,Ingénieur Data,NewYork,82
KeyPers_NewYork_1230746,Ingénieur Informaticien,NewYork,94
KeyPers_NewYork_1230747,Ingénieur Informaticien,NewYork,34
KeyPers_NewYork_1230748,Economiste,NewYork,70
KeyPers_NewYork_1230749,Ingénieur Data,NewYork,61
KeyPers_NewYork_1230750,Ingénieur Data,NewYork,59
KeyPers_NewYork_1230751,DRH,NewYork,58
KeyPers_NewYork_1230752,Ingénieur Data,NewYork,61
KeyPers_NewYork_1230753,Ingénieur Informaticien,NewYork,52
KeyPers_NewYork_1230754,Cadre,NewYork,68
KeyPers_NewYork_1230755,Ingénieur Informaticien,NewYork,71
KeyPers_NewYork_1230756,Cadre,NewYork,86
KeyPers_NewYork_1230757,Ingénieur Informaticien,NewYork,87
KeyPers_NewYork_1230758,Ingénieur Data,NewYork,35
KeyPers_NewYork_1230759,Ingénieur Data,NewYork,78
KeyPers_NewYork_1230760,Cadre,NewYork,61
KeyPers_NewYork_1230761,Ingénieur Data,NewYork,44
KeyPers_NewYork_1230762,Ingénieur Informaticien,NewYork,84
KeyPers_NewYork_1230763,Cadre,NewYork,79
KeyPers_NewYork_1230764,Ingénieur Data,NewYork,86
KeyPers_NewYork_1230765,Economiste,NewYork,27
KeyPers_NewYork_1230766,Ingénieur Informaticien,NewYork,94
KeyPers_NewYork_1230767,Cadre,NewYork,81
KeyPers_NewYork_1230768,Ingénieur Data,NewYork,78
KeyPers_NewYork_1230769,Cadre,NewYork,94
KeyPers_NewYork_1230770,Ingénieur Data,NewYork,58
KeyPers_NewYork_1230771,Ingénieur Data,NewYork,56
KeyPers_NewYork_1230772,Cadre,NewYork,46
KeyPers_NewYork_1230773,Ingénieur Data,NewYork,67
KeyPers_NewYork_1230774,Cadre,NewYork,59
KeyPers_NewYork_1230775,Cadre,NewYork,57
KeyPers_NewYork_1230776,Ingénieur Informaticien,NewYork,79
KeyPers_NewYork_1230777,Ingénieur Data,NewYork,30
KeyPers_NewYork_1230778,Ingénieur Informaticien,NewYork,51
KeyPers_NewYork_1230779,Cadre,NewYork,37
KeyPers_NewYork_1230780,Cadre,NewYork,51
KeyPers_NewYork_1230781,Cadre,NewYork,44
KeyPers_NewYork_1230782,Ingénieur Data,NewYork,42
KeyPers_NewYork_1230783,Ingénieur Informaticien,NewYork,96
KeyPers_NewYork_1230784,Cadre,NewYork,36
KeyPers_NewYork_1230785,Ingénieur Informaticien,NewYork,60
KeyPers_NewYork_1230786,Ingénieur Data,NewYork,52
KeyPers_NewYork_1230787,Economiste,NewYork,63
KeyPers_NewYork_1230788,Cadre,NewYork,88
KeyPers_NewYork_1230789,Ingénieur Informaticien,NewYork,33
KeyPers_NewYork_1230790,Ingénieur Data,NewYork,85
KeyPers_NewYork_1230791,Cadre,NewYork,27
KeyPers_NewYork_1230792,Ingénieur Informaticien,NewYork,82
KeyPers_NewYork_1230793,Ingénieur Data,NewYork,53
KeyPers_NewYork_1230794,Cadre,NewYork,50
KeyPers_NewYork_1230795,Economiste,NewYork,93
KeyPers_NewYork_1230796,Ingénieur Data,NewYork,39
KeyPers_NewYork_1230797,Ingénieur Informaticien,NewYork,88
KeyPers_NewYork_1230798,Ingénieur Data,NewYork,44
KeyPers_NewYork_1230799,Ingénieur Informaticien,NewYork,79
KeyPers_NewYork_1230800,Cadre,NewYork,46
KeyPers_NewYork_1230801,DRH,NewYork,64
KeyPers_NewYork_1230802,Ingénieur Informaticien,NewYork,76
KeyPers_NewYork_1230803,Cadre,NewYork,59
KeyPers_NewYork_1230804,Ingénieur Informaticien,NewYork,55
KeyPers_NewYork_1230805,Economiste,NewYork,69
KeyPers_NewYork_1230806,Ingénieur Data,NewYork,60
KeyPers_NewYork_1230807,Ingénieur Informaticien,NewYork,34
KeyPers_NewYork_1230808,Ingénieur Data,NewYork,84
KeyPers_NewYork_1230809,Ingénieur Informaticien,NewYork,68
KeyPers_NewYork_1230810,Economiste,NewYork,24
KeyPers_NewYork_1230811,Ingénieur Data,NewYork,82
KeyPers_NewYork_1230812,Ingénieur Informaticien,NewYork,61
KeyPers_NewYork_1230813,Cadre,NewYork,91
KeyPers_NewYork_1230814,Ingénieur Data,NewYork,82
KeyPers_NewYork_1230815,Economiste,NewYork,28
KeyPers_NewYork_1230816,Cadre,NewYork,27
KeyPers_NewYork_1230817,Ingénieur Informaticien,NewYork,50
KeyPers_NewYork_1230818,Ingénieur Informaticien,NewYork,48
KeyPers_NewYork_1230819,Ingénieur Informaticien,NewYork,85
KeyPers_NewYork_1230820,Economiste,NewYork,75
KeyPers_NewYork_1230821,Ingénieur Informaticien,NewYork,53
KeyPers_NewYork_1230822,Ingénieur Data,NewYork,49
KeyPers_NewYork_1230823,Ingénieur Data,NewYork,61
KeyPers_NewYork_1230824,Ingénieur Informaticien,NewYork,41
KeyPers_NewYork_1230825,Ingénieur Informaticien,NewYork,87
KeyPers_NewYork_1230826,Ingénieur Data,NewYork,34
KeyPers_NewYork_1230827,Economiste,NewYork,42
KeyPers_NewYork_1230828,Ingénieur Informaticien,NewYork,34
KeyPers_NewYork_1230829,Ingénieur Data,NewYork,34
KeyPers_NewYork_1230830,Ingénieur Data,NewYork,60
KeyPers_NewYork_1230831,Ingénieur Data,NewYork,78
KeyPers_NewYork_1230832,Ingénieur Data,NewYork,33
KeyPers_NewYork_1230833,Ingénieur Data,NewYork,94
KeyPers_NewYork_1230834,Ingénieur Informaticien,NewYork,45
KeyPers_NewYork_1230835,Ingénieur Data,NewYork,81
KeyPers_NewYork_1230836,Cadre,NewYork,67
KeyPers_NewYork_1230837,Ingénieur Informaticien,NewYork,72
KeyPers_NewYork_1230838,Cadre,NewYork,56
KeyPers_NewYork_1230839,Economiste,NewYork,77
KeyPers_NewYork_1230840,Cadre,NewYork,66
KeyPers_NewYork_1230841,Ingénieur Informaticien,NewYork,95
KeyPers_NewYork_1230842,Cadre,NewYork,67
KeyPers_NewYork_1230843,Economiste,NewYork,31
KeyPers_NewYork_1230844,Cadre,NewYork,31
KeyPers_NewYork_1230845,Ingénieur Informaticien,NewYork,63
KeyPers_NewYork_1230846,Cadre,NewYork,33
KeyPers_NewYork_1230847,Ingénieur Informaticien,NewYork,48
KeyPers_NewYork_1230848,Cadre,NewYork,42
KeyPers_NewYork_1230849,Ingénieur Informaticien,NewYork,58
KeyPers_NewYork_1230850,Ingénieur Data,NewYork,49
KeyPers_NewYork_1230851,Ingénieur Data,NewYork,84
KeyPers_NewYork_1230852,Cadre,NewYork,93
KeyPers_NewYork_1230853,Economiste,NewYork,28
KeyPers_NewYork_1230854,Ingénieur Data,NewYork,28
KeyPers_NewYork_1230855,Ingénieur Informaticien,NewYork,96
KeyPers_NewYork_1230856,Ingénieur Informaticien,NewYork,88
KeyPers_NewYork_1230857,Ingénieur Informaticien,NewYork,76
KeyPers_NewYork_1230858,Ingénieur Informaticien,NewYork,70
KeyPers_NewYork_1230859,Cadre,NewYork,46
KeyPers_NewYork_1230860,Ingénieur Data,NewYork,83
KeyPers_NewYork_1230861,Ingénieur Data,NewYork,25
KeyPers_NewYork_1230862,Cadre,NewYork,44
KeyPers_NewYork_1230863,Ingénieur Data,NewYork,83
KeyPers_NewYork_1230864,Ingénieur Informaticien,NewYork,93
KeyPers_NewYork_1230865,Ingénieur Informaticien,NewYork,63
KeyPers_NewYork_1230866,Cadre,NewYork,75
KeyPers_NewYork_1230867,Ingénieur Data,NewYork,83
KeyPers_NewYork_1230868,DRH,NewYork,70
KeyPers_NewYork_1230869,Ingénieur Data,NewYork,51
KeyPers_NewYork_1230870,Ingénieur Data,NewYork,49
KeyPers_NewYork_1230871,Ingénieur Informaticien,NewYork,83
KeyPers_NewYork_1230872,Cadre,NewYork,53
KeyPers_NewYork_1230873,Ingénieur Data,NewYork,83
KeyPers_NewYork_1230874,Ingénieur Data,NewYork,51
KeyPers_NewYork_1230875,Ingénieur Informaticien,NewYork,86
KeyPers_NewYork_1230876,Ingénieur Data,NewYork,70
KeyPers_NewYork_1230877,Ingénieur Informaticien,NewYork,46
KeyPers_NewYork_1230878,Ingénieur Data,NewYork,37
KeyPers_NewYork_1230879,Ingénieur Data,NewYork,30
KeyPers_NewYork_1230880,Ingénieur Data,NewYork,84
KeyPers_NewYork_1230881,Ingénieur Data,NewYork,37
KeyPers_NewYork_1230882,Cadre,NewYork,72
KeyPers_NewYork_1230883,Ingénieur Data,NewYork,92
KeyPers_NewYork_1230884,Cadre,NewYork,46
KeyPers_NewYork_1230885,Ingénieur Data,NewYork,31
KeyPers_NewYork_1230886,Economiste,NewYork,75
KeyPers_NewYork_1230887,Ingénieur Informaticien,NewYork,61
KeyPers_NewYork_1230888,Cadre,NewYork,84
KeyPers_NewYork_1230889,Ingénieur Informaticien,NewYork,75
KeyPers_NewYork_1230890,Cadre,NewYork,71
KeyPers_NewYork_1230891,Ingénieur Informaticien,NewYork,25
KeyPers_NewYork_1230892,Ingénieur Informaticien,NewYork,63
KeyPers_NewYork_1230893,Cadre,NewYork,86
KeyPers_NewYork_1230894,Ingénieur Data,NewYork,95
KeyPers_NewYork_1230895,Ingénieur Informaticien,NewYork,92
KeyPers_NewYork_1230896,Ingénieur Data,NewYork,34
KeyPers_NewYork_1230897,Ingénieur Informaticien,NewYork,72
KeyPers_NewYork_1230898,Ingénieur Informaticien,NewYork,89
KeyPers_NewYork_1230899,DRH,NewYork,64
KeyPers_NewYork_1230900,Ingénieur Informaticien,NewYork,39
KeyPers_NewYork_1230901,Cadre,NewYork,93
KeyPers_NewYork_1230902,Ingénieur Data,NewYork,91
KeyPers_NewYork_1230903,Ingénieur Informaticien,NewYork,28
KeyPers_NewYork_1230904,Ingénieur Data,NewYork,65
KeyPers_NewYork_1230905,Ingénieur Data,NewYork,86
KeyPers_NewYork_1230906,Ingénieur Informaticien,NewYork,88
KeyPers_NewYork_1230907,Ingénieur Data,NewYork,40
KeyPers_NewYork_1230908,Ingénieur Informaticien,NewYork,47
KeyPers_NewYork_1230909,Ingénieur Informaticien,NewYork,44
KeyPers_NewYork_1230910,Economiste,NewYork,76
KeyPers_NewYork_1230911,Ingénieur Data,NewYork,64
KeyPers_NewYork_1230912,Ingénieur Informaticien,NewYork,95
KeyPers_NewYork_1230913,Ingénieur Data,NewYork,47
KeyPers_NewYork_1230914,Ingénieur Informaticien,NewYork,78
KeyPers_NewYork_1230915,Ingénieur Data,NewYork,65
KeyPers_NewYork_1230916,Ingénieur Informaticien,NewYork,57
KeyPers_NewYork_1230917,Ingénieur Data,NewYork,92
KeyPers_NewYork_1230918,Ingénieur Data,NewYork,28
KeyPers_NewYork_1230919,Ingénieur Data,NewYork,62
KeyPers_NewYork_1230920,Economiste,NewYork,85
KeyPers_NewYork_1230921,Economiste,NewYork,37
KeyPers_NewYork_1230922,Cadre,NewYork,53
KeyPers_NewYork_1230923,Ingénieur Data,NewYork,76
KeyPers_NewYork_1230924,Ingénieur Data,NewYork,89
KeyPers_NewYork_1230925,Ingénieur Informaticien,NewYork,93
KeyPers_NewYork_1230926,Ingénieur Informaticien,NewYork,54
KeyPers_NewYork_1230927,Ingénieur Informaticien,NewYork,26
KeyPers_NewYork_1230928,Ingénieur Data,NewYork,49
KeyPers_NewYork_1230929,Ingénieur Informaticien,NewYork,39
KeyPers_NewYork_1230930,Ingénieur Data,NewYork,66
KeyPers_NewYork_1230931,Ingénieur Informaticien,NewYork,56
KeyPers_NewYork_1230932,Ingénieur Informaticien,NewYork,27
KeyPers_NewYork_1230933,DRH,NewYork,79
KeyPers_NewYork_1230934,Economiste,NewYork,75
KeyPers_NewYork_1230935,Ingénieur Data,NewYork,62
KeyPers_NewYork_1230936,Cadre,NewYork,94
KeyPers_NewYork_1230937,Ingénieur Data,NewYork,95
KeyPers_NewYork_1230938,Ingénieur Informaticien,NewYork,82
KeyPers_NewYork_1230939,Ingénieur Data,NewYork,33
KeyPers_NewYork_1230940,Ingénieur Informaticien,NewYork,43
KeyPers_NewYork_1230941,Ingénieur Data,NewYork,30
KeyPers_NewYork_1230942,Ingénieur Informaticien,NewYork,33
KeyPers_NewYork_1230943,Ingénieur Data,NewYork,56
KeyPers_NewYork_1230944,Cadre,NewYork,85
KeyPers_NewYork_1230945,Economiste,NewYork,44
KeyPers_NewYork_1230946,Cadre,NewYork,56
KeyPers_NewYork_1230947,Ingénieur Informaticien,NewYork,36
KeyPers_NewYork_1230948,Cadre,NewYork,63
KeyPers_NewYork_1230949,Cadre,NewYork,77
KeyPers_NewYork_1230950,Ingénieur Data,NewYork,37
KeyPers_NewYork_1230951,Ingénieur Data,NewYork,84
KeyPers_NewYork_1230952,Ingénieur Data,NewYork,36
KeyPers_NewYork_1230953,Ingénieur Informaticien,NewYork,46
KeyPers_NewYork_1230954,Cadre,NewYork,52
KeyPers_NewYork_1230955,Ingénieur Data,NewYork,73
KeyPers_NewYork_1230956,Ingénieur Informaticien,NewYork,79
KeyPers_NewYork_1230957,Ingénieur Informaticien,NewYork,69
KeyPers_NewYork_1230958,Ingénieur Informaticien,NewYork,56
KeyPers_NewYork_1230959,Ingénieur Informaticien,NewYork,67
KeyPers_NewYork_1230960,Cadre,NewYork,75
KeyPers_NewYork_1230961,Ingénieur Data,NewYork,56
KeyPers_NewYork_1230962,Cadre,NewYork,29
KeyPers_NewYork_1230963,Ingénieur Informaticien,NewYork,65
KeyPers_NewYork_1230964,Ingénieur Informaticien,NewYork,84
KeyPers_NewYork_1230965,Ingénieur Informaticien,NewYork,82
KeyPers_NewYork_1230966,Ingénieur Data,NewYork,79
KeyPers_NewYork_1230967,Ingénieur Data,NewYork,87
KeyPers_NewYork_1230968,Ingénieur Data,NewYork,32
KeyPers_NewYork_1230969,Ingénieur Data,NewYork,94
KeyPers_NewYork_1230970,Ingénieur Data,NewYork,28
KeyPers_NewYork_1230971,Ingénieur Informaticien,NewYork,41
KeyPers_NewYork_1230972,Ingénieur Data,NewYork,55
KeyPers_NewYork_1230973,Cadre,NewYork,71
KeyPers_NewYork_1230974,Ingénieur Informaticien,NewYork,51
KeyPers_NewYork_1230975,Ingénieur Data,NewYork,26
KeyPers_NewYork_1230976,Ingénieur Informaticien,NewYork,94
KeyPers_NewYork_1230977,Ingénieur Informaticien,NewYork,85
KeyPers_NewYork_1230978,Ingénieur Informaticien,NewYork,70
KeyPers_NewYork_1230979,Ingénieur Informaticien,NewYork,74
KeyPers_NewYork_1230980,Ingénieur Informaticien,NewYork,56
KeyPers_NewYork_1230981,Ingénieur Data,NewYork,74
KeyPers_NewYork_1230982,Cadre,NewYork,91
KeyPers_NewYork_1230983,Ingénieur Data,NewYork,24
KeyPers_NewYork_1230984,Ingénieur Informaticien,NewYork,36
KeyPers_NewYork_1230985,Ingénieur Data,NewYork,41
KeyPers_NewYork_1230986,Ingénieur Informaticien,NewYork,61
KeyPers_NewYork_1230987,Ingénieur Data,NewYork,77
KeyPers_NewYork_1230988,Ingénieur Informaticien,NewYork,46
KeyPers_NewYork_1230989,Ingénieur Data,NewYork,80
KeyPers_NewYork_1230990,Ingénieur Informaticien,NewYork,28
KeyPers_NewYork_1230991,Cadre,NewYork,92
KeyPers_NewYork_1230992,DRH,NewYork,49
KeyPers_NewYork_1230993,Cadre,NewYork,91
KeyPers_NewYork_1230994,Cadre,NewYork,68
KeyPers_NewYork_1230995,Ingénieur Informaticien,NewYork,43
KeyPers_NewYork_1230996,Ingénieur Informaticien,NewYork,79
KeyPers_NewYork_1230997,Ingénieur Informaticien,NewYork,76
KeyPers_NewYork_1230998,Economiste,NewYork,92
KeyPers_NewYork_1230999,Cadre,NewYork,80
KeyPers_NewYork_1231000,Ingénieur Data,NewYork,58
KeyPers_NewYork_1231001,Ingénieur Informaticien,NewYork,40
KeyPers_NewYork_1231002,Ingénieur Informaticien,NewYork,95
KeyPers_NewYork_1231003,Ingénieur Informaticien,NewYork,86
KeyPers_NewYork_1231004,Ingénieur Informaticien,NewYork,89
KeyPers_NewYork_1231005,Ingénieur Data,NewYork,40
KeyPers_NewYork_1231006,Economiste,NewYork,28
KeyPers_NewYork_1231007,Ingénieur Informaticien,NewYork,82
KeyPers_NewYork_1231008,Ingénieur Data,NewYork,84
KeyPers_NewYork_1231009,Ingénieur Informaticien,NewYork,66
KeyPers_NewYork_1231010,Ingénieur Data,NewYork,88
KeyPers_NewYork_1231011,Ingénieur Data,NewYork,71
KeyPers_NewYork_1231012,Ingénieur Data,NewYork,30
KeyPers_NewYork_1231013,Ingénieur Informaticien,NewYork,90
KeyPers_NewYork_1231014,Ingénieur Informaticien,NewYork,73
KeyPers_NewYork_1231015,Ingénieur Informaticien,NewYork,42
KeyPers_NewYork_1231016,Ingénieur Informaticien,NewYork,95
KeyPers_NewYork_1231017,Cadre,NewYork,73
KeyPers_NewYork_1231018,Ingénieur Data,NewYork,51
KeyPers_NewYork_1231019,Economiste,NewYork,63
KeyPers_NewYork_1231020,Ingénieur Data,NewYork,69
KeyPers_NewYork_1231021,Ingénieur Data,NewYork,92
KeyPers_NewYork_1231022,Ingénieur Informaticien,NewYork,62
KeyPers_NewYork_1231023,Ingénieur Data,NewYork,55
KeyPers_NewYork_1231024,Ingénieur Data,NewYork,79
KeyPers_NewYork_1231025,Cadre,NewYork,85
KeyPers_NewYork_1231026,Ingénieur Data,NewYork,25
KeyPers_NewYork_1231027,Cadre,NewYork,44
KeyPers_NewYork_1231028,Ingénieur Informaticien,NewYork,63
KeyPers_NewYork_1231029,Ingénieur Informaticien,NewYork,37
KeyPers_NewYork_1231030,Cadre,NewYork,38
KeyPers_NewYork_1231031,Ingénieur Data,NewYork,58
KeyPers_NewYork_1231032,Ingénieur Informaticien,NewYork,81
KeyPers_NewYork_1231033,Ingénieur Data,NewYork,26
KeyPers_NewYork_1231034,Ingénieur Data,NewYork,28
KeyPers_NewYork_1231035,Ingénieur Informaticien,NewYork,50
KeyPers_NewYork_1231036,Economiste,NewYork,95
KeyPers_NewYork_1231037,Cadre,NewYork,44
KeyPers_NewYork_1231038,Ingénieur Informaticien,NewYork,93
KeyPers_NewYork_1231039,Ingénieur Data,NewYork,32
KeyPers_NewYork_1231040,DRH,NewYork,46
KeyPers_NewYork_1231041,Ingénieur Data,NewYork,38
KeyPers_NewYork_1231042,Cadre,NewYork,90
KeyPers_NewYork_1231043,Ingénieur Data,NewYork,70
KeyPers_NewYork_1231044,Cadre,NewYork,30
KeyPers_NewYork_1231045,DRH,NewYork,29
KeyPers_NewYork_1231046,Ingénieur Data,NewYork,65
KeyPers_NewYork_1231047,Ingénieur Informaticien,NewYork,60
KeyPers_NewYork_1231048,Ingénieur Data,NewYork,53
KeyPers_NewYork_1231049,Ingénieur Informaticien,NewYork,52
KeyPers_NewYork_1231050,Cadre,NewYork,87
KeyPers_NewYork_1231051,Economiste,NewYork,42
KeyPers_NewYork_1231052,Economiste,NewYork,73
KeyPers_NewYork_1231053,Ingénieur Informaticien,NewYork,77
KeyPers_NewYork_1231054,Cadre,NewYork,45
KeyPers_NewYork_1231055,Ingénieur Data,NewYork,33
KeyPers_NewYork_1231056,Cadre,NewYork,43
KeyPers_NewYork_1231057,Cadre,NewYork,77
KeyPers_NewYork_1231058,Cadre,NewYork,27
KeyPers_NewYork_1231059,Cadre,NewYork,60
KeyPers_NewYork_1231060,Ingénieur Data,NewYork,61
KeyPers_NewYork_1231061,Ingénieur Data,NewYork,93
KeyPers_NewYork_1231062,Ingénieur Data,NewYork,70
KeyPers_NewYork_1231063,Ingénieur Data,NewYork,58
KeyPers_NewYork_1231064,Ingénieur Informaticien,NewYork,47
KeyPers_NewYork_1231065,Ingénieur Informaticien,NewYork,81
KeyPers_NewYork_1231066,Cadre,NewYork,35
KeyPers_NewYork_1231067,Ingénieur Data,NewYork,66
KeyPers_NewYork_1231068,Ingénieur Data,NewYork,50
KeyPers_NewYork_1231069,Ingénieur Informaticien,NewYork,41
KeyPers_NewYork_1231070,Ingénieur Data,NewYork,48
KeyPers_NewYork_1231071,Ingénieur Informaticien,NewYork,77
KeyPers_NewYork_1231072,Ingénieur Data,NewYork,55
KeyPers_NewYork_1231073,Ingénieur Informaticien,NewYork,66
KeyPers_NewYork_1231074,Cadre,NewYork,37
KeyPers_NewYork_1231075,Cadre,NewYork,92
KeyPers_NewYork_1231076,Ingénieur Informaticien,NewYork,43
KeyPers_NewYork_1231077,Ingénieur Data,NewYork,41
KeyPers_NewYork_1231078,Ingénieur Data,NewYork,38
KeyPers_NewYork_1231079,Ingénieur Informaticien,NewYork,69
KeyPers_NewYork_1231080,Ingénieur Data,NewYork,58
KeyPers_NewYork_1231081,Cadre,NewYork,67
KeyPers_NewYork_1231082,Ingénieur Informaticien,NewYork,26
KeyPers_NewYork_1231083,Ingénieur Data,NewYork,83
KeyPers_NewYork_1231084,Ingénieur Data,NewYork,92
KeyPers_NewYork_1231085,Ingénieur Data,NewYork,45
KeyPers_NewYork_1231086,Economiste,NewYork,51
KeyPers_NewYork_1231087,Ingénieur Data,NewYork,95
KeyPers_NewYork_1231088,Ingénieur Data,NewYork,58
KeyPers_NewYork_1231089,Ingénieur Data,NewYork,56
KeyPers_NewYork_1231090,Ingénieur Informaticien,NewYork,85
KeyPers_NewYork_1231091,Ingénieur Data,NewYork,32
KeyPers_NewYork_1231092,Ingénieur Data,NewYork,94
KeyPers_NewYork_1231093,Ingénieur Data,NewYork,62
KeyPers_NewYork_1231094,Ingénieur Informaticien,NewYork,39
KeyPers_NewYork_1231095,Ingénieur Informaticien,NewYork,93
KeyPers_NewYork_1231096,Ingénieur Data,NewYork,54
KeyPers_NewYork_1231097,Cadre,NewYork,36
KeyPers_NewYork_1231098,Cadre,NewYork,43
KeyPers_NewYork_1231099,Cadre,NewYork,69
KeyPers_NewYork_1231100,Ingénieur Informaticien,NewYork,27
KeyPers_NewYork_1231101,Ingénieur Data,NewYork,54
KeyPers_NewYork_1231102,Ingénieur Data,NewYork,58
KeyPers_NewYork_1231103,Cadre,NewYork,67
KeyPers_NewYork_1231104,Ingénieur Data,NewYork,28
KeyPers_NewYork_1231105,Ingénieur Informaticien,NewYork,92
KeyPers_NewYork_1231106,Cadre,NewYork,33
KeyPers_NewYork_1231107,Ingénieur Informaticien,NewYork,75
KeyPers_NewYork_1231108,Ingénieur Data,NewYork,62
KeyPers_NewYork_1231109,Ingénieur Informaticien,NewYork,87
KeyPers_NewYork_1231110,Ingénieur Informaticien,NewYork,69
KeyPers_NewYork_1231111,Ingénieur Informaticien,NewYork,65
KeyPers_NewYork_1231112,Ingénieur Informaticien,NewYork,49
KeyPers_NewYork_1231113,Ingénieur Data,NewYork,90
KeyPers_NewYork_1231114,Cadre,NewYork,87
KeyPers_NewYork_1231115,Ingénieur Data,NewYork,80
KeyPers_NewYork_1231116,Ingénieur Data,NewYork,61
KeyPers_NewYork_1231117,Ingénieur Data,NewYork,90
KeyPers_NewYork_1231118,Cadre,NewYork,94
KeyPers_NewYork_1231119,Ingénieur Informaticien,NewYork,48
KeyPers_NewYork_1231120,Ingénieur Informaticien,NewYork,88
KeyPers_NewYork_1231121,Ingénieur Data,NewYork,88
KeyPers_NewYork_1231122,Ingénieur Informaticien,NewYork,56
KeyPers_NewYork_1231123,Ingénieur Data,NewYork,39
KeyPers_NewYork_1231124,Ingénieur Informaticien,NewYork,52
KeyPers_NewYork_1231125,Ingénieur Informaticien,NewYork,75
KeyPers_NewYork_1231126,Ingénieur Informaticien,NewYork,51
KeyPers_NewYork_1231127,Cadre,NewYork,42
KeyPers_NewYork_1231128,Cadre,NewYork,35
KeyPers_NewYork_1231129,Ingénieur Informaticien,NewYork,54
KeyPers_NewYork_1231130,Economiste,NewYork,76
KeyPers_NewYork_1231131,Ingénieur Data,NewYork,73
KeyPers_NewYork_1231132,Ingénieur Informaticien,NewYork,52
KeyPers_NewYork_1231133,Ingénieur Data,NewYork,82
KeyPers_NewYork_1231134,Ingénieur Informaticien,NewYork,40
KeyPers_NewYork_1231135,Ingénieur Data,NewYork,55
KeyPers_NewYork_1231136,Cadre,NewYork,77
KeyPers_NewYork_1231137,Ingénieur Informaticien,NewYork,53
KeyPers_NewYork_1231138,Ingénieur Informaticien,NewYork,46
KeyPers_NewYork_1231139,Ingénieur Data,NewYork,92
KeyPers_NewYork_1231140,Ingénieur Informaticien,NewYork,81
KeyPers_NewYork_1231141,Ingénieur Data,NewYork,31
KeyPers_NewYork_1231142,Ingénieur Informaticien,NewYork,62
KeyPers_NewYork_1231143,Cadre,NewYork,80
KeyPers_NewYork_1231144,Cadre,NewYork,78
KeyPers_NewYork_1231145,Economiste,NewYork,49
KeyPers_NewYork_1231146,Cadre,NewYork,86
KeyPers_NewYork_1231147,Cadre,NewYork,88
KeyPers_NewYork_1231148,Ingénieur Data,NewYork,41
KeyPers_NewYork_1231149,Cadre,NewYork,40
KeyPers_NewYork_1231150,Cadre,NewYork,80
KeyPers_NewYork_1231151,Cadre,NewYork,61
KeyPers_NewYork_1231152,Ingénieur Data,NewYork,50
KeyPers_NewYork_1231153,Cadre,NewYork,78
KeyPers_NewYork_1231154,Ingénieur Data,NewYork,50
KeyPers_NewYork_1231155,Cadre,NewYork,95
KeyPers_NewYork_1231156,Ingénieur Data,NewYork,91
KeyPers_NewYork_1231157,Ingénieur Informaticien,NewYork,48
KeyPers_NewYork_1231158,Ingénieur Informaticien,NewYork,95
KeyPers_NewYork_1231159,Ingénieur Data,NewYork,66
KeyPers_NewYork_1231160,Ingénieur Informaticien,NewYork,81
KeyPers_NewYork_1231161,Ingénieur Informaticien,NewYork,49
KeyPers_NewYork_1231162,Ingénieur Informaticien,NewYork,34
KeyPers_NewYork_1231163,Ingénieur Data,NewYork,89
KeyPers_NewYork_1231164,Ingénieur Data,NewYork,88
KeyPers_NewYork_1231165,Ingénieur Informaticien,NewYork,72
KeyPers_NewYork_1231166,Ingénieur Data,NewYork,86
KeyPers_NewYork_1231167,Ingénieur Data,NewYork,44
KeyPers_NewYork_1231168,Ingénieur Data,NewYork,34
KeyPers_NewYork_1231169,Cadre,NewYork,39
KeyPers_NewYork_1231170,Ingénieur Data,NewYork,79
KeyPers_NewYork_1231171,Ingénieur Data,NewYork,34
KeyPers_NewYork_1231172,Ingénieur Informaticien,NewYork,49
KeyPers_NewYork_1231173,Cadre,NewYork,94
KeyPers_NewYork_1231174,Ingénieur Informaticien,NewYork,40
KeyPers_NewYork_1231175,Ingénieur Data,NewYork,42
KeyPers_NewYork_1231176,Cadre,NewYork,35
KeyPers_NewYork_1231177,Ingénieur Data,NewYork,71
KeyPers_NewYork_1231178,Ingénieur Data,NewYork,83
KeyPers_NewYork_1231179,Ingénieur Informaticien,NewYork,70
KeyPers_NewYork_1231180,Ingénieur Informaticien,NewYork,58
KeyPers_NewYork_1231181,Ingénieur Data,NewYork,55
KeyPers_NewYork_1231182,Cadre,NewYork,30
KeyPers_NewYork_1231183,Ingénieur Data,NewYork,73
KeyPers_NewYork_1231184,Ingénieur Informaticien,NewYork,35
KeyPers_NewYork_1231185,Ingénieur Informaticien,NewYork,78
KeyPers_NewYork_1231186,Ingénieur Data,NewYork,29
KeyPers_NewYork_1231187,Ingénieur Informaticien,NewYork,87
KeyPers_NewYork_1231188,Ingénieur Data,NewYork,75
KeyPers_NewYork_1231189,Cadre,NewYork,44
KeyPers_NewYork_1231190,Ingénieur Data,NewYork,56
KeyPers_NewYork_1231191,Ingénieur Data,NewYork,68
KeyPers_NewYork_1231192,Ingénieur Data,NewYork,64
KeyPers_NewYork_1231193,Ingénieur Data,NewYork,43
KeyPers_NewYork_1231194,Ingénieur Data,NewYork,93
KeyPers_NewYork_1231195,Ingénieur Informaticien,NewYork,77
KeyPers_NewYork_1231196,Ingénieur Informaticien,NewYork,41
KeyPers_NewYork_1231197,Ingénieur Data,NewYork,65
KeyPers_NewYork_1231198,Cadre,NewYork,83
KeyPers_NewYork_1231199,Ingénieur Informaticien,NewYork,66
KeyPers_NewYork_1231200,Economiste,NewYork,63
KeyPers_NewYork_1231201,Ingénieur Informaticien,NewYork,79
KeyPers_NewYork_1231202,Ingénieur Data,NewYork,73
KeyPers_NewYork_1231203,Ingénieur Data,NewYork,77
KeyPers_NewYork_1231204,Ingénieur Data,NewYork,95
KeyPers_NewYork_1231205,Ingénieur Data,NewYork,39
KeyPers_NewYork_1231206,Ingénieur Data,NewYork,79
KeyPers_NewYork_1231207,Ingénieur Data,NewYork,90
KeyPers_NewYork_1231208,Cadre,NewYork,81
KeyPers_NewYork_1231209,Economiste,NewYork,35
KeyPers_NewYork_1231210,Cadre,NewYork,95
KeyPers_NewYork_1231211,Ingénieur Data,NewYork,52
KeyPers_NewYork_1231212,Ingénieur Informaticien,NewYork,80
KeyPers_NewYork_1231213,Ingénieur Informaticien,NewYork,64
KeyPers_NewYork_1231214,Ingénieur Data,NewYork,42
KeyPers_NewYork_1231215,Ingénieur Data,NewYork,85
KeyPers_NewYork_1231216,Cadre,NewYork,38
KeyPers_NewYork_1231217,Cadre,NewYork,45
KeyPers_NewYork_1231218,Cadre,NewYork,33
KeyPers_NewYork_1231219,Ingénieur Data,NewYork,52
KeyPers_NewYork_1231220,Ingénieur Data,NewYork,87
KeyPers_NewYork_1231221,Ingénieur Informaticien,NewYork,39
KeyPers_NewYork_1231222,Ingénieur Data,NewYork,81
KeyPers_NewYork_1231223,Ingénieur Informaticien,NewYork,95
KeyPers_NewYork_1231224,Economiste,NewYork,32
KeyPers_NewYork_1231225,Ingénieur Data,NewYork,47
KeyPers_NewYork_1231226,Ingénieur Informaticien,NewYork,83
KeyPers_NewYork_1231227,Ingénieur Data,NewYork,25
KeyPers_NewYork_1231228,Ingénieur Informaticien,NewYork,65
KeyPers_NewYork_1231229,Ingénieur Informaticien,NewYork,39
KeyPers_NewYork_1231230,Ingénieur Informaticien,NewYork,90
KeyPers_NewYork_1231231,Ingénieur Data,NewYork,92
KeyPers_NewYork_1231232,Ingénieur Data,NewYork,71
KeyPers_NewYork_1231233,Cadre,NewYork,92
KeyPers_NewYork_1231234,Ingénieur Data,NewYork,81
KeyPers_NewYork_1231235,Cadre,NewYork,34
KeyPers_NewYork_1231236,Cadre,NewYork,68
KeyPers_NewYork_1231237,Cadre,NewYork,84
KeyPers_NewYork_1231238,Ingénieur Data,NewYork,92
KeyPers_NewYork_1231239,Ingénieur Data,NewYork,88
KeyPers_NewYork_1231240,Ingénieur Informaticien,NewYork,65
KeyPers_NewYork_1231241,Cadre,NewYork,83
KeyPers_NewYork_1231242,Ingénieur Informaticien,NewYork,53
KeyPers_NewYork_1231243,Cadre,NewYork,83
KeyPers_NewYork_1231244,Cadre,NewYork,93
KeyPers_NewYork_1231245,Ingénieur Informaticien,NewYork,46
KeyPers_NewYork_1231246,Ingénieur Data,NewYork,43
KeyPers_NewYork_1231247,Economiste,NewYork,72
KeyPers_NewYork_1231248,Cadre,NewYork,46
KeyPers_NewYork_1231249,Ingénieur Data,NewYork,24
KeyPers_NewYork_1231250,Ingénieur Data,NewYork,88
KeyPers_NewYork_1231251,Ingénieur Informaticien,NewYork,82
KeyPers_NewYork_1231252,Ingénieur Data,NewYork,48
KeyPers_NewYork_1231253,Cadre,NewYork,25
KeyPers_NewYork_1231254,Ingénieur Informaticien,NewYork,52
KeyPers_NewYork_1231255,Ingénieur Data,NewYork,24
KeyPers_NewYork_1231256,Ingénieur Data,NewYork,51
KeyPers_NewYork_1231257,Ingénieur Informaticien,NewYork,77
KeyPers_NewYork_1231258,Ingénieur Informaticien,NewYork,47
KeyPers_NewYork_1231259,Economiste,NewYork,48
KeyPers_NewYork_1231260,Ingénieur Informaticien,NewYork,36
KeyPers_NewYork_1231261,Ingénieur Data,NewYork,82
KeyPers_NewYork_1231262,Ingénieur Data,NewYork,80
KeyPers_NewYork_1231263,Ingénieur Informaticien,NewYork,59
KeyPers_NewYork_1231264,Ingénieur Data,NewYork,86
KeyPers_NewYork_1231265,Ingénieur Informaticien,NewYork,30
KeyPers_NewYork_1231266,Cadre,NewYork,59
KeyPers_NewYork_1231267,Cadre,NewYork,92
KeyPers_NewYork_1231268,Cadre,NewYork,55
KeyPers_NewYork_1231269,Cadre,NewYork,60
KeyPers_NewYork_1231270,Ingénieur Data,NewYork,33
KeyPers_NewYork_1231271,Ingénieur Data,NewYork,72
KeyPers_NewYork_1231272,Ingénieur Data,NewYork,68
KeyPers_NewYork_1231273,Ingénieur Data,NewYork,30
KeyPers_NewYork_1231274,Ingénieur Informaticien,NewYork,25
KeyPers_NewYork_1231275,Cadre,NewYork,87
KeyPers_NewYork_1231276,Cadre,NewYork,75
KeyPers_NewYork_1231277,Ingénieur Data,NewYork,67
KeyPers_NewYork_1231278,Cadre,NewYork,32
KeyPers_NewYork_1231279,Ingénieur Informaticien,NewYork,77
KeyPers_NewYork_1231280,Ingénieur Data,NewYork,75
KeyPers_NewYork_1231281,Cadre,NewYork,91
KeyPers_NewYork_1231282,Ingénieur Informaticien,NewYork,65
KeyPers_NewYork_1231283,Ingénieur Data,NewYork,32
KeyPers_NewYork_1231284,Ingénieur Data,NewYork,34
KeyPers_NewYork_1231285,Ingénieur Data,NewYork,46
KeyPers_NewYork_1231286,Cadre,NewYork,40
KeyPers_NewYork_1231287,Ingénieur Data,NewYork,24
KeyPers_NewYork_1231288,Ingénieur Informaticien,NewYork,70
KeyPers_NewYork_1231289,Cadre,NewYork,83
KeyPers_NewYork_1231290,Ingénieur Data,NewYork,67
KeyPers_NewYork_1231291,Ingénieur Informaticien,NewYork,35
KeyPers_NewYork_1231292,Ingénieur Data,NewYork,66
KeyPers_NewYork_1231293,Ingénieur Data,NewYork,93
KeyPers_NewYork_1231294,Ingénieur Informaticien,NewYork,91
KeyPers_NewYork_1231295,Ingénieur Informaticien,NewYork,90
KeyPers_NewYork_1231296,DRH,NewYork,28
KeyPers_NewYork_1231297,Ingénieur Data,NewYork,57
KeyPers_NewYork_1231298,Ingénieur Informaticien,NewYork,56
KeyPers_NewYork_1231299,Cadre,NewYork,25
KeyPers_NewYork_1231300,Ingénieur Informaticien,NewYork,40
KeyPers_NewYork_1231301,Cadre,NewYork,73
KeyPers_NewYork_1231302,Ingénieur Informaticien,NewYork,51
KeyPers_NewYork_1231303,Ingénieur Informaticien,NewYork,60
KeyPers_NewYork_1231304,Ingénieur Informaticien,NewYork,33
KeyPers_NewYork_1231305,Ingénieur Data,NewYork,35
KeyPers_NewYork_1231306,Ingénieur Informaticien,NewYork,57
KeyPers_NewYork_1231307,Ingénieur Informaticien,NewYork,63
KeyPers_NewYork_1231308,Ingénieur Informaticien,NewYork,41
KeyPers_NewYork_1231309,Ingénieur Data,NewYork,72
KeyPers_NewYork_1231310,Ingénieur Data,NewYork,31
KeyPers_NewYork_1231311,Cadre,NewYork,39
KeyPers_NewYork_1231312,Ingénieur Data,NewYork,26
KeyPers_NewYork_1231313,Ingénieur Data,NewYork,91
KeyPers_NewYork_1231314,Cadre,NewYork,44
KeyPers_NewYork_1231315,Ingénieur Data,NewYork,57
KeyPers_NewYork_1231316,Ingénieur Informaticien,NewYork,44
KeyPers_NewYork_1231317,Ingénieur Informaticien,NewYork,38
KeyPers_NewYork_1231318,Ingénieur Data,NewYork,58
KeyPers_NewYork_1231319,Ingénieur Informaticien,NewYork,32
KeyPers_NewYork_1231320,Ingénieur Data,NewYork,26
KeyPers_NewYork_1231321,Ingénieur Informaticien,NewYork,66
KeyPers_NewYork_1231322,Ingénieur Informaticien,NewYork,70
KeyPers_NewYork_1231323,Ingénieur Data,NewYork,64
KeyPers_NewYork_1231324,Economiste,NewYork,63
KeyPers_NewYork_1231325,Ingénieur Informaticien,NewYork,64
KeyPers_NewYork_1231326,Ingénieur Data,NewYork,90
KeyPers_NewYork_1231327,Ingénieur Data,NewYork,81
KeyPers_NewYork_1231328,Ingénieur Data,NewYork,57
KeyPers_NewYork_1231329,Economiste,NewYork,51
KeyPers_NewYork_1231330,Ingénieur Informaticien,NewYork,36
KeyPers_NewYork_1231331,Ingénieur Data,NewYork,31
KeyPers_NewYork_1231332,Cadre,NewYork,85
KeyPers_NewYork_1231333,Ingénieur Informaticien,NewYork,59
KeyPers_NewYork_1231334,Ingénieur Data,NewYork,62
KeyPers_NewYork_1231335,Ingénieur Informaticien,NewYork,50
KeyPers_NewYork_1231336,Ingénieur Data,NewYork,80
KeyPers_NewYork_1231337,DRH,NewYork,63
KeyPers_NewYork_1231338,Ingénieur Data,NewYork,94
KeyPers_NewYork_1231339,Ingénieur Informaticien,NewYork,38
KeyPers_NewYork_1231340,Economiste,NewYork,68
KeyPers_NewYork_1231341,Ingénieur Data,NewYork,47
KeyPers_NewYork_1231342,Ingénieur Informaticien,NewYork,48
KeyPers_NewYork_1231343,Ingénieur Data,NewYork,91
KeyPers_NewYork_1231344,Ingénieur Informaticien,NewYork,79
KeyPers_NewYork_1231345,Cadre,NewYork,44
KeyPers_NewYork_1231346,Ingénieur Informaticien,NewYork,83
KeyPers_NewYork_1231347,Ingénieur Data,NewYork,71
KeyPers_NewYork_1231348,Cadre,NewYork,36
KeyPers_NewYork_1231349,Ingénieur Data,NewYork,25
KeyPers_NewYork_1231350,Economiste,NewYork,27
KeyPers_NewYork_1231351,Ingénieur Informaticien,NewYork,41
KeyPers_NewYork_1231352,Cadre,NewYork,70
KeyPers_NewYork_1231353,Ingénieur Data,NewYork,67
KeyPers_NewYork_1231354,Ingénieur Informaticien,NewYork,63
KeyPers_NewYork_1231355,Ingénieur Informaticien,NewYork,82
KeyPers_NewYork_1231356,Ingénieur Informaticien,NewYork,73
KeyPers_NewYork_1231357,Ingénieur Informaticien,NewYork,34
KeyPers_NewYork_1231358,Ingénieur Informaticien,NewYork,46
KeyPers_NewYork_1231359,Cadre,NewYork,65
KeyPers_NewYork_1231360,Ingénieur Informaticien,NewYork,73
KeyPers_NewYork_1231361,DRH,NewYork,95
KeyPers_NewYork_1231362,Ingénieur Data,NewYork,52
KeyPers_NewYork_1231363,Ingénieur Informaticien,NewYork,85
KeyPers_NewYork_1231364,Ingénieur Informaticien,NewYork,36
KeyPers_NewYork_1231365,Ingénieur Data,NewYork,79
KeyPers_NewYork_1231366,Ingénieur Informaticien,NewYork,55
KeyPers_NewYork_1231367,Ingénieur Data,NewYork,85
KeyPers_NewYork_1231368,Ingénieur Informaticien,NewYork,26
KeyPers_NewYork_1231369,Ingénieur Data,NewYork,35
KeyPers_NewYork_1231370,Ingénieur Informaticien,NewYork,37
KeyPers_NewYork_1231371,Ingénieur Data,NewYork,28
KeyPers_NewYork_1231372,Ingénieur Data,NewYork,28
KeyPers_NewYork_1231373,Ingénieur Informaticien,NewYork,77
KeyPers_NewYork_1231374,Ingénieur Informaticien,NewYork,29
KeyPers_NewYork_1231375,Ingénieur Informaticien,NewYork,34
KeyPers_NewYork_1231376,Cadre,NewYork,37
KeyPers_NewYork_1231377,Ingénieur Data,NewYork,24
KeyPers_NewYork_1231378,Ingénieur Informaticien,NewYork,60
KeyPers_NewYork_1231379,Ingénieur Data,NewYork,49
KeyPers_NewYork_1231380,Ingénieur Data,NewYork,53
KeyPers_NewYork_1231381,Economiste,NewYork,24
KeyPers_NewYork_1231382,Ingénieur Informaticien,NewYork,63
KeyPers_NewYork_1231383,DRH,NewYork,95
KeyPers_NewYork_1231384,Ingénieur Data,NewYork,51
KeyPers_NewYork_1231385,Ingénieur Informaticien,NewYork,79
KeyPers_NewYork_1231386,Ingénieur Informaticien,NewYork,33
KeyPers_NewYork_1231387,Cadre,NewYork,49
KeyPers_NewYork_1231388,Cadre,NewYork,61
KeyPers_NewYork_1231389,Ingénieur Informaticien,NewYork,82
KeyPers_NewYork_1231390,Ingénieur Data,NewYork,28
KeyPers_NewYork_1231391,Cadre,NewYork,95
KeyPers_NewYork_1231392,Economiste,NewYork,52
KeyPers_NewYork_1231393,Cadre,NewYork,45
KeyPers_NewYork_1231394,Ingénieur Data,NewYork,91
KeyPers_NewYork_1231395,Ingénieur Data,NewYork,59
KeyPers_NewYork_1231396,Ingénieur Informaticien,NewYork,59
KeyPers_NewYork_1231397,Ingénieur Data,NewYork,42
KeyPers_NewYork_1231398,Ingénieur Data,NewYork,38
KeyPers_NewYork_1231399,Ingénieur Data,NewYork,31
KeyPers_NewYork_1231400,Cadre,NewYork,75
KeyPers_NewYork_1231401,Ingénieur Informaticien,NewYork,62
KeyPers_NewYork_1231402,Ingénieur Data,NewYork,90
KeyPers_NewYork_1231403,Cadre,NewYork,27
KeyPers_NewYork_1231404,Ingénieur Informaticien,NewYork,57
KeyPers_NewYork_1231405,Ingénieur Informaticien,NewYork,82
KeyPers_NewYork_1231406,Ingénieur Informaticien,NewYork,74
KeyPers_NewYork_1231407,Ingénieur Informaticien,NewYork,84
KeyPers_NewYork_1231408,Ingénieur Data,NewYork,60
KeyPers_NewYork_1231409,Ingénieur Data,NewYork,83
KeyPers_NewYork_1231410,Cadre,NewYork,43
KeyPers_NewYork_1231411,Ingénieur Data,NewYork,92
KeyPers_NewYork_1231412,Ingénieur Data,NewYork,59
KeyPers_NewYork_1231413,Ingénieur Informaticien,NewYork,55
KeyPers_NewYork_1231414,Ingénieur Informaticien,NewYork,70
KeyPers_NewYork_1231415,Cadre,NewYork,58
KeyPers_NewYork_1231416,Ingénieur Data,NewYork,47
KeyPers_NewYork_1231417,Cadre,NewYork,60
KeyPers_NewYork_1231418,Cadre,NewYork,61
KeyPers_NewYork_1231419,Ingénieur Data,NewYork,31
KeyPers_NewYork_1231420,Ingénieur Informaticien,NewYork,38
KeyPers_NewYork_1231421,Cadre,NewYork,59
KeyPers_NewYork_1231422,Ingénieur Informaticien,NewYork,69
KeyPers_NewYork_1231423,Ingénieur Data,NewYork,46
KeyPers_NewYork_1231424,Cadre,NewYork,35
KeyPers_NewYork_1231425,Ingénieur Informaticien,NewYork,88
KeyPers_NewYork_1231426,Ingénieur Data,NewYork,56
KeyPers_NewYork_1231427,Cadre,NewYork,72
KeyPers_NewYork_1231428,Ingénieur Data,NewYork,29
KeyPers_NewYork_1231429,Ingénieur Informaticien,NewYork,56
KeyPers_NewYork_1231430,Ingénieur Informaticien,NewYork,93
KeyPers_NewYork_1231431,Ingénieur Data,NewYork,92
KeyPers_NewYork_1231432,Cadre,NewYork,92
KeyPers_NewYork_1231433,Ingénieur Informaticien,NewYork,50
KeyPers_NewYork_1231434,Ingénieur Data,NewYork,28
KeyPers_NewYork_1231435,Cadre,NewYork,43
KeyPers_NewYork_1231436,Cadre,NewYork,77
KeyPers_NewYork_1231437,Cadre,NewYork,43
KeyPers_NewYork_1231438,Ingénieur Informaticien,NewYork,27
KeyPers_NewYork_1231439,Cadre,NewYork,57
KeyPers_NewYork_1231440,Cadre,NewYork,49
KeyPers_NewYork_1231441,Ingénieur Informaticien,NewYork,91
KeyPers_NewYork_1231442,Ingénieur Informaticien,NewYork,55
KeyPers_NewYork_1231443,Ingénieur Data,NewYork,49
KeyPers_NewYork_1231444,Ingénieur Informaticien,NewYork,29
KeyPers_NewYork_1231445,Cadre,NewYork,63
KeyPers_NewYork_1231446,Ingénieur Informaticien,NewYork,44
KeyPers_NewYork_1231447,Cadre,NewYork,35
KeyPers_NewYork_1231448,Ingénieur Data,NewYork,79
KeyPers_NewYork_1231449,Ingénieur Data,NewYork,69
KeyPers_NewYork_1231450,Ingénieur Data,NewYork,26
KeyPers_NewYork_1231451,Ingénieur Data,NewYork,73
KeyPers_NewYork_1231452,Cadre,NewYork,25
KeyPers_NewYork_1231453,Ingénieur Data,NewYork,73
KeyPers_NewYork_1231454,Ingénieur Informaticien,NewYork,44
KeyPers_NewYork_1231455,Ingénieur Informaticien,NewYork,25
KeyPers_NewYork_1231456,DRH,NewYork,73
KeyPers_NewYork_1231457,Cadre,NewYork,95
KeyPers_NewYork_1231458,Ingénieur Informaticien,NewYork,33
KeyPers_NewYork_1231459,Ingénieur Informaticien,NewYork,38
KeyPers_NewYork_1231460,Ingénieur Informaticien,NewYork,62
KeyPers_NewYork_1231461,Ingénieur Informaticien,NewYork,36
KeyPers_NewYork_1231462,Ingénieur Informaticien,NewYork,54
KeyPers_NewYork_1231463,Ingénieur Informaticien,NewYork,73
KeyPers_NewYork_1231464,Ingénieur Informaticien,NewYork,26
KeyPers_NewYork_1231465,Ingénieur Informaticien,NewYork,35
KeyPers_NewYork_1231466,Cadre,NewYork,84
KeyPers_NewYork_1231467,Ingénieur Informaticien,NewYork,58
KeyPers_NewYork_1231468,Ingénieur Informaticien,NewYork,75
KeyPers_NewYork_1231469,Ingénieur Data,NewYork,48
KeyPers_NewYork_1231470,Ingénieur Informaticien,NewYork,33
KeyPers_NewYork_1231471,Ingénieur Data,NewYork,41
KeyPers_NewYork_1231472,Ingénieur Informaticien,NewYork,52
KeyPers_NewYork_1231473,Ingénieur Informaticien,NewYork,66
KeyPers_NewYork_1231474,Economiste,NewYork,80
KeyPers_NewYork_1231475,Ingénieur Informaticien,NewYork,24
KeyPers_NewYork_1231476,Ingénieur Informaticien,NewYork,72
KeyPers_NewYork_1231477,DRH,NewYork,48
KeyPers_NewYork_1231478,Cadre,NewYork,56
KeyPers_NewYork_1231479,Ingénieur Informaticien,NewYork,95
KeyPers_NewYork_1231480,Ingénieur Informaticien,NewYork,47
KeyPers_NewYork_1231481,Cadre,NewYork,34
KeyPers_NewYork_1231482,Cadre,NewYork,44
KeyPers_NewYork_1231483,Cadre,NewYork,41
KeyPers_NewYork_1231484,Economiste,NewYork,90
KeyPers_NewYork_1231485,Cadre,NewYork,74
KeyPers_NewYork_1231486,Ingénieur Data,NewYork,37
KeyPers_NewYork_1231487,Cadre,NewYork,69
KeyPers_NewYork_1231488,Ingénieur Informaticien,NewYork,29
KeyPers_NewYork_1231489,Cadre,NewYork,95
KeyPers_NewYork_1231490,Ingénieur Informaticien,NewYork,82
KeyPers_NewYork_1231491,Ingénieur Informaticien,NewYork,72
KeyPers_NewYork_1231492,Economiste,NewYork,86
KeyPers_NewYork_1231493,Ingénieur Informaticien,NewYork,35
KeyPers_NewYork_1231494,Economiste,NewYork,82
KeyPers_NewYork_1231495,Ingénieur Data,NewYork,59
KeyPers_NewYork_1231496,Cadre,NewYork,83
KeyPers_NewYork_1231497,Ingénieur Informaticien,NewYork,63
KeyPers_NewYork_1231498,Ingénieur Data,NewYork,92
KeyPers_NewYork_1231499,Ingénieur Data,NewYork,32
KeyPers_NewYork_1231500,Ingénieur Informaticien,NewYork,84
KeyPers_NewYork_1231501,Ingénieur Informaticien,NewYork,82
KeyPers_NewYork_1231502,Ingénieur Data,NewYork,48
KeyPers_NewYork_1231503,Cadre,NewYork,73
KeyPers_NewYork_1231504,Ingénieur Data,NewYork,85
KeyPers_NewYork_1231505,Ingénieur Data,NewYork,39
KeyPers_NewYork_1231506,Ingénieur Informaticien,NewYork,89
KeyPers_NewYork_1231507,Economiste,NewYork,44
KeyPers_NewYork_1231508,Ingénieur Informaticien,NewYork,28
KeyPers_NewYork_1231509,Ingénieur Informaticien,NewYork,90
KeyPers_NewYork_1231510,Ingénieur Informaticien,NewYork,86
KeyPers_NewYork_1231511,Ingénieur Data,NewYork,88
KeyPers_NewYork_1231512,Cadre,NewYork,39
KeyPers_NewYork_1231513,Ingénieur Informaticien,NewYork,42
KeyPers_NewYork_1231514,Cadre,NewYork,76
KeyPers_NewYork_1231515,Cadre,NewYork,94
KeyPers_NewYork_1231516,Ingénieur Informaticien,NewYork,77
KeyPers_NewYork_1231517,Ingénieur Informaticien,NewYork,82
KeyPers_NewYork_1231518,Ingénieur Informaticien,NewYork,32
KeyPers_NewYork_1231519,Ingénieur Data,NewYork,71
KeyPers_NewYork_1231520,Ingénieur Informaticien,NewYork,56
KeyPers_NewYork_1231521,Ingénieur Informaticien,NewYork,38
KeyPers_NewYork_1231522,Ingénieur Data,NewYork,28
KeyPers_NewYork_1231523,Economiste,NewYork,55
KeyPers_NewYork_1231524,Economiste,NewYork,30
KeyPers_NewYork_1231525,Ingénieur Informaticien,NewYork,48
KeyPers_NewYork_1231526,DRH,NewYork,82
KeyPers_NewYork_1231527,Ingénieur Informaticien,NewYork,76
KeyPers_NewYork_1231528,Cadre,NewYork,30
KeyPers_NewYork_1231529,Cadre,NewYork,95
KeyPers_NewYork_1231530,Ingénieur Data,NewYork,42
KeyPers_NewYork_1231531,Cadre,NewYork,87
KeyPers_NewYork_1231532,Cadre,NewYork,56
KeyPers_NewYork_1231533,Ingénieur Informaticien,NewYork,70
KeyPers_NewYork_1231534,Cadre,NewYork,40
KeyPers_NewYork_1231535,Ingénieur Data,NewYork,36
KeyPers_NewYork_1231536,Cadre,NewYork,54
KeyPers_NewYork_1231537,Economiste,NewYork,86
KeyPers_NewYork_1231538,Cadre,NewYork,35
KeyPers_NewYork_1231539,Ingénieur Data,NewYork,85
KeyPers_NewYork_1231540,Ingénieur Data,NewYork,27
KeyPers_NewYork_1231541,Ingénieur Data,NewYork,59
KeyPers_NewYork_1231542,Ingénieur Data,NewYork,80
KeyPers_NewYork_1231543,Economiste,NewYork,72
KeyPers_NewYork_1231544,Ingénieur Data,NewYork,33
KeyPers_NewYork_1231545,Ingénieur Informaticien,NewYork,76
KeyPers_NewYork_1231546,Ingénieur Data,NewYork,48
KeyPers_NewYork_1231547,Cadre,NewYork,26
KeyPers_NewYork_1231548,Ingénieur Data,NewYork,59
KeyPers_NewYork_1231549,Cadre,NewYork,34
KeyPers_NewYork_1231550,Ingénieur Informaticien,NewYork,84
KeyPers_NewYork_1231551,DRH,NewYork,37
KeyPers_NewYork_1231552,Ingénieur Data,NewYork,76
KeyPers_NewYork_1231553,Ingénieur Data,NewYork,71
KeyPers_NewYork_1231554,Ingénieur Informaticien,NewYork,85
KeyPers_NewYork_1231555,Economiste,NewYork,68
KeyPers_NewYork_1231556,Ingénieur Data,NewYork,53
KeyPers_NewYork_1231557,Ingénieur Data,NewYork,66
KeyPers_NewYork_1231558,Ingénieur Informaticien,NewYork,80
KeyPers_NewYork_1231559,Ingénieur Informaticien,NewYork,56
KeyPers_NewYork_1231560,Ingénieur Data,NewYork,64
KeyPers_NewYork_1231561,Ingénieur Informaticien,NewYork,39
KeyPers_NewYork_1231562,Ingénieur Data,NewYork,30
KeyPers_NewYork_1231563,Cadre,NewYork,82
KeyPers_NewYork_1231564,Cadre,NewYork,40
KeyPers_NewYork_1231565,DRH,NewYork,34
KeyPers_NewYork_1231566,Ingénieur Data,NewYork,38
KeyPers_NewYork_1231567,Ingénieur Data,NewYork,50
KeyPers_NewYork_1231568,Ingénieur Informaticien,NewYork,31
KeyPers_NewYork_1231569,Ingénieur Data,NewYork,43
KeyPers_NewYork_1231570,DRH,NewYork,87
KeyPers_NewYork_1231571,Ingénieur Data,NewYork,32
KeyPers_NewYork_1231572,Ingénieur Informaticien,NewYork,43
KeyPers_NewYork_1231573,Cadre,NewYork,54
KeyPers_NewYork_1231574,Cadre,NewYork,26
KeyPers_NewYork_1231575,Ingénieur Data,NewYork,61
KeyPers_NewYork_1231576,Ingénieur Informaticien,NewYork,82
KeyPers_NewYork_1231577,Ingénieur Informaticien,NewYork,76
KeyPers_NewYork_1231578,Ingénieur Data,NewYork,70
KeyPers_NewYork_1231579,Ingénieur Informaticien,NewYork,63
KeyPers_NewYork_1231580,Ingénieur Informaticien,NewYork,50
KeyPers_NewYork_1231581,Ingénieur Data,NewYork,56
KeyPers_NewYork_1231582,Ingénieur Informaticien,NewYork,63
KeyPers_NewYork_1231583,Ingénieur Data,NewYork,82
KeyPers_NewYork_1231584,Cadre,NewYork,77
KeyPers_NewYork_1231585,Cadre,NewYork,26
KeyPers_NewYork_1231586,Ingénieur Informaticien,NewYork,81
KeyPers_NewYork_1231587,Ingénieur Informaticien,NewYork,93
KeyPers_NewYork_1231588,DRH,NewYork,53
KeyPers_NewYork_1231589,Ingénieur Informaticien,NewYork,44
KeyPers_NewYork_1231590,Ingénieur Data,NewYork,40
KeyPers_NewYork_1231591,Ingénieur Data,NewYork,31
KeyPers_NewYork_1231592,Ingénieur Data,NewYork,34
KeyPers_NewYork_1231593,Ingénieur Informaticien,NewYork,63
KeyPers_NewYork_1231594,Ingénieur Data,NewYork,53
KeyPers_NewYork_1231595,Ingénieur Data,NewYork,61
KeyPers_NewYork_1231596,Cadre,NewYork,27
KeyPers_NewYork_1231597,Ingénieur Data,NewYork,76
KeyPers_NewYork_1231598,DRH,NewYork,44
KeyPers_NewYork_1231599,Ingénieur Informaticien,NewYork,62
KeyPers_NewYork_1231600,Ingénieur Data,NewYork,32
KeyPers_NewYork_1231601,Ingénieur Informaticien,NewYork,30
KeyPers_NewYork_1231602,Cadre,NewYork,66
KeyPers_NewYork_1231603,Ingénieur Informaticien,NewYork,49
KeyPers_NewYork_1231604,Ingénieur Data,NewYork,83
KeyPers_NewYork_1231605,Cadre,NewYork,65
KeyPers_NewYork_1231606,Cadre,NewYork,68
KeyPers_NewYork_1231607,Ingénieur Data,NewYork,80
KeyPers_NewYork_1231608,Ingénieur Informaticien,NewYork,76
KeyPers_NewYork_1231609,Ingénieur Informaticien,NewYork,54
KeyPers_NewYork_1231610,Ingénieur Informaticien,NewYork,73
KeyPers_NewYork_1231611,Ingénieur Informaticien,NewYork,93
KeyPers_NewYork_1231612,Economiste,NewYork,73
KeyPers_NewYork_1231613,Ingénieur Informaticien,NewYork,58
KeyPers_NewYork_1231614,Ingénieur Informaticien,NewYork,46
KeyPers_NewYork_1231615,Economiste,NewYork,80
KeyPers_NewYork_1231616,Economiste,NewYork,50
KeyPers_NewYork_1231617,Cadre,NewYork,83
KeyPers_NewYork_1231618,Cadre,NewYork,30
KeyPers_NewYork_1231619,Ingénieur Informaticien,NewYork,36
KeyPers_NewYork_1231620,Cadre,NewYork,59
KeyPers_NewYork_1231621,Ingénieur Data,NewYork,33
KeyPers_NewYork_1231622,Ingénieur Informaticien,NewYork,69
KeyPers_NewYork_1231623,Ingénieur Data,NewYork,40
KeyPers_NewYork_1231624,Cadre,NewYork,56
KeyPers_NewYork_1231625,Ingénieur Data,NewYork,59
KeyPers_NewYork_1231626,Ingénieur Data,NewYork,53
KeyPers_NewYork_1231627,Ingénieur Informaticien,NewYork,72
KeyPers_NewYork_1231628,Cadre,NewYork,52
KeyPers_NewYork_1231629,Ingénieur Data,NewYork,40
KeyPers_NewYork_1231630,Ingénieur Informaticien,NewYork,52
KeyPers_NewYork_1231631,Ingénieur Data,NewYork,75
KeyPers_NewYork_1231632,Ingénieur Informaticien,NewYork,86
KeyPers_NewYork_1231633,Ingénieur Informaticien,NewYork,96
KeyPers_NewYork_1231634,Ingénieur Informaticien,NewYork,72
KeyPers_NewYork_1231635,Ingénieur Data,NewYork,63
KeyPers_NewYork_1231636,Ingénieur Informaticien,NewYork,63
KeyPers_NewYork_1231637,Ingénieur Informaticien,NewYork,28
KeyPers_NewYork_1231638,Ingénieur Data,NewYork,77
KeyPers_NewYork_1231639,Ingénieur Informaticien,NewYork,84
KeyPers_NewYork_1231640,Ingénieur Data,NewYork,74
KeyPers_NewYork_1231641,Cadre,NewYork,54
KeyPers_NewYork_1231642,Cadre,NewYork,36
KeyPers_NewYork_1231643,Ingénieur Data,NewYork,67
KeyPers_NewYork_1231644,Ingénieur Informaticien,NewYork,43
KeyPers_NewYork_1231645,Cadre,NewYork,74
KeyPers_NewYork_1231646,Ingénieur Data,NewYork,33
KeyPers_NewYork_1231647,Ingénieur Informaticien,NewYork,26
KeyPers_NewYork_1231648,Ingénieur Informaticien,NewYork,95
KeyPers_NewYork_1231649,Cadre,NewYork,36
KeyPers_NewYork_1231650,Ingénieur Data,NewYork,57
KeyPers_NewYork_1231651,Ingénieur Informaticien,NewYork,32
KeyPers_NewYork_1231652,Ingénieur Informaticien,NewYork,34
KeyPers_NewYork_1231653,Ingénieur Data,NewYork,34
KeyPers_NewYork_1231654,Ingénieur Data,NewYork,89
KeyPers_NewYork_1231655,Ingénieur Informaticien,NewYork,26
KeyPers_NewYork_1231656,Ingénieur Data,NewYork,95
KeyPers_NewYork_1231657,Cadre,NewYork,89
KeyPers_NewYork_1231658,Ingénieur Data,NewYork,44
KeyPers_NewYork_1231659,Ingénieur Informaticien,NewYork,81
KeyPers_NewYork_1231660,Ingénieur Informaticien,NewYork,56
KeyPers_NewYork_1231661,Ingénieur Informaticien,NewYork,29
KeyPers_NewYork_1231662,Ingénieur Informaticien,NewYork,51
KeyPers_NewYork_1231663,Ingénieur Data,NewYork,82
KeyPers_NewYork_1231664,Economiste,NewYork,66
KeyPers_NewYork_1231665,Ingénieur Data,NewYork,79
KeyPers_NewYork_1231666,Ingénieur Data,NewYork,50
KeyPers_NewYork_1231667,Ingénieur Informaticien,NewYork,51
KeyPers_NewYork_1231668,Ingénieur Data,NewYork,73
KeyPers_NewYork_1231669,Ingénieur Informaticien,NewYork,49
KeyPers_NewYork_1231670,Cadre,NewYork,38
KeyPers_NewYork_1231671,Ingénieur Informaticien,NewYork,58
KeyPers_NewYork_1231672,Cadre,NewYork,83
KeyPers_NewYork_1231673,Cadre,NewYork,40
KeyPers_NewYork_1231674,Ingénieur Informaticien,NewYork,70
KeyPers_NewYork_1231675,Ingénieur Informaticien,NewYork,87
KeyPers_NewYork_1231676,Ingénieur Informaticien,NewYork,80
KeyPers_NewYork_1231677,Ingénieur Data,NewYork,38
KeyPers_NewYork_1231678,Ingénieur Informaticien,NewYork,81
KeyPers_NewYork_1231679,Cadre,NewYork,34
KeyPers_NewYork_1231680,Economiste,NewYork,76
KeyPers_NewYork_1231681,Ingénieur Data,NewYork,64
KeyPers_NewYork_1231682,Cadre,NewYork,35
KeyPers_NewYork_1231683,Ingénieur Informaticien,NewYork,78
KeyPers_NewYork_1231684,Cadre,NewYork,70
KeyPers_NewYork_1231685,Ingénieur Data,NewYork,87
KeyPers_NewYork_1231686,Ingénieur Data,NewYork,86
KeyPers_NewYork_1231687,Economiste,NewYork,34
KeyPers_NewYork_1231688,Ingénieur Informaticien,NewYork,25
KeyPers_NewYork_1231689,Ingénieur Data,NewYork,51
KeyPers_NewYork_1231690,Economiste,NewYork,44
KeyPers_NewYork_1231691,Economiste,NewYork,26
KeyPers_NewYork_1231692,Ingénieur Informaticien,NewYork,53
KeyPers_NewYork_1231693,Cadre,NewYork,26
KeyPers_NewYork_1231694,Economiste,NewYork,73
KeyPers_NewYork_1231695,Ingénieur Informaticien,NewYork,34
KeyPers_NewYork_1231696,Ingénieur Informaticien,NewYork,96
KeyPers_NewYork_1231697,Economiste,NewYork,71
KeyPers_NewYork_1231698,Ingénieur Data,NewYork,70
KeyPers_NewYork_1231699,Ingénieur Data,NewYork,74
KeyPers_NewYork_1231700,Ingénieur Data,NewYork,77
KeyPers_NewYork_1231701,Ingénieur Data,NewYork,95
KeyPers_NewYork_1231702,Ingénieur Data,NewYork,66
KeyPers_NewYork_1231703,Economiste,NewYork,45
KeyPers_NewYork_1231704,Ingénieur Data,NewYork,88
KeyPers_NewYork_1231705,Cadre,NewYork,91
KeyPers_NewYork_1231706,Cadre,NewYork,89
KeyPers_NewYork_1231707,Ingénieur Data,NewYork,84
KeyPers_NewYork_1231708,DRH,NewYork,55
KeyPers_NewYork_1231709,Ingénieur Informaticien,NewYork,96
KeyPers_NewYork_1231710,Ingénieur Informaticien,NewYork,84
KeyPers_NewYork_1231711,Ingénieur Data,NewYork,85
KeyPers_NewYork_1231712,Cadre,NewYork,77
KeyPers_NewYork_1231713,Ingénieur Informaticien,NewYork,28
KeyPers_NewYork_1231714,Ingénieur Data,NewYork,65
KeyPers_NewYork_1231715,Ingénieur Data,NewYork,25
KeyPers_NewYork_1231716,Cadre,NewYork,41
KeyPers_NewYork_1231717,Ingénieur Informaticien,NewYork,27
KeyPers_NewYork_1231718,Ingénieur Data,NewYork,45
KeyPers_NewYork_1231719,Economiste,NewYork,69
KeyPers_NewYork_1231720,Ingénieur Data,NewYork,65
KeyPers_NewYork_1231721,Ingénieur Data,NewYork,91
KeyPers_NewYork_1231722,Economiste,NewYork,93
KeyPers_NewYork_1231723,Ingénieur Informaticien,NewYork,39
KeyPers_NewYork_1231724,Ingénieur Informaticien,NewYork,27
KeyPers_NewYork_1231725,Ingénieur Data,NewYork,95
KeyPers_NewYork_1231726,Ingénieur Data,NewYork,61
KeyPers_NewYork_1231727,Economiste,NewYork,56
KeyPers_NewYork_1231728,Ingénieur Informaticien,NewYork,70
KeyPers_NewYork_1231729,Ingénieur Informaticien,NewYork,33
KeyPers_NewYork_1231730,Economiste,NewYork,54
KeyPers_NewYork_1231731,Ingénieur Informaticien,NewYork,30
KeyPers_NewYork_1231732,Ingénieur Data,NewYork,76
KeyPers_NewYork_1231733,Ingénieur Informaticien,NewYork,64
KeyPers_NewYork_1231734,Ingénieur Data,NewYork,29
KeyPers_NewYork_1231735,Ingénieur Data,NewYork,65
KeyPers_NewYork_1231736,Ingénieur Informaticien,NewYork,69
KeyPers_NewYork_1231737,Cadre,NewYork,39
KeyPers_NewYork_1231738,Ingénieur Informaticien,NewYork,34
KeyPers_NewYork_1231739,Ingénieur Data,NewYork,48
KeyPers_NewYork_1231740,Ingénieur Informaticien,NewYork,47
KeyPers_NewYork_1231741,Cadre,NewYork,83
KeyPers_NewYork_1231742,Ingénieur Data,NewYork,70
KeyPers_NewYork_1231743,Ingénieur Data,NewYork,42
KeyPers_NewYork_1231744,Ingénieur Data,NewYork,31
KeyPers_NewYork_1231745,Cadre,NewYork,32
KeyPers_NewYork_1231746,Cadre,NewYork,33
KeyPers_NewYork_1231747,Ingénieur Informaticien,NewYork,86
KeyPers_NewYork_1231748,Ingénieur Informaticien,NewYork,91
KeyPers_NewYork_1231749,Economiste,NewYork,90
KeyPers_NewYork_1231750,Ingénieur Informaticien,NewYork,32
KeyPers_NewYork_1231751,Cadre,NewYork,66
KeyPers_NewYork_1231752,Cadre,NewYork,86
KeyPers_NewYork_1231753,Ingénieur Informaticien,NewYork,62
KeyPers_NewYork_1231754,Ingénieur Informaticien,NewYork,40
KeyPers_NewYork_1231755,Ingénieur Data,NewYork,89
KeyPers_NewYork_1231756,Ingénieur Informaticien,NewYork,39
KeyPers_NewYork_1231757,Ingénieur Data,NewYork,32
KeyPers_NewYork_1231758,Cadre,NewYork,46
KeyPers_NewYork_1231759,Ingénieur Data,NewYork,54
KeyPers_NewYork_1231760,Cadre,NewYork,81
KeyPers_NewYork_1231761,Ingénieur Data,NewYork,71
KeyPers_NewYork_1231762,Ingénieur Informaticien,NewYork,51
KeyPers_NewYork_1231763,Ingénieur Informaticien,NewYork,53
KeyPers_NewYork_1231764,Ingénieur Informaticien,NewYork,82
KeyPers_NewYork_1231765,Ingénieur Data,NewYork,46
KeyPers_NewYork_1231766,Ingénieur Informaticien,NewYork,41
KeyPers_NewYork_1231767,Ingénieur Informaticien,NewYork,59
KeyPers_NewYork_1231768,Ingénieur Data,NewYork,36
KeyPers_NewYork_1231769,Ingénieur Informaticien,NewYork,58
KeyPers_NewYork_1231770,Cadre,NewYork,50
KeyPers_NewYork_1231771,Ingénieur Informaticien,NewYork,42
KeyPers_NewYork_1231772,Ingénieur Informaticien,NewYork,93
KeyPers_NewYork_1231773,Ingénieur Informaticien,NewYork,32
KeyPers_NewYork_1231774,Ingénieur Data,NewYork,86
KeyPers_NewYork_1231775,Economiste,NewYork,39
KeyPers_NewYork_1231776,Ingénieur Informaticien,NewYork,36
KeyPers_NewYork_1231777,Ingénieur Informaticien,NewYork,39
KeyPers_NewYork_1231778,Ingénieur Informaticien,NewYork,80
KeyPers_NewYork_1231779,Cadre,NewYork,89
KeyPers_NewYork_1231780,Cadre,NewYork,74
KeyPers_NewYork_1231781,Ingénieur Informaticien,NewYork,58
KeyPers_NewYork_1231782,Cadre,NewYork,92
KeyPers_NewYork_1231783,Ingénieur Data,NewYork,80
KeyPers_NewYork_1231784,Ingénieur Informaticien,NewYork,80
KeyPers_NewYork_1231785,Economiste,NewYork,30
KeyPers_NewYork_1231786,Ingénieur Informaticien,NewYork,52
KeyPers_NewYork_1231787,Ingénieur Data,NewYork,50
KeyPers_NewYork_1231788,Ingénieur Informaticien,NewYork,90
KeyPers_NewYork_1231789,Ingénieur Data,NewYork,86
KeyPers_NewYork_1231790,Ingénieur Data,NewYork,66
KeyPers_NewYork_1231791,Cadre,NewYork,56
KeyPers_NewYork_1231792,Cadre,NewYork,29
KeyPers_NewYork_1231793,Ingénieur Informaticien,NewYork,83
KeyPers_NewYork_1231794,Cadre,NewYork,91
KeyPers_NewYork_1231795,Ingénieur Data,NewYork,85
KeyPers_NewYork_1231796,Ingénieur Informaticien,NewYork,55
KeyPers_NewYork_1231797,Ingénieur Informaticien,NewYork,74
KeyPers_NewYork_1231798,Ingénieur Data,NewYork,52
KeyPers_NewYork_1231799,Cadre,NewYork,85
KeyPers_NewYork_1231800,Cadre,NewYork,53
KeyPers_NewYork_1231801,Cadre,NewYork,63
KeyPers_NewYork_1231802,Ingénieur Data,NewYork,61
KeyPers_NewYork_1231803,Ingénieur Data,NewYork,75
KeyPers_NewYork_1231804,Ingénieur Informaticien,NewYork,83
KeyPers_NewYork_1231805,Ingénieur Informaticien,NewYork,58
KeyPers_NewYork_1231806,Ingénieur Informaticien,NewYork,89
KeyPers_NewYork_1231807,Ingénieur Data,NewYork,52
KeyPers_NewYork_1231808,Ingénieur Data,NewYork,94
KeyPers_NewYork_1231809,Ingénieur Informaticien,NewYork,71
KeyPers_NewYork_1231810,Ingénieur Informaticien,NewYork,84
KeyPers_NewYork_1231811,Ingénieur Data,NewYork,66
KeyPers_NewYork_1231812,Ingénieur Informaticien,NewYork,64
KeyPers_NewYork_1231813,Ingénieur Data,NewYork,48
KeyPers_NewYork_1231814,Ingénieur Informaticien,NewYork,82
KeyPers_NewYork_1231815,Cadre,NewYork,47
KeyPers_NewYork_1231816,Ingénieur Data,NewYork,37
KeyPers_NewYork_1231817,Ingénieur Data,NewYork,29
KeyPers_NewYork_1231818,Ingénieur Data,NewYork,38
KeyPers_NewYork_1231819,Ingénieur Informaticien,NewYork,95
KeyPers_NewYork_1231820,Ingénieur Informaticien,NewYork,63
KeyPers_NewYork_1231821,Ingénieur Informaticien,NewYork,72
KeyPers_NewYork_1231822,Ingénieur Informaticien,NewYork,28
KeyPers_NewYork_1231823,Ingénieur Informaticien,NewYork,83
KeyPers_NewYork_1231824,Ingénieur Informaticien,NewYork,31
KeyPers_NewYork_1231825,Ingénieur Informaticien,NewYork,44
KeyPers_NewYork_1231826,Ingénieur Informaticien,NewYork,55
KeyPers_NewYork_1231827,Ingénieur Data,NewYork,57
KeyPers_NewYork_1231828,Cadre,NewYork,31
KeyPers_NewYork_1231829,Ingénieur Data,NewYork,33
KeyPers_NewYork_1231830,Ingénieur Informaticien,NewYork,71
KeyPers_NewYork_1231831,Ingénieur Data,NewYork,37
KeyPers_NewYork_1231832,Ingénieur Informaticien,NewYork,62
KeyPers_NewYork_1231833,Ingénieur Informaticien,NewYork,79
KeyPers_NewYork_1231834,Ingénieur Data,NewYork,64
KeyPers_NewYork_1231835,Cadre,NewYork,81
KeyPers_NewYork_1231836,Ingénieur Informaticien,NewYork,68
KeyPers_NewYork_1231837,Ingénieur Informaticien,NewYork,40
KeyPers_NewYork_1231838,Ingénieur Data,NewYork,51
KeyPers_NewYork_1231839,Ingénieur Informaticien,NewYork,57
KeyPers_NewYork_1231840,Ingénieur Informaticien,NewYork,58
KeyPers_NewYork_1231841,Ingénieur Informaticien,NewYork,58
KeyPers_NewYork_1231842,Ingénieur Data,NewYork,51
KeyPers_NewYork_1231843,Ingénieur Informaticien,NewYork,85
KeyPers_NewYork_1231844,Ingénieur Data,NewYork,55
KeyPers_NewYork_1231845,Ingénieur Data,NewYork,31
KeyPers_NewYork_1231846,Ingénieur Informaticien,NewYork,57
KeyPers_NewYork_1231847,Ingénieur Informaticien,NewYork,95
KeyPers_NewYork_1231848,Ingénieur Data,NewYork,33
KeyPers_NewYork_1231849,Ingénieur Data,NewYork,39
KeyPers_NewYork_1231850,Cadre,NewYork,72
KeyPers_NewYork_1231851,Ingénieur Informaticien,NewYork,40
KeyPers_NewYork_1231852,Cadre,NewYork,51
KeyPers_NewYork_1231853,Cadre,NewYork,63
KeyPers_NewYork_1231854,Ingénieur Data,NewYork,39
KeyPers_NewYork_1231855,Ingénieur Informaticien,NewYork,35
KeyPers_NewYork_1231856,Ingénieur Informaticien,NewYork,66
KeyPers_NewYork_1231857,Ingénieur Data,NewYork,62
KeyPers_NewYork_1231858,Ingénieur Informaticien,NewYork,35
KeyPers_NewYork_1231859,Ingénieur Informaticien,NewYork,75
KeyPers_NewYork_1231860,Ingénieur Data,NewYork,66
KeyPers_NewYork_1231861,Ingénieur Informaticien,NewYork,34
KeyPers_NewYork_1231862,Ingénieur Informaticien,NewYork,74
KeyPers_NewYork_1231863,Ingénieur Informaticien,NewYork,35
KeyPers_NewYork_1231864,Ingénieur Informaticien,NewYork,47
KeyPers_NewYork_1231865,Ingénieur Informaticien,NewYork,58
KeyPers_NewYork_1231866,Ingénieur Informaticien,NewYork,43
KeyPers_NewYork_1231867,Ingénieur Data,NewYork,84
KeyPers_NewYork_1231868,Ingénieur Informaticien,NewYork,65
KeyPers_NewYork_1231869,Ingénieur Data,NewYork,88
KeyPers_NewYork_1231870,Economiste,NewYork,42
KeyPers_NewYork_1231871,Economiste,NewYork,43
KeyPers_NewYork_1231872,Cadre,NewYork,48
KeyPers_NewYork_1231873,Ingénieur Informaticien,NewYork,38
KeyPers_NewYork_1231874,Ingénieur Data,NewYork,87
KeyPers_NewYork_1231875,Ingénieur Data,NewYork,36
KeyPers_NewYork_1231876,Ingénieur Informaticien,NewYork,28
KeyPers_NewYork_1231877,Ingénieur Informaticien,NewYork,95
KeyPers_NewYork_1231878,Ingénieur Informaticien,NewYork,52
KeyPers_NewYork_1231879,Cadre,NewYork,43
KeyPers_NewYork_1231880,Ingénieur Data,NewYork,37
KeyPers_NewYork_1231881,Ingénieur Informaticien,NewYork,58
KeyPers_NewYork_1231882,Ingénieur Data,NewYork,37
KeyPers_NewYork_1231883,Economiste,NewYork,49
KeyPers_NewYork_1231884,Ingénieur Informaticien,NewYork,65
KeyPers_NewYork_1231885,Ingénieur Informaticien,NewYork,42
KeyPers_NewYork_1231886,Ingénieur Informaticien,NewYork,91
KeyPers_NewYork_1231887,Ingénieur Data,NewYork,42
KeyPers_NewYork_1231888,Ingénieur Informaticien,NewYork,38
KeyPers_NewYork_1231889,Ingénieur Informaticien,NewYork,93
KeyPers_NewYork_1231890,Ingénieur Data,NewYork,62
KeyPers_NewYork_1231891,Ingénieur Data,NewYork,69
KeyPers_NewYork_1231892,Cadre,NewYork,62
KeyPers_NewYork_1231893,Cadre,NewYork,24
KeyPers_NewYork_1231894,Ingénieur Informaticien,NewYork,59
KeyPers_NewYork_1231895,Ingénieur Data,NewYork,40
KeyPers_NewYork_1231896,Ingénieur Informaticien,NewYork,85
KeyPers_NewYork_1231897,Ingénieur Data,NewYork,89
KeyPers_NewYork_1231898,Cadre,NewYork,92
KeyPers_NewYork_1231899,DRH,NewYork,66
KeyPers_NewYork_1231900,Cadre,NewYork,96
KeyPers_NewYork_1231901,Cadre,NewYork,80
KeyPers_NewYork_1231902,Ingénieur Data,NewYork,76
KeyPers_NewYork_1231903,Ingénieur Informaticien,NewYork,89
KeyPers_NewYork_1231904,Ingénieur Data,NewYork,75
KeyPers_NewYork_1231905,Ingénieur Informaticien,NewYork,42
KeyPers_NewYork_1231906,Ingénieur Informaticien,NewYork,95
KeyPers_NewYork_1231907,Cadre,NewYork,89
KeyPers_NewYork_1231908,Ingénieur Informaticien,NewYork,45
KeyPers_NewYork_1231909,Ingénieur Data,NewYork,39
KeyPers_NewYork_1231910,Ingénieur Data,NewYork,63
KeyPers_NewYork_1231911,Ingénieur Informaticien,NewYork,27
KeyPers_NewYork_1231912,Ingénieur Data,NewYork,50
KeyPers_NewYork_1231913,Ingénieur Informaticien,NewYork,50
KeyPers_NewYork_1231914,Ingénieur Data,NewYork,89
KeyPers_NewYork_1231915,Ingénieur Informaticien,NewYork,82
KeyPers_NewYork_1231916,Economiste,NewYork,26
KeyPers_NewYork_1231917,Ingénieur Data,NewYork,67
KeyPers_NewYork_1231918,Ingénieur Informaticien,NewYork,49
KeyPers_NewYork_1231919,Cadre,NewYork,59
KeyPers_NewYork_1231920,Ingénieur Data,NewYork,59
KeyPers_NewYork_1231921,Ingénieur Data,NewYork,45
KeyPers_NewYork_1231922,Ingénieur Informaticien,NewYork,54
KeyPers_NewYork_1231923,Cadre,NewYork,63
KeyPers_NewYork_1231924,DRH,NewYork,44
KeyPers_NewYork_1231925,Ingénieur Data,NewYork,58
KeyPers_NewYork_1231926,Ingénieur Informaticien,NewYork,50
KeyPers_NewYork_1231927,Ingénieur Informaticien,NewYork,57
KeyPers_NewYork_1231928,Cadre,NewYork,87
KeyPers_NewYork_1231929,Ingénieur Informaticien,NewYork,68
KeyPers_NewYork_1231930,Ingénieur Informaticien,NewYork,73
KeyPers_NewYork_1231931,Ingénieur Informaticien,NewYork,66
KeyPers_NewYork_1231932,Ingénieur Informaticien,NewYork,85
KeyPers_NewYork_1231933,Ingénieur Informaticien,NewYork,57
KeyPers_NewYork_1231934,Ingénieur Informaticien,NewYork,60
KeyPers_NewYork_1231935,Economiste,NewYork,33
KeyPers_NewYork_1231936,Ingénieur Informaticien,NewYork,27
KeyPers_NewYork_1231937,Ingénieur Data,NewYork,42
KeyPers_NewYork_1231938,Ingénieur Informaticien,NewYork,93
KeyPers_NewYork_1231939,Ingénieur Data,NewYork,24
KeyPers_NewYork_1231940,Ingénieur Informaticien,NewYork,53
KeyPers_NewYork_1231941,Ingénieur Informaticien,NewYork,85
KeyPers_NewYork_1231942,Cadre,NewYork,73
KeyPers_NewYork_1231943,Ingénieur Data,NewYork,82
KeyPers_NewYork_1231944,Ingénieur Data,NewYork,51
KeyPers_NewYork_1231945,Economiste,NewYork,53
KeyPers_NewYork_1231946,Ingénieur Informaticien,NewYork,28
KeyPers_NewYork_1231947,Ingénieur Informaticien,NewYork,92
KeyPers_NewYork_1231948,Ingénieur Data,NewYork,47
KeyPers_NewYork_1231949,Ingénieur Informaticien,NewYork,74
KeyPers_NewYork_1231950,Cadre,NewYork,72
KeyPers_NewYork_1231951,Economiste,NewYork,32
KeyPers_NewYork_1231952,Ingénieur Informaticien,NewYork,80
KeyPers_NewYork_1231953,Cadre,NewYork,60
KeyPers_NewYork_1231954,Ingénieur Informaticien,NewYork,55
KeyPers_NewYork_1231955,Ingénieur Data,NewYork,50
KeyPers_NewYork_1231956,Economiste,NewYork,60
KeyPers_NewYork_1231957,Ingénieur Data,NewYork,60
KeyPers_NewYork_1231958,Ingénieur Data,NewYork,33
KeyPers_NewYork_1231959,Ingénieur Informaticien,NewYork,52
KeyPers_NewYork_1231960,Cadre,NewYork,45
KeyPers_NewYork_1231961,Ingénieur Data,NewYork,83
KeyPers_NewYork_1231962,Economiste,NewYork,58
KeyPers_NewYork_1231963,Ingénieur Informaticien,NewYork,80
KeyPers_NewYork_1231964,Economiste,NewYork,80
KeyPers_NewYork_1231965,Ingénieur Data,NewYork,84
KeyPers_NewYork_1231966,Cadre,NewYork,27
KeyPers_NewYork_1231967,Ingénieur Informaticien,NewYork,95
KeyPers_NewYork_1231968,Ingénieur Data,NewYork,37
KeyPers_NewYork_1231969,Economiste,NewYork,37
KeyPers_NewYork_1231970,Ingénieur Informaticien,NewYork,67
KeyPers_NewYork_1231971,Ingénieur Informaticien,NewYork,33
KeyPers_NewYork_1231972,Ingénieur Informaticien,NewYork,38
KeyPers_NewYork_1231973,Ingénieur Informaticien,NewYork,34
KeyPers_NewYork_1231974,Ingénieur Informaticien,NewYork,35
KeyPers_NewYork_1231975,Ingénieur Data,NewYork,57
KeyPers_NewYork_1231976,Ingénieur Informaticien,NewYork,35
KeyPers_NewYork_1231977,Ingénieur Data,NewYork,92
KeyPers_NewYork_1231978,Ingénieur Data,NewYork,36
KeyPers_NewYork_1231979,Ingénieur Informaticien,NewYork,58
KeyPers_NewYork_1231980,Cadre,NewYork,44
KeyPers_NewYork_1231981,Ingénieur Data,NewYork,91
KeyPers_NewYork_1231982,Ingénieur Informaticien,NewYork,86
KeyPers_NewYork_1231983,Ingénieur Data,NewYork,87
KeyPers_NewYork_1231984,Ingénieur Data,NewYork,88
KeyPers_NewYork_1231985,Cadre,NewYork,47
KeyPers_NewYork_1231986,Cadre,NewYork,28
KeyPers_NewYork_1231987,Ingénieur Data,NewYork,63
KeyPers_NewYork_1231988,Ingénieur Informaticien,NewYork,43
KeyPers_NewYork_1231989,Ingénieur Data,NewYork,40
KeyPers_NewYork_1231990,Ingénieur Data,NewYork,32
KeyPers_NewYork_1231991,Ingénieur Data,NewYork,39
KeyPers_NewYork_1231992,Ingénieur Informaticien,NewYork,65
KeyPers_NewYork_1231993,Ingénieur Data,NewYork,55
KeyPers_NewYork_1231994,Cadre,NewYork,86
KeyPers_NewYork_1231995,Cadre,NewYork,59
KeyPers_NewYork_1231996,Ingénieur Informaticien,NewYork,66
KeyPers_NewYork_1231997,Ingénieur Informaticien,NewYork,31
KeyPers_NewYork_1231998,Ingénieur Data,NewYork,50
KeyPers_NewYork_1231999,Ingénieur Data,NewYork,40
KeyPers_NewYork_1232000,Ingénieur Informaticien,NewYork,48
KeyPers_NewYork_1232001,Cadre,NewYork,37
KeyPers_NewYork_1232002,Ingénieur Informaticien,NewYork,70
KeyPers_NewYork_1232003,Ingénieur Data,NewYork,72
KeyPers_NewYork_1232004,Cadre,NewYork,74
KeyPers_NewYork_1232005,Ingénieur Informaticien,NewYork,32
KeyPers_NewYork_1232006,Ingénieur Informaticien,NewYork,84
KeyPers_NewYork_1232007,Cadre,NewYork,94
KeyPers_NewYork_1232008,Ingénieur Informaticien,NewYork,43
KeyPers_NewYork_1232009,Ingénieur Data,NewYork,48
KeyPers_NewYork_1232010,Ingénieur Data,NewYork,25
KeyPers_NewYork_1232011,Ingénieur Informaticien,NewYork,93
KeyPers_NewYork_1232012,Ingénieur Informaticien,NewYork,95
KeyPers_NewYork_1232013,Ingénieur Informaticien,NewYork,40
KeyPers_NewYork_1232014,Ingénieur Data,NewYork,68
KeyPers_NewYork_1232015,Ingénieur Informaticien,NewYork,70
KeyPers_NewYork_1232016,Ingénieur Data,NewYork,34
KeyPers_NewYork_1232017,Ingénieur Informaticien,NewYork,43
KeyPers_NewYork_1232018,DRH,NewYork,77
KeyPers_NewYork_1232019,Cadre,NewYork,53
KeyPers_NewYork_1232020,Economiste,NewYork,36
KeyPers_NewYork_1232021,Ingénieur Informaticien,NewYork,34
KeyPers_NewYork_1232022,Ingénieur Data,NewYork,42
KeyPers_NewYork_1232023,Ingénieur Informaticien,NewYork,94
KeyPers_NewYork_1232024,Ingénieur Data,NewYork,26
KeyPers_NewYork_1232025,Ingénieur Data,NewYork,54
KeyPers_NewYork_1232026,Ingénieur Data,NewYork,55
KeyPers_NewYork_1232027,Ingénieur Data,NewYork,68
KeyPers_NewYork_1232028,Ingénieur Informaticien,NewYork,29
KeyPers_NewYork_1232029,Ingénieur Informaticien,NewYork,47
KeyPers_NewYork_1232030,Ingénieur Informaticien,NewYork,34
KeyPers_NewYork_1232031,Economiste,NewYork,69
KeyPers_NewYork_1232032,Ingénieur Informaticien,NewYork,52
KeyPers_NewYork_1232033,Ingénieur Data,NewYork,44
KeyPers_NewYork_1232034,Cadre,NewYork,45
KeyPers_NewYork_1232035,Ingénieur Data,NewYork,81
KeyPers_NewYork_1232036,Ingénieur Informaticien,NewYork,34
KeyPers_NewYork_1232037,Ingénieur Informaticien,NewYork,72
KeyPers_NewYork_1232038,Ingénieur Informaticien,NewYork,82
KeyPers_NewYork_1232039,Ingénieur Data,NewYork,28
KeyPers_NewYork_1232040,Ingénieur Data,NewYork,48
KeyPers_NewYork_1232041,Ingénieur Informaticien,NewYork,66
KeyPers_NewYork_1232042,Ingénieur Data,NewYork,47
KeyPers_NewYork_1232043,Cadre,NewYork,25
KeyPers_NewYork_1232044,Ingénieur Informaticien,NewYork,81
KeyPers_NewYork_1232045,Ingénieur Data,NewYork,26
KeyPers_NewYork_1232046,Ingénieur Data,NewYork,61
KeyPers_NewYork_1232047,Ingénieur Data,NewYork,85
KeyPers_NewYork_1232048,Ingénieur Informaticien,NewYork,76
KeyPers_NewYork_1232049,Ingénieur Data,NewYork,93
KeyPers_NewYork_1232050,Ingénieur Data,NewYork,64
KeyPers_NewYork_1232051,Ingénieur Informaticien,NewYork,31
KeyPers_NewYork_1232052,Ingénieur Data,NewYork,81
KeyPers_NewYork_1232053,Ingénieur Informaticien,NewYork,46
KeyPers_NewYork_1232054,Ingénieur Informaticien,NewYork,68
KeyPers_NewYork_1232055,Cadre,NewYork,94
KeyPers_NewYork_1232056,Ingénieur Data,NewYork,95
KeyPers_NewYork_1232057,Cadre,NewYork,36
KeyPers_NewYork_1232058,Economiste,NewYork,66
KeyPers_NewYork_1232059,Cadre,NewYork,94
KeyPers_NewYork_1232060,Ingénieur Data,NewYork,56
KeyPers_NewYork_1232061,Ingénieur Data,NewYork,48
KeyPers_NewYork_1232062,Cadre,NewYork,31
KeyPers_NewYork_1232063,Ingénieur Data,NewYork,87
KeyPers_NewYork_1232064,Cadre,NewYork,69
KeyPers_NewYork_1232065,Ingénieur Informaticien,NewYork,54
KeyPers_NewYork_1232066,Ingénieur Informaticien,NewYork,58
KeyPers_NewYork_1232067,Ingénieur Informaticien,NewYork,79
KeyPers_NewYork_1232068,Ingénieur Informaticien,NewYork,90
KeyPers_NewYork_1232069,Ingénieur Informaticien,NewYork,25
KeyPers_NewYork_1232070,Ingénieur Data,NewYork,73
KeyPers_NewYork_1232071,Ingénieur Data,NewYork,42
KeyPers_NewYork_1232072,Cadre,NewYork,77
KeyPers_NewYork_1232073,Ingénieur Informaticien,NewYork,35
KeyPers_NewYork_1232074,Ingénieur Data,NewYork,37
KeyPers_NewYork_1232075,Ingénieur Informaticien,NewYork,66
KeyPers_NewYork_1232076,Ingénieur Data,NewYork,84
KeyPers_NewYork_1232077,Ingénieur Informaticien,NewYork,27
KeyPers_NewYork_1232078,Ingénieur Informaticien,NewYork,52
KeyPers_NewYork_1232079,Cadre,NewYork,64
KeyPers_NewYork_1232080,Ingénieur Data,NewYork,62
KeyPers_NewYork_1232081,Ingénieur Informaticien,NewYork,91
KeyPers_NewYork_1232082,Cadre,NewYork,85
KeyPers_NewYork_1232083,Ingénieur Data,NewYork,86
KeyPers_NewYork_1232084,Cadre,NewYork,84
KeyPers_NewYork_1232085,Ingénieur Informaticien,NewYork,55
KeyPers_NewYork_1232086,Economiste,NewYork,72
KeyPers_NewYork_1232087,Cadre,NewYork,67
KeyPers_NewYork_1232088,Ingénieur Informaticien,NewYork,60
KeyPers_NewYork_1232089,Ingénieur Informaticien,NewYork,77
KeyPers_NewYork_1232090,Ingénieur Data,NewYork,54
KeyPers_NewYork_1232091,Ingénieur Data,NewYork,35
KeyPers_NewYork_1232092,Ingénieur Informaticien,NewYork,52
KeyPers_NewYork_1232093,Cadre,NewYork,56
KeyPers_NewYork_1232094,Cadre,NewYork,66
KeyPers_NewYork_1232095,Ingénieur Informaticien,NewYork,30
KeyPers_NewYork_1232096,Ingénieur Data,NewYork,77
KeyPers_NewYork_1232097,Ingénieur Informaticien,NewYork,68
KeyPers_NewYork_1232098,Ingénieur Informaticien,NewYork,61
KeyPers_NewYork_1232099,Ingénieur Informaticien,NewYork,78
KeyPers_NewYork_1232100,Cadre,NewYork,27
KeyPers_NewYork_1232101,Ingénieur Data,NewYork,29
KeyPers_NewYork_1232102,Ingénieur Informaticien,NewYork,63
KeyPers_NewYork_1232103,Ingénieur Informaticien,NewYork,34
KeyPers_NewYork_1232104,Ingénieur Informaticien,NewYork,58
KeyPers_NewYork_1232105,Ingénieur Data,NewYork,66
KeyPers_NewYork_1232106,Ingénieur Informaticien,NewYork,29
KeyPers_NewYork_1232107,Ingénieur Informaticien,NewYork,67
KeyPers_NewYork_1232108,Economiste,NewYork,56
KeyPers_NewYork_1232109,Cadre,NewYork,49
KeyPers_NewYork_1232110,Ingénieur Informaticien,NewYork,82
KeyPers_NewYork_1232111,Ingénieur Informaticien,NewYork,96
KeyPers_NewYork_1232112,Cadre,NewYork,94
KeyPers_NewYork_1232113,Ingénieur Informaticien,NewYork,29
KeyPers_NewYork_1232114,Cadre,NewYork,41
KeyPers_NewYork_1232115,Ingénieur Data,NewYork,32
KeyPers_NewYork_1232116,Ingénieur Data,NewYork,51
KeyPers_NewYork_1232117,Ingénieur Data,NewYork,41
KeyPers_NewYork_1232118,Ingénieur Informaticien,NewYork,26
KeyPers_NewYork_1232119,Ingénieur Informaticien,NewYork,61
KeyPers_NewYork_1232120,Ingénieur Informaticien,NewYork,66
KeyPers_NewYork_1232121,Ingénieur Data,NewYork,58
KeyPers_NewYork_1232122,Ingénieur Data,NewYork,78
KeyPers_NewYork_1232123,Cadre,NewYork,72
KeyPers_NewYork_1232124,Economiste,NewYork,53
KeyPers_NewYork_1232125,Ingénieur Data,NewYork,60
KeyPers_NewYork_1232126,Ingénieur Informaticien,NewYork,52
KeyPers_NewYork_1232127,Ingénieur Informaticien,NewYork,33
KeyPers_NewYork_1232128,Ingénieur Data,NewYork,83
KeyPers_NewYork_1232129,Ingénieur Informaticien,NewYork,86
KeyPers_NewYork_1232130,Ingénieur Informaticien,NewYork,48
KeyPers_NewYork_1232131,DRH,NewYork,63
KeyPers_NewYork_1232132,Ingénieur Informaticien,NewYork,46
KeyPers_NewYork_1232133,Ingénieur Informaticien,NewYork,28
KeyPers_NewYork_1232134,Ingénieur Informaticien,NewYork,65
KeyPers_NewYork_1232135,Ingénieur Informaticien,NewYork,70
KeyPers_NewYork_1232136,Ingénieur Data,NewYork,32
KeyPers_NewYork_1232137,Ingénieur Data,NewYork,88
KeyPers_NewYork_1232138,Cadre,NewYork,56
KeyPers_NewYork_1232139,Ingénieur Data,NewYork,95
KeyPers_NewYork_1232140,Ingénieur Data,NewYork,49
KeyPers_NewYork_1232141,Ingénieur Informaticien,NewYork,48
KeyPers_NewYork_1232142,Ingénieur Informaticien,NewYork,61
KeyPers_NewYork_1232143,Ingénieur Informaticien,NewYork,83
KeyPers_NewYork_1232144,Ingénieur Informaticien,NewYork,85
KeyPers_NewYork_1232145,Ingénieur Data,NewYork,32
KeyPers_NewYork_1232146,DRH,NewYork,28
KeyPers_NewYork_1232147,Ingénieur Informaticien,NewYork,28
KeyPers_NewYork_1232148,Ingénieur Informaticien,NewYork,66
KeyPers_NewYork_1232149,Cadre,NewYork,59
KeyPers_NewYork_1232150,Ingénieur Data,NewYork,74
KeyPers_NewYork_1232151,Ingénieur Data,NewYork,95
KeyPers_NewYork_1232152,Ingénieur Informaticien,NewYork,46
KeyPers_NewYork_1232153,Ingénieur Data,NewYork,67
KeyPers_NewYork_1232154,Ingénieur Informaticien,NewYork,67
KeyPers_NewYork_1232155,Ingénieur Informaticien,NewYork,64
KeyPers_NewYork_1232156,Ingénieur Data,NewYork,62
KeyPers_NewYork_1232157,Cadre,NewYork,36
KeyPers_NewYork_1232158,Ingénieur Informaticien,NewYork,79
KeyPers_NewYork_1232159,Cadre,NewYork,91
KeyPers_NewYork_1232160,Ingénieur Data,NewYork,63
KeyPers_NewYork_1232161,Ingénieur Data,NewYork,41
KeyPers_NewYork_1232162,Ingénieur Informaticien,NewYork,31
KeyPers_NewYork_1232163,Ingénieur Informaticien,NewYork,91
KeyPers_NewYork_1232164,Cadre,NewYork,58
KeyPers_NewYork_1232165,Ingénieur Informaticien,NewYork,51
KeyPers_NewYork_1232166,Ingénieur Informaticien,NewYork,52
KeyPers_NewYork_1232167,Ingénieur Informaticien,NewYork,93
KeyPers_NewYork_1232168,Ingénieur Informaticien,NewYork,25
KeyPers_NewYork_1232169,Cadre,NewYork,86
KeyPers_NewYork_1232170,Ingénieur Data,NewYork,57
KeyPers_NewYork_1232171,Ingénieur Informaticien,NewYork,60
KeyPers_NewYork_1232172,Ingénieur Informaticien,NewYork,31
KeyPers_NewYork_1232173,Ingénieur Data,NewYork,71
KeyPers_NewYork_1232174,Ingénieur Informaticien,NewYork,29
KeyPers_NewYork_1232175,Ingénieur Data,NewYork,75
KeyPers_NewYork_1232176,Ingénieur Informaticien,NewYork,74
KeyPers_NewYork_1232177,Cadre,NewYork,38
KeyPers_NewYork_1232178,Economiste,NewYork,40
KeyPers_NewYork_1232179,Ingénieur Data,NewYork,34
KeyPers_NewYork_1232180,Ingénieur Data,NewYork,71
KeyPers_NewYork_1232181,Ingénieur Informaticien,NewYork,39
KeyPers_NewYork_1232182,Ingénieur Informaticien,NewYork,73
KeyPers_NewYork_1232183,Ingénieur Informaticien,NewYork,80
KeyPers_NewYork_1232184,Ingénieur Data,NewYork,43
KeyPers_NewYork_1232185,Ingénieur Informaticien,NewYork,75
KeyPers_NewYork_1232186,Cadre,NewYork,80
KeyPers_NewYork_1232187,Ingénieur Data,NewYork,54
KeyPers_NewYork_1232188,Ingénieur Informaticien,NewYork,88
KeyPers_NewYork_1232189,Ingénieur Informaticien,NewYork,28
KeyPers_NewYork_1232190,Ingénieur Informaticien,NewYork,69
KeyPers_NewYork_1232191,Ingénieur Data,NewYork,56
KeyPers_NewYork_1232192,Cadre,NewYork,68
KeyPers_NewYork_1232193,Ingénieur Informaticien,NewYork,31
KeyPers_NewYork_1232194,Ingénieur Informaticien,NewYork,93
KeyPers_NewYork_1232195,Ingénieur Data,NewYork,85
KeyPers_NewYork_1232196,Ingénieur Data,NewYork,51
KeyPers_NewYork_1232197,Ingénieur Data,NewYork,50
KeyPers_NewYork_1232198,Ingénieur Informaticien,NewYork,69
KeyPers_NewYork_1232199,DRH,NewYork,94
KeyPers_NewYork_1232200,Economiste,NewYork,46
KeyPers_NewYork_1232201,Ingénieur Data,NewYork,43
KeyPers_NewYork_1232202,Ingénieur Informaticien,NewYork,93
KeyPers_NewYork_1232203,Ingénieur Informaticien,NewYork,67
KeyPers_NewYork_1232204,Ingénieur Data,NewYork,83
KeyPers_NewYork_1232205,Ingénieur Data,NewYork,69
KeyPers_NewYork_1232206,Ingénieur Data,NewYork,76
KeyPers_NewYork_1232207,Ingénieur Informaticien,NewYork,76
KeyPers_NewYork_1232208,Ingénieur Informaticien,NewYork,48
KeyPers_NewYork_1232209,Economiste,NewYork,91
KeyPers_NewYork_1232210,Ingénieur Informaticien,NewYork,77
KeyPers_NewYork_1232211,Ingénieur Informaticien,NewYork,83
KeyPers_NewYork_1232212,Cadre,NewYork,52
KeyPers_NewYork_1232213,Cadre,NewYork,92
KeyPers_NewYork_1232214,Ingénieur Informaticien,NewYork,84
KeyPers_NewYork_1232215,Cadre,NewYork,83
KeyPers_NewYork_1232216,Ingénieur Data,NewYork,29
KeyPers_NewYork_1232217,Ingénieur Informaticien,NewYork,85
KeyPers_NewYork_1232218,Ingénieur Informaticien,NewYork,25
KeyPers_NewYork_1232219,Ingénieur Informaticien,NewYork,75
KeyPers_NewYork_1232220,Ingénieur Informaticien,NewYork,52
KeyPers_NewYork_1232221,Ingénieur Data,NewYork,88
KeyPers_NewYork_1232222,Ingénieur Informaticien,NewYork,75
KeyPers_NewYork_1232223,Cadre,NewYork,43
KeyPers_NewYork_1232224,Ingénieur Informaticien,NewYork,90
KeyPers_NewYork_1232225,Ingénieur Informaticien,NewYork,56
KeyPers_NewYork_1232226,Ingénieur Informaticien,NewYork,90
KeyPers_NewYork_1232227,Cadre,NewYork,68
KeyPers_NewYork_1232228,Cadre,NewYork,24
KeyPers_NewYork_1232229,Economiste,NewYork,39
KeyPers_NewYork_1232230,Ingénieur Data,NewYork,72
KeyPers_NewYork_1232231,Ingénieur Data,NewYork,47
KeyPers_NewYork_1232232,Cadre,NewYork,64
KeyPers_NewYork_1232233,Ingénieur Data,NewYork,63
KeyPers_NewYork_1232234,Ingénieur Informaticien,NewYork,49
KeyPers_NewYork_1232235,Ingénieur Informaticien,NewYork,73
KeyPers_NewYork_1232236,Ingénieur Data,NewYork,59
KeyPers_NewYork_1232237,Cadre,NewYork,79
KeyPers_NewYork_1232238,Ingénieur Informaticien,NewYork,62
KeyPers_NewYork_1232239,Ingénieur Data,NewYork,35
KeyPers_NewYork_1232240,Economiste,NewYork,44
KeyPers_NewYork_1232241,Ingénieur Data,NewYork,79
KeyPers_NewYork_1232242,Ingénieur Data,NewYork,89
KeyPers_NewYork_1232243,Ingénieur Informaticien,NewYork,81
KeyPers_NewYork_1232244,Economiste,NewYork,40
KeyPers_NewYork_1232245,Ingénieur Informaticien,NewYork,63
KeyPers_NewYork_1232246,Ingénieur Data,NewYork,74
KeyPers_NewYork_1232247,Ingénieur Informaticien,NewYork,28
KeyPers_NewYork_1232248,Cadre,NewYork,45
KeyPers_NewYork_1232249,Ingénieur Data,NewYork,84
KeyPers_NewYork_1232250,Cadre,NewYork,34
KeyPers_NewYork_1232251,Ingénieur Data,NewYork,39
KeyPers_NewYork_1232252,Ingénieur Data,NewYork,77
KeyPers_NewYork_1232253,Cadre,NewYork,82
KeyPers_NewYork_1232254,Cadre,NewYork,82
KeyPers_NewYork_1232255,Cadre,NewYork,95
KeyPers_NewYork_1232256,Ingénieur Data,NewYork,79
KeyPers_NewYork_1232257,Economiste,NewYork,56
KeyPers_NewYork_1232258,Ingénieur Data,NewYork,40
KeyPers_NewYork_1232259,Ingénieur Data,NewYork,43
KeyPers_NewYork_1232260,Ingénieur Data,NewYork,79
KeyPers_NewYork_1232261,DRH,NewYork,76
KeyPers_NewYork_1232262,Ingénieur Informaticien,NewYork,89
KeyPers_NewYork_1232263,Cadre,NewYork,40
KeyPers_NewYork_1232264,Ingénieur Data,NewYork,92
KeyPers_NewYork_1232265,Ingénieur Data,NewYork,77
KeyPers_NewYork_1232266,Cadre,NewYork,37
KeyPers_NewYork_1232267,Ingénieur Informaticien,NewYork,72
KeyPers_NewYork_1232268,Ingénieur Data,NewYork,82
KeyPers_NewYork_1232269,Ingénieur Data,NewYork,67
KeyPers_NewYork_1232270,Ingénieur Informaticien,NewYork,37
KeyPers_NewYork_1232271,Cadre,NewYork,52
KeyPers_NewYork_1232272,Ingénieur Informaticien,NewYork,59
KeyPers_NewYork_1232273,Ingénieur Data,NewYork,92
KeyPers_NewYork_1232274,Cadre,NewYork,84
KeyPers_NewYork_1232275,Ingénieur Informaticien,NewYork,31
KeyPers_NewYork_1232276,Ingénieur Data,NewYork,86
KeyPers_NewYork_1232277,Cadre,NewYork,37
KeyPers_NewYork_1232278,Ingénieur Data,NewYork,37
KeyPers_NewYork_1232279,Ingénieur Informaticien,NewYork,54
KeyPers_NewYork_1232280,Ingénieur Data,NewYork,37
KeyPers_NewYork_1232281,Ingénieur Informaticien,NewYork,28
KeyPers_NewYork_1232282,Ingénieur Informaticien,NewYork,85
KeyPers_NewYork_1232283,Ingénieur Informaticien,NewYork,36
KeyPers_NewYork_1232284,Ingénieur Informaticien,NewYork,71
KeyPers_NewYork_1232285,Ingénieur Informaticien,NewYork,80
KeyPers_NewYork_1232286,Ingénieur Data,NewYork,84
KeyPers_NewYork_1232287,Cadre,NewYork,41
KeyPers_NewYork_1232288,Ingénieur Data,NewYork,86
KeyPers_NewYork_1232289,Ingénieur Data,NewYork,53
KeyPers_NewYork_1232290,Ingénieur Informaticien,NewYork,43
KeyPers_NewYork_1232291,Ingénieur Informaticien,NewYork,33
KeyPers_NewYork_1232292,Ingénieur Informaticien,NewYork,61
KeyPers_NewYork_1232293,Ingénieur Informaticien,NewYork,60
KeyPers_NewYork_1232294,Cadre,NewYork,66
KeyPers_NewYork_1232295,Ingénieur Informaticien,NewYork,70
KeyPers_NewYork_1232296,Economiste,NewYork,92
KeyPers_NewYork_1232297,Ingénieur Informaticien,NewYork,54
KeyPers_NewYork_1232298,Cadre,NewYork,60
KeyPers_NewYork_1232299,Ingénieur Informaticien,NewYork,33
KeyPers_NewYork_1232300,Ingénieur Informaticien,NewYork,39
KeyPers_NewYork_1232301,Ingénieur Informaticien,NewYork,29
KeyPers_NewYork_1232302,Ingénieur Data,NewYork,78
KeyPers_NewYork_1232303,Ingénieur Informaticien,NewYork,27
KeyPers_NewYork_1232304,Ingénieur Data,NewYork,68
KeyPers_NewYork_1232305,Ingénieur Data,NewYork,91
KeyPers_NewYork_1232306,Ingénieur Data,NewYork,39
KeyPers_NewYork_1232307,Ingénieur Informaticien,NewYork,47
KeyPers_NewYork_1232308,Ingénieur Data,NewYork,95
KeyPers_NewYork_1232309,Ingénieur Data,NewYork,46
KeyPers_NewYork_1232310,Ingénieur Informaticien,NewYork,90
KeyPers_NewYork_1232311,Ingénieur Data,NewYork,54
KeyPers_NewYork_1232312,Economiste,NewYork,57
KeyPers_NewYork_1232313,Ingénieur Data,NewYork,82
KeyPers_NewYork_1232314,Ingénieur Data,NewYork,27
KeyPers_NewYork_1232315,Cadre,NewYork,84
KeyPers_NewYork_1232316,Ingénieur Data,NewYork,71
KeyPers_NewYork_1232317,Ingénieur Informaticien,NewYork,62
KeyPers_NewYork_1232318,Ingénieur Data,NewYork,50
KeyPers_NewYork_1232319,Ingénieur Data,NewYork,53
KeyPers_NewYork_1232320,Ingénieur Informaticien,NewYork,55
KeyPers_NewYork_1232321,Ingénieur Data,NewYork,36
KeyPers_NewYork_1232322,Ingénieur Data,NewYork,94
KeyPers_NewYork_1232323,Ingénieur Data,NewYork,82
KeyPers_NewYork_1232324,DRH,NewYork,38
KeyPers_NewYork_1232325,DRH,NewYork,79
KeyPers_NewYork_1232326,Ingénieur Data,NewYork,55
KeyPers_NewYork_1232327,Cadre,NewYork,73
KeyPers_NewYork_1232328,Ingénieur Data,NewYork,24
KeyPers_NewYork_1232329,Economiste,NewYork,44
KeyPers_NewYork_1232330,Ingénieur Data,NewYork,89
KeyPers_NewYork_1232331,Ingénieur Data,NewYork,38
KeyPers_NewYork_1232332,Ingénieur Data,NewYork,90
KeyPers_NewYork_1232333,Ingénieur Informaticien,NewYork,46
KeyPers_NewYork_1232334,Ingénieur Informaticien,NewYork,40
KeyPers_NewYork_1232335,Ingénieur Informaticien,NewYork,29
KeyPers_NewYork_1232336,Ingénieur Informaticien,NewYork,50
KeyPers_NewYork_1232337,Cadre,NewYork,57
KeyPers_NewYork_1232338,Ingénieur Informaticien,NewYork,42
KeyPers_NewYork_1232339,Ingénieur Informaticien,NewYork,79
KeyPers_NewYork_1232340,Ingénieur Informaticien,NewYork,95
KeyPers_NewYork_1232341,Ingénieur Informaticien,NewYork,43
KeyPers_NewYork_1232342,Economiste,NewYork,40
KeyPers_NewYork_1232343,Cadre,NewYork,25
KeyPers_NewYork_1232344,Ingénieur Data,NewYork,93
KeyPers_NewYork_1232345,Cadre,NewYork,91
KeyPers_NewYork_1232346,Ingénieur Data,NewYork,79
KeyPers_NewYork_1232347,Ingénieur Informaticien,NewYork,42
KeyPers_NewYork_1232348,Ingénieur Informaticien,NewYork,90
KeyPers_NewYork_1232349,Cadre,NewYork,49
KeyPers_NewYork_1232350,Ingénieur Informaticien,NewYork,57
KeyPers_NewYork_1232351,Ingénieur Data,NewYork,78
KeyPers_NewYork_1232352,Ingénieur Data,NewYork,63
KeyPers_NewYork_1232353,Ingénieur Data,NewYork,96
KeyPers_NewYork_1232354,Ingénieur Data,NewYork,55
KeyPers_NewYork_1232355,Cadre,NewYork,46
KeyPers_NewYork_1232356,Ingénieur Data,NewYork,36
KeyPers_NewYork_1232357,Ingénieur Data,NewYork,25
KeyPers_NewYork_1232358,Ingénieur Informaticien,NewYork,94
KeyPers_NewYork_1232359,Ingénieur Informaticien,NewYork,87
KeyPers_NewYork_1232360,Ingénieur Informaticien,NewYork,67
KeyPers_NewYork_1232361,Economiste,NewYork,34
KeyPers_NewYork_1232362,Ingénieur Informaticien,NewYork,39
KeyPers_NewYork_1232363,Ingénieur Informaticien,NewYork,61
KeyPers_NewYork_1232364,Ingénieur Data,NewYork,62
KeyPers_NewYork_1232365,Ingénieur Informaticien,NewYork,72
KeyPers_NewYork_1232366,Ingénieur Data,NewYork,48
KeyPers_NewYork_1232367,Ingénieur Informaticien,NewYork,80
KeyPers_NewYork_1232368,Cadre,NewYork,27
KeyPers_NewYork_1232369,Cadre,NewYork,63
KeyPers_NewYork_1232370,Economiste,NewYork,37
KeyPers_NewYork_1232371,Ingénieur Informaticien,NewYork,62
KeyPers_NewYork_1232372,Ingénieur Data,NewYork,91
KeyPers_NewYork_1232373,Cadre,NewYork,94
KeyPers_NewYork_1232374,Ingénieur Informaticien,NewYork,94
KeyPers_NewYork_1232375,Ingénieur Informaticien,NewYork,47
KeyPers_NewYork_1232376,Economiste,NewYork,54
KeyPers_NewYork_1232377,Ingénieur Informaticien,NewYork,35
KeyPers_NewYork_1232378,Economiste,NewYork,36
KeyPers_NewYork_1232379,Ingénieur Data,NewYork,52
KeyPers_NewYork_1232380,Cadre,NewYork,94
KeyPers_NewYork_1232381,Cadre,NewYork,38
KeyPers_NewYork_1232382,Ingénieur Data,NewYork,43
KeyPers_NewYork_1232383,Ingénieur Data,NewYork,63
KeyPers_NewYork_1232384,Ingénieur Informaticien,NewYork,29
KeyPers_NewYork_1232385,Ingénieur Data,NewYork,33
KeyPers_NewYork_1232386,Ingénieur Informaticien,NewYork,56
KeyPers_NewYork_1232387,Ingénieur Data,NewYork,42
KeyPers_NewYork_1232388,Ingénieur Data,NewYork,51
KeyPers_NewYork_1232389,Ingénieur Data,NewYork,44
KeyPers_NewYork_1232390,Ingénieur Data,NewYork,63
KeyPers_NewYork_1232391,Economiste,NewYork,79
KeyPers_NewYork_1232392,Ingénieur Informaticien,NewYork,95
KeyPers_NewYork_1232393,Ingénieur Informaticien,NewYork,90
KeyPers_NewYork_1232394,Ingénieur Data,NewYork,80
KeyPers_NewYork_1232395,Ingénieur Data,NewYork,65
KeyPers_NewYork_1232396,Ingénieur Informaticien,NewYork,33
KeyPers_NewYork_1232397,Ingénieur Informaticien,NewYork,38
KeyPers_NewYork_1232398,Ingénieur Informaticien,NewYork,68
KeyPers_NewYork_1232399,Cadre,NewYork,70
KeyPers_NewYork_1232400,Ingénieur Data,NewYork,88
KeyPers_NewYork_1232401,DRH,NewYork,47
KeyPers_NewYork_1232402,Cadre,NewYork,77
KeyPers_NewYork_1232403,Ingénieur Data,NewYork,81
KeyPers_NewYork_1232404,Ingénieur Informaticien,NewYork,90
KeyPers_NewYork_1232405,Cadre,NewYork,65
KeyPers_NewYork_1232406,Ingénieur Informaticien,NewYork,31
KeyPers_NewYork_1232407,Cadre,NewYork,88
KeyPers_NewYork_1232408,Ingénieur Informaticien,NewYork,71
KeyPers_NewYork_1232409,Ingénieur Data,NewYork,27
KeyPers_NewYork_1232410,Ingénieur Informaticien,NewYork,49
KeyPers_NewYork_1232411,Ingénieur Informaticien,NewYork,74
KeyPers_NewYork_1232412,Ingénieur Informaticien,NewYork,36
KeyPers_NewYork_1232413,Ingénieur Data,NewYork,24
KeyPers_NewYork_1232414,Ingénieur Informaticien,NewYork,44
KeyPers_NewYork_1232415,Cadre,NewYork,52
KeyPers_NewYork_1232416,Economiste,NewYork,32
KeyPers_NewYork_1232417,DRH,NewYork,49
KeyPers_NewYork_1232418,Ingénieur Informaticien,NewYork,41
KeyPers_NewYork_1232419,Ingénieur Informaticien,NewYork,55
KeyPers_NewYork_1232420,Cadre,NewYork,82
KeyPers_NewYork_1232421,Ingénieur Data,NewYork,58
KeyPers_NewYork_1232422,Cadre,NewYork,46
KeyPers_NewYork_1232423,Cadre,NewYork,89
KeyPers_NewYork_1232424,Ingénieur Informaticien,NewYork,42
KeyPers_NewYork_1232425,Ingénieur Data,NewYork,26
KeyPers_NewYork_1232426,Ingénieur Data,NewYork,81
KeyPers_NewYork_1232427,Ingénieur Data,NewYork,79
KeyPers_NewYork_1232428,Ingénieur Informaticien,NewYork,87
KeyPers_NewYork_1232429,Ingénieur Informaticien,NewYork,71
KeyPers_NewYork_1232430,Ingénieur Data,NewYork,37
KeyPers_NewYork_1232431,Ingénieur Data,NewYork,50
KeyPers_NewYork_1232432,Ingénieur Informaticien,NewYork,63
KeyPers_NewYork_1232433,Ingénieur Data,NewYork,91
KeyPers_NewYork_1232434,Ingénieur Data,NewYork,65
KeyPers_NewYork_1232435,Ingénieur Informaticien,NewYork,57
KeyPers_NewYork_1232436,Cadre,NewYork,67
KeyPers_NewYork_1232437,Ingénieur Informaticien,NewYork,72
KeyPers_NewYork_1232438,Ingénieur Data,NewYork,48
KeyPers_NewYork_1232439,Cadre,NewYork,66
KeyPers_NewYork_1232440,Ingénieur Informaticien,NewYork,50
KeyPers_NewYork_1232441,Ingénieur Informaticien,NewYork,39
KeyPers_NewYork_1232442,Ingénieur Data,NewYork,41
KeyPers_NewYork_1232443,Ingénieur Data,NewYork,64
KeyPers_NewYork_1232444,Economiste,NewYork,46
KeyPers_NewYork_1232445,Ingénieur Informaticien,NewYork,49
KeyPers_NewYork_1232446,Ingénieur Informaticien,NewYork,48
KeyPers_NewYork_1232447,Ingénieur Data,NewYork,80
KeyPers_NewYork_1232448,Cadre,NewYork,62
KeyPers_NewYork_1232449,Cadre,NewYork,90
KeyPers_NewYork_1232450,Ingénieur Data,NewYork,84
KeyPers_NewYork_1232451,Ingénieur Data,NewYork,70
KeyPers_NewYork_1232452,Ingénieur Data,NewYork,26
KeyPers_NewYork_1232453,Ingénieur Informaticien,NewYork,70
KeyPers_NewYork_1232454,Ingénieur Data,NewYork,31
KeyPers_NewYork_1232455,Ingénieur Data,NewYork,89
KeyPers_NewYork_1232456,Ingénieur Informaticien,NewYork,32
KeyPers_NewYork_1232457,Ingénieur Informaticien,NewYork,85
KeyPers_NewYork_1232458,Ingénieur Data,NewYork,40
KeyPers_NewYork_1232459,Ingénieur Data,NewYork,45
KeyPers_NewYork_1232460,Ingénieur Data,NewYork,31
KeyPers_NewYork_1232461,Ingénieur Data,NewYork,90
KeyPers_NewYork_1232462,Ingénieur Data,NewYork,64
KeyPers_NewYork_1232463,Ingénieur Data,NewYork,71
KeyPers_NewYork_1232464,Ingénieur Data,NewYork,42
KeyPers_NewYork_1232465,Ingénieur Informaticien,NewYork,61
KeyPers_NewYork_1232466,Ingénieur Data,NewYork,58
KeyPers_NewYork_1232467,Cadre,NewYork,47
KeyPers_NewYork_1232468,Cadre,NewYork,44
KeyPers_NewYork_1232469,Ingénieur Informaticien,NewYork,74
KeyPers_NewYork_1232470,Ingénieur Informaticien,NewYork,76
KeyPers_NewYork_1232471,Ingénieur Data,NewYork,90
KeyPers_NewYork_1232472,Economiste,NewYork,72
KeyPers_NewYork_1232473,Ingénieur Informaticien,NewYork,63
KeyPers_NewYork_1232474,Ingénieur Informaticien,NewYork,73
KeyPers_NewYork_1232475,Ingénieur Informaticien,NewYork,45
KeyPers_NewYork_1232476,Ingénieur Informaticien,NewYork,88
KeyPers_NewYork_1232477,Ingénieur Informaticien,NewYork,64
KeyPers_NewYork_1232478,Ingénieur Informaticien,NewYork,32
KeyPers_NewYork_1232479,Ingénieur Data,NewYork,27
KeyPers_NewYork_1232480,Cadre,NewYork,94
KeyPers_NewYork_1232481,Ingénieur Informaticien,NewYork,52
KeyPers_NewYork_1232482,Ingénieur Informaticien,NewYork,83
KeyPers_NewYork_1232483,Ingénieur Data,NewYork,61
KeyPers_NewYork_1232484,Ingénieur Data,NewYork,82
KeyPers_NewYork_1232485,Ingénieur Data,NewYork,40
KeyPers_NewYork_1232486,Ingénieur Data,NewYork,62
KeyPers_NewYork_1232487,Ingénieur Informaticien,NewYork,34
KeyPers_NewYork_1232488,Economiste,NewYork,38
KeyPers_NewYork_1232489,Ingénieur Data,NewYork,46
KeyPers_NewYork_1232490,Economiste,NewYork,38
KeyPers_NewYork_1232491,Ingénieur Informaticien,NewYork,52
KeyPers_NewYork_1232492,Ingénieur Informaticien,NewYork,94
KeyPers_NewYork_1232493,Ingénieur Informaticien,NewYork,59
KeyPers_NewYork_1232494,Cadre,NewYork,59
KeyPers_NewYork_1232495,Ingénieur Data,NewYork,55
KeyPers_NewYork_1232496,Cadre,NewYork,30
KeyPers_NewYork_1232497,Economiste,NewYork,71
KeyPers_NewYork_1232498,Ingénieur Informaticien,NewYork,80
KeyPers_NewYork_1232499,Ingénieur Informaticien,NewYork,79
KeyPers_NewYork_1232500,Ingénieur Data,NewYork,37
KeyPers_NewYork_1232501,Ingénieur Informaticien,NewYork,86
KeyPers_NewYork_1232502,Cadre,NewYork,67
KeyPers_NewYork_1232503,Ingénieur Data,NewYork,80
KeyPers_NewYork_1232504,Economiste,NewYork,65
KeyPers_NewYork_1232505,Ingénieur Data,NewYork,80
KeyPers_NewYork_1232506,Ingénieur Data,NewYork,57
KeyPers_NewYork_1232507,Cadre,NewYork,37
KeyPers_NewYork_1232508,Ingénieur Data,NewYork,83
KeyPers_NewYork_1232509,Ingénieur Informaticien,NewYork,35
KeyPers_NewYork_1232510,Cadre,NewYork,96
KeyPers_NewYork_1232511,Cadre,NewYork,88
KeyPers_NewYork_1232512,Ingénieur Data,NewYork,47
KeyPers_NewYork_1232513,Ingénieur Data,NewYork,44
KeyPers_NewYork_1232514,Cadre,NewYork,92
KeyPers_NewYork_1232515,Cadre,NewYork,35
KeyPers_NewYork_1232516,Ingénieur Data,NewYork,51
KeyPers_NewYork_1232517,Ingénieur Informaticien,NewYork,33
KeyPers_NewYork_1232518,Ingénieur Data,NewYork,47
KeyPers_NewYork_1232519,Ingénieur Informaticien,NewYork,95
KeyPers_NewYork_1232520,Ingénieur Data,NewYork,45
KeyPers_NewYork_1232521,Ingénieur Data,NewYork,95
KeyPers_NewYork_1232522,Ingénieur Informaticien,NewYork,61
KeyPers_NewYork_1232523,Ingénieur Informaticien,NewYork,40
KeyPers_NewYork_1232524,Ingénieur Informaticien,NewYork,89
KeyPers_NewYork_1232525,Ingénieur Informaticien,NewYork,82
KeyPers_NewYork_1232526,Ingénieur Data,NewYork,53
KeyPers_NewYork_1232527,Cadre,NewYork,87
KeyPers_NewYork_1232528,Ingénieur Informaticien,NewYork,70
KeyPers_NewYork_1232529,Cadre,NewYork,53
KeyPers_NewYork_1232530,Ingénieur Informaticien,NewYork,67
KeyPers_NewYork_1232531,Ingénieur Informaticien,NewYork,58
KeyPers_NewYork_1232532,Ingénieur Data,NewYork,41
KeyPers_NewYork_1232533,Ingénieur Informaticien,NewYork,90
KeyPers_NewYork_1232534,Ingénieur Data,NewYork,39
KeyPers_NewYork_1232535,Ingénieur Data,NewYork,53
KeyPers_NewYork_1232536,Ingénieur Data,NewYork,24
KeyPers_NewYork_1232537,Ingénieur Informaticien,NewYork,90
KeyPers_NewYork_1232538,Ingénieur Data,NewYork,82
KeyPers_NewYork_1232539,Ingénieur Informaticien,NewYork,79
KeyPers_NewYork_1232540,Ingénieur Data,NewYork,89
KeyPers_NewYork_1232541,Cadre,NewYork,33
KeyPers_NewYork_1232542,Economiste,NewYork,37
KeyPers_NewYork_1232543,Ingénieur Data,NewYork,44
KeyPers_NewYork_1232544,Economiste,NewYork,58
KeyPers_NewYork_1232545,Ingénieur Informaticien,NewYork,82
KeyPers_NewYork_1232546,Ingénieur Informaticien,NewYork,55
KeyPers_NewYork_1232547,Ingénieur Data,NewYork,92
KeyPers_NewYork_1232548,Ingénieur Data,NewYork,31
KeyPers_NewYork_1232549,Ingénieur Informaticien,NewYork,83
KeyPers_NewYork_1232550,Ingénieur Informaticien,NewYork,92
KeyPers_NewYork_1232551,Ingénieur Data,NewYork,85
KeyPers_NewYork_1232552,Cadre,NewYork,61
KeyPers_NewYork_1232553,Ingénieur Data,NewYork,56
KeyPers_NewYork_1232554,Cadre,NewYork,52
KeyPers_NewYork_1232555,Cadre,NewYork,24
KeyPers_NewYork_1232556,Ingénieur Informaticien,NewYork,39
KeyPers_NewYork_1232557,Ingénieur Data,NewYork,72
KeyPers_NewYork_1232558,Ingénieur Data,NewYork,28
KeyPers_NewYork_1232559,Ingénieur Data,NewYork,66
KeyPers_NewYork_1232560,Ingénieur Data,NewYork,84
KeyPers_NewYork_1232561,Cadre,NewYork,87
KeyPers_NewYork_1232562,Ingénieur Data,NewYork,76
KeyPers_NewYork_1232563,Cadre,NewYork,73
KeyPers_NewYork_1232564,Ingénieur Data,NewYork,65
KeyPers_NewYork_1232565,Ingénieur Data,NewYork,91
KeyPers_NewYork_1232566,Ingénieur Data,NewYork,84
KeyPers_NewYork_1232567,Ingénieur Informaticien,NewYork,57
KeyPers_NewYork_1232568,Ingénieur Data,NewYork,86
KeyPers_NewYork_1232569,Ingénieur Informaticien,NewYork,39
KeyPers_NewYork_1232570,Cadre,NewYork,42
KeyPers_NewYork_1232571,Ingénieur Data,NewYork,25
KeyPers_NewYork_1232572,Ingénieur Informaticien,NewYork,44
KeyPers_NewYork_1232573,Ingénieur Data,NewYork,74
KeyPers_NewYork_1232574,Ingénieur Data,NewYork,87
KeyPers_NewYork_1232575,Ingénieur Informaticien,NewYork,88
KeyPers_NewYork_1232576,Ingénieur Data,NewYork,76
KeyPers_NewYork_1232577,Ingénieur Data,NewYork,30
KeyPers_NewYork_1232578,Ingénieur Informaticien,NewYork,93
KeyPers_NewYork_1232579,Ingénieur Informaticien,NewYork,74
KeyPers_NewYork_1232580,Ingénieur Informaticien,NewYork,48
KeyPers_NewYork_1232581,Ingénieur Data,NewYork,42
KeyPers_NewYork_1232582,Ingénieur Data,NewYork,80
KeyPers_NewYork_1232583,Cadre,NewYork,67
KeyPers_NewYork_1232584,Ingénieur Data,NewYork,60
KeyPers_NewYork_1232585,Ingénieur Informaticien,NewYork,96
KeyPers_NewYork_1232586,Economiste,NewYork,70
KeyPers_NewYork_1232587,Ingénieur Informaticien,NewYork,85
KeyPers_NewYork_1232588,Ingénieur Data,NewYork,49
KeyPers_NewYork_1232589,Economiste,NewYork,57
KeyPers_NewYork_1232590,Ingénieur Data,NewYork,90
KeyPers_NewYork_1232591,Ingénieur Data,NewYork,35
KeyPers_NewYork_1232592,Ingénieur Informaticien,NewYork,38
KeyPers_NewYork_1232593,Ingénieur Informaticien,NewYork,31
KeyPers_NewYork_1232594,Ingénieur Data,NewYork,31
KeyPers_NewYork_1232595,Ingénieur Informaticien,NewYork,54
KeyPers_NewYork_1232596,Ingénieur Data,NewYork,78
KeyPers_NewYork_1232597,Ingénieur Informaticien,NewYork,46
KeyPers_NewYork_1232598,Cadre,NewYork,38
KeyPers_NewYork_1232599,Cadre,NewYork,89
KeyPers_NewYork_1232600,Cadre,NewYork,49
KeyPers_NewYork_1232601,Ingénieur Data,NewYork,86
KeyPers_NewYork_1232602,Economiste,NewYork,24
KeyPers_NewYork_1232603,Ingénieur Informaticien,NewYork,84
KeyPers_NewYork_1232604,Ingénieur Informaticien,NewYork,41
KeyPers_NewYork_1232605,Ingénieur Informaticien,NewYork,76
KeyPers_NewYork_1232606,Ingénieur Informaticien,NewYork,59
KeyPers_NewYork_1232607,Ingénieur Informaticien,NewYork,71
KeyPers_NewYork_1232608,Ingénieur Data,NewYork,40
KeyPers_NewYork_1232609,Ingénieur Data,NewYork,65
KeyPers_NewYork_1232610,Ingénieur Informaticien,NewYork,69
KeyPers_NewYork_1232611,Ingénieur Informaticien,NewYork,36
KeyPers_NewYork_1232612,Ingénieur Informaticien,NewYork,70
KeyPers_NewYork_1232613,Ingénieur Informaticien,NewYork,71
KeyPers_NewYork_1232614,Ingénieur Informaticien,NewYork,58
KeyPers_NewYork_1232615,Economiste,NewYork,90
KeyPers_NewYork_1232616,Cadre,NewYork,54
KeyPers_NewYork_1232617,Ingénieur Data,NewYork,47
KeyPers_NewYork_1232618,Ingénieur Informaticien,NewYork,60
KeyPers_NewYork_1232619,Ingénieur Data,NewYork,76
KeyPers_NewYork_1232620,Cadre,NewYork,84
KeyPers_NewYork_1232621,Cadre,NewYork,81
KeyPers_NewYork_1232622,Ingénieur Informaticien,NewYork,48
KeyPers_NewYork_1232623,Ingénieur Data,NewYork,44
KeyPers_NewYork_1232624,Ingénieur Data,NewYork,70
KeyPers_NewYork_1232625,Ingénieur Data,NewYork,37
KeyPers_NewYork_1232626,Cadre,NewYork,55
KeyPers_NewYork_1232627,Ingénieur Informaticien,NewYork,57
KeyPers_NewYork_1232628,Ingénieur Data,NewYork,70
KeyPers_NewYork_1232629,Cadre,NewYork,29
KeyPers_NewYork_1232630,Ingénieur Informaticien,NewYork,48
KeyPers_NewYork_1232631,Ingénieur Data,NewYork,71
KeyPers_NewYork_1232632,Ingénieur Informaticien,NewYork,75
KeyPers_NewYork_1232633,Economiste,NewYork,47
KeyPers_NewYork_1232634,Cadre,NewYork,66
KeyPers_NewYork_1232635,DRH,NewYork,71
KeyPers_NewYork_1232636,Ingénieur Data,NewYork,30
KeyPers_NewYork_1232637,Ingénieur Informaticien,NewYork,74
KeyPers_NewYork_1232638,Cadre,NewYork,65
KeyPers_NewYork_1232639,Ingénieur Data,NewYork,71
KeyPers_NewYork_1232640,Ingénieur Data,NewYork,73
KeyPers_NewYork_1232641,Ingénieur Data,NewYork,71
KeyPers_NewYork_1232642,Ingénieur Data,NewYork,37
KeyPers_NewYork_1232643,Ingénieur Informaticien,NewYork,93
KeyPers_NewYork_1232644,Ingénieur Informaticien,NewYork,88
KeyPers_NewYork_1232645,Ingénieur Informaticien,NewYork,30
KeyPers_NewYork_1232646,Cadre,NewYork,90
KeyPers_NewYork_1232647,Ingénieur Informaticien,NewYork,37
KeyPers_NewYork_1232648,Economiste,NewYork,47
KeyPers_NewYork_1232649,Ingénieur Informaticien,NewYork,54
KeyPers_NewYork_1232650,Cadre,NewYork,28
KeyPers_NewYork_1232651,Cadre,NewYork,39
KeyPers_NewYork_1232652,Ingénieur Informaticien,NewYork,36
KeyPers_NewYork_1232653,Ingénieur Informaticien,NewYork,72
KeyPers_NewYork_1232654,Cadre,NewYork,78
KeyPers_NewYork_1232655,Ingénieur Informaticien,NewYork,61
KeyPers_NewYork_1232656,Ingénieur Informaticien,NewYork,75
KeyPers_NewYork_1232657,Ingénieur Informaticien,NewYork,93
KeyPers_NewYork_1232658,Economiste,NewYork,80
KeyPers_NewYork_1232659,Cadre,NewYork,34
KeyPers_NewYork_1232660,Ingénieur Informaticien,NewYork,86
KeyPers_NewYork_1232661,Ingénieur Informaticien,NewYork,50
KeyPers_NewYork_1232662,Cadre,NewYork,53
KeyPers_NewYork_1232663,Economiste,NewYork,25
KeyPers_NewYork_1232664,Cadre,NewYork,82
KeyPers_NewYork_1232665,Ingénieur Informaticien,NewYork,91
KeyPers_NewYork_1232666,Ingénieur Informaticien,NewYork,87
KeyPers_NewYork_1232667,Ingénieur Informaticien,NewYork,75
KeyPers_NewYork_1232668,Ingénieur Informaticien,NewYork,39
KeyPers_NewYork_1232669,Ingénieur Informaticien,NewYork,35
KeyPers_NewYork_1232670,Ingénieur Informaticien,NewYork,89
KeyPers_NewYork_1232671,Economiste,NewYork,83
KeyPers_NewYork_1232672,Cadre,NewYork,39
KeyPers_NewYork_1232673,Economiste,NewYork,39
KeyPers_NewYork_1232674,Ingénieur Informaticien,NewYork,59
KeyPers_NewYork_1232675,Ingénieur Data,NewYork,85
KeyPers_NewYork_1232676,Economiste,NewYork,42
KeyPers_NewYork_1232677,Ingénieur Informaticien,NewYork,26
KeyPers_NewYork_1232678,Cadre,NewYork,66
KeyPers_NewYork_1232679,Cadre,NewYork,53
KeyPers_NewYork_1232680,Ingénieur Informaticien,NewYork,87
KeyPers_NewYork_1232681,Cadre,NewYork,73
KeyPers_NewYork_1232682,Ingénieur Data,NewYork,75
KeyPers_NewYork_1232683,Ingénieur Data,NewYork,68
KeyPers_NewYork_1232684,Ingénieur Informaticien,NewYork,84
KeyPers_NewYork_1232685,Ingénieur Informaticien,NewYork,79
KeyPers_NewYork_1232686,Ingénieur Data,NewYork,74
KeyPers_NewYork_1232687,Cadre,NewYork,58
KeyPers_NewYork_1232688,Ingénieur Data,NewYork,80
KeyPers_NewYork_1232689,Ingénieur Informaticien,NewYork,41
KeyPers_NewYork_1232690,Cadre,NewYork,69
KeyPers_NewYork_1232691,Ingénieur Informaticien,NewYork,57
KeyPers_NewYork_1232692,Ingénieur Data,NewYork,27
KeyPers_NewYork_1232693,Ingénieur Data,NewYork,90
KeyPers_NewYork_1232694,Ingénieur Informaticien,NewYork,77
KeyPers_NewYork_1232695,Cadre,NewYork,38
KeyPers_NewYork_1232696,Ingénieur Data,NewYork,38
KeyPers_NewYork_1232697,Ingénieur Informaticien,NewYork,82
KeyPers_NewYork_1232698,Ingénieur Data,NewYork,30
KeyPers_NewYork_1232699,Ingénieur Informaticien,NewYork,49
KeyPers_NewYork_1232700,Ingénieur Informaticien,NewYork,24
KeyPers_NewYork_1232701,Ingénieur Informaticien,NewYork,48
KeyPers_NewYork_1232702,Cadre,NewYork,27
KeyPers_NewYork_1232703,Ingénieur Informaticien,NewYork,79
KeyPers_NewYork_1232704,Ingénieur Data,NewYork,52
KeyPers_NewYork_1232705,Economiste,NewYork,78
KeyPers_NewYork_1232706,Ingénieur Informaticien,NewYork,76
KeyPers_NewYork_1232707,Ingénieur Informaticien,NewYork,59
KeyPers_NewYork_1232708,Ingénieur Data,NewYork,59
KeyPers_NewYork_1232709,Ingénieur Data,NewYork,44
KeyPers_NewYork_1232710,Economiste,NewYork,49
KeyPers_NewYork_1232711,Ingénieur Informaticien,NewYork,94
KeyPers_NewYork_1232712,Economiste,NewYork,71
KeyPers_NewYork_1232713,Ingénieur Data,NewYork,78
KeyPers_NewYork_1232714,Ingénieur Data,NewYork,27
KeyPers_NewYork_1232715,Ingénieur Data,NewYork,32
KeyPers_NewYork_1232716,Ingénieur Informaticien,NewYork,62
KeyPers_NewYork_1232717,Ingénieur Data,NewYork,39
KeyPers_NewYork_1232718,Ingénieur Data,NewYork,61
KeyPers_NewYork_1232719,Ingénieur Data,NewYork,90
KeyPers_NewYork_1232720,Ingénieur Data,NewYork,69
KeyPers_NewYork_1232721,DRH,NewYork,35
KeyPers_NewYork_1232722,Ingénieur Data,NewYork,39
KeyPers_NewYork_1232723,Ingénieur Data,NewYork,24
KeyPers_NewYork_1232724,Ingénieur Data,NewYork,55
KeyPers_NewYork_1232725,Ingénieur Informaticien,NewYork,54
KeyPers_NewYork_1232726,Ingénieur Informaticien,NewYork,77
KeyPers_NewYork_1232727,Ingénieur Informaticien,NewYork,69
KeyPers_NewYork_1232728,Ingénieur Data,NewYork,40
KeyPers_NewYork_1232729,Cadre,NewYork,89
KeyPers_NewYork_1232730,Ingénieur Data,NewYork,35
KeyPers_NewYork_1232731,Ingénieur Data,NewYork,58
KeyPers_NewYork_1232732,Ingénieur Data,NewYork,71
KeyPers_NewYork_1232733,Ingénieur Informaticien,NewYork,32
KeyPers_NewYork_1232734,Ingénieur Data,NewYork,83
KeyPers_NewYork_1232735,Ingénieur Data,NewYork,48
KeyPers_NewYork_1232736,Ingénieur Informaticien,NewYork,80
KeyPers_NewYork_1232737,Economiste,NewYork,52
KeyPers_NewYork_1232738,Ingénieur Informaticien,NewYork,80
KeyPers_NewYork_1232739,Ingénieur Data,NewYork,56
KeyPers_NewYork_1232740,Cadre,NewYork,57
KeyPers_NewYork_1232741,Ingénieur Informaticien,NewYork,52
KeyPers_NewYork_1232742,Ingénieur Data,NewYork,55
KeyPers_NewYork_1232743,Ingénieur Data,NewYork,89
KeyPers_NewYork_1232744,Ingénieur Informaticien,NewYork,93
KeyPers_NewYork_1232745,Ingénieur Data,NewYork,84
KeyPers_NewYork_1232746,Ingénieur Informaticien,NewYork,49
KeyPers_NewYork_1232747,Cadre,NewYork,41
KeyPers_NewYork_1232748,Ingénieur Data,NewYork,73
KeyPers_NewYork_1232749,Ingénieur Data,NewYork,62
KeyPers_NewYork_1232750,Economiste,NewYork,65
KeyPers_NewYork_1232751,Ingénieur Data,NewYork,95
KeyPers_NewYork_1232752,Ingénieur Informaticien,NewYork,92
KeyPers_NewYork_1232753,Ingénieur Data,NewYork,60
KeyPers_NewYork_1232754,Economiste,NewYork,88
KeyPers_NewYork_1232755,Cadre,NewYork,57
KeyPers_NewYork_1232756,Ingénieur Data,NewYork,46
KeyPers_NewYork_1232757,Ingénieur Informaticien,NewYork,89
KeyPers_NewYork_1232758,Ingénieur Data,NewYork,35
KeyPers_NewYork_1232759,Ingénieur Data,NewYork,66
KeyPers_NewYork_1232760,Cadre,NewYork,36
KeyPers_NewYork_1232761,Ingénieur Informaticien,NewYork,90
KeyPers_NewYork_1232762,Ingénieur Data,NewYork,37
KeyPers_NewYork_1232763,Ingénieur Data,NewYork,53
KeyPers_NewYork_1232764,Ingénieur Data,NewYork,34
KeyPers_NewYork_1232765,Ingénieur Informaticien,NewYork,80
KeyPers_NewYork_1232766,Ingénieur Informaticien,NewYork,78
KeyPers_NewYork_1232767,Ingénieur Informaticien,NewYork,34
KeyPers_NewYork_1232768,Cadre,NewYork,52
KeyPers_NewYork_1232769,Ingénieur Informaticien,NewYork,50
KeyPers_NewYork_1232770,DRH,NewYork,33
KeyPers_NewYork_1232771,Ingénieur Informaticien,NewYork,30
KeyPers_NewYork_1232772,Cadre,NewYork,60
KeyPers_NewYork_1232773,Cadre,NewYork,85
KeyPers_NewYork_1232774,Ingénieur Informaticien,NewYork,86
KeyPers_NewYork_1232775,Ingénieur Informaticien,NewYork,33
KeyPers_NewYork_1232776,Economiste,NewYork,66
KeyPers_NewYork_1232777,Ingénieur Informaticien,NewYork,43
KeyPers_NewYork_1232778,Ingénieur Informaticien,NewYork,71
KeyPers_NewYork_1232779,Ingénieur Data,NewYork,72
KeyPers_NewYork_1232780,Economiste,NewYork,91
KeyPers_NewYork_1232781,Ingénieur Informaticien,NewYork,47
KeyPers_NewYork_1232782,Ingénieur Data,NewYork,75
KeyPers_NewYork_1232783,Ingénieur Data,NewYork,39
KeyPers_NewYork_1232784,Ingénieur Informaticien,NewYork,52
KeyPers_NewYork_1232785,Ingénieur Informaticien,NewYork,58
KeyPers_NewYork_1232786,Ingénieur Data,NewYork,49
KeyPers_NewYork_1232787,Ingénieur Informaticien,NewYork,74
KeyPers_NewYork_1232788,Ingénieur Informaticien,NewYork,74
KeyPers_NewYork_1232789,Cadre,NewYork,59
KeyPers_NewYork_1232790,Ingénieur Informaticien,NewYork,58
KeyPers_NewYork_1232791,Ingénieur Informaticien,NewYork,81
KeyPers_NewYork_1232792,Ingénieur Informaticien,NewYork,34
KeyPers_NewYork_1232793,Ingénieur Informaticien,NewYork,72
KeyPers_NewYork_1232794,Ingénieur Informaticien,NewYork,92
KeyPers_NewYork_1232795,Ingénieur Data,NewYork,59
KeyPers_NewYork_1232796,Ingénieur Data,NewYork,95
KeyPers_NewYork_1232797,Cadre,NewYork,61
KeyPers_NewYork_1232798,Ingénieur Informaticien,NewYork,95
KeyPers_NewYork_1232799,Ingénieur Data,NewYork,51
KeyPers_NewYork_1232800,Economiste,NewYork,67
KeyPers_NewYork_1232801,Ingénieur Data,NewYork,85
KeyPers_NewYork_1232802,Ingénieur Informaticien,NewYork,57
KeyPers_NewYork_1232803,Ingénieur Data,NewYork,31
KeyPers_NewYork_1232804,Ingénieur Data,NewYork,67
KeyPers_NewYork_1232805,Ingénieur Informaticien,NewYork,28
KeyPers_NewYork_1232806,Ingénieur Data,NewYork,29
KeyPers_NewYork_1232807,Ingénieur Data,NewYork,81
KeyPers_NewYork_1232808,Ingénieur Informaticien,NewYork,80
KeyPers_NewYork_1232809,Ingénieur Data,NewYork,81
KeyPers_NewYork_1232810,Ingénieur Informaticien,NewYork,73
KeyPers_NewYork_1232811,Ingénieur Data,NewYork,33
KeyPers_NewYork_1232812,Ingénieur Data,NewYork,32
KeyPers_NewYork_1232813,Cadre,NewYork,63
KeyPers_NewYork_1232814,Ingénieur Informaticien,NewYork,46
KeyPers_NewYork_1232815,Ingénieur Data,NewYork,89
KeyPers_NewYork_1232816,Ingénieur Informaticien,NewYork,96
KeyPers_NewYork_1232817,Cadre,NewYork,79
KeyPers_NewYork_1232818,DRH,NewYork,74
KeyPers_NewYork_1232819,Ingénieur Data,NewYork,58
KeyPers_NewYork_1232820,Economiste,NewYork,93
KeyPers_NewYork_1232821,Ingénieur Informaticien,NewYork,44
KeyPers_NewYork_1232822,Ingénieur Informaticien,NewYork,79
KeyPers_NewYork_1232823,Ingénieur Informaticien,NewYork,37
KeyPers_NewYork_1232824,Ingénieur Data,NewYork,57
KeyPers_NewYork_1232825,Ingénieur Informaticien,NewYork,46
KeyPers_NewYork_1232826,Ingénieur Data,NewYork,78
KeyPers_NewYork_1232827,Ingénieur Informaticien,NewYork,71
KeyPers_NewYork_1232828,Ingénieur Informaticien,NewYork,43
KeyPers_NewYork_1232829,Ingénieur Informaticien,NewYork,73
KeyPers_NewYork_1232830,Cadre,NewYork,67
KeyPers_NewYork_1232831,DRH,NewYork,54
KeyPers_NewYork_1232832,Ingénieur Data,NewYork,34
KeyPers_NewYork_1232833,Ingénieur Informaticien,NewYork,30
KeyPers_NewYork_1232834,Ingénieur Informaticien,NewYork,34
KeyPers_NewYork_1232835,Ingénieur Data,NewYork,76
KeyPers_NewYork_1232836,Ingénieur Data,NewYork,34
KeyPers_NewYork_1232837,Cadre,NewYork,84
KeyPers_NewYork_1232838,Ingénieur Data,NewYork,27
KeyPers_NewYork_1232839,Ingénieur Data,NewYork,69
KeyPers_NewYork_1232840,Ingénieur Informaticien,NewYork,59
KeyPers_NewYork_1232841,Economiste,NewYork,86
KeyPers_NewYork_1232842,Ingénieur Data,NewYork,40
KeyPers_NewYork_1232843,Ingénieur Informaticien,NewYork,31
KeyPers_NewYork_1232844,Ingénieur Data,NewYork,44
KeyPers_NewYork_1232845,Ingénieur Informaticien,NewYork,41
KeyPers_NewYork_1232846,Cadre,NewYork,49
KeyPers_NewYork_1232847,Ingénieur Informaticien,NewYork,50
KeyPers_NewYork_1232848,Ingénieur Informaticien,NewYork,36
KeyPers_NewYork_1232849,Ingénieur Informaticien,NewYork,87
KeyPers_NewYork_1232850,Cadre,NewYork,49
KeyPers_NewYork_1232851,Ingénieur Informaticien,NewYork,92
KeyPers_NewYork_1232852,Ingénieur Informaticien,NewYork,68
KeyPers_NewYork_1232853,Ingénieur Informaticien,NewYork,38
KeyPers_NewYork_1232854,Cadre,NewYork,27
KeyPers_NewYork_1232855,Ingénieur Informaticien,NewYork,41
KeyPers_NewYork_1232856,Ingénieur Informaticien,NewYork,29
KeyPers_NewYork_1232857,Cadre,NewYork,31
KeyPers_NewYork_1232858,Economiste,NewYork,39
KeyPers_NewYork_1232859,Cadre,NewYork,87
KeyPers_NewYork_1232860,Ingénieur Data,NewYork,90
KeyPers_NewYork_1232861,Economiste,NewYork,77
KeyPers_NewYork_1232862,Ingénieur Informaticien,NewYork,89
KeyPers_NewYork_1232863,Cadre,NewYork,49
KeyPers_NewYork_1232864,Ingénieur Data,NewYork,42
KeyPers_NewYork_1232865,Ingénieur Informaticien,NewYork,38
KeyPers_NewYork_1232866,Ingénieur Data,NewYork,70
KeyPers_NewYork_1232867,Ingénieur Informaticien,NewYork,46
KeyPers_NewYork_1232868,Ingénieur Informaticien,NewYork,96
KeyPers_NewYork_1232869,Ingénieur Informaticien,NewYork,37
KeyPers_NewYork_1232870,Ingénieur Data,NewYork,66
KeyPers_NewYork_1232871,Ingénieur Informaticien,NewYork,84
KeyPers_NewYork_1232872,Cadre,NewYork,83
KeyPers_NewYork_1232873,Ingénieur Informaticien,NewYork,76
KeyPers_NewYork_1232874,Ingénieur Data,NewYork,34
KeyPers_NewYork_1232875,Ingénieur Informaticien,NewYork,55
KeyPers_NewYork_1232876,Ingénieur Informaticien,NewYork,26
KeyPers_NewYork_1232877,Ingénieur Informaticien,NewYork,67
KeyPers_NewYork_1232878,Cadre,NewYork,56
KeyPers_NewYork_1232879,Ingénieur Data,NewYork,59
KeyPers_NewYork_1232880,Cadre,NewYork,31
KeyPers_NewYork_1232881,Ingénieur Informaticien,NewYork,64
KeyPers_NewYork_1232882,Ingénieur Informaticien,NewYork,64
KeyPers_NewYork_1232883,Ingénieur Informaticien,NewYork,34
KeyPers_NewYork_1232884,Economiste,NewYork,95
KeyPers_NewYork_1232885,Cadre,NewYork,45
KeyPers_NewYork_1232886,Economiste,NewYork,46
KeyPers_NewYork_1232887,Ingénieur Data,NewYork,91
KeyPers_NewYork_1232888,Ingénieur Data,NewYork,36
KeyPers_NewYork_1232889,Economiste,NewYork,78
KeyPers_NewYork_1232890,Economiste,NewYork,85
KeyPers_NewYork_1232891,Ingénieur Data,NewYork,67
KeyPers_NewYork_1232892,Ingénieur Informaticien,NewYork,95
KeyPers_NewYork_1232893,Cadre,NewYork,42
KeyPers_NewYork_1232894,Ingénieur Data,NewYork,39
KeyPers_NewYork_1232895,Ingénieur Data,NewYork,64
KeyPers_NewYork_1232896,Economiste,NewYork,31
KeyPers_NewYork_1232897,Ingénieur Data,NewYork,33
KeyPers_NewYork_1232898,Ingénieur Data,NewYork,59
KeyPers_NewYork_1232899,Ingénieur Informaticien,NewYork,25
KeyPers_NewYork_1232900,Ingénieur Data,NewYork,89
KeyPers_NewYork_1232901,Economiste,NewYork,61
KeyPers_NewYork_1232902,Ingénieur Informaticien,NewYork,34
KeyPers_NewYork_1232903,Cadre,NewYork,76
KeyPers_NewYork_1232904,Ingénieur Data,NewYork,56
KeyPers_NewYork_1232905,Economiste,NewYork,30
KeyPers_NewYork_1232906,Ingénieur Informaticien,NewYork,27
KeyPers_NewYork_1232907,Ingénieur Data,NewYork,35
KeyPers_NewYork_1232908,Ingénieur Informaticien,NewYork,70
KeyPers_NewYork_1232909,Ingénieur Informaticien,NewYork,94
KeyPers_NewYork_1232910,Ingénieur Data,NewYork,43
KeyPers_NewYork_1232911,Ingénieur Data,NewYork,61
KeyPers_NewYork_1232912,Cadre,NewYork,65
KeyPers_NewYork_1232913,Ingénieur Data,NewYork,46
KeyPers_NewYork_1232914,Ingénieur Data,NewYork,74
KeyPers_NewYork_1232915,Cadre,NewYork,80
KeyPers_NewYork_1232916,Economiste,NewYork,79
KeyPers_NewYork_1232917,Ingénieur Informaticien,NewYork,55
KeyPers_NewYork_1232918,Ingénieur Data,NewYork,33
KeyPers_NewYork_1232919,Ingénieur Informaticien,NewYork,49
KeyPers_NewYork_1232920,Ingénieur Data,NewYork,94
KeyPers_NewYork_1232921,Ingénieur Informaticien,NewYork,56
KeyPers_NewYork_1232922,Ingénieur Data,NewYork,29
KeyPers_NewYork_1232923,Economiste,NewYork,54
KeyPers_NewYork_1232924,Ingénieur Informaticien,NewYork,28
KeyPers_NewYork_1232925,Cadre,NewYork,34
KeyPers_NewYork_1232926,Ingénieur Informaticien,NewYork,35
KeyPers_NewYork_1232927,Ingénieur Data,NewYork,72
KeyPers_NewYork_1232928,Ingénieur Informaticien,NewYork,41
KeyPers_NewYork_1232929,Ingénieur Informaticien,NewYork,89
KeyPers_NewYork_1232930,Ingénieur Data,NewYork,38
KeyPers_NewYork_1232931,Ingénieur Informaticien,NewYork,68
KeyPers_NewYork_1232932,Ingénieur Informaticien,NewYork,76
KeyPers_NewYork_1232933,Ingénieur Data,NewYork,43
KeyPers_NewYork_1232934,Ingénieur Data,NewYork,46
KeyPers_NewYork_1232935,Cadre,NewYork,86
KeyPers_NewYork_1232936,Ingénieur Informaticien,NewYork,67
KeyPers_NewYork_1232937,Ingénieur Data,NewYork,59
KeyPers_NewYork_1232938,Ingénieur Data,NewYork,86
KeyPers_NewYork_1232939,DRH,NewYork,95
KeyPers_NewYork_1232940,Ingénieur Informaticien,NewYork,78
KeyPers_NewYork_1232941,Economiste,NewYork,94
KeyPers_NewYork_1232942,Ingénieur Informaticien,NewYork,68
KeyPers_NewYork_1232943,Ingénieur Informaticien,NewYork,70
KeyPers_NewYork_1232944,Ingénieur Informaticien,NewYork,46
KeyPers_NewYork_1232945,Ingénieur Data,NewYork,27
KeyPers_NewYork_1232946,Cadre,NewYork,87
KeyPers_NewYork_1232947,Cadre,NewYork,85
KeyPers_NewYork_1232948,Cadre,NewYork,91
KeyPers_NewYork_1232949,Ingénieur Informaticien,NewYork,35
KeyPers_NewYork_1232950,Ingénieur Data,NewYork,53
KeyPers_NewYork_1232951,Ingénieur Informaticien,NewYork,26
KeyPers_NewYork_1232952,Ingénieur Informaticien,NewYork,40
KeyPers_NewYork_1232953,Ingénieur Informaticien,NewYork,94
KeyPers_NewYork_1232954,Ingénieur Informaticien,NewYork,58
KeyPers_NewYork_1232955,Ingénieur Informaticien,NewYork,95
KeyPers_NewYork_1232956,Economiste,NewYork,90
KeyPers_NewYork_1232957,Ingénieur Informaticien,NewYork,52
KeyPers_NewYork_1232958,Ingénieur Data,NewYork,90
KeyPers_NewYork_1232959,Ingénieur Data,NewYork,59
KeyPers_NewYork_1232960,Ingénieur Informaticien,NewYork,77
KeyPers_NewYork_1232961,Ingénieur Informaticien,NewYork,55
KeyPers_NewYork_1232962,Ingénieur Informaticien,NewYork,66
KeyPers_NewYork_1232963,Ingénieur Informaticien,NewYork,86
KeyPers_NewYork_1232964,Ingénieur Informaticien,NewYork,61
KeyPers_NewYork_1232965,Cadre,NewYork,54
KeyPers_NewYork_1232966,Cadre,NewYork,78
KeyPers_NewYork_1232967,Ingénieur Data,NewYork,59
KeyPers_NewYork_1232968,Ingénieur Informaticien,NewYork,71
KeyPers_NewYork_1232969,Ingénieur Informaticien,NewYork,36
KeyPers_NewYork_1232970,Cadre,NewYork,82
KeyPers_NewYork_1232971,Cadre,NewYork,27
KeyPers_NewYork_1232972,Ingénieur Data,NewYork,53
KeyPers_NewYork_1232973,Cadre,NewYork,64
KeyPers_NewYork_1232974,Ingénieur Informaticien,NewYork,56
KeyPers_NewYork_1232975,Ingénieur Informaticien,NewYork,92
KeyPers_NewYork_1232976,Ingénieur Data,NewYork,68
KeyPers_NewYork_1232977,Ingénieur Informaticien,NewYork,58
KeyPers_NewYork_1232978,Ingénieur Data,NewYork,29
KeyPers_NewYork_1232979,Ingénieur Data,NewYork,54
KeyPers_NewYork_1232980,Ingénieur Data,NewYork,54
KeyPers_NewYork_1232981,Ingénieur Informaticien,NewYork,92
KeyPers_NewYork_1232982,Ingénieur Informaticien,NewYork,63
KeyPers_NewYork_1232983,Ingénieur Informaticien,NewYork,69
KeyPers_NewYork_1232984,Ingénieur Informaticien,NewYork,45
KeyPers_NewYork_1232985,Ingénieur Informaticien,NewYork,59
KeyPers_NewYork_1232986,Ingénieur Informaticien,NewYork,58
KeyPers_NewYork_1232987,Economiste,NewYork,62
KeyPers_NewYork_1232988,Economiste,NewYork,81
KeyPers_NewYork_1232989,Ingénieur Data,NewYork,94
KeyPers_NewYork_1232990,Cadre,NewYork,27
KeyPers_NewYork_1232991,Cadre,NewYork,47
KeyPers_NewYork_1232992,Ingénieur Data,NewYork,90
KeyPers_NewYork_1232993,Ingénieur Informaticien,NewYork,53
KeyPers_NewYork_1232994,Ingénieur Data,NewYork,48
KeyPers_NewYork_1232995,Ingénieur Data,NewYork,64
KeyPers_NewYork_1232996,Cadre,NewYork,51
KeyPers_NewYork_1232997,Cadre,NewYork,87
KeyPers_NewYork_1232998,Ingénieur Data,NewYork,51
KeyPers_NewYork_1232999,Cadre,NewYork,36
KeyPers_NewYork_1233000,Ingénieur Data,NewYork,88
KeyPers_NewYork_1233001,Ingénieur Data,NewYork,93
KeyPers_NewYork_1233002,Ingénieur Data,NewYork,35
KeyPers_NewYork_1233003,Ingénieur Informaticien,NewYork,50
KeyPers_NewYork_1233004,Cadre,NewYork,44
KeyPers_NewYork_1233005,Ingénieur Data,NewYork,89
KeyPers_NewYork_1233006,Ingénieur Data,NewYork,29
KeyPers_NewYork_1233007,Cadre,NewYork,73
KeyPers_NewYork_1233008,Ingénieur Data,NewYork,76
KeyPers_NewYork_1233009,Cadre,NewYork,76
KeyPers_NewYork_1233010,Ingénieur Data,NewYork,68
KeyPers_NewYork_1233011,Cadre,NewYork,32
KeyPers_NewYork_1233012,Ingénieur Informaticien,NewYork,47
KeyPers_NewYork_1233013,Ingénieur Data,NewYork,25
KeyPers_NewYork_1233014,Ingénieur Data,NewYork,29
KeyPers_NewYork_1233015,Ingénieur Informaticien,NewYork,52
KeyPers_NewYork_1233016,Economiste,NewYork,69
KeyPers_NewYork_1233017,Ingénieur Data,NewYork,78
KeyPers_NewYork_1233018,Ingénieur Informaticien,NewYork,70
KeyPers_NewYork_1233019,Ingénieur Informaticien,NewYork,46
KeyPers_NewYork_1233020,Ingénieur Data,NewYork,31
KeyPers_NewYork_1233021,Ingénieur Informaticien,NewYork,36
KeyPers_NewYork_1233022,Ingénieur Informaticien,NewYork,92
KeyPers_NewYork_1233023,Ingénieur Informaticien,NewYork,60
KeyPers_NewYork_1233024,Ingénieur Data,NewYork,88
KeyPers_NewYork_1233025,Ingénieur Informaticien,NewYork,68
KeyPers_NewYork_1233026,Ingénieur Informaticien,NewYork,61
KeyPers_NewYork_1233027,Cadre,NewYork,54
KeyPers_NewYork_1233028,Ingénieur Data,NewYork,32
KeyPers_NewYork_1233029,Ingénieur Data,NewYork,30
KeyPers_NewYork_1233030,Ingénieur Data,NewYork,49
KeyPers_NewYork_1233031,Ingénieur Data,NewYork,61
KeyPers_NewYork_1233032,Ingénieur Informaticien,NewYork,59
KeyPers_NewYork_1233033,Ingénieur Data,NewYork,93
KeyPers_NewYork_1233034,Ingénieur Informaticien,NewYork,61
KeyPers_NewYork_1233035,Cadre,NewYork,55
KeyPers_NewYork_1233036,Economiste,NewYork,27
KeyPers_NewYork_1233037,Ingénieur Data,NewYork,46
KeyPers_NewYork_1233038,Cadre,NewYork,83
KeyPers_NewYork_1233039,Ingénieur Informaticien,NewYork,62
KeyPers_NewYork_1233040,Ingénieur Informaticien,NewYork,90
KeyPers_NewYork_1233041,Ingénieur Informaticien,NewYork,72
KeyPers_NewYork_1233042,Ingénieur Informaticien,NewYork,65
KeyPers_NewYork_1233043,Ingénieur Data,NewYork,81
KeyPers_NewYork_1233044,Ingénieur Data,NewYork,25
KeyPers_NewYork_1233045,Cadre,NewYork,55
KeyPers_NewYork_1233046,Ingénieur Informaticien,NewYork,38
KeyPers_NewYork_1233047,Ingénieur Informaticien,NewYork,52
KeyPers_NewYork_1233048,Ingénieur Informaticien,NewYork,50
KeyPers_NewYork_1233049,Ingénieur Informaticien,NewYork,32
KeyPers_NewYork_1233050,Ingénieur Data,NewYork,50
KeyPers_NewYork_1233051,Ingénieur Informaticien,NewYork,80
KeyPers_NewYork_1233052,Cadre,NewYork,69
KeyPers_NewYork_1233053,Ingénieur Informaticien,NewYork,63
KeyPers_NewYork_1233054,Ingénieur Data,NewYork,92
KeyPers_NewYork_1233055,Ingénieur Data,NewYork,56
KeyPers_NewYork_1233056,Ingénieur Informaticien,NewYork,34
KeyPers_NewYork_1233057,Ingénieur Informaticien,NewYork,26
KeyPers_NewYork_1233058,Ingénieur Informaticien,NewYork,45
KeyPers_NewYork_1233059,Ingénieur Data,NewYork,56
KeyPers_NewYork_1233060,Ingénieur Informaticien,NewYork,83
KeyPers_NewYork_1233061,Ingénieur Data,NewYork,67
KeyPers_NewYork_1233062,Ingénieur Data,NewYork,30
KeyPers_NewYork_1233063,Ingénieur Data,NewYork,29
KeyPers_NewYork_1233064,Ingénieur Informaticien,NewYork,48
KeyPers_NewYork_1233065,Ingénieur Data,NewYork,34
KeyPers_NewYork_1233066,Ingénieur Informaticien,NewYork,61
KeyPers_NewYork_1233067,Ingénieur Informaticien,NewYork,68
KeyPers_NewYork_1233068,Ingénieur Informaticien,NewYork,83
KeyPers_NewYork_1233069,Cadre,NewYork,76
KeyPers_NewYork_1233070,Ingénieur Informaticien,NewYork,63
KeyPers_NewYork_1233071,Ingénieur Informaticien,NewYork,66
KeyPers_NewYork_1233072,Ingénieur Informaticien,NewYork,71
KeyPers_NewYork_1233073,Ingénieur Data,NewYork,39
KeyPers_NewYork_1233074,Ingénieur Data,NewYork,92
KeyPers_NewYork_1233075,Ingénieur Informaticien,NewYork,64
KeyPers_NewYork_1233076,Cadre,NewYork,40
KeyPers_NewYork_1233077,Ingénieur Data,NewYork,61
KeyPers_NewYork_1233078,Ingénieur Informaticien,NewYork,82
KeyPers_NewYork_1233079,Ingénieur Informaticien,NewYork,30
KeyPers_NewYork_1233080,Ingénieur Informaticien,NewYork,90
KeyPers_NewYork_1233081,Ingénieur Data,NewYork,66
KeyPers_NewYork_1233082,Cadre,NewYork,93
KeyPers_Paris_1230000,Cadre,Paris,94
KeyPers_Paris_1230001,DRH,Paris,63
KeyPers_Paris_1230002,Ingénieur Data,Paris,47
KeyPers_Paris_1230003,Ingénieur Informaticien,Paris,81
KeyPers_Paris_1230004,Ingénieur Informaticien,Paris,45
KeyPers_Paris_1230005,Ingénieur Informaticien,Paris,82
KeyPers_Paris_1230006,Ingénieur Data,Paris,79
KeyPers_Paris_1230007,Ingénieur Informaticien,Paris,63
KeyPers_Paris_1230008,Ingénieur Informaticien,Paris,50
KeyPers_Paris_1230009,Economiste,Paris,63
KeyPers_Paris_1230010,Ingénieur Informaticien,Paris,38
KeyPers_Paris_1230011,Cadre,Paris,95
KeyPers_Paris_1230012,Ingénieur Informaticien,Paris,87
KeyPers_Paris_1230013,Cadre,Paris,86
KeyPers_Paris_1230014,Ingénieur Data,Paris,50
KeyPers_Paris_1230015,Cadre,Paris,36
KeyPers_Paris_1230016,Ingénieur Data,Paris,33
KeyPers_Paris_1230017,Cadre,Paris,95
KeyPers_Paris_1230018,Ingénieur Data,Paris,79
KeyPers_Paris_1230019,Ingénieur Informaticien,Paris,93
KeyPers_Paris_1230020,Ingénieur Informaticien,Paris,55
KeyPers_Paris_1230021,Ingénieur Informaticien,Paris,65
KeyPers_Paris_1230022,Ingénieur Informaticien,Paris,88
KeyPers_Paris_1230023,Ingénieur Data,Paris,79
KeyPers_Paris_1230024,Ingénieur Data,Paris,62
KeyPers_Paris_1230025,Cadre,Paris,63
KeyPers_Paris_1230026,Ingénieur Data,Paris,32
KeyPers_Paris_1230027,Ingénieur Data,Paris,69
KeyPers_Paris_1230028,Cadre,Paris,29
KeyPers_Paris_1230029,Ingénieur Data,Paris,67
KeyPers_Paris_1230030,Ingénieur Data,Paris,47
KeyPers_Paris_1230031,Ingénieur Data,Paris,94
KeyPers_Paris_1230032,Cadre,Paris,60
KeyPers_Paris_1230033,Ingénieur Data,Paris,41
KeyPers_Paris_1230034,Ingénieur Data,Paris,42
KeyPers_Paris_1230035,Cadre,Paris,55
KeyPers_Paris_1230036,DRH,Paris,64
KeyPers_Paris_1230037,Economiste,Paris,61
KeyPers_Paris_1230038,Ingénieur Data,Paris,69
KeyPers_Paris_1230039,Ingénieur Data,Paris,80
KeyPers_Paris_1230040,Cadre,Paris,80
KeyPers_Paris_1230041,Cadre,Paris,45
KeyPers_Paris_1230042,Ingénieur Data,Paris,95
KeyPers_Paris_1230043,Ingénieur Informaticien,Paris,33
KeyPers_Paris_1230044,Ingénieur Informaticien,Paris,27
KeyPers_Paris_1230045,Cadre,Paris,96
KeyPers_Paris_1230046,Cadre,Paris,91
KeyPers_Paris_1230047,Ingénieur Data,Paris,42
KeyPers_Paris_1230048,Ingénieur Informaticien,Paris,54
KeyPers_Paris_1230049,Ingénieur Informaticien,Paris,29
KeyPers_Paris_1230050,Ingénieur Informaticien,Paris,79
KeyPers_Paris_1230051,Ingénieur Informaticien,Paris,68
KeyPers_Paris_1230052,Ingénieur Informaticien,Paris,48
KeyPers_Paris_1230053,Economiste,Paris,89
KeyPers_Paris_1230054,Ingénieur Data,Paris,92
KeyPers_Paris_1230055,Ingénieur Informaticien,Paris,30
KeyPers_Paris_1230056,Cadre,Paris,52
KeyPers_Paris_1230057,Ingénieur Data,Paris,95
KeyPers_Paris_1230058,Ingénieur Data,Paris,40
KeyPers_Paris_1230059,Ingénieur Informaticien,Paris,52
KeyPers_Paris_1230060,Cadre,Paris,48
KeyPers_Paris_1230061,Ingénieur Informaticien,Paris,37
KeyPers_Paris_1230062,Ingénieur Informaticien,Paris,33
KeyPers_Paris_1230063,Ingénieur Informaticien,Paris,48
KeyPers_Paris_1230064,Ingénieur Data,Paris,81
KeyPers_Paris_1230065,Ingénieur Informaticien,Paris,79
KeyPers_Paris_1230066,Ingénieur Data,Paris,25
KeyPers_Paris_1230067,Ingénieur Data,Paris,94
KeyPers_Paris_1230068,Ingénieur Informaticien,Paris,28
KeyPers_Paris_1230069,Ingénieur Informaticien,Paris,91
KeyPers_Paris_1230070,Ingénieur Data,Paris,85
KeyPers_Paris_1230071,Ingénieur Data,Paris,93
KeyPers_Paris_1230072,Ingénieur Informaticien,Paris,34
KeyPers_Paris_1230073,Ingénieur Data,Paris,47
KeyPers_Paris_1230074,Ingénieur Informaticien,Paris,94
KeyPers_Paris_1230075,Ingénieur Informaticien,Paris,85
KeyPers_Paris_1230076,Cadre,Paris,65
KeyPers_Paris_1230077,Ingénieur Data,Paris,85
KeyPers_Paris_1230078,Ingénieur Data,Paris,57
KeyPers_Paris_1230079,Cadre,Paris,71
KeyPers_Paris_1230080,Economiste,Paris,57
KeyPers_Paris_1230081,Cadre,Paris,76
KeyPers_Paris_1230082,DRH,Paris,69
KeyPers_Paris_1230083,DRH,Paris,59
KeyPers_Paris_1230084,Ingénieur Data,Paris,58
KeyPers_Paris_1230085,Ingénieur Informaticien,Paris,37
KeyPers_Paris_1230086,Ingénieur Data,Paris,27
KeyPers_Paris_1230087,Cadre,Paris,84
KeyPers_Paris_1230088,DRH,Paris,69
KeyPers_Paris_1230089,Ingénieur Informaticien,Paris,51
KeyPers_Paris_1230090,Ingénieur Informaticien,Paris,62
KeyPers_Paris_1230091,Ingénieur Data,Paris,29
KeyPers_Paris_1230092,DRH,Paris,82
KeyPers_Paris_1230093,Ingénieur Data,Paris,65
KeyPers_Paris_1230094,Economiste,Paris,40
KeyPers_Paris_1230095,Ingénieur Informaticien,Paris,83
KeyPers_Paris_1230096,Ingénieur Informaticien,Paris,48
KeyPers_Paris_1230097,Ingénieur Data,Paris,75
KeyPers_Paris_1230098,Ingénieur Informaticien,Paris,39
KeyPers_Paris_1230099,Ingénieur Data,Paris,55
KeyPers_Paris_1230100,Ingénieur Informaticien,Paris,74
KeyPers_Paris_1230101,Ingénieur Informaticien,Paris,90
KeyPers_Paris_1230102,Ingénieur Informaticien,Paris,25
KeyPers_Paris_1230103,Ingénieur Data,Paris,83
KeyPers_Paris_1230104,Ingénieur Data,Paris,85
KeyPers_Paris_1230105,Ingénieur Data,Paris,41
KeyPers_Paris_1230106,Cadre,Paris,29
KeyPers_Paris_1230107,Ingénieur Data,Paris,36
KeyPers_Paris_1230108,Cadre,Paris,85
KeyPers_Paris_1230109,Ingénieur Informaticien,Paris,25
KeyPers_Paris_1230110,Ingénieur Data,Paris,63
KeyPers_Paris_1230111,Ingénieur Data,Paris,69
KeyPers_Paris_1230112,Ingénieur Data,Paris,27
KeyPers_Paris_1230113,Ingénieur Data,Paris,96
KeyPers_Paris_1230114,Ingénieur Informaticien,Paris,60
KeyPers_Paris_1230115,Ingénieur Informaticien,Paris,94
KeyPers_Paris_1230116,Ingénieur Informaticien,Paris,64
KeyPers_Paris_1230117,Ingénieur Data,Paris,53
KeyPers_Paris_1230118,Ingénieur Informaticien,Paris,47
KeyPers_Paris_1230119,Ingénieur Informaticien,Paris,37
KeyPers_Paris_1230120,Ingénieur Data,Paris,93
KeyPers_Paris_1230121,Ingénieur Data,Paris,83
KeyPers_Paris_1230122,Ingénieur Informaticien,Paris,38
KeyPers_Paris_1230123,Cadre,Paris,42
KeyPers_Paris_1230124,Ingénieur Data,Paris,81
KeyPers_Paris_1230125,Ingénieur Data,Paris,30
KeyPers_Paris_1230126,Ingénieur Data,Paris,88
KeyPers_Paris_1230127,Economiste,Paris,48
KeyPers_Paris_1230128,Ingénieur Data,Paris,76
KeyPers_Paris_1230129,Ingénieur Informaticien,Paris,51
KeyPers_Paris_1230130,Ingénieur Informaticien,Paris,26
KeyPers_Paris_1230131,Ingénieur Informaticien,Paris,46
KeyPers_Paris_1230132,Cadre,Paris,72
KeyPers_Paris_1230133,Economiste,Paris,64
KeyPers_Paris_1230134,Ingénieur Data,Paris,78
KeyPers_Paris_1230135,Ingénieur Informaticien,Paris,27
KeyPers_Paris_1230136,Ingénieur Data,Paris,60
KeyPers_Paris_1230137,Ingénieur Data,Paris,89
KeyPers_Paris_1230138,Ingénieur Informaticien,Paris,85
KeyPers_Paris_1230139,Cadre,Paris,57
KeyPers_Paris_1230140,Ingénieur Informaticien,Paris,40
KeyPers_Paris_1230141,Ingénieur Data,Paris,80
KeyPers_Paris_1230142,Cadre,Paris,90
KeyPers_Paris_1230143,Ingénieur Informaticien,Paris,47
KeyPers_Paris_1230144,Ingénieur Data,Paris,54
KeyPers_Paris_1230145,Cadre,Paris,77
KeyPers_Paris_1230146,Ingénieur Data,Paris,42
KeyPers_Paris_1230147,Ingénieur Informaticien,Paris,55
KeyPers_Paris_1230148,Ingénieur Data,Paris,37
KeyPers_Paris_1230149,Ingénieur Data,Paris,94
KeyPers_Paris_1230150,Ingénieur Informaticien,Paris,56
KeyPers_Paris_1230151,Ingénieur Data,Paris,81
KeyPers_Paris_1230152,Cadre,Paris,80
KeyPers_Paris_1230153,Ingénieur Informaticien,Paris,72
KeyPers_Paris_1230154,Cadre,Paris,29
KeyPers_Paris_1230155,Ingénieur Data,Paris,59
KeyPers_Paris_1230156,Ingénieur Informaticien,Paris,61
KeyPers_Paris_1230157,Ingénieur Data,Paris,59
KeyPers_Paris_1230158,Cadre,Paris,48
KeyPers_Paris_1230159,Economiste,Paris,27
KeyPers_Paris_1230160,Ingénieur Informaticien,Paris,53
KeyPers_Paris_1230161,Cadre,Paris,70
KeyPers_Paris_1230162,Ingénieur Data,Paris,53
KeyPers_Paris_1230163,Economiste,Paris,42
KeyPers_Paris_1230164,Ingénieur Data,Paris,34
KeyPers_Paris_1230165,Ingénieur Informaticien,Paris,94
KeyPers_Paris_1230166,Ingénieur Data,Paris,29
KeyPers_Paris_1230167,Ingénieur Informaticien,Paris,87
KeyPers_Paris_1230168,Ingénieur Data,Paris,60
KeyPers_Paris_1230169,Ingénieur Data,Paris,84
KeyPers_Paris_1230170,Ingénieur Data,Paris,57
KeyPers_Paris_1230171,Ingénieur Informaticien,Paris,73
KeyPers_Paris_1230172,Ingénieur Informaticien,Paris,35
KeyPers_Paris_1230173,Ingénieur Informaticien,Paris,53
KeyPers_Paris_1230174,Ingénieur Data,Paris,88
KeyPers_Paris_1230175,Cadre,Paris,63
KeyPers_Paris_1230176,Ingénieur Informaticien,Paris,53
KeyPers_Paris_1230177,Ingénieur Data,Paris,34
KeyPers_Paris_1230178,Ingénieur Informaticien,Paris,61
KeyPers_Paris_1230179,Ingénieur Data,Paris,37
KeyPers_Paris_1230180,Ingénieur Data,Paris,71
KeyPers_Paris_1230181,Ingénieur Data,Paris,78
KeyPers_Paris_1230182,Economiste,Paris,41
KeyPers_Paris_1230183,Ingénieur Data,Paris,45
KeyPers_Paris_1230184,Ingénieur Informaticien,Paris,45
KeyPers_Paris_1230185,Ingénieur Informaticien,Paris,87
KeyPers_Paris_1230186,Ingénieur Informaticien,Paris,77
KeyPers_Paris_1230187,Economiste,Paris,58
KeyPers_Paris_1230188,Cadre,Paris,50
KeyPers_Paris_1230189,Ingénieur Data,Paris,49
KeyPers_Paris_1230190,Ingénieur Data,Paris,74
KeyPers_Paris_1230191,Ingénieur Informaticien,Paris,45
KeyPers_Paris_1230192,Ingénieur Informaticien,Paris,78
KeyPers_Paris_1230193,Cadre,Paris,24
KeyPers_Paris_1230194,Ingénieur Informaticien,Paris,25
KeyPers_Paris_1230195,Ingénieur Data,Paris,66
KeyPers_Paris_1230196,Ingénieur Informaticien,Paris,83
KeyPers_Paris_1230197,Ingénieur Informaticien,Paris,95
KeyPers_Paris_1230198,Ingénieur Informaticien,Paris,53
KeyPers_Paris_1230199,Ingénieur Data,Paris,53
KeyPers_Paris_1230200,Ingénieur Informaticien,Paris,40
KeyPers_Paris_1230201,Cadre,Paris,70
KeyPers_Paris_1230202,Ingénieur Informaticien,Paris,90
KeyPers_Paris_1230203,Ingénieur Informaticien,Paris,69
KeyPers_Paris_1230204,Ingénieur Informaticien,Paris,63
KeyPers_Paris_1230205,Ingénieur Informaticien,Paris,77
KeyPers_Paris_1230206,Cadre,Paris,79
KeyPers_Paris_1230207,Cadre,Paris,94
KeyPers_Paris_1230208,Ingénieur Informaticien,Paris,59
KeyPers_Paris_1230209,Ingénieur Data,Paris,88
KeyPers_Paris_1230210,Cadre,Paris,31
KeyPers_Paris_1230211,Ingénieur Informaticien,Paris,44
KeyPers_Paris_1230212,Ingénieur Data,Paris,66
KeyPers_Paris_1230213,Cadre,Paris,34
KeyPers_Paris_1230214,Ingénieur Data,Paris,58
KeyPers_Paris_1230215,Cadre,Paris,89
KeyPers_Paris_1230216,Economiste,Paris,51
KeyPers_Paris_1230217,Ingénieur Informaticien,Paris,60
KeyPers_Paris_1230218,Ingénieur Informaticien,Paris,57
KeyPers_Paris_1230219,Cadre,Paris,44
KeyPers_Paris_1230220,Ingénieur Informaticien,Paris,90
KeyPers_Paris_1230221,Ingénieur Informaticien,Paris,84
KeyPers_Paris_1230222,Ingénieur Data,Paris,81
KeyPers_Paris_1230223,DRH,Paris,93
KeyPers_Paris_1230224,Ingénieur Informaticien,Paris,76
KeyPers_Paris_1230225,Ingénieur Data,Paris,90
KeyPers_Paris_1230226,Ingénieur Informaticien,Paris,59
KeyPers_Paris_1230227,Ingénieur Informaticien,Paris,52
KeyPers_Paris_1230228,Cadre,Paris,68
KeyPers_Paris_1230229,Ingénieur Data,Paris,32
KeyPers_Paris_1230230,Ingénieur Informaticien,Paris,69
KeyPers_Paris_1230231,Ingénieur Informaticien,Paris,44
KeyPers_Paris_1230232,Ingénieur Data,Paris,54
KeyPers_Paris_1230233,Ingénieur Informaticien,Paris,62
KeyPers_Paris_1230234,Ingénieur Informaticien,Paris,48
KeyPers_Paris_1230235,Ingénieur Data,Paris,49
KeyPers_Paris_1230236,Ingénieur Data,Paris,70
KeyPers_Paris_1230237,Cadre,Paris,64
KeyPers_Paris_1230238,Cadre,Paris,82
KeyPers_Paris_1230239,Ingénieur Data,Paris,27
KeyPers_Paris_1230240,Ingénieur Informaticien,Paris,48
KeyPers_Paris_1230241,Economiste,Paris,85
KeyPers_Paris_1230242,Ingénieur Informaticien,Paris,37
KeyPers_Paris_1230243,Ingénieur Informaticien,Paris,88
KeyPers_Paris_1230244,Cadre,Paris,44
KeyPers_Paris_1230245,Ingénieur Data,Paris,63
KeyPers_Paris_1230246,Cadre,Paris,74
KeyPers_Paris_1230247,Ingénieur Data,Paris,93
KeyPers_Paris_1230248,Cadre,Paris,93
KeyPers_Paris_1230249,Ingénieur Data,Paris,37
KeyPers_Paris_1230250,Ingénieur Informaticien,Paris,62
KeyPers_Paris_1230251,Ingénieur Data,Paris,31
KeyPers_Paris_1230252,Ingénieur Informaticien,Paris,25
KeyPers_Paris_1230253,Cadre,Paris,25
KeyPers_Paris_1230254,Ingénieur Informaticien,Paris,53
KeyPers_Paris_1230255,Economiste,Paris,88
KeyPers_Paris_1230256,Cadre,Paris,68
KeyPers_Paris_1230257,Ingénieur Data,Paris,25
KeyPers_Paris_1230258,Ingénieur Data,Paris,32
KeyPers_Paris_1230259,Ingénieur Informaticien,Paris,68
KeyPers_Paris_1230260,Cadre,Paris,84
KeyPers_Paris_1230261,Ingénieur Data,Paris,49
KeyPers_Paris_1230262,Ingénieur Informaticien,Paris,73
KeyPers_Paris_1230263,Ingénieur Data,Paris,77
KeyPers_Paris_1230264,Ingénieur Data,Paris,65
KeyPers_Paris_1230265,Ingénieur Data,Paris,65
KeyPers_Paris_1230266,Ingénieur Informaticien,Paris,74
KeyPers_Paris_1230267,Ingénieur Data,Paris,65
KeyPers_Paris_1230268,Ingénieur Informaticien,Paris,32
KeyPers_Paris_1230269,Ingénieur Informaticien,Paris,44
KeyPers_Paris_1230270,Cadre,Paris,80
KeyPers_Paris_1230271,Ingénieur Data,Paris,26
KeyPers_Paris_1230272,Economiste,Paris,55
KeyPers_Paris_1230273,Ingénieur Informaticien,Paris,83
KeyPers_Paris_1230274,Ingénieur Data,Paris,76
KeyPers_Paris_1230275,Cadre,Paris,36
KeyPers_Paris_1230276,Ingénieur Data,Paris,59
KeyPers_Paris_1230277,Cadre,Paris,49
KeyPers_Paris_1230278,Cadre,Paris,82
KeyPers_Paris_1230279,Ingénieur Informaticien,Paris,74
KeyPers_Paris_1230280,Cadre,Paris,31
KeyPers_Paris_1230281,Ingénieur Informaticien,Paris,43
KeyPers_Paris_1230282,Ingénieur Data,Paris,54
KeyPers_Paris_1230283,Ingénieur Informaticien,Paris,57
KeyPers_Paris_1230284,Ingénieur Data,Paris,24
KeyPers_Paris_1230285,Ingénieur Informaticien,Paris,61
KeyPers_Paris_1230286,Ingénieur Data,Paris,38
KeyPers_Paris_1230287,Ingénieur Informaticien,Paris,86
KeyPers_Paris_1230288,Ingénieur Informaticien,Paris,81
KeyPers_Paris_1230289,Economiste,Paris,38
KeyPers_Paris_1230290,Cadre,Paris,92
KeyPers_Paris_1230291,Ingénieur Informaticien,Paris,47
KeyPers_Paris_1230292,Ingénieur Informaticien,Paris,87
KeyPers_Paris_1230293,Economiste,Paris,39
KeyPers_Paris_1230294,Ingénieur Informaticien,Paris,73
KeyPers_Paris_1230295,Ingénieur Data,Paris,38
KeyPers_Paris_1230296,Ingénieur Informaticien,Paris,76
KeyPers_Paris_1230297,Ingénieur Data,Paris,43
KeyPers_Paris_1230298,Ingénieur Data,Paris,92
KeyPers_Paris_1230299,Ingénieur Data,Paris,90
KeyPers_Paris_1230300,Ingénieur Informaticien,Paris,62
KeyPers_Paris_1230301,Ingénieur Informaticien,Paris,70
KeyPers_Paris_1230302,Ingénieur Data,Paris,89
KeyPers_Paris_1230303,Ingénieur Informaticien,Paris,92
KeyPers_Paris_1230304,Economiste,Paris,92
KeyPers_Paris_1230305,Ingénieur Informaticien,Paris,74
KeyPers_Paris_1230306,Ingénieur Data,Paris,35
KeyPers_Paris_1230307,Ingénieur Informaticien,Paris,34
KeyPers_Paris_1230308,Ingénieur Informaticien,Paris,81
KeyPers_Paris_1230309,Ingénieur Informaticien,Paris,76
KeyPers_Paris_1230310,Cadre,Paris,86
KeyPers_Paris_1230311,Cadre,Paris,42
KeyPers_Paris_1230312,Cadre,Paris,37
KeyPers_Paris_1230313,Ingénieur Data,Paris,28
KeyPers_Paris_1230314,Ingénieur Informaticien,Paris,89
KeyPers_Paris_1230315,Ingénieur Informaticien,Paris,65
KeyPers_Paris_1230316,Cadre,Paris,35
KeyPers_Paris_1230317,Ingénieur Informaticien,Paris,68
KeyPers_Paris_1230318,Ingénieur Data,Paris,77
KeyPers_Paris_1230319,Ingénieur Informaticien,Paris,25
KeyPers_Paris_1230320,Ingénieur Data,Paris,58
KeyPers_Paris_1230321,DRH,Paris,53
KeyPers_Paris_1230322,Cadre,Paris,81
KeyPers_Paris_1230323,Ingénieur Informaticien,Paris,27
KeyPers_Paris_1230324,Ingénieur Data,Paris,61
KeyPers_Paris_1230325,Ingénieur Data,Paris,41
KeyPers_Paris_1230326,Ingénieur Informaticien,Paris,78
KeyPers_Paris_1230327,Ingénieur Data,Paris,40
KeyPers_Paris_1230328,Cadre,Paris,26
KeyPers_Paris_1230329,Ingénieur Informaticien,Paris,95
KeyPers_Paris_1230330,Ingénieur Data,Paris,64
KeyPers_Paris_1230331,Ingénieur Data,Paris,33
KeyPers_Paris_1230332,Ingénieur Informaticien,Paris,67
KeyPers_Paris_1230333,Ingénieur Informaticien,Paris,51
KeyPers_Paris_1230334,Cadre,Paris,30
KeyPers_Paris_1230335,Ingénieur Informaticien,Paris,35
KeyPers_Paris_1230336,Ingénieur Informaticien,Paris,86
KeyPers_Paris_1230337,Ingénieur Informaticien,Paris,75
KeyPers_Paris_1230338,Ingénieur Data,Paris,49
KeyPers_Paris_1230339,Ingénieur Informaticien,Paris,78
KeyPers_Paris_1230340,Cadre,Paris,27
KeyPers_Paris_1230341,Ingénieur Data,Paris,35
KeyPers_Paris_1230342,Ingénieur Informaticien,Paris,35
KeyPers_Paris_1230343,Ingénieur Informaticien,Paris,39
KeyPers_Paris_1230344,Ingénieur Data,Paris,57
KeyPers_Paris_1230345,Ingénieur Data,Paris,74
KeyPers_Paris_1230346,Ingénieur Informaticien,Paris,76
KeyPers_Paris_1230347,Ingénieur Informaticien,Paris,60
KeyPers_Paris_1230348,Ingénieur Informaticien,Paris,78
KeyPers_Paris_1230349,Ingénieur Informaticien,Paris,69
KeyPers_Paris_1230350,Ingénieur Data,Paris,27
KeyPers_Paris_1230351,Ingénieur Data,Paris,90
KeyPers_Paris_1230352,Ingénieur Informaticien,Paris,95
KeyPers_Paris_1230353,Ingénieur Informaticien,Paris,81
KeyPers_Paris_1230354,Ingénieur Data,Paris,59
KeyPers_Paris_1230355,Ingénieur Data,Paris,71
KeyPers_Paris_1230356,Ingénieur Data,Paris,58
KeyPers_Paris_1230357,Ingénieur Data,Paris,24
KeyPers_Paris_1230358,Ingénieur Data,Paris,61
KeyPers_Paris_1230359,Ingénieur Informaticien,Paris,41
KeyPers_Paris_1230360,Ingénieur Informaticien,Paris,64
KeyPers_Paris_1230361,Economiste,Paris,53
KeyPers_Paris_1230362,Ingénieur Informaticien,Paris,89
KeyPers_Paris_1230363,Ingénieur Informaticien,Paris,31
KeyPers_Paris_1230364,Ingénieur Informaticien,Paris,82
KeyPers_Paris_1230365,Ingénieur Data,Paris,49
KeyPers_Paris_1230366,Ingénieur Data,Paris,65
KeyPers_Paris_1230367,Ingénieur Informaticien,Paris,50
KeyPers_Paris_1230368,Ingénieur Informaticien,Paris,81
KeyPers_Paris_1230369,Ingénieur Informaticien,Paris,70
KeyPers_Paris_1230370,Ingénieur Informaticien,Paris,91
KeyPers_Paris_1230371,Economiste,Paris,76
KeyPers_Paris_1230372,Cadre,Paris,76
KeyPers_Paris_1230373,Ingénieur Data,Paris,49
KeyPers_Paris_1230374,Ingénieur Informaticien,Paris,49
KeyPers_Paris_1230375,Ingénieur Data,Paris,79
KeyPers_Paris_1230376,Ingénieur Data,Paris,69
KeyPers_Paris_1230377,Ingénieur Data,Paris,30
KeyPers_Paris_1230378,Cadre,Paris,31
KeyPers_Paris_1230379,Ingénieur Data,Paris,38
KeyPers_Paris_1230380,Ingénieur Data,Paris,68
KeyPers_Paris_1230381,Ingénieur Informaticien,Paris,88
KeyPers_Paris_1230382,Cadre,Paris,89
KeyPers_Paris_1230383,Ingénieur Informaticien,Paris,71
KeyPers_Paris_1230384,Cadre,Paris,93
KeyPers_Paris_1230385,Ingénieur Data,Paris,83
KeyPers_Paris_1230386,Ingénieur Data,Paris,77
KeyPers_Paris_1230387,Ingénieur Data,Paris,71
KeyPers_Paris_1230388,Ingénieur Data,Paris,54
KeyPers_Paris_1230389,Economiste,Paris,75
KeyPers_Paris_1230390,Ingénieur Data,Paris,45
KeyPers_Paris_1230391,Ingénieur Informaticien,Paris,30
KeyPers_Paris_1230392,Ingénieur Data,Paris,93
KeyPers_Paris_1230393,Ingénieur Data,Paris,76
KeyPers_Paris_1230394,Ingénieur Informaticien,Paris,33
KeyPers_Paris_1230395,Ingénieur Informaticien,Paris,68
KeyPers_Paris_1230396,DRH,Paris,87
KeyPers_Paris_1230397,Ingénieur Informaticien,Paris,44
KeyPers_Paris_1230398,Ingénieur Informaticien,Paris,78
KeyPers_Paris_1230399,Ingénieur Informaticien,Paris,38
KeyPers_Paris_1230400,Ingénieur Informaticien,Paris,68
KeyPers_Paris_1230401,Ingénieur Informaticien,Paris,61
KeyPers_Paris_1230402,Economiste,Paris,33
KeyPers_Paris_1230403,Ingénieur Data,Paris,65
KeyPers_Paris_1230404,Ingénieur Data,Paris,67
KeyPers_Paris_1230405,Ingénieur Data,Paris,34
KeyPers_Paris_1230406,Ingénieur Informaticien,Paris,28
KeyPers_Paris_1230407,Ingénieur Informaticien,Paris,59
KeyPers_Paris_1230408,Ingénieur Informaticien,Paris,84
KeyPers_Paris_1230409,Ingénieur Data,Paris,66
KeyPers_Paris_1230410,Ingénieur Data,Paris,84
KeyPers_Paris_1230411,Ingénieur Data,Paris,81
KeyPers_Paris_1230412,Ingénieur Informaticien,Paris,38
KeyPers_Paris_1230413,Ingénieur Informaticien,Paris,24
KeyPers_Paris_1230414,Economiste,Paris,66
KeyPers_Paris_1230415,Ingénieur Data,Paris,66
KeyPers_Paris_1230416,Ingénieur Informaticien,Paris,80
KeyPers_Paris_1230417,Ingénieur Informaticien,Paris,76
KeyPers_Paris_1230418,Ingénieur Informaticien,Paris,89
KeyPers_Paris_1230419,Ingénieur Data,Paris,72
KeyPers_Paris_1230420,Ingénieur Informaticien,Paris,71
KeyPers_Paris_1230421,Ingénieur Informaticien,Paris,76
KeyPers_Paris_1230422,Cadre,Paris,36
KeyPers_Paris_1230423,Ingénieur Data,Paris,55
KeyPers_Paris_1230424,Ingénieur Informaticien,Paris,56
KeyPers_Paris_1230425,Ingénieur Data,Paris,40
KeyPers_Paris_1230426,Ingénieur Data,Paris,59
KeyPers_Paris_1230427,Ingénieur Informaticien,Paris,81
KeyPers_Paris_1230428,Ingénieur Informaticien,Paris,55
KeyPers_Paris_1230429,Ingénieur Informaticien,Paris,51
KeyPers_Paris_1230430,Ingénieur Informaticien,Paris,48
KeyPers_Paris_1230431,Cadre,Paris,84
KeyPers_Paris_1230432,Ingénieur Data,Paris,30
KeyPers_Paris_1230433,Ingénieur Data,Paris,33
KeyPers_Paris_1230434,Cadre,Paris,83
KeyPers_Paris_1230435,Ingénieur Informaticien,Paris,93
KeyPers_Paris_1230436,Cadre,Paris,73
KeyPers_Paris_1230437,Ingénieur Informaticien,Paris,69
KeyPers_Paris_1230438,Ingénieur Data,Paris,64
KeyPers_Paris_1230439,Ingénieur Informaticien,Paris,49
KeyPers_Paris_1230440,DRH,Paris,80
KeyPers_Paris_1230441,Ingénieur Data,Paris,84
KeyPers_Paris_1230442,Ingénieur Informaticien,Paris,87
KeyPers_Paris_1230443,Ingénieur Data,Paris,63
KeyPers_Paris_1230444,Ingénieur Informaticien,Paris,33
KeyPers_Paris_1230445,Cadre,Paris,73
KeyPers_Paris_1230446,Economiste,Paris,61
KeyPers_Paris_1230447,Ingénieur Informaticien,Paris,91
KeyPers_Paris_1230448,Ingénieur Data,Paris,69
KeyPers_Paris_1230449,Ingénieur Data,Paris,34
KeyPers_Paris_1230450,Ingénieur Informaticien,Paris,82
KeyPers_Paris_1230451,Ingénieur Data,Paris,78
KeyPers_Paris_1230452,Ingénieur Data,Paris,57
KeyPers_Paris_1230453,Ingénieur Data,Paris,49
KeyPers_Paris_1230454,Cadre,Paris,64
KeyPers_Paris_1230455,Ingénieur Data,Paris,75
KeyPers_Paris_1230456,Cadre,Paris,75
KeyPers_Paris_1230457,Ingénieur Informaticien,Paris,92
KeyPers_Paris_1230458,Ingénieur Informaticien,Paris,81
KeyPers_Paris_1230459,Ingénieur Data,Paris,40
KeyPers_Paris_1230460,Ingénieur Informaticien,Paris,61
KeyPers_Paris_1230461,Ingénieur Informaticien,Paris,88
KeyPers_Paris_1230462,Ingénieur Informaticien,Paris,70
KeyPers_Paris_1230463,Ingénieur Informaticien,Paris,52
KeyPers_Paris_1230464,Ingénieur Informaticien,Paris,69
KeyPers_Paris_1230465,Ingénieur Informaticien,Paris,69
KeyPers_Paris_1230466,Cadre,Paris,78
KeyPers_Paris_1230467,Ingénieur Data,Paris,89
KeyPers_Paris_1230468,Cadre,Paris,78
KeyPers_Paris_1230469,Ingénieur Informaticien,Paris,46
KeyPers_Paris_1230470,Ingénieur Data,Paris,42
KeyPers_Paris_1230471,Ingénieur Data,Paris,52
KeyPers_Paris_1230472,Ingénieur Data,Paris,92
KeyPers_Paris_1230473,Ingénieur Data,Paris,64
KeyPers_Paris_1230474,Ingénieur Informaticien,Paris,67
KeyPers_Paris_1230475,Ingénieur Data,Paris,68
KeyPers_Paris_1230476,Ingénieur Informaticien,Paris,71
KeyPers_Paris_1230477,Ingénieur Data,Paris,32
KeyPers_Paris_1230478,Ingénieur Data,Paris,91
KeyPers_Paris_1230479,Cadre,Paris,47
KeyPers_Paris_1230480,Ingénieur Informaticien,Paris,87
KeyPers_Paris_1230481,Cadre,Paris,43
KeyPers_Paris_1230482,Ingénieur Informaticien,Paris,55
KeyPers_Paris_1230483,Ingénieur Data,Paris,52
KeyPers_Paris_1230484,Ingénieur Informaticien,Paris,30
KeyPers_Paris_1230485,Ingénieur Data,Paris,53
KeyPers_Paris_1230486,Cadre,Paris,70
KeyPers_Paris_1230487,Ingénieur Data,Paris,63
KeyPers_Paris_1230488,Ingénieur Data,Paris,79
KeyPers_Paris_1230489,Ingénieur Informaticien,Paris,27
KeyPers_Paris_1230490,Cadre,Paris,72
KeyPers_Paris_1230491,Ingénieur Data,Paris,31
KeyPers_Paris_1230492,Ingénieur Informaticien,Paris,70
KeyPers_Paris_1230493,Ingénieur Data,Paris,39
KeyPers_Paris_1230494,Ingénieur Informaticien,Paris,28
KeyPers_Paris_1230495,Cadre,Paris,83
KeyPers_Paris_1230496,Ingénieur Data,Paris,41
KeyPers_Paris_1230497,Ingénieur Informaticien,Paris,89
KeyPers_Paris_1230498,Ingénieur Data,Paris,54
KeyPers_Paris_1230499,Ingénieur Data,Paris,72
KeyPers_Paris_1230500,Ingénieur Data,Paris,56
KeyPers_Paris_1230501,Ingénieur Data,Paris,29
KeyPers_Paris_1230502,Cadre,Paris,50
KeyPers_Paris_1230503,Ingénieur Informaticien,Paris,59
KeyPers_Paris_1230504,Ingénieur Informaticien,Paris,28
KeyPers_Paris_1230505,Ingénieur Data,Paris,87
KeyPers_Paris_1230506,Ingénieur Informaticien,Paris,28
KeyPers_Paris_1230507,Ingénieur Data,Paris,58
KeyPers_Paris_1230508,Ingénieur Informaticien,Paris,64
KeyPers_Paris_1230509,Cadre,Paris,83
KeyPers_Paris_1230510,Ingénieur Data,Paris,32
KeyPers_Paris_1230511,Ingénieur Informaticien,Paris,45
KeyPers_Paris_1230512,Ingénieur Informaticien,Paris,46
KeyPers_Paris_1230513,Ingénieur Informaticien,Paris,37
KeyPers_Paris_1230514,Ingénieur Data,Paris,77
KeyPers_Paris_1230515,Ingénieur Data,Paris,36
KeyPers_Paris_1230516,Ingénieur Data,Paris,70
KeyPers_Paris_1230517,Ingénieur Informaticien,Paris,93
KeyPers_Paris_1230518,Ingénieur Informaticien,Paris,44
KeyPers_Paris_1230519,Ingénieur Data,Paris,62
KeyPers_Paris_1230520,Ingénieur Informaticien,Paris,50
KeyPers_Paris_1230521,Cadre,Paris,47
KeyPers_Paris_1230522,Ingénieur Data,Paris,67
KeyPers_Paris_1230523,Ingénieur Informaticien,Paris,85
KeyPers_Paris_1230524,Ingénieur Informaticien,Paris,26
KeyPers_Paris_1230525,Ingénieur Informaticien,Paris,36
KeyPers_Paris_1230526,Ingénieur Informaticien,Paris,67
KeyPers_Paris_1230527,Ingénieur Informaticien,Paris,38
KeyPers_Paris_1230528,Cadre,Paris,25
KeyPers_Paris_1230529,Economiste,Paris,58
KeyPers_Paris_1230530,Ingénieur Informaticien,Paris,62
KeyPers_Paris_1230531,Ingénieur Informaticien,Paris,63
KeyPers_Paris_1230532,Ingénieur Informaticien,Paris,66
KeyPers_Paris_1230533,Ingénieur Informaticien,Paris,54
KeyPers_Paris_1230534,Ingénieur Informaticien,Paris,86
KeyPers_Paris_1230535,Ingénieur Data,Paris,80
KeyPers_Paris_1230536,Ingénieur Informaticien,Paris,38
KeyPers_Paris_1230537,Ingénieur Informaticien,Paris,39
KeyPers_Paris_1230538,Ingénieur Data,Paris,56
KeyPers_Paris_1230539,Ingénieur Data,Paris,75
KeyPers_Paris_1230540,Ingénieur Data,Paris,60
KeyPers_Paris_1230541,Ingénieur Data,Paris,91
KeyPers_Paris_1230542,Ingénieur Informaticien,Paris,57
KeyPers_Paris_1230543,Cadre,Paris,69
KeyPers_Paris_1230544,DRH,Paris,39
KeyPers_Paris_1230545,Ingénieur Data,Paris,73
KeyPers_Paris_1230546,Ingénieur Informaticien,Paris,61
KeyPers_Paris_1230547,Ingénieur Data,Paris,49
KeyPers_Paris_1230548,Ingénieur Data,Paris,75
KeyPers_Paris_1230549,Economiste,Paris,55
KeyPers_Paris_1230550,Cadre,Paris,65
KeyPers_Paris_1230551,Ingénieur Informaticien,Paris,37
KeyPers_Paris_1230552,Ingénieur Informaticien,Paris,37
KeyPers_Paris_1230553,Ingénieur Informaticien,Paris,30
KeyPers_Paris_1230554,Ingénieur Informaticien,Paris,36
KeyPers_Paris_1230555,Cadre,Paris,68
KeyPers_Paris_1230556,Ingénieur Data,Paris,90
KeyPers_Paris_1230557,Ingénieur Informaticien,Paris,42
KeyPers_Paris_1230558,Ingénieur Data,Paris,95
KeyPers_Paris_1230559,Ingénieur Data,Paris,49
KeyPers_Paris_1230560,Ingénieur Informaticien,Paris,65
KeyPers_Paris_1230561,Ingénieur Informaticien,Paris,34
KeyPers_Paris_1230562,Ingénieur Data,Paris,55
KeyPers_Paris_1230563,Cadre,Paris,30
KeyPers_Paris_1230564,Ingénieur Informaticien,Paris,33
KeyPers_Paris_1230565,Ingénieur Data,Paris,93
KeyPers_Paris_1230566,Ingénieur Data,Paris,73
KeyPers_Paris_1230567,Cadre,Paris,90
KeyPers_Paris_1230568,Ingénieur Informaticien,Paris,28
KeyPers_Paris_1230569,Ingénieur Informaticien,Paris,76
KeyPers_Paris_1230570,Cadre,Paris,73
KeyPers_Paris_1230571,Ingénieur Informaticien,Paris,35
KeyPers_Paris_1230572,Ingénieur Informaticien,Paris,82
KeyPers_Paris_1230573,Ingénieur Informaticien,Paris,26
KeyPers_Paris_1230574,Ingénieur Data,Paris,59
KeyPers_Paris_1230575,Ingénieur Data,Paris,64
KeyPers_Paris_1230576,Cadre,Paris,36
KeyPers_Paris_1230577,Ingénieur Data,Paris,70
KeyPers_Paris_1230578,Ingénieur Informaticien,Paris,29
KeyPers_Paris_1230579,Ingénieur Informaticien,Paris,50
KeyPers_Paris_1230580,Ingénieur Informaticien,Paris,60
KeyPers_Paris_1230581,Ingénieur Data,Paris,93
KeyPers_Paris_1230582,Ingénieur Data,Paris,49
KeyPers_Paris_1230583,Ingénieur Informaticien,Paris,44
KeyPers_Paris_1230584,Ingénieur Informaticien,Paris,46
KeyPers_Paris_1230585,Economiste,Paris,90
KeyPers_Paris_1230586,Cadre,Paris,86
KeyPers_Paris_1230587,Ingénieur Data,Paris,65
KeyPers_Paris_1230588,Ingénieur Informaticien,Paris,27
KeyPers_Paris_1230589,Cadre,Paris,81
KeyPers_Paris_1230590,Ingénieur Data,Paris,54
KeyPers_Paris_1230591,Ingénieur Data,Paris,31
KeyPers_Paris_1230592,Ingénieur Informaticien,Paris,39
KeyPers_Paris_1230593,Ingénieur Data,Paris,93
KeyPers_Paris_1230594,Ingénieur Informaticien,Paris,81
KeyPers_Paris_1230595,Economiste,Paris,54
KeyPers_Paris_1230596,Ingénieur Data,Paris,84
KeyPers_Paris_1230597,Ingénieur Informaticien,Paris,52
KeyPers_Paris_1230598,Ingénieur Informaticien,Paris,62
KeyPers_Paris_1230599,Ingénieur Informaticien,Paris,66
KeyPers_Paris_1230600,Ingénieur Informaticien,Paris,66
KeyPers_Paris_1230601,Cadre,Paris,44
KeyPers_Paris_1230602,Ingénieur Data,Paris,24
KeyPers_Paris_1230603,Ingénieur Informaticien,Paris,90
KeyPers_Paris_1230604,Ingénieur Data,Paris,48
KeyPers_Paris_1230605,Ingénieur Informaticien,Paris,49
KeyPers_Paris_1230606,Cadre,Paris,26
KeyPers_Paris_1230607,Ingénieur Data,Paris,29
KeyPers_Paris_1230608,Ingénieur Data,Paris,93
KeyPers_Paris_1230609,Cadre,Paris,44
KeyPers_Paris_1230610,Ingénieur Informaticien,Paris,66
KeyPers_Paris_1230611,Ingénieur Data,Paris,35
KeyPers_Paris_1230612,Ingénieur Data,Paris,43
KeyPers_Paris_1230613,Cadre,Paris,64
KeyPers_Paris_1230614,Ingénieur Data,Paris,52
KeyPers_Paris_1230615,Cadre,Paris,62
KeyPers_Paris_1230616,Cadre,Paris,73
KeyPers_Paris_1230617,Cadre,Paris,72
KeyPers_Paris_1230618,Ingénieur Data,Paris,82
KeyPers_Paris_1230619,Ingénieur Informaticien,Paris,47
KeyPers_Paris_1230620,Ingénieur Informaticien,Paris,25
KeyPers_Paris_1230621,Ingénieur Data,Paris,86
KeyPers_Paris_1230622,Ingénieur Data,Paris,43
KeyPers_Paris_1230623,Cadre,Paris,92
KeyPers_Paris_1230624,Cadre,Paris,62
KeyPers_Paris_1230625,Ingénieur Informaticien,Paris,39
KeyPers_Paris_1230626,Ingénieur Data,Paris,47
KeyPers_Paris_1230627,Ingénieur Data,Paris,36
KeyPers_Paris_1230628,Ingénieur Informaticien,Paris,72
KeyPers_Paris_1230629,Ingénieur Data,Paris,50
KeyPers_Paris_1230630,Ingénieur Informaticien,Paris,83
KeyPers_Paris_1230631,Ingénieur Data,Paris,31
KeyPers_Paris_1230632,Cadre,Paris,75
KeyPers_Paris_1230633,Ingénieur Data,Paris,86
KeyPers_Paris_1230634,Ingénieur Data,Paris,38
KeyPers_Paris_1230635,Ingénieur Informaticien,Paris,57
KeyPers_Paris_1230636,Ingénieur Informaticien,Paris,75
KeyPers_Paris_1230637,Ingénieur Informaticien,Paris,35
KeyPers_Paris_1230638,Ingénieur Data,Paris,79
KeyPers_Paris_1230639,Ingénieur Informaticien,Paris,40
KeyPers_Paris_1230640,Cadre,Paris,51
KeyPers_Paris_1230641,Ingénieur Informaticien,Paris,39
KeyPers_Paris_1230642,Ingénieur Informaticien,Paris,26
KeyPers_Paris_1230643,Ingénieur Data,Paris,56
KeyPers_Paris_1230644,Ingénieur Informaticien,Paris,68
KeyPers_Paris_1230645,Economiste,Paris,95
KeyPers_Paris_1230646,Ingénieur Informaticien,Paris,56
KeyPers_Paris_1230647,DRH,Paris,40
KeyPers_Paris_1230648,Cadre,Paris,80
KeyPers_Paris_1230649,Ingénieur Data,Paris,74
KeyPers_Paris_1230650,Ingénieur Data,Paris,45
KeyPers_Paris_1230651,Ingénieur Data,Paris,41
KeyPers_Paris_1230652,Cadre,Paris,60
KeyPers_Paris_1230653,Ingénieur Informaticien,Paris,76
KeyPers_Paris_1230654,Ingénieur Data,Paris,92
KeyPers_Paris_1230655,Ingénieur Data,Paris,60
KeyPers_Paris_1230656,Ingénieur Informaticien,Paris,44
KeyPers_Paris_1230657,Ingénieur Informaticien,Paris,81
KeyPers_Paris_1230658,Cadre,Paris,76
KeyPers_Paris_1230659,Cadre,Paris,32
KeyPers_Paris_1230660,Ingénieur Data,Paris,56
KeyPers_Paris_1230661,Cadre,Paris,81
KeyPers_Paris_1230662,Ingénieur Data,Paris,42
KeyPers_Paris_1230663,Ingénieur Informaticien,Paris,56
KeyPers_Paris_1230664,Ingénieur Informaticien,Paris,88
KeyPers_Paris_1230665,Ingénieur Data,Paris,31
KeyPers_Paris_1230666,Cadre,Paris,91
KeyPers_Paris_1230667,Ingénieur Informaticien,Paris,55
KeyPers_Paris_1230668,Ingénieur Informaticien,Paris,30
KeyPers_Paris_1230669,Ingénieur Data,Paris,64
KeyPers_Paris_1230670,Ingénieur Data,Paris,84
KeyPers_Paris_1230671,Cadre,Paris,86
KeyPers_Paris_1230672,Ingénieur Informaticien,Paris,31
KeyPers_Paris_1230673,Cadre,Paris,37
KeyPers_Paris_1230674,Ingénieur Informaticien,Paris,96
KeyPers_Paris_1230675,Ingénieur Data,Paris,92
KeyPers_Paris_1230676,Ingénieur Data,Paris,36
KeyPers_Paris_1230677,Ingénieur Informaticien,Paris,92
KeyPers_Paris_1230678,Cadre,Paris,60
KeyPers_Paris_1230679,Ingénieur Informaticien,Paris,29
KeyPers_Paris_1230680,Ingénieur Data,Paris,67
KeyPers_Paris_1230681,Ingénieur Data,Paris,67
KeyPers_Paris_1230682,Ingénieur Data,Paris,39
KeyPers_Paris_1230683,Ingénieur Informaticien,Paris,74
KeyPers_Paris_1230684,Ingénieur Data,Paris,29
KeyPers_Paris_1230685,Ingénieur Data,Paris,77
KeyPers_Paris_1230686,Ingénieur Informaticien,Paris,41
KeyPers_Paris_1230687,Ingénieur Data,Paris,54
KeyPers_Paris_1230688,Ingénieur Informaticien,Paris,37
KeyPers_Paris_1230689,Ingénieur Informaticien,Paris,76
KeyPers_Paris_1230690,Ingénieur Informaticien,Paris,59
KeyPers_Paris_1230691,Economiste,Paris,78
KeyPers_Paris_1230692,Ingénieur Data,Paris,81
KeyPers_Paris_1230693,Ingénieur Informaticien,Paris,48
KeyPers_Paris_1230694,Ingénieur Data,Paris,85
KeyPers_Paris_1230695,Ingénieur Data,Paris,57
KeyPers_Paris_1230696,Ingénieur Informaticien,Paris,37
KeyPers_Paris_1230697,Ingénieur Data,Paris,90
KeyPers_Paris_1230698,Ingénieur Informaticien,Paris,86
KeyPers_Paris_1230699,Ingénieur Informaticien,Paris,94
KeyPers_Paris_1230700,Ingénieur Informaticien,Paris,81
KeyPers_Paris_1230701,Ingénieur Informaticien,Paris,49
KeyPers_Paris_1230702,Ingénieur Informaticien,Paris,61
KeyPers_Paris_1230703,Ingénieur Informaticien,Paris,72
KeyPers_Paris_1230704,Ingénieur Informaticien,Paris,87
KeyPers_Paris_1230705,Ingénieur Data,Paris,69
KeyPers_Paris_1230706,Ingénieur Data,Paris,50
KeyPers_Paris_1230707,Ingénieur Informaticien,Paris,40
KeyPers_Paris_1230708,Ingénieur Informaticien,Paris,84
KeyPers_Paris_1230709,Ingénieur Data,Paris,50
KeyPers_Paris_1230710,Economiste,Paris,36
KeyPers_Paris_1230711,Cadre,Paris,87
KeyPers_Paris_1230712,Economiste,Paris,90
KeyPers_Paris_1230713,Ingénieur Data,Paris,80
KeyPers_Paris_1230714,Ingénieur Data,Paris,27
KeyPers_Paris_1230715,Cadre,Paris,69
KeyPers_Paris_1230716,Ingénieur Informaticien,Paris,70
KeyPers_Paris_1230717,Ingénieur Data,Paris,41
KeyPers_Paris_1230718,Cadre,Paris,29
KeyPers_Paris_1230719,Cadre,Paris,72
KeyPers_Paris_1230720,Ingénieur Informaticien,Paris,45
KeyPers_Paris_1230721,Ingénieur Data,Paris,92
KeyPers_Paris_1230722,DRH,Paris,94
KeyPers_Paris_1230723,Cadre,Paris,64
KeyPers_Paris_1230724,Cadre,Paris,53
KeyPers_Paris_1230725,Ingénieur Informaticien,Paris,47
KeyPers_Paris_1230726,Ingénieur Data,Paris,86
KeyPers_Paris_1230727,Cadre,Paris,54
KeyPers_Paris_1230728,Ingénieur Informaticien,Paris,26
KeyPers_Paris_1230729,Ingénieur Data,Paris,62
KeyPers_Paris_1230730,Ingénieur Informaticien,Paris,49
KeyPers_Paris_1230731,Ingénieur Informaticien,Paris,43
KeyPers_Paris_1230732,Ingénieur Informaticien,Paris,80
KeyPers_Paris_1230733,Economiste,Paris,90
KeyPers_Paris_1230734,Ingénieur Data,Paris,58
KeyPers_Paris_1230735,Economiste,Paris,80
KeyPers_Paris_1230736,Ingénieur Data,Paris,79
KeyPers_Paris_1230737,Cadre,Paris,44
KeyPers_Paris_1230738,Ingénieur Informaticien,Paris,24
KeyPers_Paris_1230739,Ingénieur Data,Paris,79
KeyPers_Paris_1230740,Ingénieur Informaticien,Paris,68
KeyPers_Paris_1230741,Ingénieur Data,Paris,61
KeyPers_Paris_1230742,Cadre,Paris,49
KeyPers_Paris_1230743,Ingénieur Informaticien,Paris,94
KeyPers_Paris_1230744,Ingénieur Data,Paris,84
KeyPers_Paris_1230745,Ingénieur Informaticien,Paris,47
KeyPers_Paris_1230746,Ingénieur Data,Paris,64
KeyPers_Paris_1230747,Ingénieur Data,Paris,33
KeyPers_Paris_1230748,Ingénieur Data,Paris,85
KeyPers_Paris_1230749,Ingénieur Data,Paris,43
KeyPers_Paris_1230750,Cadre,Paris,60
KeyPers_Paris_1230751,Ingénieur Informaticien,Paris,57
KeyPers_Paris_1230752,Ingénieur Data,Paris,28
KeyPers_Paris_1230753,Ingénieur Data,Paris,41
KeyPers_Paris_1230754,Ingénieur Data,Paris,57
KeyPers_Paris_1230755,DRH,Paris,86
KeyPers_Paris_1230756,Ingénieur Informaticien,Paris,55
KeyPers_Paris_1230757,Ingénieur Data,Paris,29
KeyPers_Paris_1230758,Ingénieur Data,Paris,33
KeyPers_Paris_1230759,Ingénieur Data,Paris,55
KeyPers_Paris_1230760,Ingénieur Data,Paris,54
KeyPers_Paris_1230761,Ingénieur Data,Paris,34
KeyPers_Paris_1230762,Cadre,Paris,82
KeyPers_Paris_1230763,Ingénieur Informaticien,Paris,82
KeyPers_Paris_1230764,Ingénieur Data,Paris,51
KeyPers_Paris_1230765,Ingénieur Data,Paris,41
KeyPers_Paris_1230766,Ingénieur Data,Paris,70
KeyPers_Paris_1230767,Ingénieur Data,Paris,33
KeyPers_Paris_1230768,Ingénieur Informaticien,Paris,92
KeyPers_Paris_1230769,Ingénieur Data,Paris,28
KeyPers_Paris_1230770,Ingénieur Data,Paris,65
KeyPers_Paris_1230771,Ingénieur Data,Paris,44
KeyPers_Paris_1230772,Ingénieur Data,Paris,62
KeyPers_Paris_1230773,Ingénieur Data,Paris,63
KeyPers_Paris_1230774,Ingénieur Informaticien,Paris,47
KeyPers_Paris_1230775,Ingénieur Informaticien,Paris,70
KeyPers_Paris_1230776,Ingénieur Data,Paris,45
KeyPers_Paris_1230777,Ingénieur Informaticien,Paris,44
KeyPers_Paris_1230778,Cadre,Paris,85
KeyPers_Paris_1230779,Ingénieur Informaticien,Paris,27
KeyPers_Paris_1230780,Cadre,Paris,79
KeyPers_Paris_1230781,Ingénieur Informaticien,Paris,63
KeyPers_Paris_1230782,Ingénieur Data,Paris,72
KeyPers_Paris_1230783,Ingénieur Informaticien,Paris,47
KeyPers_Paris_1230784,Cadre,Paris,89
KeyPers_Paris_1230785,Cadre,Paris,44
KeyPers_Paris_1230786,Ingénieur Data,Paris,47
KeyPers_Paris_1230787,Cadre,Paris,27
KeyPers_Paris_1230788,Ingénieur Informaticien,Paris,74
KeyPers_Paris_1230789,Economiste,Paris,62
KeyPers_Paris_1230790,Ingénieur Informaticien,Paris,78
KeyPers_Paris_1230791,Ingénieur Informaticien,Paris,48
KeyPers_Paris_1230792,Ingénieur Informaticien,Paris,79
KeyPers_Paris_1230793,Economiste,Paris,35
KeyPers_Paris_1230794,Ingénieur Data,Paris,65
KeyPers_Paris_1230795,Ingénieur Informaticien,Paris,56
KeyPers_Paris_1230796,Ingénieur Informaticien,Paris,80
KeyPers_Paris_1230797,Ingénieur Data,Paris,96
KeyPers_Paris_1230798,Ingénieur Informaticien,Paris,44
KeyPers_Paris_1230799,Ingénieur Informaticien,Paris,95
KeyPers_Paris_1230800,Ingénieur Informaticien,Paris,93
KeyPers_Paris_1230801,Cadre,Paris,45
KeyPers_Paris_1230802,Ingénieur Data,Paris,33
KeyPers_Paris_1230803,Ingénieur Data,Paris,82
KeyPers_Paris_1230804,Ingénieur Data,Paris,95
KeyPers_Paris_1230805,Cadre,Paris,25
KeyPers_Paris_1230806,Ingénieur Data,Paris,93
KeyPers_Paris_1230807,Cadre,Paris,54
KeyPers_Paris_1230808,Ingénieur Informaticien,Paris,87
KeyPers_Paris_1230809,Cadre,Paris,77
KeyPers_Paris_1230810,Ingénieur Informaticien,Paris,61
KeyPers_Paris_1230811,Ingénieur Data,Paris,36
KeyPers_Paris_1230812,Ingénieur Informaticien,Paris,78
KeyPers_Paris_1230813,Ingénieur Data,Paris,30
KeyPers_Paris_1230814,Ingénieur Informaticien,Paris,95
KeyPers_Paris_1230815,Ingénieur Informaticien,Paris,71
KeyPers_Paris_1230816,Cadre,Paris,51
KeyPers_Paris_1230817,Cadre,Paris,73
KeyPers_Paris_1230818,Cadre,Paris,90
KeyPers_Paris_1230819,Ingénieur Data,Paris,36
KeyPers_Paris_1230820,Ingénieur Data,Paris,24
KeyPers_Paris_1230821,Ingénieur Informaticien,Paris,88
KeyPers_Paris_1230822,Ingénieur Data,Paris,56
KeyPers_Paris_1230823,Ingénieur Data,Paris,32
KeyPers_Paris_1230824,Ingénieur Informaticien,Paris,40
KeyPers_Paris_1230825,Ingénieur Informaticien,Paris,47
KeyPers_Paris_1230826,Cadre,Paris,29
KeyPers_Paris_1230827,Ingénieur Data,Paris,42
KeyPers_Paris_1230828,Ingénieur Informaticien,Paris,87
KeyPers_Paris_1230829,Ingénieur Informaticien,Paris,58
KeyPers_Paris_1230830,Cadre,Paris,30
KeyPers_Paris_1230831,Cadre,Paris,39
KeyPers_Paris_1230832,Ingénieur Data,Paris,27
KeyPers_Paris_1230833,Ingénieur Data,Paris,77
KeyPers_Paris_1230834,Cadre,Paris,87
KeyPers_Paris_1230835,Ingénieur Data,Paris,94
KeyPers_Paris_1230836,Cadre,Paris,49
KeyPers_Paris_1230837,Ingénieur Data,Paris,60
KeyPers_Paris_1230838,Ingénieur Informaticien,Paris,46
KeyPers_Paris_1230839,Economiste,Paris,59
KeyPers_Paris_1230840,Ingénieur Informaticien,Paris,63
KeyPers_Paris_1230841,Cadre,Paris,53
KeyPers_Paris_1230842,Cadre,Paris,33
KeyPers_Paris_1230843,Ingénieur Data,Paris,44
KeyPers_Paris_1230844,Cadre,Paris,39
KeyPers_Paris_1230845,Ingénieur Informaticien,Paris,56
KeyPers_Paris_1230846,Cadre,Paris,54
KeyPers_Paris_1230847,Ingénieur Data,Paris,58
KeyPers_Paris_1230848,Ingénieur Informaticien,Paris,53
KeyPers_Paris_1230849,Ingénieur Informaticien,Paris,71
KeyPers_Paris_1230850,Ingénieur Data,Paris,50
KeyPers_Paris_1230851,Ingénieur Informaticien,Paris,33
KeyPers_Paris_1230852,Ingénieur Data,Paris,51
KeyPers_Paris_1230853,Ingénieur Informaticien,Paris,40
KeyPers_Paris_1230854,Cadre,Paris,48
KeyPers_Paris_1230855,Ingénieur Data,Paris,41
KeyPers_Paris_1230856,Ingénieur Informaticien,Paris,79
KeyPers_Paris_1230857,Ingénieur Informaticien,Paris,77
KeyPers_Paris_1230858,Ingénieur Informaticien,Paris,41
KeyPers_Paris_1230859,Ingénieur Informaticien,Paris,38
KeyPers_Paris_1230860,Ingénieur Data,Paris,50
KeyPers_Paris_1230861,Cadre,Paris,45
KeyPers_Paris_1230862,Ingénieur Informaticien,Paris,92
KeyPers_Paris_1230863,Ingénieur Informaticien,Paris,63
KeyPers_Paris_1230864,Ingénieur Informaticien,Paris,76
KeyPers_Paris_1230865,Economiste,Paris,78
KeyPers_Paris_1230866,Ingénieur Informaticien,Paris,64
KeyPers_Paris_1230867,Cadre,Paris,56
KeyPers_Paris_1230868,Ingénieur Data,Paris,84
KeyPers_Paris_1230869,Ingénieur Informaticien,Paris,83
KeyPers_Paris_1230870,Ingénieur Data,Paris,32
KeyPers_Paris_1230871,Ingénieur Informaticien,Paris,66
KeyPers_Paris_1230872,Ingénieur Informaticien,Paris,77
KeyPers_Paris_1230873,Cadre,Paris,44
KeyPers_Paris_1230874,Ingénieur Data,Paris,49
KeyPers_Paris_1230875,Ingénieur Data,Paris,85
KeyPers_Paris_1230876,Ingénieur Informaticien,Paris,77
KeyPers_Paris_1230877,Ingénieur Informaticien,Paris,56
KeyPers_Paris_1230878,Ingénieur Data,Paris,94
KeyPers_Paris_1230879,Economiste,Paris,45
KeyPers_Paris_1230880,Ingénieur Data,Paris,86
KeyPers_Paris_1230881,Cadre,Paris,28
KeyPers_Paris_1230882,Cadre,Paris,78
KeyPers_Paris_1230883,Ingénieur Informaticien,Paris,66
KeyPers_Paris_1230884,Ingénieur Informaticien,Paris,55
KeyPers_Paris_1230885,Ingénieur Informaticien,Paris,38
KeyPers_Paris_1230886,Ingénieur Informaticien,Paris,89
KeyPers_Paris_1230887,Cadre,Paris,95
KeyPers_Paris_1230888,Ingénieur Informaticien,Paris,70
KeyPers_Paris_1230889,Ingénieur Informaticien,Paris,50
KeyPers_Paris_1230890,Cadre,Paris,58
KeyPers_Paris_1230891,Cadre,Paris,56
KeyPers_Paris_1230892,Cadre,Paris,76
KeyPers_Paris_1230893,Ingénieur Informaticien,Paris,88
KeyPers_Paris_1230894,Ingénieur Informaticien,Paris,38
KeyPers_Paris_1230895,Ingénieur Informaticien,Paris,58
KeyPers_Paris_1230896,Ingénieur Informaticien,Paris,96
KeyPers_Paris_1230897,Ingénieur Informaticien,Paris,65
KeyPers_Paris_1230898,Ingénieur Data,Paris,49
KeyPers_Paris_1230899,Ingénieur Informaticien,Paris,31
KeyPers_Paris_1230900,Ingénieur Informaticien,Paris,40
KeyPers_Paris_1230901,Cadre,Paris,84
KeyPers_Paris_1230902,Ingénieur Informaticien,Paris,67
KeyPers_Paris_1230903,Ingénieur Data,Paris,25
KeyPers_Paris_1230904,Ingénieur Informaticien,Paris,38
KeyPers_Paris_1230905,Economiste,Paris,63
KeyPers_Paris_1230906,Ingénieur Data,Paris,63
KeyPers_Paris_1230907,Economiste,Paris,66
KeyPers_Paris_1230908,Ingénieur Informaticien,Paris,46
KeyPers_Paris_1230909,Ingénieur Data,Paris,32
KeyPers_Paris_1230910,Cadre,Paris,68
KeyPers_Paris_1230911,Cadre,Paris,66
KeyPers_Paris_1230912,Ingénieur Data,Paris,48
KeyPers_Paris_1230913,Ingénieur Data,Paris,58
KeyPers_Paris_1230914,Ingénieur Data,Paris,82
KeyPers_Paris_1230915,Ingénieur Data,Paris,59
KeyPers_Paris_1230916,Ingénieur Informaticien,Paris,85
KeyPers_Paris_1230917,Cadre,Paris,54
KeyPers_Paris_1230918,Ingénieur Data,Paris,91
KeyPers_Paris_1230919,Cadre,Paris,95
KeyPers_Paris_1230920,Ingénieur Informaticien,Paris,53
KeyPers_Paris_1230921,Cadre,Paris,34
KeyPers_Paris_1230922,Ingénieur Data,Paris,84
KeyPers_Paris_1230923,Ingénieur Informaticien,Paris,42
KeyPers_Paris_1230924,Ingénieur Data,Paris,52
KeyPers_Paris_1230925,Ingénieur Informaticien,Paris,89
KeyPers_Paris_1230926,Ingénieur Data,Paris,40
KeyPers_Paris_1230927,Cadre,Paris,36
KeyPers_Paris_1230928,Ingénieur Data,Paris,78
KeyPers_Paris_1230929,Cadre,Paris,88
KeyPers_Paris_1230930,Ingénieur Data,Paris,73
KeyPers_Paris_1230931,Ingénieur Data,Paris,59
KeyPers_Paris_1230932,Ingénieur Data,Paris,87
KeyPers_Paris_1230933,Ingénieur Informaticien,Paris,77
KeyPers_Paris_1230934,Ingénieur Data,Paris,73
KeyPers_Paris_1230935,Ingénieur Informaticien,Paris,79
KeyPers_Paris_1230936,Economiste,Paris,61
KeyPers_Paris_1230937,Ingénieur Data,Paris,61
KeyPers_Paris_1230938,Cadre,Paris,92
KeyPers_Paris_1230939,Ingénieur Data,Paris,49
KeyPers_Paris_1230940,DRH,Paris,94
KeyPers_Paris_1230941,Ingénieur Data,Paris,44
KeyPers_Paris_1230942,Cadre,Paris,27
KeyPers_Paris_1230943,Ingénieur Informaticien,Paris,42
KeyPers_Paris_1230944,Ingénieur Informaticien,Paris,26
KeyPers_Paris_1230945,Ingénieur Informaticien,Paris,31
KeyPers_Paris_1230946,Cadre,Paris,59
KeyPers_Paris_1230947,Cadre,Paris,52
KeyPers_Paris_1230948,Cadre,Paris,36
KeyPers_Paris_1230949,Ingénieur Informaticien,Paris,40
KeyPers_Paris_1230950,Ingénieur Data,Paris,44
KeyPers_Paris_1230951,Cadre,Paris,72
KeyPers_Paris_1230952,Ingénieur Informaticien,Paris,84
KeyPers_Paris_1230953,Ingénieur Informaticien,Paris,80
KeyPers_Paris_1230954,Ingénieur Informaticien,Paris,36
KeyPers_Paris_1230955,Ingénieur Data,Paris,63
KeyPers_Paris_1230956,Ingénieur Informaticien,Paris,92
KeyPers_Paris_1230957,Ingénieur Data,Paris,68
KeyPers_Paris_1230958,Ingénieur Informaticien,Paris,58
KeyPers_Paris_1230959,Ingénieur Data,Paris,62
KeyPers_Paris_1230960,Cadre,Paris,29
KeyPers_Paris_1230961,Cadre,Paris,55
KeyPers_Paris_1230962,Ingénieur Informaticien,Paris,79
KeyPers_Paris_1230963,DRH,Paris,55
KeyPers_Paris_1230964,Cadre,Paris,67
KeyPers_Paris_1230965,Ingénieur Data,Paris,71
KeyPers_Paris_1230966,Ingénieur Data,Paris,40
KeyPers_Paris_1230967,Cadre,Paris,54
KeyPers_Paris_1230968,Ingénieur Data,Paris,86
KeyPers_Paris_1230969,Ingénieur Informaticien,Paris,43
KeyPers_Paris_1230970,Ingénieur Informaticien,Paris,51
KeyPers_Paris_1230971,Cadre,Paris,35
KeyPers_Paris_1230972,Cadre,Paris,40
KeyPers_Paris_1230973,Ingénieur Informaticien,Paris,80
KeyPers_Paris_1230974,Ingénieur Informaticien,Paris,38
KeyPers_Paris_1230975,Cadre,Paris,63
KeyPers_Paris_1230976,Ingénieur Data,Paris,69
KeyPers_Paris_1230977,Cadre,Paris,80
KeyPers_Paris_1230978,Ingénieur Data,Paris,93
KeyPers_Paris_1230979,Cadre,Paris,66
KeyPers_Paris_1230980,DRH,Paris,78
KeyPers_Paris_1230981,Ingénieur Informaticien,Paris,34
KeyPers_Paris_1230982,Cadre,Paris,35
KeyPers_Paris_1230983,Economiste,Paris,43
KeyPers_Paris_1230984,Ingénieur Informaticien,Paris,75
KeyPers_Paris_1230985,Ingénieur Data,Paris,37
KeyPers_Paris_1230986,Ingénieur Informaticien,Paris,26
KeyPers_Paris_1230987,Ingénieur Informaticien,Paris,29
KeyPers_Paris_1230988,Economiste,Paris,65
KeyPers_Paris_1230989,Ingénieur Informaticien,Paris,53
KeyPers_Paris_1230990,Ingénieur Informaticien,Paris,49
KeyPers_Paris_1230991,Ingénieur Data,Paris,63
KeyPers_Paris_1230992,Ingénieur Informaticien,Paris,84
KeyPers_Paris_1230993,Ingénieur Data,Paris,56
KeyPers_Paris_1230994,Ingénieur Data,Paris,94
KeyPers_Paris_1230995,Ingénieur Data,Paris,71
KeyPers_Paris_1230996,Cadre,Paris,84
KeyPers_Paris_1230997,Ingénieur Informaticien,Paris,87
KeyPers_Paris_1230998,Ingénieur Informaticien,Paris,90
KeyPers_Paris_1230999,Economiste,Paris,94
KeyPers_Paris_1231000,Ingénieur Informaticien,Paris,33
KeyPers_Paris_1231001,Ingénieur Informaticien,Paris,29
KeyPers_Paris_1231002,Ingénieur Informaticien,Paris,28
KeyPers_Paris_1231003,Ingénieur Data,Paris,70
KeyPers_Paris_1231004,Ingénieur Informaticien,Paris,43
KeyPers_Paris_1231005,Ingénieur Informaticien,Paris,83
KeyPers_Paris_1231006,Ingénieur Data,Paris,44
KeyPers_Paris_1231007,Ingénieur Data,Paris,27
KeyPers_Paris_1231008,Ingénieur Data,Paris,72
KeyPers_Paris_1231009,Ingénieur Data,Paris,49
KeyPers_Paris_1231010,Ingénieur Data,Paris,84
KeyPers_Paris_1231011,Ingénieur Informaticien,Paris,71
KeyPers_Paris_1231012,Cadre,Paris,88
KeyPers_Paris_1231013,Cadre,Paris,87
KeyPers_Paris_1231014,Ingénieur Informaticien,Paris,54
KeyPers_Paris_1231015,Economiste,Paris,70
KeyPers_Paris_1231016,Ingénieur Informaticien,Paris,73
KeyPers_Paris_1231017,Ingénieur Data,Paris,63
KeyPers_Paris_1231018,Ingénieur Informaticien,Paris,73
KeyPers_Paris_1231019,Ingénieur Data,Paris,67
KeyPers_Paris_1231020,Ingénieur Informaticien,Paris,42
KeyPers_Paris_1231021,Ingénieur Data,Paris,74
KeyPers_Paris_1231022,Ingénieur Data,Paris,60
KeyPers_Paris_1231023,Cadre,Paris,73
KeyPers_Paris_1231024,Ingénieur Data,Paris,74
KeyPers_Paris_1231025,Ingénieur Informaticien,Paris,40
KeyPers_Paris_1231026,Ingénieur Data,Paris,54
KeyPers_Paris_1231027,Ingénieur Informaticien,Paris,79
KeyPers_Paris_1231028,Ingénieur Informaticien,Paris,59
KeyPers_Paris_1231029,Ingénieur Informaticien,Paris,67
KeyPers_Paris_1231030,Ingénieur Informaticien,Paris,53
KeyPers_Paris_1231031,Ingénieur Informaticien,Paris,93
KeyPers_Paris_1231032,Ingénieur Informaticien,Paris,55
KeyPers_Paris_1231033,Ingénieur Informaticien,Paris,29
KeyPers_Paris_1231034,Ingénieur Data,Paris,74
KeyPers_Paris_1231035,Ingénieur Data,Paris,37
KeyPers_Paris_1231036,Ingénieur Data,Paris,70
KeyPers_Paris_1231037,Ingénieur Data,Paris,28
KeyPers_Paris_1231038,Ingénieur Data,Paris,86
KeyPers_Paris_1231039,Ingénieur Data,Paris,95
KeyPers_Paris_1231040,Ingénieur Data,Paris,86
KeyPers_Paris_1231041,Ingénieur Informaticien,Paris,39
KeyPers_Paris_1231042,Ingénieur Data,Paris,66
KeyPers_Paris_1231043,Ingénieur Informaticien,Paris,30
KeyPers_Paris_1231044,Ingénieur Data,Paris,84
KeyPers_Paris_1231045,Cadre,Paris,78
KeyPers_Paris_1231046,Ingénieur Data,Paris,50
KeyPers_Paris_1231047,Ingénieur Informaticien,Paris,87
KeyPers_Paris_1231048,Ingénieur Data,Paris,76
KeyPers_Paris_1231049,Ingénieur Data,Paris,27
KeyPers_Paris_1231050,Ingénieur Informaticien,Paris,34
KeyPers_Paris_1231051,DRH,Paris,60
KeyPers_Paris_1231052,Ingénieur Informaticien,Paris,33
KeyPers_Paris_1231053,Ingénieur Informaticien,Paris,46
KeyPers_Paris_1231054,Cadre,Paris,53
KeyPers_Paris_1231055,Cadre,Paris,89
KeyPers_Paris_1231056,Cadre,Paris,37
KeyPers_Paris_1231057,Cadre,Paris,72
KeyPers_Paris_1231058,Ingénieur Informaticien,Paris,25
KeyPers_Paris_1231059,Cadre,Paris,92
KeyPers_Paris_1231060,Ingénieur Data,Paris,30
KeyPers_Paris_1231061,DRH,Paris,77
KeyPers_Paris_1231062,Cadre,Paris,72
KeyPers_Paris_1231063,Ingénieur Data,Paris,33
KeyPers_Paris_1231064,Ingénieur Data,Paris,62
KeyPers_Paris_1231065,Cadre,Paris,84
KeyPers_Paris_1231066,Ingénieur Informaticien,Paris,69
KeyPers_Paris_1231067,Ingénieur Informaticien,Paris,87
KeyPers_Paris_1231068,Cadre,Paris,78
KeyPers_Paris_1231069,Ingénieur Informaticien,Paris,57
KeyPers_Paris_1231070,Ingénieur Data,Paris,65
KeyPers_Paris_1231071,Cadre,Paris,31
KeyPers_Paris_1231072,DRH,Paris,54
KeyPers_Paris_1231073,Ingénieur Informaticien,Paris,61
KeyPers_Paris_1231074,DRH,Paris,55
KeyPers_Paris_1231075,Cadre,Paris,81
KeyPers_Paris_1231076,Ingénieur Data,Paris,25
KeyPers_Paris_1231077,Ingénieur Data,Paris,25
KeyPers_Paris_1231078,Ingénieur Informaticien,Paris,75
KeyPers_Paris_1231079,Ingénieur Informaticien,Paris,82
KeyPers_Paris_1231080,Ingénieur Data,Paris,58
KeyPers_Paris_1231081,Cadre,Paris,90
KeyPers_Paris_1231082,Ingénieur Data,Paris,69
KeyPers_Paris_1231083,DRH,Paris,74
KeyPers_Paris_1231084,Ingénieur Informaticien,Paris,48
KeyPers_Paris_1231085,Ingénieur Data,Paris,95
KeyPers_Paris_1231086,Ingénieur Informaticien,Paris,58
KeyPers_Paris_1231087,Cadre,Paris,32
KeyPers_Paris_1231088,Ingénieur Data,Paris,73
KeyPers_Paris_1231089,Ingénieur Informaticien,Paris,92
KeyPers_Paris_1231090,DRH,Paris,62
KeyPers_Paris_1231091,Cadre,Paris,69
KeyPers_Paris_1231092,Ingénieur Informaticien,Paris,78
KeyPers_Paris_1231093,Cadre,Paris,92
KeyPers_Paris_1231094,Ingénieur Informaticien,Paris,25
KeyPers_Paris_1231095,Ingénieur Informaticien,Paris,79
KeyPers_Paris_1231096,Ingénieur Informaticien,Paris,74
KeyPers_Paris_1231097,Ingénieur Data,Paris,68
KeyPers_Paris_1231098,Cadre,Paris,31
KeyPers_Paris_1231099,Ingénieur Informaticien,Paris,60
KeyPers_Paris_1231100,Ingénieur Informaticien,Paris,92
KeyPers_Paris_1231101,Ingénieur Data,Paris,83
KeyPers_Paris_1231102,Ingénieur Informaticien,Paris,58
KeyPers_Paris_1231103,Ingénieur Data,Paris,46
KeyPers_Paris_1231104,Economiste,Paris,32
KeyPers_Paris_1231105,Economiste,Paris,83
KeyPers_Paris_1231106,Ingénieur Data,Paris,66
KeyPers_Paris_1231107,Ingénieur Informaticien,Paris,55
KeyPers_Paris_1231108,Ingénieur Informaticien,Paris,39
KeyPers_Paris_1231109,Ingénieur Informaticien,Paris,31
KeyPers_Paris_1231110,Economiste,Paris,69
KeyPers_Paris_1231111,Ingénieur Informaticien,Paris,35
KeyPers_Paris_1231112,Ingénieur Data,Paris,80
KeyPers_Paris_1231113,Ingénieur Data,Paris,91
KeyPers_Paris_1231114,Ingénieur Informaticien,Paris,35
KeyPers_Paris_1231115,Ingénieur Data,Paris,27
KeyPers_Paris_1231116,Ingénieur Data,Paris,41
KeyPers_Paris_1231117,Cadre,Paris,78
KeyPers_Paris_1231118,Cadre,Paris,82
KeyPers_Paris_1231119,Ingénieur Informaticien,Paris,47
KeyPers_Paris_1231120,Ingénieur Informaticien,Paris,45
KeyPers_Paris_1231121,Ingénieur Informaticien,Paris,47
KeyPers_Paris_1231122,Ingénieur Data,Paris,60
KeyPers_Paris_1231123,Cadre,Paris,37
KeyPers_Paris_1231124,Ingénieur Informaticien,Paris,51
KeyPers_Paris_1231125,Ingénieur Data,Paris,51
KeyPers_Paris_1231126,Ingénieur Data,Paris,55
KeyPers_Paris_1231127,Ingénieur Informaticien,Paris,87
KeyPers_Paris_1231128,Ingénieur Data,Paris,74
KeyPers_Paris_1231129,Ingénieur Informaticien,Paris,29
KeyPers_Paris_1231130,Ingénieur Data,Paris,75
KeyPers_Paris_1231131,Ingénieur Informaticien,Paris,34
KeyPers_Paris_1231132,Ingénieur Informaticien,Paris,83
KeyPers_Paris_1231133,Ingénieur Data,Paris,80
KeyPers_Paris_1231134,Cadre,Paris,51
KeyPers_Paris_1231135,Ingénieur Data,Paris,36
KeyPers_Paris_1231136,Ingénieur Informaticien,Paris,30
KeyPers_Paris_1231137,Ingénieur Informaticien,Paris,75
KeyPers_Paris_1231138,Ingénieur Informaticien,Paris,68
KeyPers_Paris_1231139,Ingénieur Data,Paris,57
KeyPers_Paris_1231140,Ingénieur Informaticien,Paris,44
KeyPers_Paris_1231141,Ingénieur Data,Paris,66
KeyPers_Paris_1231142,Cadre,Paris,55
KeyPers_Paris_1231143,Ingénieur Data,Paris,68
KeyPers_Paris_1231144,Ingénieur Informaticien,Paris,48
KeyPers_Paris_1231145,Ingénieur Informaticien,Paris,66
KeyPers_Paris_1231146,Ingénieur Informaticien,Paris,91
KeyPers_Paris_1231147,Ingénieur Data,Paris,27
KeyPers_Paris_1231148,Ingénieur Data,Paris,73
KeyPers_Paris_1231149,Ingénieur Informaticien,Paris,40
KeyPers_Paris_1231150,Ingénieur Informaticien,Paris,24
KeyPers_Paris_1231151,Ingénieur Data,Paris,33
KeyPers_Paris_1231152,Cadre,Paris,48
KeyPers_Paris_1231153,Ingénieur Informaticien,Paris,71
KeyPers_Paris_1231154,Cadre,Paris,50
KeyPers_Paris_1231155,Ingénieur Informaticien,Paris,56
KeyPers_Paris_1231156,Ingénieur Informaticien,Paris,89
KeyPers_Paris_1231157,Ingénieur Informaticien,Paris,92
KeyPers_Paris_1231158,Ingénieur Informaticien,Paris,68
KeyPers_Paris_1231159,Ingénieur Data,Paris,87
KeyPers_Paris_1231160,DRH,Paris,34
KeyPers_Paris_1231161,Ingénieur Data,Paris,44
KeyPers_Paris_1231162,Ingénieur Informaticien,Paris,31
KeyPers_Paris_1231163,Ingénieur Data,Paris,48
KeyPers_Paris_1231164,Ingénieur Data,Paris,26
KeyPers_Paris_1231165,Economiste,Paris,50
KeyPers_Paris_1231166,Cadre,Paris,68
KeyPers_Paris_1231167,Ingénieur Informaticien,Paris,46
KeyPers_Paris_1231168,Ingénieur Data,Paris,44
KeyPers_Paris_1231169,Ingénieur Data,Paris,31
KeyPers_Paris_1231170,Cadre,Paris,50
KeyPers_Paris_1231171,Economiste,Paris,92
KeyPers_Paris_1231172,Ingénieur Data,Paris,76
KeyPers_Paris_1231173,Economiste,Paris,73
KeyPers_Paris_1231174,Ingénieur Informaticien,Paris,85
KeyPers_Paris_1231175,Ingénieur Informaticien,Paris,81
KeyPers_Paris_1231176,Ingénieur Informaticien,Paris,71
KeyPers_Paris_1231177,Cadre,Paris,76
KeyPers_Paris_1231178,Economiste,Paris,55
KeyPers_Paris_1231179,Ingénieur Informaticien,Paris,52
KeyPers_Paris_1231180,Ingénieur Data,Paris,47
KeyPers_Paris_1231181,Cadre,Paris,88
KeyPers_Paris_1231182,Ingénieur Data,Paris,38
KeyPers_Paris_1231183,Ingénieur Data,Paris,34
KeyPers_Paris_1231184,Ingénieur Data,Paris,61
KeyPers_Paris_1231185,Ingénieur Data,Paris,76
KeyPers_Paris_1231186,Cadre,Paris,67
KeyPers_Paris_1231187,Ingénieur Informaticien,Paris,54
KeyPers_Paris_1231188,Ingénieur Data,Paris,69
KeyPers_Paris_1231189,Cadre,Paris,53
KeyPers_Paris_1231190,Ingénieur Data,Paris,51
KeyPers_Paris_1231191,Ingénieur Informaticien,Paris,51
KeyPers_Paris_1231192,Ingénieur Informaticien,Paris,88
KeyPers_Paris_1231193,Cadre,Paris,42
KeyPers_Paris_1231194,Ingénieur Data,Paris,80
KeyPers_Paris_1231195,Ingénieur Informaticien,Paris,34
KeyPers_Paris_1231196,Cadre,Paris,89
KeyPers_Paris_1231197,Cadre,Paris,50
KeyPers_Paris_1231198,Ingénieur Data,Paris,77
KeyPers_Paris_1231199,Ingénieur Data,Paris,90
KeyPers_Paris_1231200,Cadre,Paris,42
KeyPers_Paris_1231201,Ingénieur Data,Paris,26
KeyPers_Paris_1231202,Ingénieur Informaticien,Paris,37
KeyPers_Paris_1231203,Ingénieur Data,Paris,57
KeyPers_Paris_1231204,Ingénieur Data,Paris,64
KeyPers_Paris_1231205,Ingénieur Data,Paris,88
KeyPers_Paris_1231206,Ingénieur Data,Paris,93
KeyPers_Paris_1231207,Ingénieur Data,Paris,38
KeyPers_Paris_1231208,Ingénieur Data,Paris,69
KeyPers_Paris_1231209,Ingénieur Data,Paris,57
KeyPers_Paris_1231210,Ingénieur Data,Paris,29
KeyPers_Paris_1231211,Ingénieur Informaticien,Paris,87
KeyPers_Paris_1231212,Cadre,Paris,71
KeyPers_Paris_1231213,Ingénieur Data,Paris,30
KeyPers_Paris_1231214,Ingénieur Informaticien,Paris,77
KeyPers_Paris_1231215,Ingénieur Informaticien,Paris,68
KeyPers_Paris_1231216,Ingénieur Informaticien,Paris,88
KeyPers_Paris_1231217,Ingénieur Informaticien,Paris,64
KeyPers_Paris_1231218,Ingénieur Data,Paris,27
KeyPers_Paris_1231219,Ingénieur Informaticien,Paris,54
KeyPers_Paris_1231220,Ingénieur Informaticien,Paris,53
KeyPers_Paris_1231221,Ingénieur Data,Paris,33
KeyPers_Paris_1231222,Cadre,Paris,59
KeyPers_Paris_1231223,Cadre,Paris,48
KeyPers_Paris_1231224,Ingénieur Data,Paris,94
KeyPers_Paris_1231225,Economiste,Paris,88
KeyPers_Paris_1231226,Ingénieur Informaticien,Paris,27
KeyPers_Paris_1231227,Ingénieur Data,Paris,42
KeyPers_Paris_1231228,Ingénieur Data,Paris,63
KeyPers_Paris_1231229,Ingénieur Informaticien,Paris,85
KeyPers_Paris_1231230,Cadre,Paris,91
KeyPers_Paris_1231231,Ingénieur Data,Paris,26
KeyPers_Paris_1231232,Ingénieur Data,Paris,70
KeyPers_Paris_1231233,Ingénieur Data,Paris,42
KeyPers_Paris_1231234,Cadre,Paris,68
KeyPers_Paris_1231235,Ingénieur Data,Paris,43
KeyPers_Paris_1231236,Cadre,Paris,86
KeyPers_Paris_1231237,Ingénieur Data,Paris,39
KeyPers_Paris_1231238,Ingénieur Data,Paris,65
KeyPers_Paris_1231239,Ingénieur Informaticien,Paris,49
KeyPers_Paris_1231240,Ingénieur Data,Paris,71
KeyPers_Paris_1231241,Ingénieur Informaticien,Paris,32
KeyPers_Paris_1231242,Ingénieur Informaticien,Paris,30
KeyPers_Paris_1231243,Cadre,Paris,39
KeyPers_Paris_1231244,Ingénieur Data,Paris,90
KeyPers_Paris_1231245,Economiste,Paris,96
KeyPers_Paris_1231246,Cadre,Paris,93
KeyPers_Paris_1231247,Ingénieur Data,Paris,56
KeyPers_Paris_1231248,Ingénieur Informaticien,Paris,44
KeyPers_Paris_1231249,Ingénieur Data,Paris,39
KeyPers_Paris_1231250,Ingénieur Data,Paris,69
KeyPers_Paris_1231251,Ingénieur Informaticien,Paris,70
KeyPers_Paris_1231252,Ingénieur Data,Paris,32
KeyPers_Paris_1231253,Cadre,Paris,74
KeyPers_Paris_1231254,Ingénieur Data,Paris,37
KeyPers_Paris_1231255,Ingénieur Data,Paris,45
KeyPers_Paris_1231256,Economiste,Paris,96
KeyPers_Paris_1231257,Ingénieur Data,Paris,83
KeyPers_Paris_1231258,Ingénieur Data,Paris,92
KeyPers_Paris_1231259,Ingénieur Data,Paris,67
KeyPers_Paris_1231260,Ingénieur Data,Paris,43
KeyPers_Paris_1231261,Cadre,Paris,51
KeyPers_Paris_1231262,Ingénieur Data,Paris,55
KeyPers_Paris_1231263,Ingénieur Data,Paris,53
KeyPers_Paris_1231264,DRH,Paris,24
KeyPers_Paris_1231265,Cadre,Paris,61
KeyPers_Paris_1231266,Ingénieur Data,Paris,92
KeyPers_Paris_1231267,Ingénieur Informaticien,Paris,34
KeyPers_Paris_1231268,Ingénieur Informaticien,Paris,30
KeyPers_Paris_1231269,Ingénieur Informaticien,Paris,47
KeyPers_Paris_1231270,Cadre,Paris,90
KeyPers_Paris_1231271,Ingénieur Informaticien,Paris,92
KeyPers_Paris_1231272,Ingénieur Informaticien,Paris,91
KeyPers_Paris_1231273,Ingénieur Data,Paris,85
KeyPers_Paris_1231274,Ingénieur Informaticien,Paris,43
KeyPers_Paris_1231275,Cadre,Paris,60
KeyPers_Paris_1231276,Ingénieur Informaticien,Paris,57
KeyPers_Paris_1231277,Cadre,Paris,66
KeyPers_Paris_1231278,Ingénieur Data,Paris,84
KeyPers_Paris_1231279,Ingénieur Informaticien,Paris,90
KeyPers_Paris_1231280,Ingénieur Data,Paris,43
KeyPers_Paris_1231281,Ingénieur Informaticien,Paris,47
KeyPers_Paris_1231282,Ingénieur Informaticien,Paris,86
KeyPers_Paris_1231283,Ingénieur Data,Paris,32
KeyPers_Paris_1231284,Ingénieur Informaticien,Paris,31
KeyPers_Paris_1231285,Ingénieur Data,Paris,56
KeyPers_Paris_1231286,Ingénieur Informaticien,Paris,36
KeyPers_Paris_1231287,Cadre,Paris,43
KeyPers_Paris_1231288,Cadre,Paris,32
KeyPers_Paris_1231289,Ingénieur Data,Paris,69
KeyPers_Paris_1231290,Ingénieur Data,Paris,75
KeyPers_Paris_1231291,Ingénieur Data,Paris,41
KeyPers_Paris_1231292,Ingénieur Informaticien,Paris,38
KeyPers_Paris_1231293,Ingénieur Data,Paris,88
KeyPers_Paris_1231294,Ingénieur Informaticien,Paris,62
KeyPers_Paris_1231295,Economiste,Paris,54
KeyPers_Paris_1231296,Ingénieur Informaticien,Paris,37
KeyPers_Paris_1231297,Ingénieur Data,Paris,66
KeyPers_Paris_1231298,Ingénieur Data,Paris,89
KeyPers_Paris_1231299,Ingénieur Informaticien,Paris,26
KeyPers_Paris_1231300,Cadre,Paris,55
KeyPers_Paris_1231301,Ingénieur Informaticien,Paris,46
KeyPers_Paris_1231302,Economiste,Paris,54
KeyPers_Paris_1231303,Ingénieur Informaticien,Paris,40
KeyPers_Paris_1231304,Ingénieur Data,Paris,44
KeyPers_Paris_1231305,Ingénieur Informaticien,Paris,79
KeyPers_Paris_1231306,Ingénieur Informaticien,Paris,47
KeyPers_Paris_1231307,Ingénieur Informaticien,Paris,86
KeyPers_Paris_1231308,Ingénieur Informaticien,Paris,51
KeyPers_Paris_1231309,Ingénieur Data,Paris,56
KeyPers_Paris_1231310,Ingénieur Informaticien,Paris,49
KeyPers_Paris_1231311,Ingénieur Data,Paris,50
KeyPers_Paris_1231312,Ingénieur Data,Paris,36
KeyPers_Paris_1231313,Ingénieur Informaticien,Paris,57
KeyPers_Paris_1231314,Cadre,Paris,33
KeyPers_Paris_1231315,Ingénieur Data,Paris,94
KeyPers_Paris_1231316,Ingénieur Informaticien,Paris,65
KeyPers_Paris_1231317,Cadre,Paris,67
KeyPers_Paris_1231318,Ingénieur Informaticien,Paris,72
KeyPers_Paris_1231319,Economiste,Paris,83
KeyPers_Paris_1231320,Ingénieur Data,Paris,39
KeyPers_Paris_1231321,Cadre,Paris,94
KeyPers_Paris_1231322,Cadre,Paris,86
KeyPers_Paris_1231323,Ingénieur Informaticien,Paris,30
KeyPers_Paris_1231324,Cadre,Paris,93
KeyPers_Paris_1231325,Ingénieur Data,Paris,54
KeyPers_Paris_1231326,Ingénieur Data,Paris,60
KeyPers_Paris_1231327,Ingénieur Informaticien,Paris,82
KeyPers_Paris_1231328,Ingénieur Informaticien,Paris,87
KeyPers_Paris_1231329,Ingénieur Data,Paris,51
KeyPers_Paris_1231330,Ingénieur Informaticien,Paris,82
KeyPers_Paris_1231331,Cadre,Paris,25
KeyPers_Paris_1231332,Ingénieur Data,Paris,58
KeyPers_Paris_1231333,Cadre,Paris,34
KeyPers_Paris_1231334,Ingénieur Informaticien,Paris,86
KeyPers_Paris_1231335,Ingénieur Informaticien,Paris,38
KeyPers_Paris_1231336,Ingénieur Informaticien,Paris,82
KeyPers_Paris_1231337,Economiste,Paris,48
KeyPers_Paris_1231338,Cadre,Paris,52
KeyPers_Paris_1231339,Cadre,Paris,76
KeyPers_Paris_1231340,Ingénieur Informaticien,Paris,89
KeyPers_Paris_1231341,Ingénieur Informaticien,Paris,67
KeyPers_Paris_1231342,Cadre,Paris,76
KeyPers_Paris_1231343,Ingénieur Data,Paris,65
KeyPers_Paris_1231344,Ingénieur Data,Paris,73
KeyPers_Paris_1231345,Cadre,Paris,50
KeyPers_Paris_1231346,Ingénieur Data,Paris,70
KeyPers_Paris_1231347,Ingénieur Informaticien,Paris,52
KeyPers_Paris_1231348,Ingénieur Informaticien,Paris,70
KeyPers_Paris_1231349,Ingénieur Data,Paris,59
KeyPers_Paris_1231350,Ingénieur Informaticien,Paris,64
KeyPers_Paris_1231351,Cadre,Paris,77
KeyPers_Paris_1231352,Ingénieur Informaticien,Paris,72
KeyPers_Paris_1231353,Ingénieur Data,Paris,62
KeyPers_Paris_1231354,Ingénieur Data,Paris,79
KeyPers_Paris_1231355,Cadre,Paris,67
KeyPers_Paris_1231356,Ingénieur Informaticien,Paris,85
KeyPers_Paris_1231357,Ingénieur Informaticien,Paris,75
KeyPers_Paris_1231358,Ingénieur Informaticien,Paris,37
KeyPers_Paris_1231359,Ingénieur Data,Paris,62
KeyPers_Paris_1231360,Ingénieur Data,Paris,34
KeyPers_Paris_1231361,Economiste,Paris,53
KeyPers_Paris_1231362,Ingénieur Data,Paris,90
KeyPers_Paris_1231363,Ingénieur Informaticien,Paris,93
KeyPers_Paris_1231364,Ingénieur Informaticien,Paris,47
KeyPers_Paris_1231365,Ingénieur Data,Paris,72
KeyPers_Paris_1231366,Ingénieur Data,Paris,46
KeyPers_Paris_1231367,Ingénieur Data,Paris,52
KeyPers_Paris_1231368,Cadre,Paris,38
KeyPers_Paris_1231369,Ingénieur Data,Paris,27
KeyPers_Paris_1231370,Ingénieur Data,Paris,93
KeyPers_Paris_1231371,Ingénieur Data,Paris,75
KeyPers_Paris_1231372,Ingénieur Data,Paris,68
KeyPers_Paris_1231373,Cadre,Paris,53
KeyPers_Paris_1231374,Ingénieur Informaticien,Paris,95
KeyPers_Paris_1231375,Cadre,Paris,60
KeyPers_Paris_1231376,Ingénieur Data,Paris,65
KeyPers_Paris_1231377,Ingénieur Informaticien,Paris,93
KeyPers_Paris_1231378,Cadre,Paris,48
KeyPers_Paris_1231379,Ingénieur Informaticien,Paris,72
KeyPers_Paris_1231380,Economiste,Paris,72
KeyPers_Paris_1231381,Ingénieur Data,Paris,53
KeyPers_Paris_1231382,Ingénieur Data,Paris,42
KeyPers_Paris_1231383,Ingénieur Data,Paris,42
KeyPers_Paris_1231384,Ingénieur Informaticien,Paris,70
KeyPers_Paris_1231385,Economiste,Paris,46
KeyPers_Paris_1231386,Ingénieur Informaticien,Paris,91
KeyPers_Paris_1231387,Ingénieur Data,Paris,61
KeyPers_Paris_1231388,Ingénieur Informaticien,Paris,92
KeyPers_Paris_1231389,Ingénieur Data,Paris,26
KeyPers_Paris_1231390,Ingénieur Informaticien,Paris,77
KeyPers_Paris_1231391,Ingénieur Data,Paris,56
KeyPers_Paris_1231392,Ingénieur Informaticien,Paris,49
KeyPers_Paris_1231393,Ingénieur Data,Paris,65
KeyPers_Paris_1231394,Ingénieur Data,Paris,52
KeyPers_Paris_1231395,Ingénieur Data,Paris,85
KeyPers_Paris_1231396,Ingénieur Data,Paris,47
KeyPers_Paris_1231397,Ingénieur Informaticien,Paris,39
KeyPers_Paris_1231398,Cadre,Paris,91
KeyPers_Paris_1231399,Ingénieur Informaticien,Paris,93
KeyPers_Paris_1231400,Ingénieur Data,Paris,85
KeyPers_Paris_1231401,Ingénieur Data,Paris,68
KeyPers_Paris_1231402,Ingénieur Data,Paris,34
KeyPers_Paris_1231403,Ingénieur Informaticien,Paris,94
KeyPers_Paris_1231404,Cadre,Paris,75
KeyPers_Paris_1231405,Ingénieur Data,Paris,71
KeyPers_Paris_1231406,Economiste,Paris,38
KeyPers_Paris_1231407,Cadre,Paris,68
KeyPers_Paris_1231408,Ingénieur Informaticien,Paris,35
KeyPers_Paris_1231409,Ingénieur Data,Paris,86
KeyPers_Paris_1231410,Ingénieur Data,Paris,52
KeyPers_Paris_1231411,Ingénieur Data,Paris,90
KeyPers_Paris_1231412,DRH,Paris,96
KeyPers_Paris_1231413,Ingénieur Informaticien,Paris,95
KeyPers_Paris_1231414,Ingénieur Data,Paris,26
KeyPers_Paris_1231415,Ingénieur Data,Paris,55
KeyPers_Paris_1231416,Ingénieur Data,Paris,87
KeyPers_Paris_1231417,Cadre,Paris,29
KeyPers_Paris_1231418,Cadre,Paris,36
KeyPers_Paris_1231419,Ingénieur Informaticien,Paris,93
KeyPers_Paris_1231420,Ingénieur Informaticien,Paris,51
KeyPers_Paris_1231421,Ingénieur Informaticien,Paris,77
KeyPers_Paris_1231422,Ingénieur Informaticien,Paris,89
KeyPers_Paris_1231423,Cadre,Paris,87
KeyPers_Paris_1231424,Cadre,Paris,63
KeyPers_Paris_1231425,Ingénieur Data,Paris,75
KeyPers_Paris_1231426,Ingénieur Informaticien,Paris,52
KeyPers_Paris_1231427,Ingénieur Informaticien,Paris,75
KeyPers_Paris_1231428,Cadre,Paris,43
KeyPers_Paris_1231429,Ingénieur Data,Paris,83
KeyPers_Paris_1231430,Cadre,Paris,57
KeyPers_Paris_1231431,Ingénieur Informaticien,Paris,51
KeyPers_Paris_1231432,Ingénieur Data,Paris,40
KeyPers_Paris_1231433,Ingénieur Data,Paris,94
KeyPers_Paris_1231434,Ingénieur Informaticien,Paris,44
KeyPers_Paris_1231435,Ingénieur Data,Paris,76
KeyPers_Paris_1231436,Ingénieur Data,Paris,54
KeyPers_Paris_1231437,Ingénieur Data,Paris,73
KeyPers_Paris_1231438,Ingénieur Data,Paris,24
KeyPers_Paris_1231439,Ingénieur Data,Paris,81
KeyPers_Paris_1231440,Ingénieur Data,Paris,40
KeyPers_Paris_1231441,Ingénieur Informaticien,Paris,57
KeyPers_Paris_1231442,Ingénieur Data,Paris,56
KeyPers_Paris_1231443,Cadre,Paris,34
KeyPers_Paris_1231444,Cadre,Paris,34
KeyPers_Paris_1231445,Ingénieur Informaticien,Paris,24
KeyPers_Paris_1231446,Ingénieur Data,Paris,56
KeyPers_Paris_1231447,Ingénieur Informaticien,Paris,80
KeyPers_Paris_1231448,Ingénieur Data,Paris,36
KeyPers_Paris_1231449,Ingénieur Data,Paris,61
KeyPers_Paris_1231450,Cadre,Paris,29
KeyPers_Paris_1231451,Ingénieur Data,Paris,93
KeyPers_Paris_1231452,Ingénieur Data,Paris,65
KeyPers_Paris_1231453,Ingénieur Informaticien,Paris,40
KeyPers_Paris_1231454,Ingénieur Informaticien,Paris,29
KeyPers_Paris_1231455,Cadre,Paris,36
KeyPers_Paris_1231456,Ingénieur Informaticien,Paris,88
KeyPers_Paris_1231457,Ingénieur Data,Paris,57
KeyPers_Paris_1231458,Ingénieur Data,Paris,41
KeyPers_Paris_1231459,Ingénieur Data,Paris,85
KeyPers_Paris_1231460,Ingénieur Informaticien,Paris,24
KeyPers_Paris_1231461,Cadre,Paris,72
KeyPers_Paris_1231462,Ingénieur Data,Paris,69
KeyPers_Paris_1231463,Ingénieur Data,Paris,60
KeyPers_Paris_1231464,Ingénieur Data,Paris,28
KeyPers_Paris_1231465,Economiste,Paris,72
KeyPers_Paris_1231466,Ingénieur Data,Paris,45
KeyPers_Paris_1231467,Economiste,Paris,39
KeyPers_Paris_1231468,Ingénieur Data,Paris,94
KeyPers_Paris_1231469,Ingénieur Data,Paris,66
KeyPers_Paris_1231470,Ingénieur Informaticien,Paris,61
KeyPers_Paris_1231471,Cadre,Paris,82
KeyPers_Paris_1231472,Ingénieur Informaticien,Paris,69
KeyPers_Paris_1231473,Ingénieur Informaticien,Paris,41
KeyPers_Paris_1231474,Economiste,Paris,77
KeyPers_Paris_1231475,Ingénieur Informaticien,Paris,60
KeyPers_Paris_1231476,Ingénieur Data,Paris,32
KeyPers_Paris_1231477,Ingénieur Data,Paris,86
KeyPers_Paris_1231478,Economiste,Paris,80
KeyPers_Paris_1231479,Ingénieur Informaticien,Paris,46
KeyPers_Paris_1231480,Economiste,Paris,62
KeyPers_Paris_1231481,Ingénieur Data,Paris,43
KeyPers_Paris_1231482,Ingénieur Data,Paris,60
KeyPers_Paris_1231483,Ingénieur Informaticien,Paris,38
KeyPers_Paris_1231484,DRH,Paris,52
KeyPers_Paris_1231485,Ingénieur Data,Paris,48
KeyPers_Paris_1231486,Ingénieur Informaticien,Paris,60
KeyPers_Paris_1231487,Cadre,Paris,42
KeyPers_Paris_1231488,Cadre,Paris,89
KeyPers_Paris_1231489,Ingénieur Data,Paris,35
KeyPers_Paris_1231490,Ingénieur Data,Paris,59
KeyPers_Paris_1231491,Ingénieur Informaticien,Paris,87
KeyPers_Paris_1231492,Ingénieur Data,Paris,46
KeyPers_Paris_1231493,Cadre,Paris,89
KeyPers_Paris_1231494,Ingénieur Data,Paris,68
KeyPers_Paris_1231495,Ingénieur Data,Paris,54
KeyPers_Paris_1231496,Ingénieur Informaticien,Paris,41
KeyPers_Paris_1231497,Cadre,Paris,78
KeyPers_Paris_1231498,Ingénieur Informaticien,Paris,89
KeyPers_Paris_1231499,Cadre,Paris,58
KeyPers_Paris_1231500,Ingénieur Data,Paris,29
KeyPers_Paris_1231501,Ingénieur Data,Paris,63
KeyPers_Paris_1231502,Ingénieur Informaticien,Paris,84
KeyPers_Paris_1231503,Ingénieur Data,Paris,53
KeyPers_Paris_1231504,Economiste,Paris,73
KeyPers_Paris_1231505,Ingénieur Data,Paris,26
KeyPers_Paris_1231506,Ingénieur Informaticien,Paris,30
KeyPers_Paris_1231507,Ingénieur Informaticien,Paris,83
KeyPers_Paris_1231508,Ingénieur Data,Paris,59
KeyPers_Paris_1231509,Ingénieur Informaticien,Paris,59
KeyPers_Paris_1231510,Ingénieur Informaticien,Paris,78
KeyPers_Paris_1231511,Ingénieur Informaticien,Paris,52
KeyPers_Paris_1231512,Ingénieur Data,Paris,57
KeyPers_Paris_1231513,Ingénieur Informaticien,Paris,95
KeyPers_Paris_1231514,Economiste,Paris,40
KeyPers_Paris_1231515,Ingénieur Informaticien,Paris,65
KeyPers_Paris_1231516,Ingénieur Informaticien,Paris,41
KeyPers_Paris_1231517,Ingénieur Informaticien,Paris,54
KeyPers_Paris_1231518,Cadre,Paris,36
KeyPers_Paris_1231519,Ingénieur Informaticien,Paris,32
KeyPers_Paris_1231520,Ingénieur Informaticien,Paris,58
KeyPers_Paris_1231521,Cadre,Paris,62
KeyPers_Paris_1231522,Ingénieur Informaticien,Paris,70
KeyPers_Paris_1231523,Cadre,Paris,83
KeyPers_Paris_1231524,Ingénieur Data,Paris,81
KeyPers_Paris_1231525,Economiste,Paris,90
KeyPers_Paris_1231526,Economiste,Paris,37
KeyPers_Paris_1231527,Ingénieur Data,Paris,26
KeyPers_Paris_1231528,Ingénieur Informaticien,Paris,75
KeyPers_Paris_1231529,Ingénieur Informaticien,Paris,34
KeyPers_Paris_1231530,Ingénieur Informaticien,Paris,89
KeyPers_Paris_1231531,Ingénieur Data,Paris,30
KeyPers_Paris_1231532,Cadre,Paris,69
KeyPers_Paris_1231533,Ingénieur Data,Paris,43
KeyPers_Paris_1231534,Cadre,Paris,38
KeyPers_Paris_1231535,Ingénieur Informaticien,Paris,43
KeyPers_Paris_1231536,Ingénieur Data,Paris,40
KeyPers_Paris_1231537,Ingénieur Data,Paris,91
KeyPers_Paris_1231538,Ingénieur Informaticien,Paris,83
KeyPers_Paris_1231539,Ingénieur Data,Paris,51
KeyPers_Paris_1231540,Ingénieur Data,Paris,67
KeyPers_Paris_1231541,Ingénieur Informaticien,Paris,75
KeyPers_Paris_1231542,Economiste,Paris,59
KeyPers_Paris_1231543,Ingénieur Data,Paris,25
KeyPers_Paris_1231544,Ingénieur Informaticien,Paris,80
KeyPers_Paris_1231545,Cadre,Paris,36
KeyPers_Paris_1231546,Ingénieur Informaticien,Paris,56
KeyPers_Paris_1231547,Ingénieur Informaticien,Paris,88
KeyPers_Paris_1231548,DRH,Paris,57
KeyPers_Paris_1231549,Ingénieur Data,Paris,54
KeyPers_Paris_1231550,Ingénieur Informaticien,Paris,41
KeyPers_Paris_1231551,Cadre,Paris,44
KeyPers_Paris_1231552,Ingénieur Data,Paris,72
KeyPers_Paris_1231553,Economiste,Paris,38
KeyPers_Paris_1231554,Ingénieur Informaticien,Paris,52
KeyPers_Paris_1231555,Ingénieur Data,Paris,69
KeyPers_Paris_1231556,Cadre,Paris,34
KeyPers_Paris_1231557,Ingénieur Informaticien,Paris,39
KeyPers_Paris_1231558,Ingénieur Data,Paris,72
KeyPers_Paris_1231559,Ingénieur Informaticien,Paris,27
KeyPers_Paris_1231560,Ingénieur Informaticien,Paris,93
KeyPers_Paris_1231561,Economiste,Paris,28
KeyPers_Paris_1231562,Ingénieur Informaticien,Paris,68
KeyPers_Paris_1231563,Ingénieur Informaticien,Paris,49
KeyPers_Paris_1231564,Cadre,Paris,83
KeyPers_Paris_1231565,Cadre,Paris,72
KeyPers_Paris_1231566,Ingénieur Informaticien,Paris,41
KeyPers_Paris_1231567,Ingénieur Data,Paris,93
KeyPers_Paris_1231568,Ingénieur Informaticien,Paris,82
KeyPers_Paris_1231569,Cadre,Paris,85
KeyPers_Paris_1231570,Ingénieur Data,Paris,87
KeyPers_Paris_1231571,Ingénieur Informaticien,Paris,44
KeyPers_Paris_1231572,Ingénieur Informaticien,Paris,58
KeyPers_Paris_1231573,Ingénieur Informaticien,Paris,56
KeyPers_Paris_1231574,Cadre,Paris,25
KeyPers_Paris_1231575,Ingénieur Informaticien,Paris,93
KeyPers_Paris_1231576,Cadre,Paris,40
KeyPers_Paris_1231577,Cadre,Paris,30
KeyPers_Paris_1231578,Ingénieur Informaticien,Paris,75
KeyPers_Paris_1231579,Ingénieur Informaticien,Paris,49
KeyPers_Paris_1231580,Ingénieur Data,Paris,67
KeyPers_Paris_1231581,Ingénieur Informaticien,Paris,28
KeyPers_Paris_1231582,Cadre,Paris,63
KeyPers_Paris_1231583,Ingénieur Data,Paris,42
KeyPers_Paris_1231584,Ingénieur Data,Paris,91
KeyPers_Paris_1231585,Ingénieur Data,Paris,63
KeyPers_Paris_1231586,Economiste,Paris,33
KeyPers_Paris_1231587,Cadre,Paris,51
KeyPers_Paris_1231588,Ingénieur Data,Paris,84
KeyPers_Paris_1231589,Ingénieur Data,Paris,67
KeyPers_Paris_1231590,Ingénieur Data,Paris,32
KeyPers_Paris_1231591,Ingénieur Data,Paris,29
KeyPers_Paris_1231592,Cadre,Paris,61
KeyPers_Paris_1231593,Ingénieur Data,Paris,42
KeyPers_Paris_1231594,Ingénieur Informaticien,Paris,31
KeyPers_Paris_1231595,Cadre,Paris,40
KeyPers_Paris_1231596,Ingénieur Informaticien,Paris,87
KeyPers_Paris_1231597,Ingénieur Informaticien,Paris,31
KeyPers_Paris_1231598,Ingénieur Informaticien,Paris,55
KeyPers_Paris_1231599,Economiste,Paris,90
KeyPers_Paris_1231600,Ingénieur Informaticien,Paris,83
KeyPers_Paris_1231601,Ingénieur Informaticien,Paris,37
KeyPers_Paris_1231602,Cadre,Paris,68
KeyPers_Paris_1231603,Ingénieur Data,Paris,30
KeyPers_Paris_1231604,Cadre,Paris,27
KeyPers_Paris_1231605,Ingénieur Informaticien,Paris,48
KeyPers_Paris_1231606,Ingénieur Informaticien,Paris,88
KeyPers_Paris_1231607,Ingénieur Data,Paris,43
KeyPers_Paris_1231608,Ingénieur Data,Paris,77
KeyPers_Paris_1231609,Ingénieur Informaticien,Paris,94
KeyPers_Paris_1231610,Ingénieur Data,Paris,73
KeyPers_Paris_1231611,Ingénieur Data,Paris,35
KeyPers_Paris_1231612,Ingénieur Data,Paris,31
KeyPers_Paris_1231613,DRH,Paris,29
KeyPers_Paris_1231614,Ingénieur Informaticien,Paris,77
KeyPers_Paris_1231615,Ingénieur Informaticien,Paris,94
KeyPers_Paris_1231616,Ingénieur Informaticien,Paris,29
KeyPers_Paris_1231617,Ingénieur Data,Paris,73
KeyPers_Paris_1231618,Ingénieur Data,Paris,32
KeyPers_Paris_1231619,Cadre,Paris,91
KeyPers_Paris_1231620,DRH,Paris,73
KeyPers_Paris_1231621,Ingénieur Informaticien,Paris,67
KeyPers_Paris_1231622,Ingénieur Informaticien,Paris,58
KeyPers_Paris_1231623,Ingénieur Data,Paris,90
KeyPers_Paris_1231624,Economiste,Paris,60
KeyPers_Paris_1231625,Ingénieur Data,Paris,44
KeyPers_Paris_1231626,Ingénieur Informaticien,Paris,59
KeyPers_Paris_1231627,Ingénieur Informaticien,Paris,63
KeyPers_Paris_1231628,Ingénieur Informaticien,Paris,95
KeyPers_Paris_1231629,Ingénieur Data,Paris,50
KeyPers_Paris_1231630,Ingénieur Data,Paris,75
KeyPers_Paris_1231631,Ingénieur Informaticien,Paris,62
KeyPers_Paris_1231632,Ingénieur Informaticien,Paris,47
KeyPers_Paris_1231633,Ingénieur Informaticien,Paris,96
KeyPers_Paris_1231634,Ingénieur Data,Paris,38
KeyPers_Paris_1231635,Ingénieur Data,Paris,43
KeyPers_Paris_1231636,Cadre,Paris,62
KeyPers_Paris_1231637,Cadre,Paris,92
KeyPers_Paris_1231638,Ingénieur Informaticien,Paris,89
KeyPers_Paris_1231639,Ingénieur Informaticien,Paris,40
KeyPers_Paris_1231640,Ingénieur Informaticien,Paris,27
KeyPers_Paris_1231641,Cadre,Paris,44
KeyPers_Paris_1231642,Ingénieur Informaticien,Paris,56
KeyPers_Paris_1231643,Economiste,Paris,53
KeyPers_Paris_1231644,Cadre,Paris,88
KeyPers_Paris_1231645,Ingénieur Data,Paris,29
KeyPers_Paris_1231646,Ingénieur Data,Paris,44
KeyPers_Paris_1231647,Ingénieur Informaticien,Paris,96
KeyPers_Paris_1231648,Ingénieur Data,Paris,26
KeyPers_Paris_1231649,Ingénieur Data,Paris,91
KeyPers_Paris_1231650,Ingénieur Informaticien,Paris,26
KeyPers_Paris_1231651,Cadre,Paris,43
KeyPers_Paris_1231652,Ingénieur Data,Paris,88
KeyPers_Paris_1231653,Cadre,Paris,68
KeyPers_Paris_1231654,Ingénieur Data,Paris,69
KeyPers_Paris_1231655,Cadre,Paris,52
KeyPers_Paris_1231656,Ingénieur Informaticien,Paris,59
KeyPers_Paris_1231657,Ingénieur Informaticien,Paris,95
KeyPers_Paris_1231658,Ingénieur Data,Paris,85
KeyPers_Paris_1231659,Ingénieur Data,Paris,68
KeyPers_Paris_1231660,Ingénieur Data,Paris,65
KeyPers_Paris_1231661,Cadre,Paris,75
KeyPers_Paris_1231662,Ingénieur Data,Paris,28
KeyPers_Paris_1231663,DRH,Paris,66
KeyPers_Paris_1231664,Cadre,Paris,66
KeyPers_Paris_1231665,Ingénieur Informaticien,Paris,56
KeyPers_Paris_1231666,Cadre,Paris,62
KeyPers_Paris_1231667,Ingénieur Data,Paris,34
KeyPers_Paris_1231668,Ingénieur Informaticien,Paris,71
KeyPers_Paris_1231669,Ingénieur Data,Paris,55
KeyPers_Paris_1231670,Ingénieur Data,Paris,49
KeyPers_Paris_1231671,Ingénieur Data,Paris,71
KeyPers_Paris_1231672,Ingénieur Informaticien,Paris,70
KeyPers_Paris_1231673,Ingénieur Informaticien,Paris,89
KeyPers_Paris_1231674,Ingénieur Informaticien,Paris,60
KeyPers_Paris_1231675,Ingénieur Informaticien,Paris,54
KeyPers_Paris_1231676,Ingénieur Informaticien,Paris,95
KeyPers_Paris_1231677,Ingénieur Informaticien,Paris,34
KeyPers_Paris_1231678,Ingénieur Informaticien,Paris,95
KeyPers_Paris_1231679,Ingénieur Data,Paris,32
KeyPers_Paris_1231680,Ingénieur Informaticien,Paris,86
KeyPers_Paris_1231681,Ingénieur Data,Paris,47
KeyPers_Paris_1231682,Cadre,Paris,72
KeyPers_Paris_1231683,Ingénieur Informaticien,Paris,84
KeyPers_Paris_1231684,Economiste,Paris,69
KeyPers_Paris_1231685,Economiste,Paris,47
KeyPers_Paris_1231686,Ingénieur Data,Paris,44
KeyPers_Paris_1231687,Ingénieur Informaticien,Paris,89
KeyPers_Paris_1231688,Ingénieur Data,Paris,83
KeyPers_Paris_1231689,Ingénieur Data,Paris,57
KeyPers_Paris_1231690,Cadre,Paris,83
KeyPers_Paris_1231691,Ingénieur Data,Paris,47
KeyPers_Paris_1231692,Ingénieur Data,Paris,37
KeyPers_Paris_1231693,Ingénieur Informaticien,Paris,56
KeyPers_Paris_1231694,Ingénieur Data,Paris,43
KeyPers_Paris_1231695,Ingénieur Data,Paris,42
KeyPers_Paris_1231696,Ingénieur Data,Paris,41
KeyPers_Paris_1231697,Ingénieur Data,Paris,79
KeyPers_Paris_1231698,Ingénieur Informaticien,Paris,91
KeyPers_Paris_1231699,Ingénieur Data,Paris,81
KeyPers_Paris_1231700,Ingénieur Data,Paris,33
KeyPers_Paris_1231701,Cadre,Paris,73
KeyPers_Paris_1231702,Cadre,Paris,38
KeyPers_Paris_1231703,Cadre,Paris,49
KeyPers_Paris_1231704,Ingénieur Informaticien,Paris,71
KeyPers_Paris_1231705,Ingénieur Informaticien,Paris,56
KeyPers_Paris_1231706,Economiste,Paris,81
KeyPers_Paris_1231707,Ingénieur Informaticien,Paris,53
KeyPers_Paris_1231708,Ingénieur Data,Paris,59
KeyPers_Paris_1231709,Ingénieur Data,Paris,90
KeyPers_Paris_1231710,Ingénieur Data,Paris,25
KeyPers_Paris_1231711,Ingénieur Informaticien,Paris,30
KeyPers_Paris_1231712,Cadre,Paris,76
KeyPers_Paris_1231713,Ingénieur Informaticien,Paris,48
KeyPers_Paris_1231714,Cadre,Paris,79
KeyPers_Paris_1231715,Cadre,Paris,66
KeyPers_Paris_1231716,Ingénieur Data,Paris,39
KeyPers_Paris_1231717,Ingénieur Informaticien,Paris,65
KeyPers_Paris_1231718,Ingénieur Data,Paris,86
KeyPers_Paris_1231719,Ingénieur Informaticien,Paris,37
KeyPers_Paris_1231720,Cadre,Paris,49
KeyPers_Paris_1231721,Ingénieur Data,Paris,41
KeyPers_Paris_1231722,Ingénieur Informaticien,Paris,70
KeyPers_Paris_1231723,Ingénieur Data,Paris,49
KeyPers_Paris_1231724,Ingénieur Informaticien,Paris,91
KeyPers_Paris_1231725,Ingénieur Informaticien,Paris,49
KeyPers_Paris_1231726,Cadre,Paris,43
KeyPers_Paris_1231727,Economiste,Paris,87
KeyPers_Paris_1231728,Ingénieur Data,Paris,66
KeyPers_Paris_1231729,Economiste,Paris,83
KeyPers_Paris_1231730,Economiste,Paris,72
KeyPers_Paris_1231731,Ingénieur Informaticien,Paris,61
KeyPers_Paris_1231732,Ingénieur Data,Paris,70
KeyPers_Paris_1231733,Ingénieur Informaticien,Paris,78
KeyPers_Paris_1231734,Ingénieur Informaticien,Paris,88
KeyPers_Paris_1231735,Cadre,Paris,62
KeyPers_Paris_1231736,Cadre,Paris,58
KeyPers_Paris_1231737,Cadre,Paris,87
KeyPers_Paris_1231738,DRH,Paris,68
KeyPers_Paris_1231739,Cadre,Paris,25
KeyPers_Paris_1231740,Ingénieur Informaticien,Paris,83
KeyPers_Paris_1231741,Cadre,Paris,82
KeyPers_Paris_1231742,Ingénieur Data,Paris,67
KeyPers_Paris_1231743,Ingénieur Data,Paris,45
KeyPers_Paris_1231744,DRH,Paris,72
KeyPers_Paris_1231745,Ingénieur Data,Paris,83
KeyPers_Paris_1231746,Ingénieur Data,Paris,48
KeyPers_Paris_1231747,DRH,Paris,88
KeyPers_Paris_1231748,Ingénieur Data,Paris,62
KeyPers_Paris_1231749,Ingénieur Informaticien,Paris,94
KeyPers_Paris_1231750,Ingénieur Informaticien,Paris,39
KeyPers_Paris_1231751,Cadre,Paris,29
KeyPers_Paris_1231752,Cadre,Paris,93
KeyPers_Paris_1231753,Economiste,Paris,31
KeyPers_Paris_1231754,Ingénieur Data,Paris,33
KeyPers_Paris_1231755,Ingénieur Data,Paris,91
KeyPers_Paris_1231756,Ingénieur Data,Paris,43
KeyPers_Paris_1231757,Ingénieur Data,Paris,31
KeyPers_Paris_1231758,Ingénieur Data,Paris,92
KeyPers_Paris_1231759,Ingénieur Data,Paris,33
KeyPers_Paris_1231760,Ingénieur Data,Paris,68
KeyPers_Paris_1231761,Ingénieur Informaticien,Paris,39
KeyPers_Paris_1231762,Ingénieur Informaticien,Paris,24
KeyPers_Paris_1231763,Cadre,Paris,66
KeyPers_Paris_1231764,Ingénieur Data,Paris,26
KeyPers_Paris_1231765,Ingénieur Data,Paris,24
KeyPers_Paris_1231766,Ingénieur Informaticien,Paris,30
KeyPers_Paris_1231767,Cadre,Paris,26
KeyPers_Paris_1231768,Ingénieur Data,Paris,31
KeyPers_Paris_1231769,Ingénieur Informaticien,Paris,88
KeyPers_Paris_1231770,Ingénieur Data,Paris,48
KeyPers_Paris_1231771,Ingénieur Data,Paris,50
KeyPers_Paris_1231772,Ingénieur Data,Paris,62
KeyPers_Paris_1231773,Ingénieur Data,Paris,32
KeyPers_Paris_1231774,Cadre,Paris,45
KeyPers_Paris_1231775,Ingénieur Data,Paris,35
KeyPers_Paris_1231776,Ingénieur Data,Paris,90
KeyPers_Paris_1231777,Ingénieur Informaticien,Paris,43
KeyPers_Paris_1231778,Ingénieur Informaticien,Paris,42
KeyPers_Paris_1231779,Ingénieur Data,Paris,95
KeyPers_Paris_1231780,Ingénieur Informaticien,Paris,86
KeyPers_Paris_1231781,Ingénieur Informaticien,Paris,86
KeyPers_Paris_1231782,Ingénieur Data,Paris,42
KeyPers_Paris_1231783,Ingénieur Data,Paris,65
KeyPers_Paris_1231784,Cadre,Paris,48
KeyPers_Paris_1231785,Ingénieur Data,Paris,89
KeyPers_Paris_1231786,Ingénieur Informaticien,Paris,81
KeyPers_Paris_1231787,Ingénieur Informaticien,Paris,77
KeyPers_Paris_1231788,Ingénieur Informaticien,Paris,33
KeyPers_Paris_1231789,Ingénieur Data,Paris,31
KeyPers_Paris_1231790,Ingénieur Data,Paris,27
KeyPers_Paris_1231791,Cadre,Paris,57
KeyPers_Paris_1231792,Ingénieur Informaticien,Paris,68
KeyPers_Paris_1231793,Ingénieur Data,Paris,43
KeyPers_Paris_1231794,DRH,Paris,81
KeyPers_Paris_1231795,Ingénieur Informaticien,Paris,38
KeyPers_Paris_1231796,Ingénieur Informaticien,Paris,56
KeyPers_Paris_1231797,Ingénieur Informaticien,Paris,96
KeyPers_Paris_1231798,Ingénieur Data,Paris,81
KeyPers_Paris_1231799,Economiste,Paris,36
KeyPers_Paris_1231800,Ingénieur Informaticien,Paris,39
KeyPers_Paris_1231801,Ingénieur Informaticien,Paris,44
KeyPers_Paris_1231802,Cadre,Paris,33
KeyPers_Paris_1231803,Economiste,Paris,76
KeyPers_Paris_1231804,Ingénieur Data,Paris,33
KeyPers_Paris_1231805,Cadre,Paris,48
KeyPers_Paris_1231806,Ingénieur Informaticien,Paris,69
KeyPers_Paris_1231807,Ingénieur Informaticien,Paris,78
KeyPers_Paris_1231808,Ingénieur Informaticien,Paris,56
KeyPers_Paris_1231809,Ingénieur Data,Paris,38
KeyPers_Paris_1231810,Ingénieur Data,Paris,59
KeyPers_Paris_1231811,Ingénieur Data,Paris,58
KeyPers_Paris_1231812,Ingénieur Informaticien,Paris,42
KeyPers_Paris_1231813,Ingénieur Informaticien,Paris,58
KeyPers_Paris_1231814,Economiste,Paris,64
KeyPers_Paris_1231815,Cadre,Paris,24
KeyPers_Paris_1231816,Ingénieur Data,Paris,24
KeyPers_Paris_1231817,Ingénieur Informaticien,Paris,56
KeyPers_Paris_1231818,Ingénieur Informaticien,Paris,77
KeyPers_Paris_1231819,Cadre,Paris,62
KeyPers_Paris_1231820,Ingénieur Informaticien,Paris,85
KeyPers_Paris_1231821,Ingénieur Data,Paris,86
KeyPers_Paris_1231822,Ingénieur Informaticien,Paris,52
KeyPers_Paris_1231823,Cadre,Paris,77
KeyPers_Paris_1231824,Cadre,Paris,48
KeyPers_Paris_1231825,Ingénieur Informaticien,Paris,73
KeyPers_Paris_1231826,Ingénieur Data,Paris,37
KeyPers_Paris_1231827,Ingénieur Data,Paris,31
KeyPers_Paris_1231828,Ingénieur Data,Paris,63
KeyPers_Paris_1231829,Ingénieur Data,Paris,66
KeyPers_Paris_1231830,Ingénieur Data,Paris,52
KeyPers_Paris_1231831,Ingénieur Informaticien,Paris,71
KeyPers_Paris_1231832,Ingénieur Informaticien,Paris,73
KeyPers_Paris_1231833,Ingénieur Informaticien,Paris,81
KeyPers_Paris_1231834,DRH,Paris,80
KeyPers_Paris_1231835,Ingénieur Data,Paris,32
KeyPers_Paris_1231836,Ingénieur Data,Paris,85
KeyPers_Paris_1231837,Economiste,Paris,37
KeyPers_Paris_1231838,Ingénieur Data,Paris,81
KeyPers_Paris_1231839,Ingénieur Informaticien,Paris,81
KeyPers_Paris_1231840,Ingénieur Data,Paris,30
KeyPers_Paris_1231841,Ingénieur Data,Paris,48
KeyPers_Paris_1231842,Ingénieur Informaticien,Paris,78
KeyPers_Paris_1231843,Ingénieur Informaticien,Paris,55
KeyPers_Paris_1231844,Ingénieur Informaticien,Paris,79
KeyPers_Paris_1231845,Economiste,Paris,40
KeyPers_Paris_1231846,Ingénieur Informaticien,Paris,34
KeyPers_Paris_1231847,Ingénieur Data,Paris,28
KeyPers_Paris_1231848,Ingénieur Informaticien,Paris,44
KeyPers_Paris_1231849,Ingénieur Data,Paris,78
KeyPers_Paris_1231850,Ingénieur Data,Paris,55
KeyPers_Paris_1231851,Ingénieur Informaticien,Paris,41
KeyPers_Paris_1231852,Ingénieur Informaticien,Paris,90
KeyPers_Paris_1231853,Ingénieur Informaticien,Paris,57
KeyPers_Paris_1231854,Ingénieur Informaticien,Paris,74
KeyPers_Paris_1231855,Ingénieur Data,Paris,61
KeyPers_Paris_1231856,Ingénieur Data,Paris,30
KeyPers_Paris_1231857,Ingénieur Data,Paris,75
KeyPers_Paris_1231858,Cadre,Paris,29
KeyPers_Paris_1231859,Ingénieur Informaticien,Paris,39
KeyPers_Paris_1231860,Ingénieur Informaticien,Paris,93
KeyPers_Paris_1231861,Ingénieur Data,Paris,85
KeyPers_Paris_1231862,Ingénieur Informaticien,Paris,48
KeyPers_Paris_1231863,Economiste,Paris,29
KeyPers_Paris_1231864,Cadre,Paris,44
KeyPers_Paris_1231865,Ingénieur Data,Paris,42
KeyPers_Paris_1231866,Ingénieur Informaticien,Paris,60
KeyPers_Paris_1231867,Cadre,Paris,51
KeyPers_Paris_1231868,Ingénieur Informaticien,Paris,79
KeyPers_Paris_1231869,Ingénieur Data,Paris,34
KeyPers_Paris_1231870,Ingénieur Data,Paris,76
KeyPers_Paris_1231871,Cadre,Paris,41
KeyPers_Paris_1231872,Ingénieur Data,Paris,89
KeyPers_Paris_1231873,Ingénieur Informaticien,Paris,29
KeyPers_Paris_1231874,Cadre,Paris,58
KeyPers_Paris_1231875,Ingénieur Informaticien,Paris,39
KeyPers_Paris_1231876,Ingénieur Data,Paris,48
KeyPers_Paris_1231877,Cadre,Paris,80
KeyPers_Paris_1231878,Cadre,Paris,64
KeyPers_Paris_1231879,Ingénieur Informaticien,Paris,91
KeyPers_Paris_1231880,Ingénieur Informaticien,Paris,72
KeyPers_Paris_1231881,Economiste,Paris,27
KeyPers_Paris_1231882,Ingénieur Data,Paris,27
KeyPers_Paris_1231883,Cadre,Paris,91
KeyPers_Paris_1231884,Ingénieur Data,Paris,30
KeyPers_Paris_1231885,Economiste,Paris,73
KeyPers_Paris_1231886,Ingénieur Informaticien,Paris,95
KeyPers_Paris_1231887,Economiste,Paris,24
KeyPers_Paris_1231888,Ingénieur Data,Paris,50
KeyPers_Paris_1231889,Ingénieur Informaticien,Paris,68
KeyPers_Paris_1231890,Economiste,Paris,77
KeyPers_Paris_1231891,Economiste,Paris,70
KeyPers_Paris_1231892,Ingénieur Data,Paris,58
KeyPers_Paris_1231893,Ingénieur Data,Paris,39
KeyPers_Paris_1231894,Ingénieur Data,Paris,29
KeyPers_Paris_1231895,Ingénieur Informaticien,Paris,47
KeyPers_Paris_1231896,Ingénieur Informaticien,Paris,68
KeyPers_Paris_1231897,Ingénieur Data,Paris,87
KeyPers_Paris_1231898,Ingénieur Data,Paris,55
KeyPers_Paris_1231899,Ingénieur Data,Paris,51
KeyPers_Paris_1231900,Ingénieur Informaticien,Paris,77
KeyPers_Paris_1231901,Ingénieur Informaticien,Paris,30
KeyPers_Paris_1231902,Ingénieur Data,Paris,35
KeyPers_Paris_1231903,Cadre,Paris,47
KeyPers_Paris_1231904,Economiste,Paris,48
KeyPers_Paris_1231905,Ingénieur Data,Paris,86
KeyPers_Paris_1231906,Ingénieur Informaticien,Paris,66
KeyPers_Paris_1231907,Ingénieur Informaticien,Paris,62
KeyPers_Paris_1231908,Ingénieur Data,Paris,41
KeyPers_Paris_1231909,Ingénieur Informaticien,Paris,62
KeyPers_Paris_1231910,Ingénieur Data,Paris,48
KeyPers_Paris_1231911,Cadre,Paris,77
KeyPers_Paris_1231912,Cadre,Paris,44
KeyPers_Paris_1231913,Ingénieur Data,Paris,46
KeyPers_Paris_1231914,Ingénieur Data,Paris,96
KeyPers_Paris_1231915,Ingénieur Data,Paris,28
KeyPers_Paris_1231916,Ingénieur Data,Paris,81
KeyPers_Paris_1231917,Ingénieur Informaticien,Paris,35
KeyPers_Paris_1231918,Ingénieur Informaticien,Paris,86
KeyPers_Paris_1231919,Ingénieur Data,Paris,43
KeyPers_Paris_1231920,Ingénieur Informaticien,Paris,61
KeyPers_Paris_1231921,Ingénieur Informaticien,Paris,40
KeyPers_Paris_1231922,Ingénieur Data,Paris,48
KeyPers_Paris_1231923,Ingénieur Data,Paris,41
KeyPers_Paris_1231924,Cadre,Paris,87
KeyPers_Paris_1231925,Ingénieur Informaticien,Paris,51
KeyPers_Paris_1231926,Cadre,Paris,63
KeyPers_Paris_1231927,Cadre,Paris,59
KeyPers_Paris_1231928,Ingénieur Data,Paris,37
KeyPers_Paris_1231929,Ingénieur Informaticien,Paris,93
KeyPers_Paris_1231930,Ingénieur Informaticien,Paris,94
KeyPers_Paris_1231931,Ingénieur Informaticien,Paris,74
KeyPers_Paris_1231932,Ingénieur Data,Paris,28
KeyPers_Paris_1231933,Ingénieur Informaticien,Paris,69
KeyPers_Paris_1231934,Ingénieur Informaticien,Paris,38
KeyPers_Paris_1231935,Cadre,Paris,37
KeyPers_Paris_1231936,Economiste,Paris,76
KeyPers_Paris_1231937,Ingénieur Informaticien,Paris,57
KeyPers_Paris_1231938,Ingénieur Data,Paris,46
KeyPers_Paris_1231939,Cadre,Paris,91
KeyPers_Paris_1231940,Ingénieur Informaticien,Paris,88
KeyPers_Paris_1231941,Cadre,Paris,87
KeyPers_Paris_1231942,Ingénieur Data,Paris,90
KeyPers_Paris_1231943,Economiste,Paris,73
KeyPers_Paris_1231944,Ingénieur Data,Paris,33
KeyPers_Paris_1231945,Ingénieur Informaticien,Paris,26
KeyPers_Paris_1231946,Ingénieur Data,Paris,51
KeyPers_Paris_1231947,Ingénieur Data,Paris,53
KeyPers_Paris_1231948,Ingénieur Data,Paris,25
KeyPers_Paris_1231949,Cadre,Paris,28
KeyPers_Paris_1231950,Ingénieur Informaticien,Paris,26
KeyPers_Paris_1231951,Cadre,Paris,50
KeyPers_Paris_1231952,Ingénieur Informaticien,Paris,51
KeyPers_Paris_1231953,Ingénieur Informaticien,Paris,67
KeyPers_Paris_1231954,Ingénieur Informaticien,Paris,79
KeyPers_Paris_1231955,Ingénieur Informaticien,Paris,29
KeyPers_Paris_1231956,Ingénieur Data,Paris,27
KeyPers_Paris_1231957,Cadre,Paris,85
KeyPers_Paris_1231958,Ingénieur Data,Paris,46
KeyPers_Paris_1231959,Ingénieur Informaticien,Paris,71
KeyPers_Paris_1231960,Ingénieur Informaticien,Paris,34
KeyPers_Paris_1231961,Ingénieur Informaticien,Paris,25
KeyPers_Paris_1231962,Ingénieur Informaticien,Paris,85
KeyPers_Paris_1231963,Ingénieur Informaticien,Paris,69
KeyPers_Paris_1231964,Cadre,Paris,84
KeyPers_Paris_1231965,Ingénieur Data,Paris,33
KeyPers_Paris_1231966,Ingénieur Data,Paris,44
KeyPers_Paris_1231967,Ingénieur Data,Paris,48
KeyPers_Paris_1231968,Ingénieur Informaticien,Paris,42
KeyPers_Paris_1231969,Ingénieur Informaticien,Paris,74
KeyPers_Paris_1231970,Ingénieur Data,Paris,71
KeyPers_Paris_1231971,Cadre,Paris,57
KeyPers_Paris_1231972,Ingénieur Informaticien,Paris,80
KeyPers_Paris_1231973,Economiste,Paris,62
KeyPers_Paris_1231974,Ingénieur Data,Paris,45
KeyPers_Paris_1231975,Ingénieur Data,Paris,64
KeyPers_Paris_1231976,Ingénieur Data,Paris,54
KeyPers_Paris_1231977,Ingénieur Informaticien,Paris,59
KeyPers_Paris_1231978,Cadre,Paris,91
KeyPers_Paris_1231979,Ingénieur Data,Paris,82
KeyPers_Paris_1231980,Cadre,Paris,46
KeyPers_Paris_1231981,Ingénieur Informaticien,Paris,36
KeyPers_Paris_1231982,Ingénieur Data,Paris,74
KeyPers_Paris_1231983,Ingénieur Informaticien,Paris,31
KeyPers_Paris_1231984,Ingénieur Data,Paris,83
KeyPers_Paris_1231985,Ingénieur Data,Paris,80
KeyPers_Paris_1231986,Ingénieur Informaticien,Paris,53
KeyPers_Paris_1231987,Ingénieur Informaticien,Paris,79
KeyPers_Paris_1231988,Cadre,Paris,52
KeyPers_Paris_1231989,Economiste,Paris,85
KeyPers_Paris_1231990,Ingénieur Informaticien,Paris,76
KeyPers_Paris_1231991,DRH,Paris,43
KeyPers_Paris_1231992,Ingénieur Informaticien,Paris,29
KeyPers_Paris_1231993,Ingénieur Informaticien,Paris,57
KeyPers_Paris_1231994,Ingénieur Informaticien,Paris,93
KeyPers_Paris_1231995,Cadre,Paris,64
KeyPers_Paris_1231996,Ingénieur Data,Paris,40
KeyPers_Paris_1231997,Economiste,Paris,32
KeyPers_Paris_1231998,Ingénieur Data,Paris,69
KeyPers_Paris_1231999,Ingénieur Data,Paris,55
KeyPers_Paris_1232000,Cadre,Paris,57
KeyPers_Paris_1232001,Ingénieur Data,Paris,26
KeyPers_Paris_1232002,Cadre,Paris,88
KeyPers_Paris_1232003,Ingénieur Informaticien,Paris,87
KeyPers_Paris_1232004,Ingénieur Informaticien,Paris,80
KeyPers_Paris_1232005,Ingénieur Data,Paris,71
KeyPers_Paris_1232006,Ingénieur Informaticien,Paris,75
KeyPers_Paris_1232007,Cadre,Paris,74
KeyPers_Paris_1232008,Ingénieur Informaticien,Paris,38
KeyPers_Paris_1232009,Ingénieur Data,Paris,81
KeyPers_Paris_1232010,Economiste,Paris,27
KeyPers_Paris_1232011,Ingénieur Informaticien,Paris,55
KeyPers_Paris_1232012,Ingénieur Informaticien,Paris,60
KeyPers_Paris_1232013,Ingénieur Data,Paris,32
KeyPers_Paris_1232014,Cadre,Paris,53
KeyPers_Paris_1232015,Cadre,Paris,59
KeyPers_Paris_1232016,Ingénieur Data,Paris,61
KeyPers_Paris_1232017,Ingénieur Informaticien,Paris,29
KeyPers_Paris_1232018,Ingénieur Informaticien,Paris,45
KeyPers_Paris_1232019,Ingénieur Informaticien,Paris,50
KeyPers_Paris_1232020,Cadre,Paris,46
KeyPers_Paris_1232021,Ingénieur Informaticien,Paris,74
KeyPers_Paris_1232022,Cadre,Paris,94
KeyPers_Paris_1232023,Ingénieur Data,Paris,49
KeyPers_Paris_1232024,Ingénieur Informaticien,Paris,59
KeyPers_Paris_1232025,Cadre,Paris,57
KeyPers_Paris_1232026,Ingénieur Data,Paris,33
KeyPers_Paris_1232027,Cadre,Paris,66
KeyPers_Paris_1232028,Ingénieur Data,Paris,41
KeyPers_Paris_1232029,Ingénieur Informaticien,Paris,64
KeyPers_Paris_1232030,Ingénieur Informaticien,Paris,49
KeyPers_Paris_1232031,Ingénieur Informaticien,Paris,79
KeyPers_Paris_1232032,Ingénieur Data,Paris,67
KeyPers_Paris_1232033,Ingénieur Informaticien,Paris,49
KeyPers_Paris_1232034,Ingénieur Informaticien,Paris,76
KeyPers_Paris_1232035,Ingénieur Informaticien,Paris,30
KeyPers_Paris_1232036,Ingénieur Data,Paris,82
KeyPers_Paris_1232037,Ingénieur Informaticien,Paris,91
KeyPers_Paris_1232038,Cadre,Paris,26
KeyPers_Paris_1232039,Ingénieur Data,Paris,85
KeyPers_Paris_1232040,Ingénieur Informaticien,Paris,27
KeyPers_Paris_1232041,Ingénieur Data,Paris,50
KeyPers_Paris_1232042,Ingénieur Informaticien,Paris,64
KeyPers_Paris_1232043,Ingénieur Informaticien,Paris,36
KeyPers_Paris_1232044,Ingénieur Informaticien,Paris,41
KeyPers_Paris_1232045,Ingénieur Data,Paris,34
KeyPers_Paris_1232046,Cadre,Paris,79
KeyPers_Paris_1232047,Ingénieur Informaticien,Paris,71
KeyPers_Paris_1232048,Ingénieur Informaticien,Paris,82
KeyPers_Paris_1232049,Ingénieur Informaticien,Paris,76
KeyPers_Paris_1232050,Ingénieur Data,Paris,59
KeyPers_Paris_1232051,Ingénieur Informaticien,Paris,67
KeyPers_Paris_1232052,Ingénieur Data,Paris,82
KeyPers_Paris_1232053,Ingénieur Informaticien,Paris,36
KeyPers_Paris_1232054,Cadre,Paris,42
KeyPers_Paris_1232055,Ingénieur Data,Paris,85
KeyPers_Paris_1232056,Ingénieur Data,Paris,29
KeyPers_Paris_1232057,Ingénieur Data,Paris,38
KeyPers_Paris_1232058,Ingénieur Informaticien,Paris,63
KeyPers_Paris_1232059,Economiste,Paris,42
KeyPers_Paris_1232060,Ingénieur Informaticien,Paris,89
KeyPers_Paris_1232061,Ingénieur Data,Paris,78
KeyPers_Paris_1232062,Cadre,Paris,90
KeyPers_Paris_1232063,Cadre,Paris,52
KeyPers_Paris_1232064,Cadre,Paris,62
KeyPers_Paris_1232065,Ingénieur Informaticien,Paris,62
KeyPers_Paris_1232066,Ingénieur Data,Paris,71
KeyPers_Paris_1232067,Ingénieur Informaticien,Paris,33
KeyPers_Paris_1232068,Cadre,Paris,76
KeyPers_Paris_1232069,Ingénieur Data,Paris,63
KeyPers_Paris_1232070,Ingénieur Informaticien,Paris,89
KeyPers_Paris_1232071,Cadre,Paris,38
KeyPers_Paris_1232072,Cadre,Paris,44
KeyPers_Paris_1232073,Cadre,Paris,48
KeyPers_Paris_1232074,Ingénieur Informaticien,Paris,51
KeyPers_Paris_1232075,Cadre,Paris,36
KeyPers_Paris_1232076,Cadre,Paris,64
KeyPers_Paris_1232077,Ingénieur Informaticien,Paris,86
KeyPers_Paris_1232078,Cadre,Paris,46
KeyPers_Paris_1232079,Cadre,Paris,90
KeyPers_Paris_1232080,Ingénieur Informaticien,Paris,87
KeyPers_Paris_1232081,Ingénieur Informaticien,Paris,62
KeyPers_Paris_1232082,Ingénieur Informaticien,Paris,59
KeyPers_Paris_1232083,Cadre,Paris,56
KeyPers_Paris_1232084,Cadre,Paris,42
KeyPers_Paris_1232085,Ingénieur Informaticien,Paris,63
KeyPers_Paris_1232086,Ingénieur Data,Paris,74
KeyPers_Paris_1232087,Cadre,Paris,42
KeyPers_Paris_1232088,Ingénieur Informaticien,Paris,68
KeyPers_Paris_1232089,Ingénieur Informaticien,Paris,63
KeyPers_Paris_1232090,Cadre,Paris,35
KeyPers_Paris_1232091,Ingénieur Informaticien,Paris,40
KeyPers_Paris_1232092,Ingénieur Informaticien,Paris,84
KeyPers_Paris_1232093,Ingénieur Data,Paris,26
KeyPers_Paris_1232094,Ingénieur Data,Paris,27
KeyPers_Paris_1232095,Ingénieur Informaticien,Paris,87
KeyPers_Paris_1232096,Economiste,Paris,50
KeyPers_Paris_1232097,Cadre,Paris,54
KeyPers_Paris_1232098,Cadre,Paris,30
KeyPers_Paris_1232099,Ingénieur Data,Paris,25
KeyPers_Paris_1232100,Cadre,Paris,39
KeyPers_Paris_1232101,Ingénieur Data,Paris,45
KeyPers_Paris_1232102,Cadre,Paris,93
KeyPers_Paris_1232103,Ingénieur Data,Paris,27
KeyPers_Paris_1232104,Ingénieur Informaticien,Paris,70
KeyPers_Paris_1232105,Ingénieur Informaticien,Paris,84
KeyPers_Paris_1232106,Ingénieur Informaticien,Paris,45
KeyPers_Paris_1232107,Cadre,Paris,72
KeyPers_Paris_1232108,Ingénieur Informaticien,Paris,57
KeyPers_Paris_1232109,Ingénieur Data,Paris,66
KeyPers_Paris_1232110,Ingénieur Data,Paris,57
KeyPers_Paris_1232111,Ingénieur Informaticien,Paris,86
KeyPers_Paris_1232112,Ingénieur Informaticien,Paris,50
KeyPers_Paris_1232113,Cadre,Paris,40
KeyPers_Paris_1232114,Ingénieur Data,Paris,58
KeyPers_Paris_1232115,Ingénieur Informaticien,Paris,28
KeyPers_Paris_1232116,Ingénieur Data,Paris,91
KeyPers_Paris_1232117,Ingénieur Data,Paris,24
KeyPers_Paris_1232118,Ingénieur Informaticien,Paris,86
KeyPers_Paris_1232119,Ingénieur Data,Paris,58
KeyPers_Paris_1232120,Cadre,Paris,90
KeyPers_Paris_1232121,Ingénieur Informaticien,Paris,73
KeyPers_Paris_1232122,Ingénieur Data,Paris,94
KeyPers_Paris_1232123,Ingénieur Informaticien,Paris,25
KeyPers_Paris_1232124,DRH,Paris,66
KeyPers_Paris_1232125,Ingénieur Informaticien,Paris,66
KeyPers_Paris_1232126,Ingénieur Data,Paris,94
KeyPers_Paris_1232127,Ingénieur Informaticien,Paris,35
KeyPers_Paris_1232128,Ingénieur Informaticien,Paris,78
KeyPers_Paris_1232129,Ingénieur Informaticien,Paris,79
KeyPers_Paris_1232130,Ingénieur Informaticien,Paris,62
KeyPers_Paris_1232131,Ingénieur Data,Paris,72
KeyPers_Paris_1232132,Ingénieur Informaticien,Paris,29
KeyPers_Paris_1232133,Ingénieur Informaticien,Paris,54
KeyPers_Paris_1232134,Cadre,Paris,73
KeyPers_Paris_1232135,Cadre,Paris,79
KeyPers_Paris_1232136,Ingénieur Data,Paris,67
KeyPers_Paris_1232137,Ingénieur Data,Paris,24
KeyPers_Paris_1232138,Ingénieur Data,Paris,39
KeyPers_Paris_1232139,Cadre,Paris,33
KeyPers_Paris_1232140,Ingénieur Data,Paris,40
KeyPers_Paris_1232141,Ingénieur Data,Paris,46
KeyPers_Paris_1232142,Ingénieur Data,Paris,60
KeyPers_Paris_1232143,Ingénieur Informaticien,Paris,24
KeyPers_Paris_1232144,Ingénieur Informaticien,Paris,42
KeyPers_Paris_1232145,Ingénieur Informaticien,Paris,36
KeyPers_Paris_1232146,Ingénieur Informaticien,Paris,65
KeyPers_Paris_1232147,Ingénieur Data,Paris,66
KeyPers_Paris_1232148,Ingénieur Data,Paris,43
KeyPers_Paris_1232149,Ingénieur Data,Paris,83
KeyPers_Paris_1232150,Ingénieur Data,Paris,37
KeyPers_Paris_1232151,Ingénieur Informaticien,Paris,54
KeyPers_Paris_1232152,Cadre,Paris,31
KeyPers_Paris_1232153,Ingénieur Data,Paris,40
KeyPers_Paris_1232154,Ingénieur Informaticien,Paris,96
KeyPers_Paris_1232155,Ingénieur Data,Paris,42
KeyPers_Paris_1232156,Cadre,Paris,80
KeyPers_Paris_1232157,Ingénieur Data,Paris,71
KeyPers_Paris_1232158,Ingénieur Data,Paris,93
KeyPers_Paris_1232159,Ingénieur Informaticien,Paris,45
KeyPers_Paris_1232160,Cadre,Paris,80
KeyPers_Paris_1232161,Cadre,Paris,60
KeyPers_Paris_1232162,Ingénieur Data,Paris,43
KeyPers_Paris_1232163,Ingénieur Informaticien,Paris,83
KeyPers_Paris_1232164,Ingénieur Informaticien,Paris,73
KeyPers_Paris_1232165,Ingénieur Data,Paris,68
KeyPers_Paris_1232166,Ingénieur Data,Paris,65
KeyPers_Paris_1232167,Ingénieur Data,Paris,31
KeyPers_Paris_1232168,Ingénieur Data,Paris,55
KeyPers_Paris_1232169,Economiste,Paris,55
KeyPers_Paris_1232170,Economiste,Paris,92
KeyPers_Paris_1232171,Cadre,Paris,57
KeyPers_Paris_1232172,Ingénieur Informaticien,Paris,40
KeyPers_Paris_1232173,Ingénieur Informaticien,Paris,75
KeyPers_Paris_1232174,Ingénieur Data,Paris,71
KeyPers_Paris_1232175,Ingénieur Informaticien,Paris,55
KeyPers_Paris_1232176,Ingénieur Informaticien,Paris,32
KeyPers_Paris_1232177,Cadre,Paris,32
KeyPers_Paris_1232178,Ingénieur Informaticien,Paris,56
KeyPers_Paris_1232179,Ingénieur Data,Paris,66
KeyPers_Paris_1232180,Ingénieur Informaticien,Paris,68
KeyPers_Paris_1232181,Ingénieur Informaticien,Paris,72
KeyPers_Paris_1232182,Ingénieur Informaticien,Paris,47
KeyPers_Paris_1232183,Ingénieur Data,Paris,53
KeyPers_Paris_1232184,Cadre,Paris,86
KeyPers_Paris_1232185,Economiste,Paris,46
KeyPers_Paris_1232186,Economiste,Paris,36
KeyPers_Paris_1232187,Cadre,Paris,63
KeyPers_Paris_1232188,Ingénieur Data,Paris,74
KeyPers_Paris_1232189,Ingénieur Data,Paris,30
KeyPers_Paris_1232190,Ingénieur Data,Paris,88
KeyPers_Paris_1232191,Ingénieur Informaticien,Paris,33
KeyPers_Paris_1232192,Ingénieur Informaticien,Paris,83
KeyPers_Paris_1232193,Cadre,Paris,41
KeyPers_Paris_1232194,Ingénieur Data,Paris,50
KeyPers_Paris_1232195,Ingénieur Informaticien,Paris,28
KeyPers_Paris_1232196,Ingénieur Informaticien,Paris,46
KeyPers_Paris_1232197,Cadre,Paris,52
KeyPers_Paris_1232198,Cadre,Paris,38
KeyPers_Paris_1232199,Ingénieur Data,Paris,47
KeyPers_Paris_1232200,Ingénieur Informaticien,Paris,92
KeyPers_Paris_1232201,Ingénieur Informaticien,Paris,40
KeyPers_Paris_1232202,Cadre,Paris,73
KeyPers_Paris_1232203,Ingénieur Data,Paris,73
KeyPers_Paris_1232204,DRH,Paris,85
KeyPers_Paris_1232205,Ingénieur Informaticien,Paris,95
KeyPers_Paris_1232206,Ingénieur Data,Paris,32
KeyPers_Paris_1232207,Ingénieur Informaticien,Paris,60
KeyPers_Paris_1232208,Ingénieur Data,Paris,62
KeyPers_Paris_1232209,Ingénieur Informaticien,Paris,60
KeyPers_Paris_1232210,Ingénieur Informaticien,Paris,94
KeyPers_Paris_1232211,Cadre,Paris,27
KeyPers_Paris_1232212,Ingénieur Informaticien,Paris,45
KeyPers_Paris_1232213,Ingénieur Informaticien,Paris,75
KeyPers_Paris_1232214,Ingénieur Data,Paris,65
KeyPers_Paris_1232215,Ingénieur Data,Paris,37
KeyPers_Paris_1232216,Ingénieur Data,Paris,37
KeyPers_Paris_1232217,Ingénieur Data,Paris,81
KeyPers_Paris_1232218,Ingénieur Informaticien,Paris,80
KeyPers_Paris_1232219,Cadre,Paris,34
KeyPers_Paris_1232220,Ingénieur Data,Paris,64
KeyPers_Paris_1232221,Economiste,Paris,69
KeyPers_Paris_1232222,Ingénieur Informaticien,Paris,71
KeyPers_Paris_1232223,Cadre,Paris,96
KeyPers_Paris_1232224,Cadre,Paris,83
KeyPers_Paris_1232225,Ingénieur Data,Paris,60
KeyPers_Paris_1232226,Ingénieur Data,Paris,54
KeyPers_Paris_1232227,Ingénieur Data,Paris,28
KeyPers_Paris_1232228,Ingénieur Data,Paris,64
KeyPers_Paris_1232229,Ingénieur Informaticien,Paris,35
KeyPers_Paris_1232230,Cadre,Paris,82
KeyPers_Paris_1232231,Economiste,Paris,39
KeyPers_Paris_1232232,Ingénieur Data,Paris,51
KeyPers_Paris_1232233,Ingénieur Data,Paris,56
KeyPers_Paris_1232234,Ingénieur Data,Paris,30
KeyPers_Paris_1232235,Cadre,Paris,61
KeyPers_Paris_1232236,Ingénieur Data,Paris,67
KeyPers_Paris_1232237,Ingénieur Data,Paris,61
KeyPers_Paris_1232238,Ingénieur Data,Paris,87
KeyPers_Paris_1232239,Cadre,Paris,60
KeyPers_Paris_1232240,Economiste,Paris,96
KeyPers_Paris_1232241,Ingénieur Data,Paris,64
KeyPers_Paris_1232242,Ingénieur Informaticien,Paris,31
KeyPers_Paris_1232243,Ingénieur Data,Paris,56
KeyPers_Paris_1232244,Ingénieur Informaticien,Paris,54
KeyPers_Paris_1232245,Cadre,Paris,61
KeyPers_Paris_1232246,Ingénieur Informaticien,Paris,78
KeyPers_Paris_1232247,Ingénieur Data,Paris,59
KeyPers_Paris_1232248,Ingénieur Data,Paris,83
KeyPers_Paris_1232249,Ingénieur Informaticien,Paris,96
KeyPers_Paris_1232250,Ingénieur Informaticien,Paris,62
KeyPers_Paris_1232251,Economiste,Paris,59
KeyPers_Paris_1232252,Ingénieur Informaticien,Paris,46
KeyPers_Paris_1232253,Ingénieur Informaticien,Paris,93
KeyPers_Paris_1232254,Cadre,Paris,47
KeyPers_Paris_1232255,Ingénieur Data,Paris,47
KeyPers_Paris_1232256,Cadre,Paris,28
KeyPers_Paris_1232257,Ingénieur Data,Paris,73
KeyPers_Paris_1232258,Economiste,Paris,64
KeyPers_Paris_1232259,Ingénieur Data,Paris,92
KeyPers_Paris_1232260,Ingénieur Data,Paris,66
KeyPers_Paris_1232261,Ingénieur Data,Paris,32
KeyPers_Paris_1232262,Ingénieur Data,Paris,46
KeyPers_Paris_1232263,Ingénieur Data,Paris,28
KeyPers_Paris_1232264,Ingénieur Data,Paris,66
KeyPers_Paris_1232265,Cadre,Paris,30
KeyPers_Paris_1232266,Ingénieur Informaticien,Paris,28
KeyPers_Paris_1232267,Ingénieur Data,Paris,34
KeyPers_Paris_1232268,Ingénieur Informaticien,Paris,26
KeyPers_Paris_1232269,Ingénieur Informaticien,Paris,45
KeyPers_Paris_1232270,Cadre,Paris,30
KeyPers_Paris_1232271,Cadre,Paris,43
KeyPers_Paris_1232272,Cadre,Paris,65
KeyPers_Paris_1232273,Ingénieur Informaticien,Paris,63
KeyPers_Paris_1232274,Ingénieur Informaticien,Paris,65
KeyPers_Paris_1232275,Economiste,Paris,35
KeyPers_Paris_1232276,Ingénieur Informaticien,Paris,90
KeyPers_Paris_1232277,Economiste,Paris,71
KeyPers_Paris_1232278,Ingénieur Informaticien,Paris,61
KeyPers_Paris_1232279,Ingénieur Data,Paris,41
KeyPers_Paris_1232280,Ingénieur Informaticien,Paris,80
KeyPers_Paris_1232281,Economiste,Paris,63
KeyPers_Paris_1232282,Ingénieur Data,Paris,31
KeyPers_Paris_1232283,Ingénieur Data,Paris,60
KeyPers_Paris_1232284,Economiste,Paris,87
KeyPers_Paris_1232285,Economiste,Paris,51
KeyPers_Paris_1232286,Ingénieur Data,Paris,68
KeyPers_Paris_1232287,Ingénieur Informaticien,Paris,58
KeyPers_Paris_1232288,Ingénieur Data,Paris,96
KeyPers_Paris_1232289,Ingénieur Data,Paris,33
KeyPers_Paris_1232290,Cadre,Paris,65
KeyPers_Paris_1232291,Ingénieur Informaticien,Paris,91
KeyPers_Paris_1232292,Ingénieur Informaticien,Paris,56
KeyPers_Paris_1232293,Ingénieur Informaticien,Paris,69
KeyPers_Paris_1232294,Cadre,Paris,26
KeyPers_Paris_1232295,Ingénieur Informaticien,Paris,89
KeyPers_Paris_1232296,Ingénieur Informaticien,Paris,60
KeyPers_Paris_1232297,Ingénieur Data,Paris,43
KeyPers_Paris_1232298,Ingénieur Informaticien,Paris,74
KeyPers_Paris_1232299,Ingénieur Informaticien,Paris,47
KeyPers_Paris_1232300,Ingénieur Data,Paris,92
KeyPers_Paris_1232301,Ingénieur Informaticien,Paris,79
KeyPers_Paris_1232302,Ingénieur Data,Paris,64
KeyPers_Paris_1232303,Ingénieur Informaticien,Paris,41
KeyPers_Paris_1232304,Cadre,Paris,75
KeyPers_Paris_1232305,Ingénieur Data,Paris,65
KeyPers_Paris_1232306,Cadre,Paris,70
KeyPers_Paris_1232307,Ingénieur Data,Paris,75
KeyPers_Paris_1232308,Cadre,Paris,60
KeyPers_Paris_1232309,Ingénieur Informaticien,Paris,31
KeyPers_Paris_1232310,Ingénieur Data,Paris,38
KeyPers_Paris_1232311,Ingénieur Informaticien,Paris,72
KeyPers_Paris_1232312,Ingénieur Informaticien,Paris,56
KeyPers_Paris_1232313,DRH,Paris,81
KeyPers_Paris_1232314,Ingénieur Data,Paris,41
KeyPers_Paris_1232315,Ingénieur Data,Paris,84
KeyPers_Paris_1232316,Ingénieur Data,Paris,86
KeyPers_Paris_1232317,Ingénieur Data,Paris,76
KeyPers_Paris_1232318,Ingénieur Informaticien,Paris,63
KeyPers_Paris_1232319,Cadre,Paris,69
KeyPers_Paris_1232320,Cadre,Paris,72
KeyPers_Paris_1232321,Ingénieur Informaticien,Paris,69
KeyPers_Paris_1232322,Ingénieur Data,Paris,82
KeyPers_Paris_1232323,Ingénieur Data,Paris,51
KeyPers_Paris_1232324,Ingénieur Data,Paris,60
KeyPers_Paris_1232325,Ingénieur Data,Paris,85
KeyPers_Paris_1232326,DRH,Paris,35
KeyPers_Paris_1232327,Ingénieur Informaticien,Paris,95
KeyPers_Paris_1232328,Ingénieur Data,Paris,43
KeyPers_Paris_1232329,Ingénieur Data,Paris,48
KeyPers_Paris_1232330,Ingénieur Informaticien,Paris,63
KeyPers_Paris_1232331,Ingénieur Informaticien,Paris,31
KeyPers_Paris_1232332,Ingénieur Data,Paris,35
KeyPers_Paris_1232333,Ingénieur Data,Paris,60
KeyPers_Paris_1232334,Ingénieur Informaticien,Paris,80
KeyPers_Paris_1232335,Ingénieur Data,Paris,58
KeyPers_Paris_1232336,Ingénieur Informaticien,Paris,45
KeyPers_Paris_1232337,Economiste,Paris,72
KeyPers_Paris_1232338,Cadre,Paris,64
KeyPers_Paris_1232339,Cadre,Paris,54
KeyPers_Paris_1232340,Economiste,Paris,51
KeyPers_Paris_1232341,Ingénieur Informaticien,Paris,79
KeyPers_Paris_1232342,Ingénieur Informaticien,Paris,87
KeyPers_Paris_1232343,Ingénieur Data,Paris,65
KeyPers_Paris_1232344,Ingénieur Data,Paris,90
KeyPers_Paris_1232345,Ingénieur Data,Paris,37
KeyPers_Paris_1232346,Economiste,Paris,81
KeyPers_Paris_1232347,Ingénieur Informaticien,Paris,49
KeyPers_Paris_1232348,Cadre,Paris,83
KeyPers_Paris_1232349,Ingénieur Informaticien,Paris,65
KeyPers_Paris_1232350,Ingénieur Data,Paris,76
KeyPers_Paris_1232351,Ingénieur Informaticien,Paris,75
KeyPers_Paris_1232352,Economiste,Paris,44
KeyPers_Paris_1232353,Cadre,Paris,58
KeyPers_Paris_1232354,Cadre,Paris,82
KeyPers_Paris_1232355,Ingénieur Informaticien,Paris,37
KeyPers_Paris_1232356,DRH,Paris,95
KeyPers_Paris_1232357,Cadre,Paris,69
KeyPers_Paris_1232358,Ingénieur Informaticien,Paris,92
KeyPers_Paris_1232359,Ingénieur Data,Paris,51
KeyPers_Paris_1232360,Ingénieur Informaticien,Paris,41
KeyPers_Paris_1232361,Ingénieur Informaticien,Paris,67
KeyPers_Paris_1232362,Ingénieur Informaticien,Paris,26
KeyPers_Paris_1232363,Cadre,Paris,95
KeyPers_Paris_1232364,Ingénieur Informaticien,Paris,93
KeyPers_Paris_1232365,Ingénieur Informaticien,Paris,89
KeyPers_Paris_1232366,Ingénieur Data,Paris,82
KeyPers_Paris_1232367,Ingénieur Data,Paris,34
KeyPers_Paris_1232368,Ingénieur Data,Paris,62
KeyPers_Paris_1232369,Ingénieur Data,Paris,43
KeyPers_Paris_1232370,Ingénieur Informaticien,Paris,61
KeyPers_Paris_1232371,Ingénieur Informaticien,Paris,49
KeyPers_Paris_1232372,Ingénieur Informaticien,Paris,65
KeyPers_Paris_1232373,Ingénieur Informaticien,Paris,78
KeyPers_Paris_1232374,Ingénieur Data,Paris,51
KeyPers_Paris_1232375,Ingénieur Informaticien,Paris,49
KeyPers_Paris_1232376,Ingénieur Informaticien,Paris,33
KeyPers_Paris_1232377,Ingénieur Data,Paris,80
KeyPers_Paris_1232378,Cadre,Paris,85
KeyPers_Paris_1232379,Ingénieur Data,Paris,52
KeyPers_Paris_1232380,Ingénieur Data,Paris,51
KeyPers_Paris_1232381,Cadre,Paris,74
KeyPers_Paris_1232382,Cadre,Paris,44
KeyPers_Paris_1232383,Ingénieur Informaticien,Paris,49
KeyPers_Paris_1232384,Economiste,Paris,28
KeyPers_Paris_1232385,Ingénieur Data,Paris,70
KeyPers_Paris_1232386,Ingénieur Data,Paris,66
KeyPers_Paris_1232387,Ingénieur Informaticien,Paris,44
KeyPers_Paris_1232388,Ingénieur Data,Paris,74
KeyPers_Paris_1232389,Ingénieur Data,Paris,73
KeyPers_Paris_1232390,Ingénieur Data,Paris,55
KeyPers_Paris_1232391,Ingénieur Data,Paris,35
KeyPers_Paris_1232392,Ingénieur Data,Paris,64
KeyPers_Paris_1232393,Ingénieur Informaticien,Paris,57
KeyPers_Paris_1232394,Ingénieur Data,Paris,75
KeyPers_Paris_1232395,Cadre,Paris,35
KeyPers_Paris_1232396,Ingénieur Informaticien,Paris,55
KeyPers_Paris_1232397,Ingénieur Informaticien,Paris,51
KeyPers_Paris_1232398,Ingénieur Data,Paris,75
KeyPers_Paris_1232399,Cadre,Paris,47
KeyPers_Paris_1232400,Ingénieur Data,Paris,37
KeyPers_Paris_1232401,Cadre,Paris,66
KeyPers_Paris_1232402,Cadre,Paris,58
KeyPers_Paris_1232403,Ingénieur Data,Paris,61
KeyPers_Paris_1232404,Ingénieur Data,Paris,58
KeyPers_Paris_1232405,Ingénieur Informaticien,Paris,67
KeyPers_Paris_1232406,Ingénieur Data,Paris,70
KeyPers_Paris_1232407,Cadre,Paris,69
KeyPers_Paris_1232408,Ingénieur Data,Paris,95
KeyPers_Paris_1232409,Ingénieur Data,Paris,74
KeyPers_Paris_1232410,Ingénieur Data,Paris,86
KeyPers_Paris_1232411,Ingénieur Informaticien,Paris,91
KeyPers_Paris_1232412,Cadre,Paris,89
KeyPers_Paris_1232413,Economiste,Paris,53
KeyPers_Paris_1232414,Ingénieur Data,Paris,70
KeyPers_Paris_1232415,Ingénieur Data,Paris,35
KeyPers_Paris_1232416,Ingénieur Informaticien,Paris,67
KeyPers_Paris_1232417,Cadre,Paris,47
KeyPers_Paris_1232418,Cadre,Paris,26
KeyPers_Paris_1232419,Ingénieur Informaticien,Paris,74
KeyPers_Paris_1232420,Cadre,Paris,81
KeyPers_Paris_1232421,Ingénieur Data,Paris,55
KeyPers_Paris_1232422,Cadre,Paris,31
KeyPers_Paris_1232423,Ingénieur Data,Paris,34
KeyPers_Paris_1232424,Ingénieur Informaticien,Paris,53
KeyPers_Paris_1232425,Ingénieur Informaticien,Paris,68
KeyPers_Paris_1232426,Cadre,Paris,54
KeyPers_Paris_1232427,Ingénieur Informaticien,Paris,89
KeyPers_Paris_1232428,Ingénieur Data,Paris,82
KeyPers_Paris_1232429,Ingénieur Data,Paris,29
KeyPers_Paris_1232430,Ingénieur Data,Paris,93
KeyPers_Paris_1232431,Ingénieur Data,Paris,82
KeyPers_Paris_1232432,Ingénieur Informaticien,Paris,42
KeyPers_Paris_1232433,Ingénieur Data,Paris,42
KeyPers_Paris_1232434,Ingénieur Data,Paris,89
KeyPers_Paris_1232435,Ingénieur Informaticien,Paris,75
KeyPers_Paris_1232436,Ingénieur Data,Paris,53
KeyPers_Paris_1232437,Ingénieur Data,Paris,92
KeyPers_Paris_1232438,Economiste,Paris,91
KeyPers_Paris_1232439,Ingénieur Informaticien,Paris,83
KeyPers_Paris_1232440,Ingénieur Informaticien,Paris,38
KeyPers_Paris_1232441,Ingénieur Data,Paris,66
KeyPers_Paris_1232442,Ingénieur Informaticien,Paris,64
KeyPers_Paris_1232443,Ingénieur Informaticien,Paris,83
KeyPers_Paris_1232444,Ingénieur Informaticien,Paris,80
KeyPers_Paris_1232445,Ingénieur Data,Paris,47
KeyPers_Paris_1232446,Ingénieur Data,Paris,28
KeyPers_Paris_1232447,Cadre,Paris,38
KeyPers_Paris_1232448,Economiste,Paris,72
KeyPers_Paris_1232449,Ingénieur Data,Paris,56
KeyPers_Paris_1232450,Ingénieur Informaticien,Paris,40
KeyPers_Paris_1232451,Ingénieur Data,Paris,29
KeyPers_Paris_1232452,Ingénieur Data,Paris,46
KeyPers_Paris_1232453,Cadre,Paris,35
KeyPers_Paris_1232454,Ingénieur Informaticien,Paris,77
KeyPers_Paris_1232455,Cadre,Paris,71
KeyPers_Paris_1232456,Ingénieur Data,Paris,25
KeyPers_Paris_1232457,Ingénieur Data,Paris,52
KeyPers_Paris_1232458,Ingénieur Data,Paris,93
KeyPers_Paris_1232459,Ingénieur Informaticien,Paris,82
KeyPers_Paris_1232460,Ingénieur Informaticien,Paris,88
KeyPers_Paris_1232461,Ingénieur Informaticien,Paris,59
KeyPers_Paris_1232462,Cadre,Paris,46
KeyPers_Paris_1232463,Ingénieur Informaticien,Paris,93
KeyPers_Paris_1232464,Cadre,Paris,38
KeyPers_Paris_1232465,Ingénieur Informaticien,Paris,89
KeyPers_Paris_1232466,Ingénieur Data,Paris,64
KeyPers_Paris_1232467,Ingénieur Data,Paris,77
KeyPers_Paris_1232468,Ingénieur Data,Paris,81
KeyPers_Paris_1232469,Cadre,Paris,79
KeyPers_Paris_1232470,Ingénieur Data,Paris,54
KeyPers_Paris_1232471,Ingénieur Informaticien,Paris,33
KeyPers_Paris_1232472,Ingénieur Informaticien,Paris,62
KeyPers_Paris_1232473,Ingénieur Informaticien,Paris,44
KeyPers_Paris_1232474,DRH,Paris,39
KeyPers_Paris_1232475,Cadre,Paris,48
KeyPers_Paris_1232476,Cadre,Paris,88
KeyPers_Paris_1232477,Cadre,Paris,61
KeyPers_Paris_1232478,Ingénieur Data,Paris,57
KeyPers_Paris_1232479,Economiste,Paris,30
KeyPers_Paris_1232480,Cadre,Paris,70
KeyPers_Paris_1232481,Ingénieur Informaticien,Paris,46
KeyPers_Paris_1232482,Ingénieur Data,Paris,68
KeyPers_Paris_1232483,Ingénieur Data,Paris,53
KeyPers_Paris_1232484,Ingénieur Informaticien,Paris,37
KeyPers_Paris_1232485,Ingénieur Data,Paris,75
KeyPers_Paris_1232486,Ingénieur Data,Paris,75
KeyPers_Paris_1232487,Cadre,Paris,53
KeyPers_Paris_1232488,Ingénieur Informaticien,Paris,85
KeyPers_Paris_1232489,Ingénieur Informaticien,Paris,63
KeyPers_Paris_1232490,Economiste,Paris,79
KeyPers_Paris_1232491,Ingénieur Data,Paris,33
KeyPers_Paris_1232492,Cadre,Paris,37
KeyPers_Paris_1232493,Ingénieur Informaticien,Paris,48
KeyPers_Paris_1232494,Ingénieur Informaticien,Paris,63
KeyPers_Paris_1232495,Cadre,Paris,52
KeyPers_Paris_1232496,Cadre,Paris,42
KeyPers_Paris_1232497,Ingénieur Data,Paris,53
KeyPers_Paris_1232498,Ingénieur Informaticien,Paris,39
KeyPers_Paris_1232499,Cadre,Paris,46
KeyPers_Paris_1232500,Ingénieur Data,Paris,89
KeyPers_Paris_1232501,DRH,Paris,75
KeyPers_Paris_1232502,Ingénieur Data,Paris,73
KeyPers_Paris_1232503,Ingénieur Informaticien,Paris,84
KeyPers_Paris_1232504,Ingénieur Informaticien,Paris,89
KeyPers_Paris_1232505,Ingénieur Informaticien,Paris,36
KeyPers_Paris_1232506,Ingénieur Data,Paris,95
KeyPers_Paris_1232507,Ingénieur Data,Paris,78
KeyPers_Paris_1232508,DRH,Paris,71
KeyPers_Paris_1232509,Ingénieur Data,Paris,87
KeyPers_Paris_1232510,Ingénieur Informaticien,Paris,73
KeyPers_Paris_1232511,Ingénieur Data,Paris,94
KeyPers_Paris_1232512,Ingénieur Data,Paris,66
KeyPers_Paris_1232513,Ingénieur Data,Paris,41
KeyPers_Paris_1232514,Ingénieur Informaticien,Paris,69
KeyPers_Paris_1232515,DRH,Paris,84
KeyPers_Paris_1232516,Ingénieur Informaticien,Paris,77
KeyPers_Paris_1232517,Ingénieur Informaticien,Paris,60
KeyPers_Paris_1232518,Ingénieur Data,Paris,87
KeyPers_Paris_1232519,Ingénieur Data,Paris,68
KeyPers_Paris_1232520,Ingénieur Data,Paris,47
KeyPers_Paris_1232521,Ingénieur Data,Paris,78
KeyPers_Paris_1232522,Ingénieur Informaticien,Paris,43
KeyPers_Paris_1232523,DRH,Paris,31
KeyPers_Paris_1232524,Ingénieur Informaticien,Paris,54
KeyPers_Paris_1232525,Ingénieur Data,Paris,85
KeyPers_Paris_1232526,Ingénieur Informaticien,Paris,93
KeyPers_Paris_1232527,Cadre,Paris,80
KeyPers_Paris_1232528,Economiste,Paris,81
KeyPers_Paris_1232529,Ingénieur Data,Paris,55
KeyPers_Paris_1232530,Cadre,Paris,74
KeyPers_Paris_1232531,Ingénieur Informaticien,Paris,34
KeyPers_Paris_1232532,Ingénieur Data,Paris,41
KeyPers_Paris_1232533,Cadre,Paris,87
KeyPers_Paris_1232534,Ingénieur Data,Paris,71
KeyPers_Paris_1232535,Cadre,Paris,60
KeyPers_Paris_1232536,Ingénieur Informaticien,Paris,26
KeyPers_Paris_1232537,Ingénieur Data,Paris,73
KeyPers_Paris_1232538,Cadre,Paris,58
KeyPers_Paris_1232539,Cadre,Paris,81
KeyPers_Paris_1232540,Ingénieur Informaticien,Paris,26
KeyPers_Paris_1232541,Ingénieur Data,Paris,41
KeyPers_Paris_1232542,Ingénieur Informaticien,Paris,90
KeyPers_Paris_1232543,Economiste,Paris,62
KeyPers_Paris_1232544,Ingénieur Informaticien,Paris,63
KeyPers_Paris_1232545,Ingénieur Informaticien,Paris,86
KeyPers_Paris_1232546,Ingénieur Data,Paris,51
KeyPers_Paris_1232547,Cadre,Paris,82
KeyPers_Paris_1232548,Ingénieur Data,Paris,49
KeyPers_Paris_1232549,Ingénieur Informaticien,Paris,68
KeyPers_Paris_1232550,Ingénieur Informaticien,Paris,80
KeyPers_Paris_1232551,Cadre,Paris,70
KeyPers_Paris_1232552,Ingénieur Data,Paris,40
KeyPers_Paris_1232553,Ingénieur Data,Paris,78
KeyPers_Paris_1232554,Ingénieur Data,Paris,80
KeyPers_Paris_1232555,Ingénieur Informaticien,Paris,29
KeyPers_Paris_1232556,Ingénieur Informaticien,Paris,63
KeyPers_Paris_1232557,Cadre,Paris,46
KeyPers_Paris_1232558,Ingénieur Informaticien,Paris,53
KeyPers_Paris_1232559,Ingénieur Informaticien,Paris,45
KeyPers_Paris_1232560,DRH,Paris,28
KeyPers_Paris_1232561,Cadre,Paris,62
KeyPers_Paris_1232562,Ingénieur Data,Paris,24
KeyPers_Paris_1232563,Ingénieur Data,Paris,92
KeyPers_Paris_1232564,Ingénieur Informaticien,Paris,54
KeyPers_Paris_1232565,Ingénieur Data,Paris,82
KeyPers_Paris_1232566,Economiste,Paris,35
KeyPers_Paris_1232567,Ingénieur Informaticien,Paris,43
KeyPers_Paris_1232568,Ingénieur Informaticien,Paris,53
KeyPers_Paris_1232569,Ingénieur Informaticien,Paris,49
KeyPers_Paris_1232570,Ingénieur Data,Paris,26
KeyPers_Paris_1232571,Ingénieur Data,Paris,49
KeyPers_Paris_1232572,Ingénieur Informaticien,Paris,49
KeyPers_Paris_1232573,Ingénieur Data,Paris,27
KeyPers_Paris_1232574,Ingénieur Data,Paris,27
KeyPers_Paris_1232575,Ingénieur Data,Paris,94
KeyPers_Paris_1232576,DRH,Paris,85
KeyPers_Paris_1232577,Ingénieur Data,Paris,26
KeyPers_Paris_1232578,Ingénieur Data,Paris,80
KeyPers_Paris_1232579,Ingénieur Data,Paris,95
KeyPers_Paris_1232580,Ingénieur Data,Paris,66
KeyPers_Paris_1232581,Cadre,Paris,92
KeyPers_Paris_1232582,Cadre,Paris,71
KeyPers_Paris_1232583,Ingénieur Data,Paris,73
KeyPers_Paris_1232584,Ingénieur Data,Paris,92
KeyPers_Paris_1232585,Ingénieur Data,Paris,92
KeyPers_Paris_1232586,Ingénieur Data,Paris,73
KeyPers_Paris_1232587,Ingénieur Informaticien,Paris,64
KeyPers_Paris_1232588,Cadre,Paris,78
KeyPers_Paris_1232589,Ingénieur Data,Paris,34
KeyPers_Paris_1232590,Ingénieur Informaticien,Paris,90
KeyPers_Paris_1232591,Economiste,Paris,63
KeyPers_Paris_1232592,Ingénieur Data,Paris,80
KeyPers_Paris_1232593,Ingénieur Data,Paris,29
KeyPers_Paris_1232594,Ingénieur Informaticien,Paris,79
KeyPers_Paris_1232595,Ingénieur Informaticien,Paris,72
KeyPers_Paris_1232596,Ingénieur Informaticien,Paris,34
KeyPers_Paris_1232597,Ingénieur Data,Paris,65
KeyPers_Paris_1232598,Ingénieur Informaticien,Paris,79
KeyPers_Paris_1232599,Ingénieur Informaticien,Paris,62
KeyPers_Paris_1232600,Ingénieur Data,Paris,89
KeyPers_Paris_1232601,Ingénieur Data,Paris,75
KeyPers_Paris_1232602,Ingénieur Informaticien,Paris,72
KeyPers_Paris_1232603,Ingénieur Informaticien,Paris,79
KeyPers_Paris_1232604,DRH,Paris,54
KeyPers_Paris_1232605,Ingénieur Data,Paris,56
KeyPers_Paris_1232606,Ingénieur Data,Paris,61
KeyPers_Paris_1232607,Ingénieur Informaticien,Paris,34
KeyPers_Paris_1232608,Cadre,Paris,83
KeyPers_Paris_1232609,Ingénieur Informaticien,Paris,76
KeyPers_Paris_1232610,Ingénieur Informaticien,Paris,66
KeyPers_Paris_1232611,Ingénieur Data,Paris,75
KeyPers_Paris_1232612,Ingénieur Informaticien,Paris,65
KeyPers_Paris_1232613,Ingénieur Data,Paris,67
KeyPers_Paris_1232614,Ingénieur Informaticien,Paris,43
KeyPers_Paris_1232615,Ingénieur Data,Paris,51
KeyPers_Paris_1232616,Ingénieur Data,Paris,34
KeyPers_Paris_1232617,Ingénieur Data,Paris,33
KeyPers_Paris_1232618,Cadre,Paris,29
KeyPers_Paris_1232619,Ingénieur Informaticien,Paris,81
KeyPers_Paris_1232620,Ingénieur Data,Paris,29
KeyPers_Paris_1232621,Ingénieur Informaticien,Paris,53
KeyPers_Paris_1232622,Ingénieur Data,Paris,37
KeyPers_Paris_1232623,Ingénieur Data,Paris,75
KeyPers_Paris_1232624,Ingénieur Data,Paris,83
KeyPers_Paris_1232625,Ingénieur Informaticien,Paris,35
KeyPers_Paris_1232626,Cadre,Paris,96
KeyPers_Paris_1232627,Ingénieur Informaticien,Paris,95
KeyPers_Paris_1232628,Ingénieur Informaticien,Paris,83
KeyPers_Paris_1232629,Ingénieur Data,Paris,83
KeyPers_Paris_1232630,Ingénieur Data,Paris,52
KeyPers_Paris_1232631,Ingénieur Data,Paris,31
KeyPers_Paris_1232632,Ingénieur Informaticien,Paris,94
KeyPers_Paris_1232633,Ingénieur Data,Paris,28
KeyPers_Paris_1232634,Economiste,Paris,31
KeyPers_Paris_1232635,Ingénieur Informaticien,Paris,95
KeyPers_Paris_1232636,Economiste,Paris,30
KeyPers_Paris_1232637,Cadre,Paris,81
KeyPers_Paris_1232638,Ingénieur Informaticien,Paris,94
KeyPers_Paris_1232639,Ingénieur Informaticien,Paris,92
KeyPers_Paris_1232640,Cadre,Paris,90
KeyPers_Paris_1232641,Ingénieur Data,Paris,38
KeyPers_Paris_1232642,Ingénieur Data,Paris,54
KeyPers_Paris_1232643,Ingénieur Informaticien,Paris,66
KeyPers_Paris_1232644,Ingénieur Data,Paris,43
KeyPers_Paris_1232645,Ingénieur Data,Paris,58
KeyPers_Paris_1232646,Ingénieur Informaticien,Paris,83
KeyPers_Paris_1232647,Ingénieur Informaticien,Paris,87
KeyPers_Paris_1232648,Cadre,Paris,37
KeyPers_Paris_1232649,Ingénieur Informaticien,Paris,55
KeyPers_Paris_1232650,Cadre,Paris,77
KeyPers_Paris_1232651,Ingénieur Informaticien,Paris,88
KeyPers_Paris_1232652,Ingénieur Data,Paris,37
KeyPers_Paris_1232653,Cadre,Paris,73
KeyPers_Paris_1232654,Ingénieur Informaticien,Paris,51
KeyPers_Paris_1232655,Cadre,Paris,27
KeyPers_Paris_1232656,Ingénieur Informaticien,Paris,52
KeyPers_Paris_1232657,Ingénieur Informaticien,Paris,35
KeyPers_Paris_1232658,Ingénieur Informaticien,Paris,72
KeyPers_Paris_1232659,Economiste,Paris,36
KeyPers_Paris_1232660,Ingénieur Data,Paris,87
KeyPers_Paris_1232661,Ingénieur Data,Paris,71
KeyPers_Paris_1232662,Ingénieur Informaticien,Paris,84
KeyPers_Paris_1232663,Ingénieur Informaticien,Paris,25
KeyPers_Paris_1232664,Ingénieur Data,Paris,85
KeyPers_Paris_1232665,Ingénieur Data,Paris,61
KeyPers_Paris_1232666,Cadre,Paris,54
KeyPers_Paris_1232667,Ingénieur Informaticien,Paris,28
KeyPers_Paris_1232668,Ingénieur Data,Paris,77
KeyPers_Paris_1232669,Ingénieur Data,Paris,26
KeyPers_Paris_1232670,Cadre,Paris,93
KeyPers_Paris_1232671,Ingénieur Informaticien,Paris,71
KeyPers_Paris_1232672,Cadre,Paris,25
KeyPers_Paris_1232673,Ingénieur Informaticien,Paris,90
KeyPers_Paris_1232674,Ingénieur Data,Paris,83
KeyPers_Paris_1232675,Ingénieur Data,Paris,60
KeyPers_Paris_1232676,Cadre,Paris,83
KeyPers_Paris_1232677,Ingénieur Data,Paris,78
KeyPers_Paris_1232678,Ingénieur Data,Paris,83
KeyPers_Paris_1232679,Ingénieur Data,Paris,84
KeyPers_Paris_1232680,Economiste,Paris,70
KeyPers_Paris_1232681,Ingénieur Data,Paris,83
KeyPers_Paris_1232682,Ingénieur Data,Paris,32
KeyPers_Paris_1232683,Ingénieur Data,Paris,95
KeyPers_Paris_1232684,Ingénieur Informaticien,Paris,40
KeyPers_Paris_1232685,Economiste,Paris,48
KeyPers_Paris_1232686,Ingénieur Data,Paris,76
KeyPers_Paris_1232687,Ingénieur Informaticien,Paris,33
KeyPers_Paris_1232688,Cadre,Paris,40
KeyPers_Paris_1232689,Ingénieur Informaticien,Paris,70
KeyPers_Paris_1232690,Ingénieur Informaticien,Paris,52
KeyPers_Paris_1232691,Ingénieur Data,Paris,91
KeyPers_Paris_1232692,Ingénieur Data,Paris,43
KeyPers_Paris_1232693,Ingénieur Informaticien,Paris,49
KeyPers_Paris_1232694,Ingénieur Informaticien,Paris,52
KeyPers_Paris_1232695,Ingénieur Informaticien,Paris,78
KeyPers_Paris_1232696,Ingénieur Informaticien,Paris,75
KeyPers_Paris_1232697,Cadre,Paris,59
KeyPers_Paris_1232698,Ingénieur Data,Paris,40
KeyPers_Paris_1232699,Economiste,Paris,51
KeyPers_Paris_1232700,Ingénieur Data,Paris,91
KeyPers_Paris_1232701,Ingénieur Data,Paris,46
KeyPers_Paris_1232702,Ingénieur Informaticien,Paris,62
KeyPers_Paris_1232703,Ingénieur Data,Paris,32
KeyPers_Paris_1232704,Ingénieur Data,Paris,48
KeyPers_Paris_1232705,Cadre,Paris,42
KeyPers_Paris_1232706,Ingénieur Informaticien,Paris,30
KeyPers_Paris_1232707,Ingénieur Informaticien,Paris,72
KeyPers_Paris_1232708,Cadre,Paris,50
KeyPers_Paris_1232709,Ingénieur Informaticien,Paris,58
KeyPers_Paris_1232710,Cadre,Paris,38
KeyPers_Paris_1232711,Ingénieur Data,Paris,32
KeyPers_Paris_1232712,Ingénieur Data,Paris,90
KeyPers_Paris_1232713,Ingénieur Informaticien,Paris,59
KeyPers_Paris_1232714,Cadre,Paris,57
KeyPers_Paris_1232715,Economiste,Paris,65
KeyPers_Paris_1232716,Cadre,Paris,59
KeyPers_Paris_1232717,Ingénieur Data,Paris,42
KeyPers_Paris_1232718,Ingénieur Data,Paris,93
KeyPers_Paris_1232719,Ingénieur Informaticien,Paris,33
KeyPers_Paris_1232720,Ingénieur Informaticien,Paris,50
KeyPers_Paris_1232721,Ingénieur Data,Paris,31
KeyPers_Paris_1232722,Cadre,Paris,72
KeyPers_Paris_1232723,Economiste,Paris,25
KeyPers_Paris_1232724,Ingénieur Data,Paris,70
KeyPers_Paris_1232725,Ingénieur Informaticien,Paris,64
KeyPers_Paris_1232726,Cadre,Paris,61
KeyPers_Paris_1232727,Ingénieur Data,Paris,50
KeyPers_Paris_1232728,Cadre,Paris,54
KeyPers_Paris_1232729,Ingénieur Data,Paris,76
KeyPers_Paris_1232730,Cadre,Paris,77
KeyPers_Paris_1232731,Ingénieur Data,Paris,94
KeyPers_Paris_1232732,Cadre,Paris,46
KeyPers_Paris_1232733,Ingénieur Informaticien,Paris,94
KeyPers_Paris_1232734,Ingénieur Data,Paris,93
KeyPers_Paris_1232735,Ingénieur Informaticien,Paris,69
KeyPers_Paris_1232736,Cadre,Paris,72
KeyPers_Paris_1232737,Cadre,Paris,35
KeyPers_Paris_1232738,Ingénieur Informaticien,Paris,94
KeyPers_Paris_1232739,Cadre,Paris,94
KeyPers_Paris_1232740,Economiste,Paris,52
KeyPers_Paris_1232741,Ingénieur Informaticien,Paris,46
KeyPers_Paris_1232742,Ingénieur Informaticien,Paris,73
KeyPers_Paris_1232743,Economiste,Paris,93
KeyPers_Paris_1232744,Ingénieur Data,Paris,24
KeyPers_Paris_1232745,Ingénieur Informaticien,Paris,76
KeyPers_Paris_1232746,Ingénieur Informaticien,Paris,24
KeyPers_Paris_1232747,Ingénieur Informaticien,Paris,85
KeyPers_Paris_1232748,Ingénieur Informaticien,Paris,87
KeyPers_Paris_1232749,Ingénieur Informaticien,Paris,60
KeyPers_Paris_1232750,Economiste,Paris,88
KeyPers_Paris_1232751,Economiste,Paris,37
KeyPers_Paris_1232752,Ingénieur Informaticien,Paris,56
KeyPers_Paris_1232753,Ingénieur Data,Paris,72
KeyPers_Paris_1232754,Ingénieur Informaticien,Paris,80
KeyPers_Paris_1232755,Ingénieur Data,Paris,26
KeyPers_Paris_1232756,Ingénieur Data,Paris,32
KeyPers_Paris_1232757,Ingénieur Informaticien,Paris,48
KeyPers_Paris_1232758,Ingénieur Informaticien,Paris,55
KeyPers_Paris_1232759,Ingénieur Data,Paris,38
KeyPers_Paris_1232760,Cadre,Paris,63
KeyPers_Paris_1232761,Ingénieur Informaticien,Paris,51
KeyPers_Paris_1232762,Ingénieur Informaticien,Paris,82
KeyPers_Paris_1232763,Ingénieur Informaticien,Paris,77
KeyPers_Paris_1232764,Ingénieur Informaticien,Paris,82
KeyPers_Paris_1232765,Ingénieur Data,Paris,70
KeyPers_Paris_1232766,Cadre,Paris,51
KeyPers_Paris_1232767,Ingénieur Informaticien,Paris,68
KeyPers_Paris_1232768,Ingénieur Informaticien,Paris,62
KeyPers_Paris_1232769,Ingénieur Informaticien,Paris,43
KeyPers_Paris_1232770,Ingénieur Informaticien,Paris,67
KeyPers_Paris_1232771,Ingénieur Data,Paris,37
KeyPers_Paris_1232772,DRH,Paris,47
KeyPers_Paris_1232773,Cadre,Paris,76
KeyPers_Paris_1232774,Ingénieur Data,Paris,58
KeyPers_Paris_1232775,Cadre,Paris,56
KeyPers_Paris_1232776,Ingénieur Data,Paris,44
KeyPers_Paris_1232777,Ingénieur Informaticien,Paris,37
KeyPers_Paris_1232778,Ingénieur Informaticien,Paris,66
KeyPers_Paris_1232779,Ingénieur Informaticien,Paris,76
KeyPers_Paris_1232780,Ingénieur Informaticien,Paris,37
KeyPers_Paris_1232781,Ingénieur Data,Paris,29
KeyPers_Paris_1232782,Cadre,Paris,45
KeyPers_Paris_1232783,Ingénieur Data,Paris,46
KeyPers_Paris_1232784,Ingénieur Data,Paris,42
KeyPers_Paris_1232785,Cadre,Paris,56
KeyPers_Paris_1232786,Ingénieur Informaticien,Paris,26
KeyPers_Paris_1232787,Ingénieur Informaticien,Paris,64
KeyPers_Paris_1232788,Ingénieur Informaticien,Paris,79
KeyPers_Paris_1232789,Ingénieur Data,Paris,44
KeyPers_Paris_1232790,Ingénieur Data,Paris,92
KeyPers_Paris_1232791,Ingénieur Data,Paris,91
KeyPers_Paris_1232792,Ingénieur Informaticien,Paris,51
KeyPers_Paris_1232793,Ingénieur Informaticien,Paris,39
KeyPers_Paris_1232794,Economiste,Paris,33
KeyPers_Paris_1232795,Ingénieur Data,Paris,38
KeyPers_Paris_1232796,Ingénieur Informaticien,Paris,88
KeyPers_Paris_1232797,Ingénieur Data,Paris,80
KeyPers_Paris_1232798,Ingénieur Informaticien,Paris,73
KeyPers_Paris_1232799,Ingénieur Informaticien,Paris,36
KeyPers_Paris_1232800,Ingénieur Informaticien,Paris,95
KeyPers_Paris_1232801,Ingénieur Informaticien,Paris,56
KeyPers_Paris_1232802,Ingénieur Data,Paris,68
KeyPers_Paris_1232803,Ingénieur Data,Paris,68
KeyPers_Paris_1232804,Ingénieur Informaticien,Paris,46
KeyPers_Paris_1232805,Ingénieur Data,Paris,62
KeyPers_Paris_1232806,Ingénieur Data,Paris,30
KeyPers_Paris_1232807,Cadre,Paris,41
KeyPers_Paris_1232808,Ingénieur Data,Paris,91
KeyPers_Paris_1232809,Ingénieur Data,Paris,36
KeyPers_Paris_1232810,Economiste,Paris,45
KeyPers_Paris_1232811,Ingénieur Data,Paris,82
KeyPers_Paris_1232812,Ingénieur Informaticien,Paris,46
KeyPers_Paris_1232813,Ingénieur Informaticien,Paris,73
KeyPers_Paris_1232814,Cadre,Paris,53
KeyPers_Paris_1232815,Economiste,Paris,75
KeyPers_Paris_1232816,Ingénieur Informaticien,Paris,25
KeyPers_Paris_1232817,Ingénieur Data,Paris,52
KeyPers_Paris_1232818,Ingénieur Informaticien,Paris,60
KeyPers_Paris_1232819,Ingénieur Informaticien,Paris,39
KeyPers_Paris_1232820,Ingénieur Informaticien,Paris,28
KeyPers_Paris_1232821,Ingénieur Data,Paris,43
KeyPers_Paris_1232822,Ingénieur Data,Paris,43
KeyPers_Paris_1232823,Ingénieur Data,Paris,72
KeyPers_Paris_1232824,Ingénieur Data,Paris,93
KeyPers_Paris_1232825,Cadre,Paris,38
KeyPers_Paris_1232826,Ingénieur Informaticien,Paris,78
KeyPers_Paris_1232827,Cadre,Paris,74
KeyPers_Paris_1232828,Cadre,Paris,88
KeyPers_Paris_1232829,Ingénieur Data,Paris,44
KeyPers_Paris_1232830,Ingénieur Data,Paris,52
KeyPers_Paris_1232831,Ingénieur Data,Paris,43
KeyPers_Paris_1232832,Ingénieur Data,Paris,76
KeyPers_Paris_1232833,Cadre,Paris,32
KeyPers_Paris_1232834,Cadre,Paris,32
KeyPers_Paris_1232835,Ingénieur Informaticien,Paris,70
KeyPers_Paris_1232836,Ingénieur Data,Paris,47
KeyPers_Paris_1232837,Cadre,Paris,44
KeyPers_Paris_1232838,Ingénieur Informaticien,Paris,54
KeyPers_Paris_1232839,Cadre,Paris,26
KeyPers_Paris_1232840,Cadre,Paris,92
KeyPers_Paris_1232841,Ingénieur Data,Paris,54
KeyPers_Paris_1232842,Ingénieur Data,Paris,58
KeyPers_Paris_1232843,Ingénieur Informaticien,Paris,40
KeyPers_Paris_1232844,Ingénieur Informaticien,Paris,83
KeyPers_Paris_1232845,Ingénieur Data,Paris,56
KeyPers_Paris_1232846,Ingénieur Informaticien,Paris,27
KeyPers_Paris_1232847,Ingénieur Data,Paris,91
KeyPers_Paris_1232848,Cadre,Paris,27
KeyPers_Paris_1232849,Cadre,Paris,86
KeyPers_Paris_1232850,Cadre,Paris,83
KeyPers_Paris_1232851,Ingénieur Data,Paris,88
KeyPers_Paris_1232852,Cadre,Paris,79
KeyPers_Paris_1232853,Ingénieur Data,Paris,49
KeyPers_Paris_1232854,Ingénieur Informaticien,Paris,41
KeyPers_Paris_1232855,Cadre,Paris,68
KeyPers_Paris_1232856,Cadre,Paris,70
KeyPers_Paris_1232857,Ingénieur Informaticien,Paris,39
KeyPers_Paris_1232858,Ingénieur Informaticien,Paris,60
KeyPers_Paris_1232859,Ingénieur Data,Paris,90
KeyPers_Paris_1232860,Ingénieur Informaticien,Paris,54
KeyPers_Paris_1232861,Ingénieur Informaticien,Paris,34
KeyPers_Paris_1232862,Ingénieur Data,Paris,45
KeyPers_Paris_1232863,Ingénieur Data,Paris,81
KeyPers_Paris_1232864,Cadre,Paris,36
KeyPers_Paris_1232865,Ingénieur Informaticien,Paris,30
KeyPers_Paris_1232866,Ingénieur Data,Paris,61
KeyPers_Paris_1232867,Ingénieur Informaticien,Paris,85
KeyPers_Paris_1232868,Cadre,Paris,60
KeyPers_Paris_1232869,Ingénieur Informaticien,Paris,84
KeyPers_Paris_1232870,Ingénieur Informaticien,Paris,73
KeyPers_Paris_1232871,Ingénieur Informaticien,Paris,76
KeyPers_Paris_1232872,Ingénieur Informaticien,Paris,55
KeyPers_Paris_1232873,Cadre,Paris,56
KeyPers_Paris_1232874,Cadre,Paris,78
KeyPers_Paris_1232875,Cadre,Paris,94
KeyPers_Paris_1232876,Ingénieur Informaticien,Paris,34
KeyPers_Paris_1232877,Economiste,Paris,44
KeyPers_Paris_1232878,Ingénieur Data,Paris,79
KeyPers_Paris_1232879,Economiste,Paris,40
KeyPers_Paris_1232880,Ingénieur Data,Paris,89
KeyPers_Paris_1232881,Cadre,Paris,34
KeyPers_Paris_1232882,Ingénieur Informaticien,Paris,64
KeyPers_Paris_1232883,Ingénieur Informaticien,Paris,50
KeyPers_Paris_1232884,Ingénieur Data,Paris,29
KeyPers_Paris_1232885,Ingénieur Data,Paris,36
KeyPers_Paris_1232886,Ingénieur Informaticien,Paris,46
KeyPers_Paris_1232887,Cadre,Paris,40
KeyPers_Paris_1232888,Ingénieur Informaticien,Paris,29
KeyPers_Paris_1232889,Cadre,Paris,62
KeyPers_Paris_1232890,Economiste,Paris,52
KeyPers_Paris_1232891,Ingénieur Informaticien,Paris,84
KeyPers_Paris_1232892,Ingénieur Informaticien,Paris,38
KeyPers_Paris_1232893,Ingénieur Informaticien,Paris,32
KeyPers_Paris_1232894,Ingénieur Informaticien,Paris,86
KeyPers_Paris_1232895,Economiste,Paris,42
KeyPers_Paris_1232896,Ingénieur Informaticien,Paris,83
KeyPers_Paris_1232897,Cadre,Paris,77
KeyPers_Paris_1232898,Cadre,Paris,89
KeyPers_Paris_1232899,Ingénieur Informaticien,Paris,62
KeyPers_Paris_1232900,Ingénieur Informaticien,Paris,89
KeyPers_Paris_1232901,Ingénieur Informaticien,Paris,31
KeyPers_Paris_1232902,Ingénieur Data,Paris,27
KeyPers_Paris_1232903,Ingénieur Data,Paris,47
KeyPers_Paris_1232904,Ingénieur Informaticien,Paris,63
KeyPers_Paris_1232905,Ingénieur Data,Paris,88
KeyPers_Paris_1232906,Ingénieur Informaticien,Paris,52
KeyPers_Paris_1232907,Ingénieur Informaticien,Paris,55
KeyPers_Paris_1232908,Cadre,Paris,44
KeyPers_Paris_1232909,Cadre,Paris,50
KeyPers_Paris_1232910,Ingénieur Informaticien,Paris,60
KeyPers_Paris_1232911,Ingénieur Informaticien,Paris,28
KeyPers_Paris_1232912,Ingénieur Data,Paris,64
KeyPers_Paris_1232913,Ingénieur Informaticien,Paris,41
KeyPers_Paris_1232914,Ingénieur Data,Paris,36
KeyPers_Paris_1232915,Ingénieur Data,Paris,29
KeyPers_Paris_1232916,Ingénieur Data,Paris,69
KeyPers_Paris_1232917,Ingénieur Informaticien,Paris,90
KeyPers_Paris_1232918,Ingénieur Data,Paris,51
KeyPers_Paris_1232919,Ingénieur Data,Paris,25
KeyPers_Paris_1232920,Cadre,Paris,33
KeyPers_Paris_1232921,DRH,Paris,65
KeyPers_Paris_1232922,Cadre,Paris,51
KeyPers_Paris_1232923,Ingénieur Data,Paris,50
KeyPers_Paris_1232924,Ingénieur Data,Paris,92
KeyPers_Paris_1232925,Ingénieur Informaticien,Paris,80
KeyPers_Paris_1232926,Ingénieur Data,Paris,80
KeyPers_Paris_1232927,Ingénieur Data,Paris,61
KeyPers_Paris_1232928,Cadre,Paris,46
KeyPers_Paris_1232929,Ingénieur Data,Paris,66
KeyPers_Paris_1232930,Ingénieur Informaticien,Paris,42
KeyPers_Paris_1232931,Cadre,Paris,88
KeyPers_Paris_1232932,Cadre,Paris,86
KeyPers_Paris_1232933,Ingénieur Data,Paris,28
KeyPers_Paris_1232934,Ingénieur Data,Paris,55
KeyPers_Paris_1232935,Economiste,Paris,68
KeyPers_Paris_1232936,Ingénieur Data,Paris,65
KeyPers_Paris_1232937,Ingénieur Data,Paris,75
KeyPers_Paris_1232938,Ingénieur Data,Paris,83
KeyPers_Paris_1232939,Ingénieur Data,Paris,26
KeyPers_Paris_1232940,Ingénieur Informaticien,Paris,84
KeyPers_Paris_1232941,Ingénieur Data,Paris,74
KeyPers_Paris_1232942,Ingénieur Data,Paris,60
KeyPers_Paris_1232943,Ingénieur Informaticien,Paris,34
KeyPers_Paris_1232944,Ingénieur Data,Paris,31
KeyPers_Paris_1232945,Ingénieur Data,Paris,74
KeyPers_Paris_1232946,Cadre,Paris,38
KeyPers_Paris_1232947,Ingénieur Informaticien,Paris,27
KeyPers_Paris_1232948,Ingénieur Informaticien,Paris,78
KeyPers_Paris_1232949,Cadre,Paris,56
KeyPers_Paris_1232950,Economiste,Paris,53
KeyPers_Paris_1232951,Ingénieur Data,Paris,84
KeyPers_Paris_1232952,Ingénieur Informaticien,Paris,41
KeyPers_Paris_1232953,Cadre,Paris,42
KeyPers_Paris_1232954,Cadre,Paris,41
KeyPers_Paris_1232955,Cadre,Paris,93
KeyPers_Paris_1232956,Ingénieur Data,Paris,95
KeyPers_Paris_1232957,Ingénieur Data,Paris,82
KeyPers_Paris_1232958,Ingénieur Informaticien,Paris,65
KeyPers_Paris_1232959,Ingénieur Informaticien,Paris,72
KeyPers_Paris_1232960,Ingénieur Informaticien,Paris,66
KeyPers_Paris_1232961,Cadre,Paris,65
KeyPers_Paris_1232962,Ingénieur Informaticien,Paris,73
KeyPers_Paris_1232963,DRH,Paris,52
KeyPers_Paris_1232964,Ingénieur Informaticien,Paris,67
KeyPers_Paris_1232965,Ingénieur Informaticien,Paris,61
KeyPers_Paris_1232966,Cadre,Paris,80
KeyPers_Paris_1232967,Ingénieur Data,Paris,59
KeyPers_Paris_1232968,Ingénieur Data,Paris,71
KeyPers_Paris_1232969,Economiste,Paris,50
KeyPers_Paris_1232970,Ingénieur Informaticien,Paris,38
KeyPers_Paris_1232971,Ingénieur Informaticien,Paris,43
KeyPers_Paris_1232972,Ingénieur Data,Paris,47
KeyPers_Paris_1232973,Ingénieur Informaticien,Paris,55
KeyPers_Paris_1232974,Ingénieur Data,Paris,48
KeyPers_Paris_1232975,Ingénieur Data,Paris,77
KeyPers_Paris_1232976,Ingénieur Informaticien,Paris,37
KeyPers_Paris_1232977,Ingénieur Informaticien,Paris,44
KeyPers_Paris_1232978,Cadre,Paris,95
KeyPers_Paris_1232979,Ingénieur Data,Paris,33
KeyPers_Paris_1232980,Ingénieur Informaticien,Paris,79
KeyPers_Paris_1232981,Ingénieur Informaticien,Paris,51
KeyPers_Paris_1232982,Cadre,Paris,46
KeyPers_Paris_1232983,Ingénieur Informaticien,Paris,70
KeyPers_Paris_1232984,Ingénieur Informaticien,Paris,85
KeyPers_Paris_1232985,Ingénieur Informaticien,Paris,94
KeyPers_Paris_1232986,Ingénieur Informaticien,Paris,92
KeyPers_Paris_1232987,Ingénieur Informaticien,Paris,96
KeyPers_Paris_1232988,Economiste,Paris,91
KeyPers_Paris_1232989,Ingénieur Data,Paris,51
KeyPers_Paris_1232990,Ingénieur Informaticien,Paris,91
KeyPers_Paris_1232991,Ingénieur Data,Paris,81
KeyPers_Paris_1232992,Ingénieur Data,Paris,38
KeyPers_Paris_1232993,Ingénieur Data,Paris,27
KeyPers_Paris_1232994,Ingénieur Data,Paris,29
KeyPers_Paris_1232995,Ingénieur Informaticien,Paris,38
KeyPers_Paris_1232996,Ingénieur Informaticien,Paris,29
KeyPers_Paris_1232997,Ingénieur Informaticien,Paris,74
KeyPers_Paris_1232998,Ingénieur Data,Paris,75
KeyPers_Paris_1232999,Ingénieur Data,Paris,54
KeyPers_Paris_1233000,Ingénieur Data,Paris,61
KeyPers_Paris_1233001,Cadre,Paris,77
KeyPers_Paris_1233002,Ingénieur Informaticien,Paris,67
KeyPers_Paris_1233003,Ingénieur Data,Paris,28
KeyPers_Paris_1233004,Ingénieur Data,Paris,77
KeyPers_Paris_1233005,Economiste,Paris,56
KeyPers_Paris_1233006,Ingénieur Informaticien,Paris,66
KeyPers_Paris_1233007,Ingénieur Informaticien,Paris,75
KeyPers_Paris_1233008,Ingénieur Data,Paris,57
KeyPers_Paris_1233009,Ingénieur Data,Paris,81
KeyPers_Paris_1233010,Ingénieur Data,Paris,32
KeyPers_Paris_1233011,Cadre,Paris,31
KeyPers_Paris_1233012,Ingénieur Data,Paris,74
KeyPers_Paris_1233013,Ingénieur Data,Paris,69
KeyPers_Paris_1233014,Cadre,Paris,38
KeyPers_Paris_1233015,Cadre,Paris,85
KeyPers_Paris_1233016,Cadre,Paris,62
KeyPers_Paris_1233017,Ingénieur Informaticien,Paris,58
KeyPers_Paris_1233018,Cadre,Paris,58
KeyPers_Paris_1233019,Ingénieur Informaticien,Paris,38
KeyPers_Paris_1233020,Ingénieur Data,Paris,47
KeyPers_Paris_1233021,Cadre,Paris,63
KeyPers_Paris_1233022,Ingénieur Data,Paris,50
KeyPers_Paris_1233023,Cadre,Paris,89
KeyPers_Paris_1233024,Ingénieur Data,Paris,74
KeyPers_Paris_1233025,Ingénieur Informaticien,Paris,55
KeyPers_Paris_1233026,Ingénieur Data,Paris,73
KeyPers_Paris_1233027,Economiste,Paris,96
KeyPers_Paris_1233028,Ingénieur Informaticien,Paris,32
KeyPers_Paris_1233029,Cadre,Paris,24
KeyPers_Paris_1233030,Ingénieur Informaticien,Paris,34
KeyPers_Paris_1233031,Ingénieur Data,Paris,70
KeyPers_Paris_1233032,Ingénieur Data,Paris,80
KeyPers_Paris_1233033,Ingénieur Data,Paris,56
KeyPers_Paris_1233034,Ingénieur Informaticien,Paris,73
KeyPers_Paris_1233035,Ingénieur Informaticien,Paris,93
KeyPers_Paris_1233036,Ingénieur Data,Paris,53
KeyPers_Paris_1233037,Cadre,Paris,96
KeyPers_Paris_1233038,Ingénieur Informaticien,Paris,29
KeyPers_Paris_1233039,Ingénieur Data,Paris,87
KeyPers_Paris_1233040,Ingénieur Data,Paris,74
KeyPers_Paris_1233041,Ingénieur Data,Paris,38
KeyPers_Paris_1233042,Ingénieur Data,Paris,52
KeyPers_Paris_1233043,Ingénieur Informaticien,Paris,89
KeyPers_Paris_1233044,Ingénieur Data,Paris,47
KeyPers_Paris_1233045,Ingénieur Data,Paris,70
KeyPers_Paris_1233046,Ingénieur Informaticien,Paris,79
KeyPers_Paris_1233047,Ingénieur Data,Paris,47
KeyPers_Paris_1233048,Ingénieur Data,Paris,29
KeyPers_Paris_1233049,Ingénieur Informaticien,Paris,71
KeyPers_Paris_1233050,DRH,Paris,40
KeyPers_Paris_1233051,Ingénieur Data,Paris,93
KeyPers_Paris_1233052,Ingénieur Informaticien,Paris,72
KeyPers_Paris_1233053,Ingénieur Informaticien,Paris,43
KeyPers_Paris_1233054,Cadre,Paris,56
KeyPers_Paris_1233055,Ingénieur Data,Paris,26
KeyPers_Paris_1233056,Ingénieur Data,Paris,72
KeyPers_Paris_1233057,Ingénieur Data,Paris,29
KeyPers_Paris_1233058,Ingénieur Informaticien,Paris,30
KeyPers_Paris_1233059,Ingénieur Data,Paris,36
KeyPers_Paris_1233060,Economiste,Paris,71
KeyPers_Paris_1233061,Ingénieur Informaticien,Paris,66
KeyPers_Paris_1233062,DRH,Paris,82
KeyPers_Paris_1233063,Ingénieur Informaticien,Paris,90
KeyPers_Paris_1233064,Ingénieur Informaticien,Paris,50
KeyPers_Paris_1233065,Ingénieur Informaticien,Paris,62
KeyPers_Paris_1233066,Ingénieur Informaticien,Paris,82
KeyPers_Paris_1233067,DRH,Paris,78
KeyPers_Paris_1233068,Cadre,Paris,83
KeyPers_Paris_1233069,Ingénieur Informaticien,Paris,77
KeyPers_Paris_1233070,Ingénieur Informaticien,Paris,86
KeyPers_Paris_1233071,Cadre,Paris,32
KeyPers_Paris_1233072,Cadre,Paris,75
KeyPers_Paris_1233073,Ingénieur Data,Paris,56
KeyPers_Paris_1233074,DRH,Paris,56
KeyPers_Paris_1233075,Ingénieur Data,Paris,49
KeyPers_Paris_1233076,Cadre,Paris,83
KeyPers_Paris_1233077,Cadre,Paris,89
KeyPers_Paris_1233078,Cadre,Paris,39
KeyPers_Paris_1233079,Economiste,Paris,88
KeyPers_Paris_1233080,Ingénieur Informaticien,Paris,59
KeyPers_Paris_1233081,Ingénieur Data,Paris,25
KeyPers_Paris_1233082,Ingénieur Data,Paris,25
KeyPers_Paris_1233083,Ingénieur Data,Paris,32
KeyPers_Paris_1233084,Ingénieur Data,Paris,50
KeyPers_Paris_1233085,Ingénieur Informaticien,Paris,37
KeyPers_Paris_1233086,Ingénieur Data,Paris,26
KeyPers_Paris_1233087,Ingénieur Informaticien,Paris,27
KeyPers_Paris_1233088,Economiste,Paris,70
KeyPers_Paris_1233089,Cadre,Paris,67
KeyPers_Paris_1233090,Ingénieur Informaticien,Paris,60
KeyPers_Paris_1233091,Ingénieur Data,Paris,86
KeyPers_Paris_1233092,Ingénieur Data,Paris,28
KeyPers_Paris_1233093,Cadre,Paris,46
KeyPers_Paris_1233094,Cadre,Paris,53
KeyPers_Paris_1233095,Ingénieur Data,Paris,50
KeyPers_Paris_1233096,Economiste,Paris,54
KeyPers_Paris_1233097,Ingénieur Data,Paris,64
KeyPers_Paris_1233098,Ingénieur Informaticien,Paris,49
KeyPers_Paris_1233099,Economiste,Paris,91
KeyPers_Paris_1233100,Ingénieur Data,Paris,79
KeyPers_Paris_1233101,Ingénieur Informaticien,Paris,86
KeyPers_Paris_1233102,Ingénieur Data,Paris,49
KeyPers_Paris_1233103,Cadre,Paris,29
KeyPers_Paris_1233104,Ingénieur Informaticien,Paris,47
KeyPers_Paris_1233105,Ingénieur Informaticien,Paris,40
KeyPers_Paris_1233106,Ingénieur Informaticien,Paris,40
KeyPers_Paris_1233107,Cadre,Paris,45
KeyPers_Paris_1233108,Ingénieur Informaticien,Paris,24
KeyPers_Paris_1233109,Economiste,Paris,95
KeyPers_Paris_1233110,Cadre,Paris,50
KeyPers_Paris_1233111,DRH,Paris,61
KeyPers_Paris_1233112,Economiste,Paris,56
KeyPers_Paris_1233113,Ingénieur Data,Paris,86
KeyPers_Paris_1233114,Ingénieur Informaticien,Paris,53
KeyPers_Paris_1233115,Ingénieur Data,Paris,78
KeyPers_Paris_1233116,Ingénieur Informaticien,Paris,34
KeyPers_Paris_1233117,Cadre,Paris,47
KeyPers_Paris_1233118,Ingénieur Data,Paris,32
KeyPers_Paris_1233119,Ingénieur Data,Paris,40
KeyPers_Paris_1233120,Economiste,Paris,52
KeyPers_Paris_1233121,Ingénieur Informaticien,Paris,62
KeyPers_Paris_1233122,Ingénieur Informaticien,Paris,38
KeyPers_Paris_1233123,Ingénieur Informaticien,Paris,56
KeyPers_Paris_1233124,Ingénieur Data,Paris,52
KeyPers_Paris_1233125,Ingénieur Informaticien,Paris,64
KeyPers_Paris_1233126,Cadre,Paris,77
KeyPers_Paris_1233127,Ingénieur Data,Paris,82
KeyPers_Paris_1233128,DRH,Paris,25
KeyPers_Paris_1233129,Ingénieur Informaticien,Paris,58
KeyPers_Paris_1233130,Economiste,Paris,36
KeyPers_Paris_1233131,Ingénieur Informaticien,Paris,34
KeyPers_Paris_1233132,Ingénieur Data,Paris,66
KeyPers_Paris_1233133,Ingénieur Data,Paris,74
KeyPers_Paris_1233134,Ingénieur Data,Paris,24
KeyPers_Paris_1233135,Cadre,Paris,32
KeyPers_Paris_1233136,Ingénieur Informaticien,Paris,31
KeyPers_Paris_1233137,Ingénieur Informaticien,Paris,53
KeyPers_Paris_1233138,Ingénieur Informaticien,Paris,60
KeyPers_Paris_1233139,Ingénieur Informaticien,Paris,42
KeyPers_Paris_1233140,Ingénieur Informaticien,Paris,82
KeyPers_Paris_1233141,Ingénieur Data,Paris,34
KeyPers_Paris_1233142,Ingénieur Informaticien,Paris,36
KeyPers_Paris_1233143,Ingénieur Informaticien,Paris,79
KeyPers_Paris_1233144,Ingénieur Data,Paris,54
KeyPers_Paris_1233145,Ingénieur Data,Paris,63
KeyPers_Paris_1233146,Cadre,Paris,41
KeyPers_Paris_1233147,Economiste,Paris,55
KeyPers_Paris_1233148,Ingénieur Data,Paris,29
KeyPers_Paris_1233149,Ingénieur Informaticien,Paris,25
KeyPers_Paris_1233150,Cadre,Paris,47
KeyPers_Paris_1233151,Ingénieur Data,Paris,26
KeyPers_Paris_1233152,Ingénieur Informaticien,Paris,62
KeyPers_Paris_1233153,Cadre,Paris,70
KeyPers_Paris_1233154,Ingénieur Data,Paris,82
KeyPers_Paris_1233155,Ingénieur Data,Paris,47
KeyPers_Paris_1233156,Cadre,Paris,94
KeyPers_Paris_1233157,Ingénieur Informaticien,Paris,35
KeyPers_Paris_1233158,Ingénieur Informaticien,Paris,47
KeyPers_Paris_1233159,Ingénieur Data,Paris,38
KeyPers_Paris_1233160,Ingénieur Data,Paris,65
KeyPers_Paris_1233161,Ingénieur Data,Paris,85
KeyPers_Paris_1233162,Ingénieur Informaticien,Paris,43
KeyPers_Paris_1233163,Cadre,Paris,52
KeyPers_Paris_1233164,Ingénieur Data,Paris,81
KeyPers_Paris_1233165,Ingénieur Informaticien,Paris,88
KeyPers_Paris_1233166,DRH,Paris,40
KeyPers_Paris_1233167,Cadre,Paris,57
KeyPers_Paris_1233168,Economiste,Paris,46
KeyPers_Paris_1233169,Ingénieur Informaticien,Paris,35
KeyPers_Paris_1233170,Ingénieur Informaticien,Paris,78
KeyPers_Paris_1233171,Ingénieur Data,Paris,55
KeyPers_Paris_1233172,Ingénieur Informaticien,Paris,32
KeyPers_Paris_1233173,Cadre,Paris,94
KeyPers_Paris_1233174,DRH,Paris,43
KeyPers_Paris_1233175,Ingénieur Informaticien,Paris,56
KeyPers_Paris_1233176,Ingénieur Informaticien,Paris,74
KeyPers_Paris_1233177,Ingénieur Data,Paris,48
KeyPers_Paris_1233178,Ingénieur Informaticien,Paris,93
KeyPers_Paris_1233179,Ingénieur Informaticien,Paris,35
KeyPers_Paris_1233180,Ingénieur Informaticien,Paris,44
KeyPers_Paris_1233181,Ingénieur Informaticien,Paris,24
KeyPers_Paris_1233182,Economiste,Paris,73
KeyPers_Paris_1233183,Ingénieur Data,Paris,50
KeyPers_Paris_1233184,Ingénieur Informaticien,Paris,61
KeyPers_Paris_1233185,Cadre,Paris,63
KeyPers_Paris_1233186,Cadre,Paris,75
KeyPers_Paris_1233187,Ingénieur Informaticien,Paris,87
KeyPers_Paris_1233188,Ingénieur Data,Paris,69
KeyPers_Paris_1233189,Ingénieur Informaticien,Paris,73
KeyPers_Paris_1233190,Ingénieur Data,Paris,80
KeyPers_Paris_1233191,Ingénieur Data,Paris,26
KeyPers_Paris_1233192,Ingénieur Data,Paris,26
KeyPers_Paris_1233193,Ingénieur Data,Paris,75
KeyPers_Paris_1233194,Ingénieur Data,Paris,81
KeyPers_Paris_1233195,Economiste,Paris,90
KeyPers_Paris_1233196,Ingénieur Informaticien,Paris,38
KeyPers_Paris_1233197,Ingénieur Data,Paris,86
KeyPers_Paris_1233198,Ingénieur Informaticien,Paris,91
KeyPers_Paris_1233199,Cadre,Paris,39
KeyPers_Paris_1233200,Cadre,Paris,95
KeyPers_Paris_1233201,Cadre,Paris,67
KeyPers_Paris_1233202,Ingénieur Informaticien,Paris,40
KeyPers_Paris_1233203,Ingénieur Data,Paris,52
KeyPers_Paris_1233204,Economiste,Paris,60
KeyPers_Paris_1233205,Ingénieur Informaticien,Paris,71
KeyPers_Paris_1233206,Ingénieur Informaticien,Paris,39
KeyPers_Paris_1233207,Ingénieur Data,Paris,83
KeyPers_Paris_1233208,Ingénieur Informaticien,Paris,35
KeyPers_Paris_1233209,Ingénieur Data,Paris,26
KeyPers_Paris_1233210,Ingénieur Data,Paris,52
KeyPers_Paris_1233211,Ingénieur Data,Paris,63
KeyPers_Paris_1233212,Ingénieur Informaticien,Paris,42
KeyPers_Paris_1233213,Cadre,Paris,90
KeyPers_Paris_1233214,Cadre,Paris,50
KeyPers_Paris_1233215,Ingénieur Data,Paris,56
KeyPers_Paris_1233216,Ingénieur Informaticien,Paris,61
KeyPers_Paris_1233217,Ingénieur Informaticien,Paris,69
KeyPers_Paris_1233218,Ingénieur Informaticien,Paris,96
KeyPers_Paris_1233219,Ingénieur Informaticien,Paris,67
KeyPers_Paris_1233220,DRH,Paris,90
KeyPers_Paris_1233221,Ingénieur Data,Paris,26
KeyPers_Paris_1233222,Ingénieur Data,Paris,55
KeyPers_Paris_1233223,Cadre,Paris,90
KeyPers_Paris_1233224,Ingénieur Informaticien,Paris,54
KeyPers_Paris_1233225,Ingénieur Informaticien,Paris,53
KeyPers_Paris_1233226,Ingénieur Informaticien,Paris,78
KeyPers_Paris_1233227,Cadre,Paris,31
KeyPers_Paris_1233228,Ingénieur Informaticien,Paris,41
KeyPers_Paris_1233229,Ingénieur Informaticien,Paris,94
KeyPers_Paris_1233230,Economiste,Paris,86
KeyPers_Paris_1233231,Ingénieur Data,Paris,36
KeyPers_Paris_1233232,Ingénieur Data,Paris,43
KeyPers_Paris_1233233,Ingénieur Data,Paris,60
KeyPers_Paris_1233234,Ingénieur Data,Paris,67
KeyPers_Paris_1233235,Ingénieur Informaticien,Paris,95
KeyPers_Paris_1233236,Ingénieur Data,Paris,70
KeyPers_Paris_1233237,Ingénieur Informaticien,Paris,24
KeyPers_Paris_1233238,Economiste,Paris,33
KeyPers_Paris_1233239,Cadre,Paris,49
KeyPers_Paris_1233240,Cadre,Paris,59
KeyPers_Paris_1233241,Ingénieur Informaticien,Paris,69
KeyPers_Paris_1233242,Ingénieur Data,Paris,58
KeyPers_Paris_1233243,Cadre,Paris,76
KeyPers_Paris_1233244,Economiste,Paris,38
KeyPers_Paris_1233245,Ingénieur Data,Paris,91
KeyPers_Paris_1233246,Ingénieur Informaticien,Paris,59
KeyPers_Paris_1233247,Ingénieur Informaticien,Paris,61
KeyPers_Paris_1233248,Ingénieur Informaticien,Paris,67
KeyPers_Paris_1233249,Ingénieur Informaticien,Paris,69
KeyPers_Paris_1233250,Ingénieur Data,Paris,60
KeyPers_Paris_1233251,Ingénieur Data,Paris,51
KeyPers_Paris_1233252,Ingénieur Informaticien,Paris,84
KeyPers_Paris_1233253,Ingénieur Data,Paris,73
KeyPers_Paris_1233254,Ingénieur Data,Paris,38
KeyPers_Paris_1233255,DRH,Paris,34
KeyPers_Paris_1233256,Cadre,Paris,44
KeyPers_Paris_1233257,Cadre,Paris,90
KeyPers_Paris_1233258,Cadre,Paris,28
KeyPers_Paris_1233259,Ingénieur Data,Paris,56
KeyPers_Paris_1233260,Ingénieur Informaticien,Paris,91
KeyPers_Paris_1233261,Ingénieur Informaticien,Paris,35
KeyPers_Paris_1233262,Economiste,Paris,92
KeyPers_Paris_1233263,Ingénieur Data,Paris,94
KeyPers_Paris_1233264,Ingénieur Data,Paris,74
KeyPers_Paris_1233265,Ingénieur Informaticien,Paris,82
KeyPers_Paris_1233266,Ingénieur Informaticien,Paris,70
KeyPers_Paris_1233267,Ingénieur Informaticien,Paris,42
KeyPers_Paris_1233268,Ingénieur Data,Paris,58
KeyPers_Paris_1233269,Cadre,Paris,81
KeyPers_Paris_1233270,Ingénieur Informaticien,Paris,54
KeyPers_Paris_1233271,Ingénieur Informaticien,Paris,55
KeyPers_Paris_1233272,Ingénieur Data,Paris,95
KeyPers_Paris_1233273,Ingénieur Data,Paris,49
KeyPers_Paris_1233274,Cadre,Paris,92
KeyPers_Paris_1233275,DRH,Paris,89
KeyPers_Paris_1233276,Cadre,Paris,71
KeyPers_Paris_1233277,Ingénieur Informaticien,Paris,44
KeyPers_Paris_1233278,Economiste,Paris,37
KeyPers_Paris_1233279,Ingénieur Data,Paris,42
KeyPers_Paris_1233280,Ingénieur Informaticien,Paris,69
KeyPers_Paris_1233281,Ingénieur Data,Paris,55
KeyPers_Paris_1233282,Ingénieur Informaticien,Paris,63
KeyPers_Paris_1233283,Ingénieur Informaticien,Paris,61
KeyPers_Paris_1233284,Ingénieur Informaticien,Paris,92
KeyPers_Paris_1233285,Cadre,Paris,77
KeyPers_Paris_1233286,Ingénieur Informaticien,Paris,58
KeyPers_Paris_1233287,Ingénieur Informaticien,Paris,28
KeyPers_Paris_1233288,DRH,Paris,50
KeyPers_Paris_1233289,Ingénieur Data,Paris,81
KeyPers_Paris_1233290,Ingénieur Informaticien,Paris,59
KeyPers_Paris_1233291,Ingénieur Informaticien,Paris,32
KeyPers_Paris_1233292,Ingénieur Data,Paris,34
KeyPers_Paris_1233293,Cadre,Paris,80
KeyPers_Paris_1233294,Ingénieur Data,Paris,32
KeyPers_Paris_1233295,Ingénieur Data,Paris,47
KeyPers_Paris_1233296,Ingénieur Data,Paris,66
KeyPers_Paris_1233297,DRH,Paris,66
KeyPers_Paris_1233298,Ingénieur Informaticien,Paris,33
KeyPers_Paris_1233299,Cadre,Paris,94
KeyPers_Paris_1233300,Ingénieur Data,Paris,41
KeyPers_Paris_1233301,Cadre,Paris,69
KeyPers_Paris_1233302,Ingénieur Data,Paris,63
KeyPers_Paris_1233303,Ingénieur Informaticien,Paris,58
KeyPers_Paris_1233304,Cadre,Paris,39
KeyPers_Paris_1233305,Ingénieur Data,Paris,95
KeyPers_Paris_1233306,Ingénieur Informaticien,Paris,46
KeyPers_Paris_1233307,Ingénieur Informaticien,Paris,55
KeyPers_Paris_1233308,Ingénieur Data,Paris,48
KeyPers_Paris_1233309,Economiste,Paris,88
KeyPers_Paris_1233310,Ingénieur Data,Paris,69
KeyPers_Paris_1233311,Ingénieur Data,Paris,55
KeyPers_Paris_1233312,Ingénieur Informaticien,Paris,61
KeyPers_Paris_1233313,Ingénieur Informaticien,Paris,63
KeyPers_Paris_1233314,Cadre,Paris,26
KeyPers_Paris_1233315,Ingénieur Informaticien,Paris,55
KeyPers_Paris_1233316,Cadre,Paris,86
KeyPers_Paris_1233317,Ingénieur Informaticien,Paris,85
KeyPers_Paris_1233318,Ingénieur Informaticien,Paris,36
KeyPers_Paris_1233319,Cadre,Paris,90
KeyPers_Paris_1233320,Cadre,Paris,27
KeyPers_Paris_1233321,Ingénieur Informaticien,Paris,26
KeyPers_Paris_1233322,Ingénieur Data,Paris,74
KeyPers_Paris_1233323,Ingénieur Data,Paris,28
KeyPers_Paris_1233324,Cadre,Paris,42
KeyPers_Paris_1233325,Ingénieur Informaticien,Paris,70
KeyPers_Paris_1233326,Cadre,Paris,73
KeyPers_Paris_1233327,Ingénieur Data,Paris,57
KeyPers_Paris_1233328,Ingénieur Data,Paris,57
KeyPers_Paris_1233329,Ingénieur Data,Paris,56
KeyPers_Paris_1233330,Ingénieur Data,Paris,39
KeyPers_Paris_1233331,Ingénieur Data,Paris,36
KeyPers_Paris_1233332,Ingénieur Data,Paris,71
KeyPers_Paris_1233333,Ingénieur Informaticien,Paris,34
KeyPers_Paris_1233334,Ingénieur Data,Paris,86
KeyPers_Paris_1233335,Cadre,Paris,67
KeyPers_Paris_1233336,Ingénieur Data,Paris,91
KeyPers_Paris_1233337,Economiste,Paris,56
KeyPers_Paris_1233338,Ingénieur Data,Paris,71
KeyPers_Paris_1233339,Ingénieur Data,Paris,71
KeyPers_Paris_1233340,Ingénieur Data,Paris,72
KeyPers_Paris_1233341,Ingénieur Informaticien,Paris,40
KeyPers_Paris_1233342,Ingénieur Data,Paris,44
KeyPers_Paris_1233343,Ingénieur Informaticien,Paris,38
KeyPers_Paris_1233344,Ingénieur Informaticien,Paris,89
KeyPers_Paris_1233345,Ingénieur Informaticien,Paris,33
KeyPers_Paris_1233346,Ingénieur Informaticien,Paris,56
KeyPers_Paris_1233347,Ingénieur Data,Paris,69
KeyPers_Paris_1233348,Ingénieur Data,Paris,68
KeyPers_Paris_1233349,Ingénieur Informaticien,Paris,43
KeyPers_Paris_1233350,Ingénieur Informaticien,Paris,72
KeyPers_Paris_1233351,Ingénieur Data,Paris,53
KeyPers_Paris_1233352,Ingénieur Data,Paris,61
KeyPers_Paris_1233353,Ingénieur Data,Paris,28
KeyPers_Paris_1233354,Ingénieur Informaticien,Paris,39
KeyPers_Paris_1233355,Cadre,Paris,33
KeyPers_Paris_1233356,Ingénieur Informaticien,Paris,62
KeyPers_Paris_1233357,Ingénieur Informaticien,Paris,60
KeyPers_Paris_1233358,Ingénieur Informaticien,Paris,61
KeyPers_Paris_1233359,Ingénieur Data,Paris,36
KeyPers_Paris_1233360,Ingénieur Data,Paris,29
KeyPers_Paris_1233361,Cadre,Paris,90
KeyPers_Paris_1233362,Cadre,Paris,38
KeyPers_Paris_1233363,Ingénieur Informaticien,Paris,66
KeyPers_Paris_1233364,Ingénieur Data,Paris,57
KeyPers_Paris_1233365,Economiste,Paris,83
KeyPers_Paris_1233366,Ingénieur Data,Paris,85
KeyPers_Paris_1233367,Ingénieur Data,Paris,44
KeyPers_Paris_1233368,Economiste,Paris,69
KeyPers_Paris_1233369,Ingénieur Data,Paris,92
KeyPers_Paris_1233370,Ingénieur Data,Paris,33
KeyPers_Paris_1233371,Ingénieur Data,Paris,68
KeyPers_Paris_1233372,Ingénieur Data,Paris,90
KeyPers_Paris_1233373,Ingénieur Informaticien,Paris,81
KeyPers_Paris_1233374,Ingénieur Data,Paris,44
KeyPers_Paris_1233375,Ingénieur Data,Paris,49
KeyPers_Paris_1233376,Ingénieur Informaticien,Paris,43
KeyPers_Paris_1233377,Cadre,Paris,52
KeyPers_Paris_1233378,Ingénieur Informaticien,Paris,49
KeyPers_Paris_1233379,Ingénieur Data,Paris,63
KeyPers_Paris_1233380,Cadre,Paris,31
KeyPers_Paris_1233381,Cadre,Paris,38
KeyPers_Paris_1233382,Ingénieur Informaticien,Paris,74
KeyPers_Paris_1233383,Cadre,Paris,83
KeyPers_Paris_1233384,Economiste,Paris,34
KeyPers_Paris_1233385,Ingénieur Data,Paris,62
KeyPers_Paris_1233386,Ingénieur Data,Paris,56
KeyPers_Paris_1233387,Cadre,Paris,80
KeyPers_Paris_1233388,Ingénieur Informaticien,Paris,51
KeyPers_Paris_1233389,Cadre,Paris,37
KeyPers_Paris_1233390,Cadre,Paris,25
KeyPers_Paris_1233391,Ingénieur Informaticien,Paris,38
KeyPers_Paris_1233392,Cadre,Paris,71
KeyPers_Paris_1233393,Ingénieur Data,Paris,52
KeyPers_Paris_1233394,Cadre,Paris,36
KeyPers_Paris_1233395,Ingénieur Informaticien,Paris,69
KeyPers_Paris_1233396,Ingénieur Informaticien,Paris,81
KeyPers_Paris_1233397,Cadre,Paris,83
KeyPers_Paris_1233398,Ingénieur Informaticien,Paris,83
KeyPers_Paris_1233399,Economiste,Paris,85
KeyPers_Paris_1233400,Ingénieur Data,Paris,51
KeyPers_Paris_1233401,Ingénieur Data,Paris,47
KeyPers_Paris_1233402,Ingénieur Data,Paris,58
KeyPers_Paris_1233403,Ingénieur Data,Paris,38
KeyPers_Paris_1233404,Ingénieur Data,Paris,80
KeyPers_Paris_1233405,Cadre,Paris,31
KeyPers_Paris_1233406,Ingénieur Data,Paris,61
KeyPers_Paris_1233407,Cadre,Paris,90
KeyPers_Paris_1233408,Ingénieur Data,Paris,25
KeyPers_Paris_1233409,Ingénieur Data,Paris,70
KeyPers_Paris_1233410,Ingénieur Informaticien,Paris,89
KeyPers_Paris_1233411,Ingénieur Data,Paris,28
KeyPers_Paris_1233412,Ingénieur Data,Paris,89
KeyPers_Paris_1233413,Cadre,Paris,94
KeyPers_Paris_1233414,Ingénieur Informaticien,Paris,54
KeyPers_Paris_1233415,Ingénieur Informaticien,Paris,36
KeyPers_Paris_1233416,Ingénieur Informaticien,Paris,37
KeyPers_Paris_1233417,Ingénieur Informaticien,Paris,87
KeyPers_Paris_1233418,Ingénieur Data,Paris,33
KeyPers_Paris_1233419,Ingénieur Informaticien,Paris,93
KeyPers_Paris_1233420,Cadre,Paris,51
KeyPers_Paris_1233421,Ingénieur Data,Paris,86
KeyPers_Paris_1233422,Ingénieur Informaticien,Paris,46
KeyPers_Paris_1233423,Cadre,Paris,38
KeyPers_Paris_1233424,Ingénieur Data,Paris,87
KeyPers_Paris_1233425,Ingénieur Data,Paris,61
KeyPers_Paris_1233426,Ingénieur Data,Paris,88
KeyPers_Paris_1233427,Ingénieur Informaticien,Paris,69
KeyPers_Paris_1233428,Cadre,Paris,83
KeyPers_Paris_1233429,Ingénieur Data,Paris,71
KeyPers_Paris_1233430,Ingénieur Data,Paris,39
KeyPers_Paris_1233431,Ingénieur Data,Paris,39
KeyPers_Paris_1233432,Ingénieur Informaticien,Paris,58
KeyPers_Paris_1233433,Cadre,Paris,41
KeyPers_Paris_1233434,Ingénieur Informaticien,Paris,76
KeyPers_Paris_1233435,Ingénieur Informaticien,Paris,53
KeyPers_Paris_1233436,Ingénieur Informaticien,Paris,49
KeyPers_Paris_1233437,Ingénieur Data,Paris,93
KeyPers_Paris_1233438,Cadre,Paris,78
KeyPers_Paris_1233439,Ingénieur Data,Paris,66
KeyPers_Paris_1233440,Ingénieur Informaticien,Paris,32
KeyPers_Paris_1233441,Ingénieur Informaticien,Paris,58
KeyPers_Paris_1233442,Ingénieur Informaticien,Paris,71
KeyPers_Paris_1233443,Ingénieur Informaticien,Paris,77
KeyPers_Paris_1233444,Cadre,Paris,82
KeyPers_Paris_1233445,Cadre,Paris,69
KeyPers_Paris_1233446,Ingénieur Data,Paris,41
KeyPers_Paris_1233447,Cadre,Paris,57
KeyPers_Paris_1233448,Ingénieur Data,Paris,54
KeyPers_Paris_1233449,Ingénieur Data,Paris,84
KeyPers_Paris_1233450,Cadre,Paris,61
KeyPers_Paris_1233451,Ingénieur Data,Paris,38
KeyPers_Paris_1233452,Cadre,Paris,86
KeyPers_Paris_1233453,Ingénieur Informaticien,Paris,62
KeyPers_Paris_1233454,Cadre,Paris,76
KeyPers_Paris_1233455,Ingénieur Data,Paris,89
KeyPers_Paris_1233456,Ingénieur Data,Paris,81
KeyPers_Paris_1233457,Ingénieur Informaticien,Paris,91
KeyPers_Paris_1233458,Ingénieur Data,Paris,29
KeyPers_Paris_1233459,Economiste,Paris,75
KeyPers_Paris_1233460,Ingénieur Informaticien,Paris,57
KeyPers_Paris_1233461,Ingénieur Informaticien,Paris,29
KeyPers_Paris_1233462,Ingénieur Data,Paris,55
KeyPers_Paris_1233463,Ingénieur Informaticien,Paris,58
KeyPers_Paris_1233464,Ingénieur Data,Paris,43
KeyPers_Paris_1233465,Ingénieur Informaticien,Paris,85
KeyPers_Paris_1233466,Cadre,Paris,46
KeyPers_Paris_1233467,Ingénieur Informaticien,Paris,89
KeyPers_Paris_1233468,DRH,Paris,86
KeyPers_Paris_1233469,Cadre,Paris,31
KeyPers_Paris_1233470,Cadre,Paris,31
KeyPers_Paris_1233471,Ingénieur Data,Paris,28
KeyPers_Paris_1233472,Ingénieur Informaticien,Paris,79
KeyPers_Paris_1233473,Cadre,Paris,78
KeyPers_Paris_1233474,DRH,Paris,95
KeyPers_Paris_1233475,Ingénieur Informaticien,Paris,90
KeyPers_Paris_1233476,Ingénieur Informaticien,Paris,64
KeyPers_Paris_1233477,Ingénieur Informaticien,Paris,91
KeyPers_Paris_1233478,Ingénieur Data,Paris,88
KeyPers_Paris_1233479,Ingénieur Informaticien,Paris,69
KeyPers_Paris_1233480,Cadre,Paris,61
KeyPers_Paris_1233481,Ingénieur Informaticien,Paris,70
KeyPers_Paris_1233482,Economiste,Paris,69
KeyPers_Paris_1233483,Ingénieur Informaticien,Paris,93
KeyPers_Paris_1233484,Ingénieur Data,Paris,54
KeyPers_Paris_1233485,Ingénieur Informaticien,Paris,54
KeyPers_Paris_1233486,Ingénieur Data,Paris,93
KeyPers_Paris_1233487,Ingénieur Informaticien,Paris,94
KeyPers_Paris_1233488,Ingénieur Data,Paris,49
KeyPers_Paris_1233489,Ingénieur Data,Paris,47
KeyPers_Paris_1233490,Ingénieur Data,Paris,86
KeyPers_Paris_1233491,Ingénieur Informaticien,Paris,92
KeyPers_Paris_1233492,Cadre,Paris,86
KeyPers_Paris_1233493,Cadre,Paris,40
KeyPers_Paris_1233494,Ingénieur Data,Paris,63
KeyPers_Paris_1233495,Ingénieur Data,Paris,53
KeyPers_Paris_1233496,Ingénieur Informaticien,Paris,27
KeyPers_Paris_1233497,Cadre,Paris,38
KeyPers_Paris_1233498,Ingénieur Informaticien,Paris,47
KeyPers_Paris_1233499,Ingénieur Data,Paris,72
KeyPers_Paris_1233500,DRH,Paris,88
KeyPers_Paris_1233501,Cadre,Paris,75
KeyPers_Paris_1233502,Ingénieur Informaticien,Paris,78
KeyPers_Paris_1233503,Ingénieur Data,Paris,81
KeyPers_Paris_1233504,Ingénieur Data,Paris,70
KeyPers_Paris_1233505,Ingénieur Data,Paris,59
KeyPers_Paris_1233506,Economiste,Paris,64
KeyPers_Paris_1233507,Ingénieur Informaticien,Paris,58
KeyPers_Paris_1233508,Ingénieur Informaticien,Paris,89
KeyPers_Paris_1233509,Cadre,Paris,40
KeyPers_Paris_1233510,Ingénieur Informaticien,Paris,45
KeyPers_Paris_1233511,Cadre,Paris,95
KeyPers_Paris_1233512,Ingénieur Data,Paris,59
KeyPers_Paris_1233513,Ingénieur Informaticien,Paris,57
KeyPers_Paris_1233514,Ingénieur Informaticien,Paris,94
KeyPers_Paris_1233515,Ingénieur Informaticien,Paris,49
KeyPers_Paris_1233516,Cadre,Paris,88
KeyPers_Paris_1233517,Ingénieur Informaticien,Paris,89
KeyPers_Paris_1233518,Ingénieur Informaticien,Paris,83
KeyPers_Paris_1233519,Cadre,Paris,80
KeyPers_Paris_1233520,DRH,Paris,27
KeyPers_Paris_1233521,Ingénieur Data,Paris,78
KeyPers_Paris_1233522,Ingénieur Data,Paris,71
KeyPers_Paris_1233523,Ingénieur Informaticien,Paris,55
KeyPers_Paris_1233524,Ingénieur Informaticien,Paris,30
KeyPers_Paris_1233525,Ingénieur Data,Paris,31
KeyPers_Paris_1233526,Ingénieur Informaticien,Paris,81
KeyPers_Paris_1233527,Cadre,Paris,67
KeyPers_Paris_1233528,Ingénieur Data,Paris,36
KeyPers_Paris_1233529,Ingénieur Informaticien,Paris,85
KeyPers_Paris_1233530,Cadre,Paris,79
KeyPers_Paris_1233531,Ingénieur Data,Paris,78
KeyPers_Paris_1233532,Economiste,Paris,57
KeyPers_Paris_1233533,Ingénieur Data,Paris,85
KeyPers_Paris_1233534,Ingénieur Informaticien,Paris,82
KeyPers_Paris_1233535,Ingénieur Informaticien,Paris,61
KeyPers_Paris_1233536,Ingénieur Data,Paris,35
KeyPers_Paris_1233537,Ingénieur Data,Paris,24
KeyPers_Paris_1233538,Cadre,Paris,66
KeyPers_Paris_1233539,Ingénieur Data,Paris,25
KeyPers_Paris_1233540,Ingénieur Data,Paris,65
KeyPers_Paris_1233541,Cadre,Paris,41
KeyPers_Paris_1233542,Ingénieur Informaticien,Paris,40
KeyPers_Paris_1233543,Ingénieur Data,Paris,71
KeyPers_Paris_1233544,Ingénieur Data,Paris,25
KeyPers_Paris_1233545,Ingénieur Data,Paris,35
KeyPers_Paris_1233546,Ingénieur Informaticien,Paris,74
KeyPers_Paris_1233547,Economiste,Paris,64
KeyPers_Paris_1233548,Economiste,Paris,33
KeyPers_Paris_1233549,Ingénieur Informaticien,Paris,25
KeyPers_Paris_1233550,Ingénieur Data,Paris,74
KeyPers_Paris_1233551,Cadre,Paris,33
KeyPers_Paris_1233552,Ingénieur Data,Paris,43
KeyPers_Paris_1233553,Ingénieur Informaticien,Paris,88
KeyPers_Paris_1233554,Ingénieur Data,Paris,53
KeyPers_Paris_1233555,Ingénieur Informaticien,Paris,49
KeyPers_Paris_1233556,Ingénieur Informaticien,Paris,61
KeyPers_Paris_1233557,Ingénieur Informaticien,Paris,88
KeyPers_Paris_1233558,Ingénieur Informaticien,Paris,37
KeyPers_Paris_1233559,Ingénieur Informaticien,Paris,56
KeyPers_Paris_1233560,Cadre,Paris,89
KeyPers_Paris_1233561,Ingénieur Informaticien,Paris,26
KeyPers_Paris_1233562,Ingénieur Informaticien,Paris,82
KeyPers_Paris_1233563,Ingénieur Informaticien,Paris,30
KeyPers_Paris_1233564,Cadre,Paris,86
KeyPers_Paris_1233565,Ingénieur Informaticien,Paris,80
KeyPers_Paris_1233566,Ingénieur Informaticien,Paris,27
KeyPers_Paris_1233567,Ingénieur Informaticien,Paris,73
KeyPers_Paris_1233568,Ingénieur Informaticien,Paris,63
KeyPers_Paris_1233569,Cadre,Paris,51
KeyPers_Paris_1233570,Ingénieur Data,Paris,62
KeyPers_Paris_1233571,Ingénieur Informaticien,Paris,64
KeyPers_Paris_1233572,Ingénieur Informaticien,Paris,65
KeyPers_Paris_1233573,Ingénieur Informaticien,Paris,46
KeyPers_Paris_1233574,Ingénieur Data,Paris,31
KeyPers_Paris_1233575,Ingénieur Informaticien,Paris,78
KeyPers_Paris_1233576,Ingénieur Informaticien,Paris,33
KeyPers_Paris_1233577,Ingénieur Informaticien,Paris,57
KeyPers_Paris_1233578,DRH,Paris,45
KeyPers_Paris_1233579,Ingénieur Data,Paris,36
KeyPers_Paris_1233580,Ingénieur Informaticien,Paris,78
KeyPers_Paris_1233581,Ingénieur Informaticien,Paris,42
KeyPers_Paris_1233582,Ingénieur Data,Paris,66
KeyPers_Paris_1233583,Ingénieur Data,Paris,46
KeyPers_Paris_1233584,Ingénieur Informaticien,Paris,68
KeyPers_Paris_1233585,Ingénieur Informaticien,Paris,32
KeyPers_Paris_1233586,Ingénieur Data,Paris,62
KeyPers_Paris_1233587,Ingénieur Data,Paris,32
KeyPers_Paris_1233588,Ingénieur Informaticien,Paris,28
KeyPers_Paris_1233589,Cadre,Paris,65
KeyPers_Paris_1233590,Economiste,Paris,47
KeyPers_Paris_1233591,Ingénieur Data,Paris,63
KeyPers_Paris_1233592,Economiste,Paris,42
KeyPers_Paris_1233593,Ingénieur Data,Paris,26
KeyPers_Paris_1233594,Cadre,Paris,77
KeyPers_Paris_1233595,Ingénieur Informaticien,Paris,87
KeyPers_Paris_1233596,Cadre,Paris,57
KeyPers_Paris_1233597,Ingénieur Informaticien,Paris,45
KeyPers_Paris_1233598,Ingénieur Data,Paris,45
KeyPers_Paris_1233599,DRH,Paris,73
KeyPers_Paris_1233600,Cadre,Paris,70
KeyPers_Paris_1233601,Ingénieur Data,Paris,71
KeyPers_Paris_1233602,Ingénieur Informaticien,Paris,68
KeyPers_Paris_1233603,Ingénieur Data,Paris,59
KeyPers_Paris_1233604,Ingénieur Data,Paris,26
KeyPers_Paris_1233605,Ingénieur Informaticien,Paris,33
KeyPers_Paris_1233606,Cadre,Paris,49
KeyPers_Paris_1233607,Ingénieur Data,Paris,30
KeyPers_Paris_1233608,Ingénieur Informaticien,Paris,31
KeyPers_Paris_1233609,Economiste,Paris,61
KeyPers_Paris_1233610,Ingénieur Data,Paris,37
KeyPers_Paris_1233611,Economiste,Paris,47
KeyPers_Paris_1233612,Ingénieur Data,Paris,95
KeyPers_Paris_1233613,Ingénieur Data,Paris,63
KeyPers_Paris_1233614,Ingénieur Informaticien,Paris,33
KeyPers_Paris_1233615,Ingénieur Informaticien,Paris,76
KeyPers_Paris_1233616,Cadre,Paris,65
KeyPers_Paris_1233617,Ingénieur Data,Paris,94
KeyPers_Paris_1233618,Cadre,Paris,41
KeyPers_Paris_1233619,Ingénieur Data,Paris,36
KeyPers_Paris_1233620,Cadre,Paris,37
KeyPers_Paris_1233621,Cadre,Paris,71
KeyPers_Paris_1233622,Ingénieur Data,Paris,33
KeyPers_Paris_1233623,DRH,Paris,59
KeyPers_Paris_1233624,Ingénieur Informaticien,Paris,70
KeyPers_Paris_1233625,Ingénieur Data,Paris,74
KeyPers_Paris_1233626,Ingénieur Data,Paris,62
KeyPers_Paris_1233627,Ingénieur Data,Paris,35
KeyPers_Paris_1233628,Cadre,Paris,68
KeyPers_Paris_1233629,Ingénieur Informaticien,Paris,36
KeyPers_Paris_1233630,Ingénieur Data,Paris,87
KeyPers_Paris_1233631,Ingénieur Data,Paris,77
KeyPers_Paris_1233632,Ingénieur Data,Paris,31
KeyPers_Paris_1233633,Economiste,Paris,71
KeyPers_Paris_1233634,Ingénieur Data,Paris,49
KeyPers_Paris_1233635,Cadre,Paris,29
KeyPers_Paris_1233636,Ingénieur Data,Paris,65
KeyPers_Paris_1233637,Ingénieur Data,Paris,38
KeyPers_Paris_1233638,Ingénieur Informaticien,Paris,78
KeyPers_Paris_1233639,Ingénieur Informaticien,Paris,25
KeyPers_Paris_1233640,Economiste,Paris,63
KeyPers_Paris_1233641,Ingénieur Data,Paris,37
KeyPers_Paris_1233642,Ingénieur Informaticien,Paris,57
KeyPers_Paris_1233643,Economiste,Paris,50
KeyPers_Paris_1233644,Ingénieur Data,Paris,33
KeyPers_Paris_1233645,Ingénieur Informaticien,Paris,78
KeyPers_Paris_1233646,Ingénieur Data,Paris,57
KeyPers_Paris_1233647,Ingénieur Informaticien,Paris,43
KeyPers_Paris_1233648,Ingénieur Data,Paris,95
KeyPers_Paris_1233649,Cadre,Paris,30
KeyPers_Paris_1233650,Cadre,Paris,53
KeyPers_Paris_1233651,Ingénieur Data,Paris,27
KeyPers_Paris_1233652,Ingénieur Informaticien,Paris,41
KeyPers_Paris_1233653,Ingénieur Data,Paris,31
KeyPers_Paris_1233654,Ingénieur Data,Paris,26
KeyPers_Paris_1233655,Ingénieur Data,Paris,31
KeyPers_Paris_1233656,Ingénieur Informaticien,Paris,95
KeyPers_Paris_1233657,Cadre,Paris,93
KeyPers_Paris_1233658,Ingénieur Informaticien,Paris,65
KeyPers_Paris_1233659,Ingénieur Informaticien,Paris,90
KeyPers_Paris_1233660,DRH,Paris,91
KeyPers_Paris_1233661,Ingénieur Informaticien,Paris,37
KeyPers_Paris_1233662,Ingénieur Data,Paris,51
KeyPers_Paris_1233663,Ingénieur Informaticien,Paris,56
KeyPers_Paris_1233664,Ingénieur Informaticien,Paris,43
KeyPers_Paris_1233665,Ingénieur Informaticien,Paris,70
KeyPers_Paris_1233666,Ingénieur Data,Paris,49
KeyPers_Paris_1233667,Economiste,Paris,59
KeyPers_Paris_1233668,Ingénieur Data,Paris,73
KeyPers_Paris_1233669,Ingénieur Data,Paris,32
KeyPers_Paris_1233670,Ingénieur Data,Paris,46
KeyPers_Paris_1233671,Ingénieur Data,Paris,53
KeyPers_Paris_1233672,Ingénieur Informaticien,Paris,33
KeyPers_Paris_1233673,Ingénieur Informaticien,Paris,72
KeyPers_Paris_1233674,Ingénieur Data,Paris,92
KeyPers_Paris_1233675,Economiste,Paris,29
KeyPers_Paris_1233676,Ingénieur Informaticien,Paris,52
KeyPers_Paris_1233677,Ingénieur Data,Paris,49
KeyPers_Paris_1233678,Cadre,Paris,42
KeyPers_Paris_1233679,Ingénieur Data,Paris,24
KeyPers_Paris_1233680,Ingénieur Informaticien,Paris,62
KeyPers_Paris_1233681,Cadre,Paris,27
KeyPers_Paris_1233682,Ingénieur Informaticien,Paris,80
KeyPers_Paris_1233683,Ingénieur Data,Paris,26
KeyPers_Paris_1233684,Ingénieur Informaticien,Paris,84
KeyPers_Paris_1233685,Ingénieur Data,Paris,43
KeyPers_Paris_1233686,Ingénieur Data,Paris,28
KeyPers_Paris_1233687,Ingénieur Data,Paris,95
KeyPers_Paris_1233688,Cadre,Paris,28
KeyPers_Paris_1233689,Economiste,Paris,88
KeyPers_Paris_1233690,Cadre,Paris,94
KeyPers_Paris_1233691,Ingénieur Data,Paris,47
KeyPers_Paris_1233692,Cadre,Paris,93
KeyPers_Paris_1233693,Ingénieur Informaticien,Paris,78
KeyPers_Paris_1233694,Ingénieur Informaticien,Paris,48
KeyPers_Paris_1233695,Economiste,Paris,86
KeyPers_Paris_1233696,Ingénieur Data,Paris,24
KeyPers_Paris_1233697,Cadre,Paris,96
KeyPers_Paris_1233698,Ingénieur Data,Paris,75
KeyPers_Paris_1233699,Ingénieur Data,Paris,84
KeyPers_Paris_1233700,Ingénieur Data,Paris,38
KeyPers_Paris_1233701,Ingénieur Informaticien,Paris,49
KeyPers_Paris_1233702,Cadre,Paris,39
KeyPers_Paris_1233703,Ingénieur Informaticien,Paris,40
KeyPers_Paris_1233704,Ingénieur Informaticien,Paris,39
KeyPers_Paris_1233705,Ingénieur Informaticien,Paris,37
KeyPers_Paris_1233706,Ingénieur Data,Paris,38
KeyPers_Paris_1233707,Ingénieur Data,Paris,90
KeyPers_Paris_1233708,Economiste,Paris,32
KeyPers_Paris_1233709,Ingénieur Informaticien,Paris,86
KeyPers_Paris_1233710,Cadre,Paris,38
KeyPers_Paris_1233711,Cadre,Paris,70
KeyPers_Paris_1233712,Ingénieur Informaticien,Paris,91
KeyPers_Paris_1233713,Ingénieur Informaticien,Paris,25
KeyPers_Paris_1233714,Cadre,Paris,43
KeyPers_Paris_1233715,Ingénieur Informaticien,Paris,88
KeyPers_Paris_1233716,Ingénieur Informaticien,Paris,46
KeyPers_Paris_1233717,Cadre,Paris,56
KeyPers_Paris_1233718,Ingénieur Informaticien,Paris,62
KeyPers_Paris_1233719,Ingénieur Informaticien,Paris,47
KeyPers_Paris_1233720,Ingénieur Informaticien,Paris,56
KeyPers_Paris_1233721,Ingénieur Data,Paris,85
KeyPers_Paris_1233722,Cadre,Paris,87
KeyPers_Paris_1233723,Ingénieur Informaticien,Paris,46
KeyPers_Paris_1233724,Ingénieur Data,Paris,41
KeyPers_Paris_1233725,Ingénieur Data,Paris,83
KeyPers_Paris_1233726,Ingénieur Data,Paris,64
KeyPers_Paris_1233727,Economiste,Paris,78
KeyPers_Paris_1233728,Cadre,Paris,46
KeyPers_Paris_1233729,Ingénieur Informaticien,Paris,51
KeyPers_Paris_1233730,Ingénieur Informaticien,Paris,53
KeyPers_Paris_1233731,Ingénieur Data,Paris,42
KeyPers_Paris_1233732,Ingénieur Data,Paris,70
KeyPers_Paris_1233733,Ingénieur Data,Paris,84
KeyPers_Paris_1233734,DRH,Paris,42
KeyPers_Paris_1233735,Ingénieur Informaticien,Paris,29
KeyPers_Paris_1233736,Cadre,Paris,81
KeyPers_Paris_1233737,Cadre,Paris,65
KeyPers_Paris_1233738,Cadre,Paris,24
KeyPers_Paris_1233739,Ingénieur Informaticien,Paris,69
KeyPers_Paris_1233740,Ingénieur Data,Paris,79
KeyPers_Paris_1233741,Ingénieur Informaticien,Paris,43
KeyPers_Paris_1233742,Ingénieur Data,Paris,50
KeyPers_Paris_1233743,Ingénieur Informaticien,Paris,30
KeyPers_Paris_1233744,Ingénieur Informaticien,Paris,40
KeyPers_Paris_1233745,Ingénieur Data,Paris,45
KeyPers_Paris_1233746,Economiste,Paris,65
KeyPers_Paris_1233747,Ingénieur Informaticien,Paris,44
KeyPers_Paris_1233748,Ingénieur Data,Paris,77
KeyPers_Paris_1233749,Ingénieur Informaticien,Paris,88
KeyPers_Paris_1233750,Ingénieur Data,Paris,68
KeyPers_Paris_1233751,Ingénieur Data,Paris,30
KeyPers_Paris_1233752,Ingénieur Informaticien,Paris,89
KeyPers_Paris_1233753,Ingénieur Informaticien,Paris,70
KeyPers_Paris_1233754,Ingénieur Informaticien,Paris,78
KeyPers_Paris_1233755,Ingénieur Data,Paris,68
KeyPers_Paris_1233756,Cadre,Paris,67
KeyPers_Paris_1233757,Cadre,Paris,82
KeyPers_Paris_1233758,Ingénieur Data,Paris,36
KeyPers_Paris_1233759,Cadre,Paris,53
KeyPers_Paris_1233760,Cadre,Paris,86
KeyPers_Paris_1233761,Ingénieur Informaticien,Paris,59
KeyPers_Paris_1233762,Cadre,Paris,27
KeyPers_Paris_1233763,Ingénieur Informaticien,Paris,71
KeyPers_Paris_1233764,Cadre,Paris,40
KeyPers_Paris_1233765,Ingénieur Data,Paris,59
KeyPers_Paris_1233766,Ingénieur Data,Paris,56
KeyPers_Paris_1233767,Ingénieur Data,Paris,78
KeyPers_Paris_1233768,Cadre,Paris,74
KeyPers_Paris_1233769,Ingénieur Informaticien,Paris,40
KeyPers_Paris_1233770,Cadre,Paris,40
KeyPers_Paris_1233771,Ingénieur Informaticien,Paris,56
KeyPers_Paris_1233772,Ingénieur Informaticien,Paris,58
KeyPers_Paris_1233773,Ingénieur Data,Paris,37
KeyPers_Paris_1233774,Ingénieur Data,Paris,46
KeyPers_Paris_1233775,Economiste,Paris,85
KeyPers_Paris_1233776,Ingénieur Informaticien,Paris,50
KeyPers_Paris_1233777,Cadre,Paris,63
KeyPers_Paris_1233778,Ingénieur Data,Paris,96
KeyPers_Paris_1233779,Ingénieur Data,Paris,31
KeyPers_Paris_1233780,Ingénieur Data,Paris,85
KeyPers_Paris_1233781,DRH,Paris,54
KeyPers_Paris_1233782,Ingénieur Data,Paris,80
KeyPers_Paris_1233783,Cadre,Paris,86
KeyPers_Paris_1233784,DRH,Paris,95
KeyPers_Paris_1233785,Cadre,Paris,31
KeyPers_Paris_1233786,Ingénieur Data,Paris,28
KeyPers_Paris_1233787,Ingénieur Informaticien,Paris,52
KeyPers_Paris_1233788,Ingénieur Data,Paris,71
KeyPers_Paris_1233789,Ingénieur Informaticien,Paris,76
KeyPers_Paris_1233790,Ingénieur Data,Paris,76
KeyPers_Paris_1233791,Ingénieur Informaticien,Paris,61
KeyPers_Paris_1233792,Ingénieur Data,Paris,46
KeyPers_Paris_1233793,Ingénieur Informaticien,Paris,31
KeyPers_Paris_1233794,Ingénieur Informaticien,Paris,62
KeyPers_Paris_1233795,Ingénieur Data,Paris,43
KeyPers_Paris_1233796,Cadre,Paris,47
KeyPers_Paris_1233797,Ingénieur Informaticien,Paris,70
KeyPers_Paris_1233798,Ingénieur Data,Paris,48
KeyPers_Paris_1233799,Ingénieur Informaticien,Paris,57
KeyPers_Paris_1233800,Cadre,Paris,86
KeyPers_Paris_1233801,Ingénieur Data,Paris,87
KeyPers_Paris_1233802,Ingénieur Informaticien,Paris,93
KeyPers_Paris_1233803,Ingénieur Data,Paris,40
KeyPers_Paris_1233804,Ingénieur Data,Paris,56
KeyPers_Paris_1233805,Cadre,Paris,25
KeyPers_Paris_1233806,Cadre,Paris,79
KeyPers_Paris_1233807,Ingénieur Data,Paris,80
KeyPers_Paris_1233808,Ingénieur Data,Paris,42
KeyPers_Paris_1233809,Ingénieur Data,Paris,41
KeyPers_Paris_1233810,Ingénieur Informaticien,Paris,57
KeyPers_Paris_1233811,Ingénieur Data,Paris,85
KeyPers_Paris_1233812,Ingénieur Informaticien,Paris,51
KeyPers_Paris_1233813,DRH,Paris,92
KeyPers_Paris_1233814,Ingénieur Data,Paris,73
KeyPers_Paris_1233815,Ingénieur Informaticien,Paris,74
KeyPers_Paris_1233816,Ingénieur Data,Paris,48
KeyPers_Paris_1233817,DRH,Paris,65
KeyPers_Paris_1233818,Cadre,Paris,30
KeyPers_Paris_1233819,Ingénieur Informaticien,Paris,94
KeyPers_Paris_1233820,Ingénieur Informaticien,Paris,70
KeyPers_Paris_1233821,Ingénieur Data,Paris,40
KeyPers_Paris_1233822,Ingénieur Data,Paris,53
KeyPers_Paris_1233823,Ingénieur Informaticien,Paris,76
KeyPers_Paris_1233824,Ingénieur Data,Paris,33
KeyPers_Paris_1233825,Ingénieur Informaticien,Paris,54
KeyPers_Paris_1233826,Ingénieur Informaticien,Paris,76
KeyPers_Paris_1233827,Ingénieur Data,Paris,40
KeyPers_Paris_1233828,Ingénieur Informaticien,Paris,29
KeyPers_Paris_1233829,Ingénieur Informaticien,Paris,32
KeyPers_Paris_1233830,Ingénieur Informaticien,Paris,74
KeyPers_Paris_1233831,Ingénieur Data,Paris,40
KeyPers_Paris_1233832,DRH,Paris,48
KeyPers_Paris_1233833,Cadre,Paris,27
KeyPers_Paris_1233834,Cadre,Paris,78
KeyPers_Paris_1233835,Ingénieur Data,Paris,84
KeyPers_Paris_1233836,Ingénieur Informaticien,Paris,52
KeyPers_Paris_1233837,Ingénieur Informaticien,Paris,47
KeyPers_Paris_1233838,Ingénieur Data,Paris,61
KeyPers_Paris_1233839,Economiste,Paris,67
KeyPers_Paris_1233840,DRH,Paris,89
KeyPers_Paris_1233841,Economiste,Paris,73
KeyPers_Paris_1233842,Cadre,Paris,93
KeyPers_Paris_1233843,Economiste,Paris,86
KeyPers_Paris_1233844,Ingénieur Data,Paris,49
KeyPers_Paris_1233845,Ingénieur Informaticien,Paris,26
KeyPers_Paris_1233846,Ingénieur Data,Paris,32
KeyPers_Paris_1233847,Ingénieur Informaticien,Paris,43
KeyPers_Paris_1233848,Ingénieur Data,Paris,72
KeyPers_Paris_1233849,Ingénieur Data,Paris,34
KeyPers_Paris_1233850,Ingénieur Data,Paris,30
KeyPers_Paris_1233851,Cadre,Paris,54
KeyPers_Paris_1233852,Cadre,Paris,90
KeyPers_Paris_1233853,Ingénieur Informaticien,Paris,29
KeyPers_Paris_1233854,Ingénieur Data,Paris,40
KeyPers_Paris_1233855,Economiste,Paris,55
KeyPers_Paris_1233856,Ingénieur Informaticien,Paris,60
KeyPers_Paris_1233857,Ingénieur Informaticien,Paris,31
KeyPers_Paris_1233858,Ingénieur Informaticien,Paris,71
KeyPers_Paris_1233859,Ingénieur Data,Paris,64
KeyPers_Paris_1233860,Ingénieur Informaticien,Paris,66
KeyPers_Paris_1233861,Ingénieur Informaticien,Paris,70
KeyPers_Paris_1233862,Cadre,Paris,30
KeyPers_Paris_1233863,Ingénieur Informaticien,Paris,94
KeyPers_Paris_1233864,Ingénieur Informaticien,Paris,85
KeyPers_Paris_1233865,Ingénieur Informaticien,Paris,86
KeyPers_Paris_1233866,Ingénieur Informaticien,Paris,54
KeyPers_Paris_1233867,Cadre,Paris,51
KeyPers_Paris_1233868,Ingénieur Informaticien,Paris,56
KeyPers_Paris_1233869,Ingénieur Informaticien,Paris,54
KeyPers_Paris_1233870,Ingénieur Informaticien,Paris,75
KeyPers_Paris_1233871,Ingénieur Informaticien,Paris,66
KeyPers_Paris_1233872,Ingénieur Data,Paris,80
KeyPers_Paris_1233873,Economiste,Paris,93
KeyPers_Paris_1233874,Ingénieur Data,Paris,33
KeyPers_Paris_1233875,Ingénieur Data,Paris,66
KeyPers_Paris_1233876,Ingénieur Informaticien,Paris,86
KeyPers_Paris_1233877,Ingénieur Data,Paris,33
KeyPers_Paris_1233878,Ingénieur Informaticien,Paris,62
KeyPers_Paris_1233879,Ingénieur Data,Paris,62
KeyPers_Paris_1233880,Ingénieur Data,Paris,77
KeyPers_Paris_1233881,Ingénieur Informaticien,Paris,45
KeyPers_Paris_1233882,Ingénieur Informaticien,Paris,44
KeyPers_Paris_1233883,Ingénieur Data,Paris,46
KeyPers_Paris_1233884,Ingénieur Data,Paris,50
KeyPers_Paris_1233885,Ingénieur Informaticien,Paris,88
KeyPers_Paris_1233886,Ingénieur Data,Paris,28
KeyPers_Paris_1233887,Ingénieur Data,Paris,28
KeyPers_Paris_1233888,Ingénieur Data,Paris,86
KeyPers_Paris_1233889,Ingénieur Data,Paris,56
KeyPers_Paris_1233890,Ingénieur Informaticien,Paris,76
KeyPers_Paris_1233891,Economiste,Paris,92
KeyPers_Paris_1233892,Ingénieur Data,Paris,84
KeyPers_Paris_1233893,Cadre,Paris,73
KeyPers_Paris_1233894,Ingénieur Informaticien,Paris,80
KeyPers_Paris_1233895,Cadre,Paris,56
KeyPers_Paris_1233896,Ingénieur Informaticien,Paris,40
KeyPers_Paris_1233897,Cadre,Paris,40
KeyPers_Paris_1233898,Ingénieur Data,Paris,48
KeyPers_Paris_1233899,Ingénieur Data,Paris,39
KeyPers_Paris_1233900,Ingénieur Data,Paris,46
KeyPers_Paris_1233901,Economiste,Paris,26
KeyPers_Paris_1233902,Economiste,Paris,35
KeyPers_Paris_1233903,Ingénieur Data,Paris,76
KeyPers_Paris_1233904,Ingénieur Data,Paris,44
KeyPers_Paris_1233905,Ingénieur Informaticien,Paris,37
KeyPers_Paris_1233906,Ingénieur Data,Paris,34
KeyPers_Paris_1233907,Ingénieur Informaticien,Paris,90
KeyPers_Paris_1233908,Cadre,Paris,30
KeyPers_Paris_1233909,Ingénieur Informaticien,Paris,35
KeyPers_Paris_1233910,Ingénieur Informaticien,Paris,44
KeyPers_Paris_1233911,Ingénieur Data,Paris,50
KeyPers_Paris_1233912,Ingénieur Data,Paris,27
KeyPers_Paris_1233913,Ingénieur Informaticien,Paris,72
KeyPers_Paris_1233914,Ingénieur Data,Paris,44
KeyPers_Paris_1233915,Ingénieur Informaticien,Paris,38
KeyPers_Paris_1233916,Ingénieur Informaticien,Paris,90
KeyPers_Paris_1233917,Ingénieur Informaticien,Paris,65
KeyPers_Paris_1233918,Economiste,Paris,54
KeyPers_Paris_1233919,Ingénieur Data,Paris,73
KeyPers_Paris_1233920,Ingénieur Data,Paris,54
KeyPers_Paris_1233921,Ingénieur Data,Paris,59
KeyPers_Paris_1233922,Ingénieur Data,Paris,95
KeyPers_Paris_1233923,Cadre,Paris,93
KeyPers_Paris_1233924,Cadre,Paris,31
KeyPers_Paris_1233925,Ingénieur Informaticien,Paris,56
KeyPers_Paris_1233926,Ingénieur Informaticien,Paris,54
KeyPers_Paris_1233927,Ingénieur Data,Paris,82
KeyPers_Paris_1233928,Ingénieur Data,Paris,53
KeyPers_Paris_1233929,Ingénieur Data,Paris,57
KeyPers_Paris_1233930,Ingénieur Data,Paris,34
KeyPers_Paris_1233931,Ingénieur Informaticien,Paris,25
KeyPers_Paris_1233932,Ingénieur Data,Paris,58
KeyPers_Paris_1233933,Ingénieur Data,Paris,65
KeyPers_Paris_1233934,Ingénieur Informaticien,Paris,93
KeyPers_Paris_1233935,Ingénieur Informaticien,Paris,92
KeyPers_Paris_1233936,Economiste,Paris,79
KeyPers_Paris_1233937,Cadre,Paris,73
KeyPers_Paris_1233938,Ingénieur Informaticien,Paris,58
KeyPers_Paris_1233939,Ingénieur Data,Paris,75
KeyPers_Paris_1233940,Ingénieur Informaticien,Paris,44
KeyPers_Paris_1233941,Ingénieur Informaticien,Paris,29
KeyPers_Paris_1233942,Ingénieur Informaticien,Paris,45
KeyPers_Paris_1233943,Ingénieur Informaticien,Paris,70
KeyPers_Paris_1233944,Ingénieur Data,Paris,52
KeyPers_Paris_1233945,Economiste,Paris,39
KeyPers_Paris_1233946,Ingénieur Data,Paris,93
KeyPers_Paris_1233947,Cadre,Paris,33
KeyPers_Paris_1233948,DRH,Paris,84
KeyPers_Paris_1233949,Ingénieur Informaticien,Paris,34
KeyPers_Paris_1233950,Economiste,Paris,43
KeyPers_Paris_1233951,Ingénieur Data,Paris,48
KeyPers_Paris_1233952,Ingénieur Data,Paris,80
KeyPers_Paris_1233953,Ingénieur Data,Paris,63
KeyPers_Paris_1233954,Ingénieur Data,Paris,69
KeyPers_Paris_1233955,Ingénieur Informaticien,Paris,73
KeyPers_Paris_1233956,Ingénieur Data,Paris,83
KeyPers_Paris_1233957,Ingénieur Informaticien,Paris,42
KeyPers_Paris_1233958,Ingénieur Informaticien,Paris,85
KeyPers_Paris_1233959,Economiste,Paris,61
KeyPers_Paris_1233960,Ingénieur Data,Paris,78
KeyPers_Paris_1233961,Ingénieur Informaticien,Paris,94
KeyPers_Paris_1233962,Ingénieur Informaticien,Paris,75
KeyPers_Paris_1233963,Ingénieur Data,Paris,79
KeyPers_Paris_1233964,Ingénieur Informaticien,Paris,81
KeyPers_Paris_1233965,Ingénieur Informaticien,Paris,26
KeyPers_Paris_1233966,Ingénieur Informaticien,Paris,55
KeyPers_Paris_1233967,Ingénieur Data,Paris,65
KeyPers_Paris_1233968,Cadre,Paris,63
KeyPers_Paris_1233969,Ingénieur Data,Paris,85
KeyPers_Paris_1233970,Ingénieur Informaticien,Paris,42
KeyPers_Paris_1233971,Economiste,Paris,60
KeyPers_Paris_1233972,Ingénieur Informaticien,Paris,72
KeyPers_Paris_1233973,Ingénieur Data,Paris,95
KeyPers_Paris_1233974,Ingénieur Data,Paris,95
KeyPers_Paris_1233975,Economiste,Paris,78
KeyPers_Paris_1233976,Ingénieur Data,Paris,81
KeyPers_Paris_1233977,Ingénieur Informaticien,Paris,95
KeyPers_Paris_1233978,Ingénieur Informaticien,Paris,78
KeyPers_Paris_1233979,Ingénieur Data,Paris,94
KeyPers_Paris_1233980,Ingénieur Informaticien,Paris,61
KeyPers_Paris_1233981,Ingénieur Data,Paris,71
KeyPers_Paris_1233982,Ingénieur Informaticien,Paris,31
KeyPers_Paris_1233983,Ingénieur Data,Paris,47
KeyPers_Paris_1233984,Cadre,Paris,60
KeyPers_Paris_1233985,Ingénieur Informaticien,Paris,78
KeyPers_Paris_1233986,Ingénieur Informaticien,Paris,44
KeyPers_Paris_1233987,Ingénieur Informaticien,Paris,82
KeyPers_Paris_1233988,Ingénieur Data,Paris,26
KeyPers_Paris_1233989,Cadre,Paris,24
KeyPers_Paris_1233990,Ingénieur Data,Paris,32
KeyPers_Paris_1233991,Cadre,Paris,28
KeyPers_Paris_1233992,Cadre,Paris,36
KeyPers_Paris_1233993,Ingénieur Data,Paris,57
KeyPers_Paris_1233994,Ingénieur Informaticien,Paris,50
KeyPers_Paris_1233995,Ingénieur Informaticien,Paris,51
KeyPers_Paris_1233996,Ingénieur Data,Paris,82
KeyPers_Paris_1233997,Cadre,Paris,66
KeyPers_Paris_1233998,Cadre,Paris,82
KeyPers_Paris_1233999,Ingénieur Informaticien,Paris,54
KeyPers_Paris_1234000,Cadre,Paris,78
KeyPers_Paris_1234001,Ingénieur Data,Paris,76
KeyPers_Paris_1234002,Economiste,Paris,31
KeyPers_Paris_1234003,Ingénieur Data,Paris,67
KeyPers_Paris_1234004,Ingénieur Data,Paris,31
KeyPers_Paris_1234005,Cadre,Paris,66
KeyPers_Paris_1234006,Economiste,Paris,83
KeyPers_Paris_1234007,Ingénieur Data,Paris,70
KeyPers_Paris_1234008,Cadre,Paris,45
KeyPers_Paris_1234009,Cadre,Paris,37
KeyPers_Paris_1234010,Ingénieur Informaticien,Paris,94
KeyPers_Paris_1234011,Ingénieur Informaticien,Paris,43
KeyPers_Paris_1234012,Ingénieur Informaticien,Paris,66
KeyPers_Paris_1234013,Cadre,Paris,50
KeyPers_Paris_1234014,Ingénieur Data,Paris,82
KeyPers_Paris_1234015,Ingénieur Informaticien,Paris,78
KeyPers_Paris_1234016,Ingénieur Data,Paris,50
KeyPers_Paris_1234017,Ingénieur Informaticien,Paris,85
KeyPers_Paris_1234018,Ingénieur Informaticien,Paris,25
KeyPers_Paris_1234019,Ingénieur Informaticien,Paris,44
KeyPers_Paris_1234020,Cadre,Paris,60
KeyPers_Paris_1234021,Cadre,Paris,54
KeyPers_Paris_1234022,Ingénieur Informaticien,Paris,34
KeyPers_Paris_1234023,Ingénieur Data,Paris,60
KeyPers_Paris_1234024,Ingénieur Informaticien,Paris,60
KeyPers_Paris_1234025,Cadre,Paris,75
KeyPers_Paris_1234026,Ingénieur Informaticien,Paris,90
KeyPers_Paris_1234027,Ingénieur Informaticien,Paris,57
KeyPers_Paris_1234028,Ingénieur Informaticien,Paris,92
KeyPers_Paris_1234029,Cadre,Paris,33
KeyPers_Paris_1234030,Ingénieur Data,Paris,58
KeyPers_Paris_1234031,Ingénieur Data,Paris,76
KeyPers_Paris_1234032,Ingénieur Informaticien,Paris,71
KeyPers_Paris_1234033,Ingénieur Data,Paris,39
KeyPers_Paris_1234034,Ingénieur Data,Paris,47
KeyPers_Paris_1234035,Cadre,Paris,84
KeyPers_Paris_1234036,Cadre,Paris,42
KeyPers_Paris_1234037,Cadre,Paris,59
KeyPers_Paris_1234038,Ingénieur Informaticien,Paris,57
KeyPers_Paris_1234039,Ingénieur Informaticien,Paris,43
KeyPers_Paris_1234040,Ingénieur Informaticien,Paris,86
KeyPers_Paris_1234041,Ingénieur Informaticien,Paris,43
KeyPers_Paris_1234042,Ingénieur Data,Paris,86
KeyPers_Paris_1234043,Ingénieur Data,Paris,94
KeyPers_Paris_1234044,Ingénieur Data,Paris,40
KeyPers_Paris_1234045,Ingénieur Informaticien,Paris,30
KeyPers_Paris_1234046,Ingénieur Informaticien,Paris,29
KeyPers_Paris_1234047,Cadre,Paris,24
KeyPers_Paris_1234048,Ingénieur Informaticien,Paris,82
KeyPers_Paris_1234049,Ingénieur Informaticien,Paris,90
KeyPers_Paris_1234050,Ingénieur Informaticien,Paris,35
KeyPers_Paris_1234051,Cadre,Paris,91
KeyPers_Paris_1234052,Ingénieur Data,Paris,68
KeyPers_Paris_1234053,Ingénieur Informaticien,Paris,38
KeyPers_Paris_1234054,Ingénieur Data,Paris,56
KeyPers_Paris_1234055,Cadre,Paris,60
KeyPers_Paris_1234056,Ingénieur Informaticien,Paris,70
KeyPers_Paris_1234057,Ingénieur Data,Paris,47
KeyPers_Paris_1234058,Ingénieur Informaticien,Paris,90
KeyPers_Paris_1234059,Ingénieur Informaticien,Paris,68
KeyPers_Paris_1234060,Ingénieur Informaticien,Paris,51
KeyPers_Paris_1234061,Ingénieur Informaticien,Paris,26
KeyPers_Paris_1234062,Ingénieur Informaticien,Paris,95
KeyPers_Paris_1234063,Cadre,Paris,92
KeyPers_Paris_1234064,Ingénieur Data,Paris,61
KeyPers_Paris_1234065,Ingénieur Data,Paris,40
KeyPers_Paris_1234066,Ingénieur Data,Paris,80
KeyPers_Paris_1234067,Ingénieur Informaticien,Paris,35
KeyPers_Paris_1234068,Ingénieur Data,Paris,27
KeyPers_Paris_1234069,Ingénieur Informaticien,Paris,42
KeyPers_Paris_1234070,Ingénieur Informaticien,Paris,84
KeyPers_Paris_1234071,Ingénieur Informaticien,Paris,68
KeyPers_Paris_1234072,Ingénieur Informaticien,Paris,96
KeyPers_Paris_1234073,Ingénieur Informaticien,Paris,54
KeyPers_Paris_1234074,Cadre,Paris,88
KeyPers_Paris_1234075,Ingénieur Informaticien,Paris,44
KeyPers_Paris_1234076,Cadre,Paris,78
KeyPers_Paris_1234077,Ingénieur Informaticien,Paris,40
KeyPers_Paris_1234078,Cadre,Paris,77
KeyPers_Paris_1234079,Cadre,Paris,80
KeyPers_Paris_1234080,Ingénieur Data,Paris,92
KeyPers_Paris_1234081,Ingénieur Data,Paris,69
KeyPers_Paris_1234082,Cadre,Paris,24
KeyPers_Paris_1234083,Ingénieur Informaticien,Paris,42
KeyPers_Paris_1234084,Ingénieur Informaticien,Paris,87
KeyPers_Paris_1234085,Ingénieur Informaticien,Paris,95
KeyPers_Paris_1234086,Ingénieur Data,Paris,95
KeyPers_Paris_1234087,Ingénieur Data,Paris,57
KeyPers_Paris_1234088,Economiste,Paris,59
KeyPers_Paris_1234089,Ingénieur Data,Paris,42
KeyPers_Paris_1234090,Ingénieur Data,Paris,57
KeyPers_Paris_1234091,Ingénieur Informaticien,Paris,79
KeyPers_Paris_1234092,Ingénieur Data,Paris,62
KeyPers_Paris_1234093,Ingénieur Informaticien,Paris,61
KeyPers_Paris_1234094,Ingénieur Data,Paris,57
KeyPers_Paris_1234095,Cadre,Paris,33
KeyPers_Paris_1234096,Ingénieur Data,Paris,85
KeyPers_Paris_1234097,Ingénieur Data,Paris,28
KeyPers_Paris_1234098,Ingénieur Informaticien,Paris,54
KeyPers_Paris_1234099,DRH,Paris,36
KeyPers_Paris_1234100,Cadre,Paris,38
KeyPers_Paris_1234101,Ingénieur Informaticien,Paris,74
KeyPers_Paris_1234102,Ingénieur Informaticien,Paris,29
KeyPers_Paris_1234103,Cadre,Paris,83
KeyPers_Paris_1234104,Ingénieur Informaticien,Paris,66
KeyPers_Paris_1234105,Cadre,Paris,42
KeyPers_Paris_1234106,Ingénieur Informaticien,Paris,90
KeyPers_Paris_1234107,Ingénieur Data,Paris,28
KeyPers_Paris_1234108,Ingénieur Data,Paris,46
KeyPers_Paris_1234109,Ingénieur Data,Paris,31
KeyPers_Paris_1234110,Cadre,Paris,89
KeyPers_Paris_1234111,Ingénieur Data,Paris,58
KeyPers_Paris_1234112,Cadre,Paris,64
KeyPers_Paris_1234113,Ingénieur Data,Paris,65
KeyPers_Paris_1234114,Economiste,Paris,31
KeyPers_Paris_1234115,Ingénieur Data,Paris,67
KeyPers_Paris_1234116,Cadre,Paris,37
KeyPers_Paris_1234117,Ingénieur Data,Paris,30
KeyPers_Paris_1234118,Ingénieur Informaticien,Paris,96
KeyPers_Paris_1234119,Ingénieur Data,Paris,27
KeyPers_Paris_1234120,Cadre,Paris,96
KeyPers_Paris_1234121,Cadre,Paris,57
KeyPers_Paris_1234122,Ingénieur Data,Paris,75
KeyPers_Paris_1234123,Ingénieur Data,Paris,44
KeyPers_Paris_1234124,Ingénieur Informaticien,Paris,32
KeyPers_Paris_1234125,Cadre,Paris,72
KeyPers_Paris_1234126,Ingénieur Data,Paris,35
KeyPers_Paris_1234127,Ingénieur Informaticien,Paris,35
KeyPers_Paris_1234128,Ingénieur Informaticien,Paris,37
KeyPers_Paris_1234129,Ingénieur Data,Paris,29
KeyPers_Paris_1234130,Ingénieur Data,Paris,60
KeyPers_Paris_1234131,Cadre,Paris,39
KeyPers_Paris_1234132,Ingénieur Informaticien,Paris,81
KeyPers_Paris_1234133,Ingénieur Informaticien,Paris,79
KeyPers_Paris_1234134,Ingénieur Informaticien,Paris,40
KeyPers_Paris_1234135,Economiste,Paris,46
KeyPers_Paris_1234136,Ingénieur Informaticien,Paris,85
KeyPers_Paris_1234137,Ingénieur Data,Paris,89
KeyPers_Paris_1234138,Ingénieur Data,Paris,86
KeyPers_Paris_1234139,Cadre,Paris,61
KeyPers_Paris_1234140,DRH,Paris,87
KeyPers_Paris_1234141,Economiste,Paris,74
KeyPers_Paris_1234142,Cadre,Paris,62
KeyPers_Paris_1234143,DRH,Paris,89
KeyPers_Paris_1234144,Ingénieur Informaticien,Paris,30
KeyPers_Paris_1234145,Ingénieur Data,Paris,65
KeyPers_Paris_1234146,Cadre,Paris,56
KeyPers_Paris_1234147,Cadre,Paris,82
KeyPers_Paris_1234148,Ingénieur Informaticien,Paris,96
KeyPers_Paris_1234149,Ingénieur Data,Paris,28
KeyPers_Paris_1234150,Ingénieur Data,Paris,94
KeyPers_Paris_1234151,Ingénieur Data,Paris,56
KeyPers_Paris_1234152,Ingénieur Informaticien,Paris,34
KeyPers_Paris_1234153,Ingénieur Informaticien,Paris,71
KeyPers_Paris_1234154,Ingénieur Data,Paris,42
KeyPers_Paris_1234155,Ingénieur Informaticien,Paris,65
KeyPers_Paris_1234156,Ingénieur Informaticien,Paris,38
KeyPers_Paris_1234157,Cadre,Paris,68
KeyPers_Paris_1234158,Cadre,Paris,85
KeyPers_Paris_1234159,Ingénieur Data,Paris,54
KeyPers_Paris_1234160,Ingénieur Data,Paris,75
KeyPers_Paris_1234161,Ingénieur Data,Paris,84
KeyPers_Paris_1234162,Ingénieur Data,Paris,78
KeyPers_Paris_1234163,Ingénieur Data,Paris,53
KeyPers_Paris_1234164,Ingénieur Data,Paris,67
KeyPers_Paris_1234165,Ingénieur Informaticien,Paris,57
KeyPers_Paris_1234166,Cadre,Paris,93
KeyPers_Paris_1234167,Ingénieur Informaticien,Paris,36
KeyPers_Paris_1234168,Ingénieur Data,Paris,66
KeyPers_Paris_1234169,Ingénieur Informaticien,Paris,44
KeyPers_Paris_1234170,Ingénieur Data,Paris,87
KeyPers_Paris_1234171,Ingénieur Data,Paris,95
KeyPers_Paris_1234172,Ingénieur Data,Paris,26
KeyPers_Paris_1234173,Cadre,Paris,85
KeyPers_Paris_1234174,Ingénieur Informaticien,Paris,82
KeyPers_Paris_1234175,Cadre,Paris,27
KeyPers_Paris_1234176,Ingénieur Data,Paris,58
KeyPers_Paris_1234177,Ingénieur Data,Paris,35
KeyPers_Paris_1234178,Ingénieur Informaticien,Paris,57
KeyPers_Paris_1234179,Ingénieur Informaticien,Paris,72
KeyPers_Paris_1234180,Ingénieur Data,Paris,69
KeyPers_Paris_1234181,Ingénieur Informaticien,Paris,86
KeyPers_Paris_1234182,Ingénieur Informaticien,Paris,26
KeyPers_Paris_1234183,Economiste,Paris,29
KeyPers_Paris_1234184,Ingénieur Informaticien,Paris,69
KeyPers_Paris_1234185,Ingénieur Informaticien,Paris,65
KeyPers_Paris_1234186,Ingénieur Informaticien,Paris,46
KeyPers_Paris_1234187,Ingénieur Informaticien,Paris,94
KeyPers_Paris_1234188,DRH,Paris,49
KeyPers_Paris_1234189,Cadre,Paris,82
KeyPers_Paris_1234190,Ingénieur Data,Paris,24
KeyPers_Paris_1234191,Ingénieur Data,Paris,50
KeyPers_Paris_1234192,Ingénieur Data,Paris,26
KeyPers_Paris_1234193,Ingénieur Data,Paris,40
KeyPers_Paris_1234194,Economiste,Paris,94
KeyPers_Paris_1234195,Ingénieur Informaticien,Paris,85
KeyPers_Paris_1234196,Ingénieur Informaticien,Paris,64
KeyPers_Paris_1234197,Ingénieur Data,Paris,73
KeyPers_Paris_1234198,Ingénieur Data,Paris,90
KeyPers_Paris_1234199,Ingénieur Data,Paris,58
KeyPers_Paris_1234200,Cadre,Paris,86
KeyPers_Paris_1234201,Ingénieur Informaticien,Paris,94
KeyPers_Paris_1234202,Economiste,Paris,57
KeyPers_Paris_1234203,Ingénieur Data,Paris,78
KeyPers_Paris_1234204,Cadre,Paris,40
KeyPers_Paris_1234205,Ingénieur Data,Paris,59
KeyPers_Paris_1234206,Ingénieur Data,Paris,72
KeyPers_Paris_1234207,Ingénieur Data,Paris,63
KeyPers_Paris_1234208,Cadre,Paris,61
KeyPers_Paris_1234209,Cadre,Paris,30
KeyPers_Paris_1234210,Ingénieur Data,Paris,69
KeyPers_Paris_1234211,Ingénieur Informaticien,Paris,61
KeyPers_Paris_1234212,Ingénieur Informaticien,Paris,71
KeyPers_Paris_1234213,Cadre,Paris,77
KeyPers_Paris_1234214,Ingénieur Data,Paris,53
KeyPers_Paris_1234215,Ingénieur Data,Paris,88
KeyPers_Paris_1234216,Ingénieur Informaticien,Paris,53
KeyPers_Paris_1234217,Ingénieur Informaticien,Paris,34
KeyPers_Paris_1234218,Cadre,Paris,59
KeyPers_Paris_1234219,Ingénieur Data,Paris,37
KeyPers_Paris_1234220,Ingénieur Data,Paris,32
KeyPers_Paris_1234221,Ingénieur Data,Paris,85
KeyPers_Paris_1234222,Cadre,Paris,70
KeyPers_Paris_1234223,Ingénieur Data,Paris,24
KeyPers_Paris_1234224,Cadre,Paris,26
KeyPers_Paris_1234225,Ingénieur Informaticien,Paris,31
KeyPers_Paris_1234226,Ingénieur Informaticien,Paris,36
KeyPers_Paris_1234227,Ingénieur Informaticien,Paris,34
KeyPers_Paris_1234228,Ingénieur Informaticien,Paris,66
KeyPers_Paris_1234229,Ingénieur Informaticien,Paris,46
KeyPers_Paris_1234230,Ingénieur Data,Paris,64
KeyPers_Paris_1234231,Ingénieur Informaticien,Paris,90
KeyPers_Paris_1234232,Cadre,Paris,91
KeyPers_Paris_1234233,Ingénieur Informaticien,Paris,75
KeyPers_Paris_1234234,Ingénieur Data,Paris,64
KeyPers_Paris_1234235,Cadre,Paris,86
KeyPers_Paris_1234236,Ingénieur Data,Paris,59
KeyPers_Paris_1234237,Cadre,Paris,78
KeyPers_Paris_1234238,Ingénieur Informaticien,Paris,26
KeyPers_Paris_1234239,Ingénieur Data,Paris,80
KeyPers_Paris_1234240,Ingénieur Informaticien,Paris,93
KeyPers_Paris_1234241,Ingénieur Data,Paris,43
KeyPers_Paris_1234242,Ingénieur Informaticien,Paris,30
KeyPers_Paris_1234243,Ingénieur Informaticien,Paris,74
KeyPers_Paris_1234244,Cadre,Paris,51
KeyPers_Paris_1234245,Cadre,Paris,70
KeyPers_Paris_1234246,Ingénieur Informaticien,Paris,76
KeyPers_Paris_1234247,Ingénieur Informaticien,Paris,64
KeyPers_Paris_1234248,Ingénieur Data,Paris,40
KeyPers_Paris_1234249,Cadre,Paris,29
KeyPers_Paris_1234250,Ingénieur Informaticien,Paris,92
KeyPers_Paris_1234251,Ingénieur Data,Paris,66
KeyPers_Paris_1234252,Cadre,Paris,81
KeyPers_Paris_1234253,Ingénieur Informaticien,Paris,83
KeyPers_Paris_1234254,Cadre,Paris,89
KeyPers_Paris_1234255,Ingénieur Data,Paris,30
KeyPers_Paris_1234256,Ingénieur Informaticien,Paris,26
KeyPers_Paris_1234257,Ingénieur Informaticien,Paris,36
KeyPers_Paris_1234258,Cadre,Paris,36
KeyPers_Paris_1234259,Cadre,Paris,56
KeyPers_Paris_1234260,Economiste,Paris,73
KeyPers_Paris_1234261,Ingénieur Data,Paris,64
KeyPers_Paris_1234262,Ingénieur Informaticien,Paris,75
KeyPers_Paris_1234263,Ingénieur Data,Paris,56
KeyPers_Paris_1234264,DRH,Paris,41
KeyPers_Paris_1234265,Ingénieur Informaticien,Paris,33
KeyPers_Paris_1234266,Ingénieur Data,Paris,68
KeyPers_Paris_1234267,Ingénieur Data,Paris,34
KeyPers_Paris_1234268,Ingénieur Informaticien,Paris,26
KeyPers_Paris_1234269,Ingénieur Data,Paris,89
KeyPers_Paris_1234270,Ingénieur Data,Paris,44
KeyPers_Paris_1234271,Ingénieur Informaticien,Paris,88
KeyPers_Paris_1234272,Ingénieur Informaticien,Paris,86
KeyPers_Paris_1234273,Cadre,Paris,33
KeyPers_Paris_1234274,Ingénieur Informaticien,Paris,88
KeyPers_Paris_1234275,Ingénieur Informaticien,Paris,31
KeyPers_Paris_1234276,Cadre,Paris,29
KeyPers_Paris_1234277,Ingénieur Informaticien,Paris,47
KeyPers_Paris_1234278,Ingénieur Informaticien,Paris,68
KeyPers_Paris_1234279,Ingénieur Data,Paris,43
KeyPers_Paris_1234280,Ingénieur Informaticien,Paris,90
KeyPers_Paris_1234281,Ingénieur Informaticien,Paris,80
KeyPers_Paris_1234282,Ingénieur Informaticien,Paris,66
KeyPers_Paris_1234283,Ingénieur Informaticien,Paris,26
KeyPers_Paris_1234284,Ingénieur Informaticien,Paris,56
KeyPers_Paris_1234285,Cadre,Paris,29
KeyPers_Paris_1234286,Ingénieur Data,Paris,79
KeyPers_Paris_1234287,Ingénieur Data,Paris,46
KeyPers_Paris_1234288,Ingénieur Informaticien,Paris,37
KeyPers_Paris_1234289,Ingénieur Informaticien,Paris,67
KeyPers_Paris_1234290,Ingénieur Informaticien,Paris,93
KeyPers_Paris_1234291,Cadre,Paris,83
KeyPers_Paris_1234292,Ingénieur Data,Paris,86
KeyPers_Paris_1234293,Ingénieur Informaticien,Paris,85
KeyPers_Paris_1234294,Ingénieur Data,Paris,66
KeyPers_Paris_1234295,Ingénieur Data,Paris,73
KeyPers_Paris_1234296,Ingénieur Informaticien,Paris,42
KeyPers_Paris_1234297,Cadre,Paris,75
KeyPers_Paris_1234298,Ingénieur Informaticien,Paris,70
KeyPers_Paris_1234299,Economiste,Paris,82
KeyPers_Paris_1234300,Ingénieur Data,Paris,78
KeyPers_Paris_1234301,Cadre,Paris,83
KeyPers_Paris_1234302,Ingénieur Data,Paris,55
KeyPers_Paris_1234303,Cadre,Paris,87
KeyPers_Paris_1234304,Ingénieur Informaticien,Paris,86
KeyPers_Paris_1234305,Ingénieur Data,Paris,66
KeyPers_Paris_1234306,Cadre,Paris,79
KeyPers_Paris_1234307,Cadre,Paris,63
KeyPers_Paris_1234308,Cadre,Paris,77
KeyPers_Paris_1234309,Ingénieur Data,Paris,68
KeyPers_Paris_1234310,Ingénieur Informaticien,Paris,37
KeyPers_Paris_1234311,Ingénieur Informaticien,Paris,36
KeyPers_Paris_1234312,Ingénieur Informaticien,Paris,43
KeyPers_Paris_1234313,Ingénieur Data,Paris,93
KeyPers_Paris_1234314,Ingénieur Data,Paris,89
KeyPers_Paris_1234315,Ingénieur Informaticien,Paris,86
KeyPers_Paris_1234316,Ingénieur Informaticien,Paris,25
KeyPers_Paris_1234317,Ingénieur Data,Paris,37
KeyPers_Paris_1234318,Cadre,Paris,62
KeyPers_Paris_1234319,Ingénieur Informaticien,Paris,45
KeyPers_Paris_1234320,Cadre,Paris,51
KeyPers_Paris_1234321,Ingénieur Data,Paris,42
KeyPers_Paris_1234322,Ingénieur Data,Paris,61
KeyPers_Paris_1234323,Cadre,Paris,58
KeyPers_Paris_1234324,Ingénieur Data,Paris,55
KeyPers_Paris_1234325,Ingénieur Informaticien,Paris,60
KeyPers_Paris_1234326,Ingénieur Data,Paris,70
KeyPers_Paris_1234327,Ingénieur Data,Paris,61
KeyPers_Paris_1234328,Ingénieur Informaticien,Paris,50
KeyPers_Paris_1234329,Ingénieur Data,Paris,82
KeyPers_Paris_1234330,Ingénieur Informaticien,Paris,30
KeyPers_Paris_1234331,Cadre,Paris,73
KeyPers_Paris_1234332,Ingénieur Informaticien,Paris,79
KeyPers_Paris_1234333,Ingénieur Data,Paris,50
KeyPers_Paris_1234334,Cadre,Paris,57
KeyPers_Paris_1234335,Ingénieur Data,Paris,75
KeyPers_Paris_1234336,Ingénieur Informaticien,Paris,47
KeyPers_Paris_1234337,Ingénieur Informaticien,Paris,76
KeyPers_Paris_1234338,Ingénieur Informaticien,Paris,41
KeyPers_Paris_1234339,Ingénieur Data,Paris,53
KeyPers_Paris_1234340,Ingénieur Informaticien,Paris,56
KeyPers_Paris_1234341,Ingénieur Informaticien,Paris,27
KeyPers_Paris_1234342,Economiste,Paris,34
KeyPers_Paris_1234343,Cadre,Paris,91
KeyPers_Paris_1234344,Ingénieur Informaticien,Paris,52
KeyPers_Paris_1234345,Economiste,Paris,71
KeyPers_Paris_1234346,Ingénieur Data,Paris,45
KeyPers_Paris_1234347,Ingénieur Informaticien,Paris,84
KeyPers_Paris_1234348,Ingénieur Informaticien,Paris,43
KeyPers_Paris_1234349,Cadre,Paris,42
KeyPers_Paris_1234350,Ingénieur Informaticien,Paris,62
KeyPers_Paris_1234351,Ingénieur Data,Paris,49
KeyPers_Paris_1234352,Ingénieur Data,Paris,90
KeyPers_Paris_1234353,Ingénieur Data,Paris,93
KeyPers_Paris_1234354,Ingénieur Informaticien,Paris,87
KeyPers_Paris_1234355,Ingénieur Data,Paris,56
KeyPers_Paris_1234356,Ingénieur Informaticien,Paris,74
KeyPers_Paris_1234357,Ingénieur Data,Paris,37
KeyPers_Paris_1234358,Ingénieur Data,Paris,25
KeyPers_Paris_1234359,Cadre,Paris,46
KeyPers_Paris_1234360,Cadre,Paris,57
KeyPers_Paris_1234361,Ingénieur Data,Paris,55
KeyPers_Paris_1234362,Ingénieur Data,Paris,80
KeyPers_Paris_1234363,Ingénieur Informaticien,Paris,74
KeyPers_Paris_1234364,Ingénieur Data,Paris,36
KeyPers_Paris_1234365,Ingénieur Informaticien,Paris,74
KeyPers_Paris_1234366,Ingénieur Data,Paris,48
KeyPers_Paris_1234367,Ingénieur Informaticien,Paris,74
KeyPers_Paris_1234368,Cadre,Paris,87
KeyPers_Paris_1234369,Ingénieur Informaticien,Paris,36
KeyPers_Paris_1234370,Ingénieur Informaticien,Paris,87
KeyPers_Paris_1234371,Ingénieur Data,Paris,73
KeyPers_Paris_1234372,Ingénieur Data,Paris,43
KeyPers_Paris_1234373,Cadre,Paris,64
KeyPers_Paris_1234374,Ingénieur Informaticien,Paris,40
KeyPers_Paris_1234375,Ingénieur Data,Paris,70
KeyPers_Paris_1234376,Ingénieur Informaticien,Paris,31
KeyPers_Paris_1234377,Ingénieur Data,Paris,77
KeyPers_Paris_1234378,Ingénieur Informaticien,Paris,32
KeyPers_Paris_1234379,Cadre,Paris,64
KeyPers_Paris_1234380,Economiste,Paris,47
KeyPers_Paris_1234381,Ingénieur Informaticien,Paris,44
KeyPers_Paris_1234382,Ingénieur Data,Paris,51
KeyPers_Paris_1234383,Ingénieur Informaticien,Paris,35
KeyPers_Paris_1234384,Ingénieur Data,Paris,64
KeyPers_Paris_1234385,Ingénieur Data,Paris,72
KeyPers_Paris_1234386,Ingénieur Informaticien,Paris,39
KeyPers_Paris_1234387,Ingénieur Informaticien,Paris,62
KeyPers_Paris_1234388,Ingénieur Data,Paris,69
KeyPers_Paris_1234389,Cadre,Paris,49
KeyPers_Paris_1234390,Ingénieur Data,Paris,41
KeyPers_Paris_1234391,Ingénieur Informaticien,Paris,30
KeyPers_Paris_1234392,Ingénieur Data,Paris,33
KeyPers_Paris_1234393,Ingénieur Data,Paris,68
KeyPers_Paris_1234394,Ingénieur Data,Paris,77
KeyPers_Paris_1234395,Ingénieur Informaticien,Paris,44
KeyPers_Paris_1234396,Cadre,Paris,63
KeyPers_Paris_1234397,Cadre,Paris,87
KeyPers_Paris_1234398,Ingénieur Data,Paris,27
KeyPers_Paris_1234399,Ingénieur Data,Paris,61
KeyPers_Paris_1234400,Cadre,Paris,38
KeyPers_Paris_1234401,Ingénieur Informaticien,Paris,41
KeyPers_Paris_1234402,Ingénieur Data,Paris,31
KeyPers_Paris_1234403,Economiste,Paris,32
KeyPers_Paris_1234404,Ingénieur Informaticien,Paris,46
KeyPers_Paris_1234405,Ingénieur Data,Paris,49
KeyPers_Paris_1234406,Ingénieur Data,Paris,83
KeyPers_Paris_1234407,Ingénieur Data,Paris,36
KeyPers_Paris_1234408,DRH,Paris,32
KeyPers_Paris_1234409,Ingénieur Informaticien,Paris,54
KeyPers_Paris_1234410,Ingénieur Informaticien,Paris,89
KeyPers_Paris_1234411,Ingénieur Data,Paris,46
KeyPers_Paris_1234412,Ingénieur Data,Paris,64
KeyPers_Paris_1234413,Ingénieur Informaticien,Paris,42
KeyPers_Paris_1234414,Ingénieur Data,Paris,39
KeyPers_Paris_1234415,Ingénieur Data,Paris,53
KeyPers_Paris_1234416,Cadre,Paris,54
KeyPers_Paris_1234417,Cadre,Paris,53
KeyPers_Paris_1234418,Ingénieur Data,Paris,56
KeyPers_Paris_1234419,Ingénieur Informaticien,Paris,45
KeyPers_Paris_1234420,Ingénieur Data,Paris,67
KeyPers_Paris_1234421,Ingénieur Data,Paris,42
KeyPers_Paris_1234422,Ingénieur Informaticien,Paris,60
KeyPers_Paris_1234423,Ingénieur Data,Paris,70
KeyPers_Paris_1234424,Ingénieur Informaticien,Paris,54
KeyPers_Paris_1234425,Ingénieur Data,Paris,26
KeyPers_Paris_1234426,Ingénieur Data,Paris,85
KeyPers_Paris_1234427,Ingénieur Data,Paris,42
KeyPers_Paris_1234428,Ingénieur Data,Paris,72
KeyPers_Paris_1234429,Ingénieur Informaticien,Paris,27
KeyPers_Paris_1234430,Ingénieur Informaticien,Paris,46
KeyPers_Paris_1234431,Ingénieur Data,Paris,74
KeyPers_Paris_1234432,Ingénieur Data,Paris,75
KeyPers_Paris_1234433,Ingénieur Data,Paris,70
KeyPers_Paris_1234434,Ingénieur Data,Paris,36
KeyPers_Paris_1234435,Ingénieur Informaticien,Paris,85
KeyPers_Paris_1234436,Ingénieur Data,Paris,78
KeyPers_Paris_1234437,Ingénieur Data,Paris,91
KeyPers_Paris_1234438,Ingénieur Data,Paris,52
KeyPers_Paris_1234439,Ingénieur Data,Paris,85
KeyPers_Paris_1234440,Ingénieur Informaticien,Paris,31
KeyPers_Paris_1234441,Economiste,Paris,57
KeyPers_Paris_1234442,DRH,Paris,59
KeyPers_Paris_1234443,Ingénieur Data,Paris,46
KeyPers_Paris_1234444,Ingénieur Data,Paris,56
KeyPers_Paris_1234445,Cadre,Paris,31
KeyPers_Paris_1234446,Ingénieur Informaticien,Paris,47
KeyPers_Paris_1234447,Cadre,Paris,59
KeyPers_Paris_1234448,Cadre,Paris,41
KeyPers_Paris_1234449,Ingénieur Data,Paris,41
KeyPers_Paris_1234450,Ingénieur Informaticien,Paris,32
KeyPers_Paris_1234451,Ingénieur Informaticien,Paris,76
KeyPers_Paris_1234452,Ingénieur Data,Paris,86
KeyPers_Paris_1234453,Economiste,Paris,34
KeyPers_Paris_1234454,Economiste,Paris,92
KeyPers_Paris_1234455,Ingénieur Informaticien,Paris,82
KeyPers_Paris_1234456,Ingénieur Informaticien,Paris,93
KeyPers_Paris_1234457,Cadre,Paris,32
KeyPers_Paris_1234458,Ingénieur Data,Paris,90
KeyPers_Paris_1234459,Ingénieur Data,Paris,80
KeyPers_Paris_1234460,Economiste,Paris,87
KeyPers_Paris_1234461,Ingénieur Informaticien,Paris,38
KeyPers_Paris_1234462,Cadre,Paris,47
KeyPers_Paris_1234463,Ingénieur Informaticien,Paris,47
KeyPers_Paris_1234464,Ingénieur Data,Paris,63
KeyPers_Paris_1234465,Ingénieur Informaticien,Paris,43
KeyPers_Paris_1234466,Cadre,Paris,26
KeyPers_Paris_1234467,Cadre,Paris,63
KeyPers_Paris_1234468,Ingénieur Informaticien,Paris,59
KeyPers_Paris_1234469,Ingénieur Data,Paris,45
KeyPers_Paris_1234470,Cadre,Paris,95
KeyPers_Paris_1234471,Ingénieur Informaticien,Paris,85
KeyPers_Paris_1234472,Ingénieur Informaticien,Paris,61
KeyPers_Paris_1234473,Ingénieur Informaticien,Paris,92
KeyPers_Paris_1234474,Ingénieur Data,Paris,49
KeyPers_Paris_1234475,Cadre,Paris,45
KeyPers_Paris_1234476,Ingénieur Informaticien,Paris,78
KeyPers_Paris_1234477,Ingénieur Data,Paris,50
KeyPers_Paris_1234478,Cadre,Paris,64
KeyPers_Paris_1234479,Ingénieur Data,Paris,87
KeyPers_Paris_1234480,Ingénieur Informaticien,Paris,55
KeyPers_Paris_1234481,Ingénieur Informaticien,Paris,94
KeyPers_Paris_1234482,Ingénieur Informaticien,Paris,60
KeyPers_Paris_1234483,Economiste,Paris,84
KeyPers_Paris_1234484,Economiste,Paris,38
KeyPers_Paris_1234485,Ingénieur Data,Paris,78
KeyPers_Paris_1234486,Ingénieur Informaticien,Paris,26
KeyPers_Paris_1234487,Cadre,Paris,92
KeyPers_Paris_1234488,Ingénieur Informaticien,Paris,69
KeyPers_Paris_1234489,Cadre,Paris,55
KeyPers_Paris_1234490,Ingénieur Data,Paris,39
KeyPers_Paris_1234491,Ingénieur Informaticien,Paris,64
KeyPers_Paris_1234492,Ingénieur Informaticien,Paris,73
KeyPers_Paris_1234493,Cadre,Paris,71
KeyPers_Paris_1234494,Ingénieur Informaticien,Paris,82
KeyPers_Paris_1234495,Ingénieur Informaticien,Paris,85
KeyPers_Paris_1234496,Ingénieur Informaticien,Paris,61
KeyPers_Paris_1234497,Cadre,Paris,35
KeyPers_Paris_1234498,Ingénieur Informaticien,Paris,59
KeyPers_Paris_1234499,Cadre,Paris,85
KeyPers_Paris_1234500,Ingénieur Data,Paris,78
KeyPers_Paris_1234501,Ingénieur Informaticien,Paris,75
KeyPers_Paris_1234502,Economiste,Paris,64
KeyPers_Paris_1234503,Ingénieur Data,Paris,84
KeyPers_Paris_1234504,Cadre,Paris,64
KeyPers_Paris_1234505,Cadre,Paris,46
KeyPers_Paris_1234506,Cadre,Paris,44
KeyPers_Paris_1234507,Ingénieur Data,Paris,27
KeyPers_Paris_1234508,Ingénieur Informaticien,Paris,70
KeyPers_Paris_1234509,Ingénieur Data,Paris,61
KeyPers_Paris_1234510,Cadre,Paris,31
KeyPers_Paris_1234511,Ingénieur Data,Paris,30
KeyPers_Paris_1234512,Ingénieur Informaticien,Paris,92
KeyPers_Paris_1234513,Ingénieur Data,Paris,49
KeyPers_Paris_1234514,Ingénieur Informaticien,Paris,60
KeyPers_Paris_1234515,Ingénieur Informaticien,Paris,78
KeyPers_Paris_1234516,Ingénieur Data,Paris,86
KeyPers_Paris_1234517,Ingénieur Data,Paris,37
KeyPers_Paris_1234518,Cadre,Paris,78
KeyPers_Paris_1234519,Economiste,Paris,62
KeyPers_Paris_1234520,Ingénieur Data,Paris,58
KeyPers_Paris_1234521,Ingénieur Data,Paris,57
KeyPers_Paris_1234522,Ingénieur Informaticien,Paris,31
KeyPers_Paris_1234523,Ingénieur Informaticien,Paris,76
KeyPers_Paris_1234524,Ingénieur Data,Paris,74
KeyPers_Paris_1234525,Cadre,Paris,94
KeyPers_Paris_1234526,Ingénieur Data,Paris,26
KeyPers_Paris_1234527,Cadre,Paris,80
KeyPers_Paris_1234528,DRH,Paris,88
KeyPers_Paris_1234529,Ingénieur Data,Paris,83
KeyPers_Paris_1234530,Ingénieur Informaticien,Paris,34
KeyPers_Paris_1234531,Ingénieur Data,Paris,83
KeyPers_Paris_1234532,Ingénieur Data,Paris,77
KeyPers_Paris_1234533,Cadre,Paris,95
KeyPers_Paris_1234534,Ingénieur Data,Paris,80
KeyPers_Paris_1234535,Economiste,Paris,37
KeyPers_Paris_1234536,Cadre,Paris,27
KeyPers_Paris_1234537,Ingénieur Informaticien,Paris,37
KeyPers_Paris_1234538,Ingénieur Informaticien,Paris,85
KeyPers_Paris_1234539,Ingénieur Data,Paris,63
KeyPers_Paris_1234540,Ingénieur Data,Paris,77
KeyPers_Paris_1234541,Ingénieur Data,Paris,82
KeyPers_Paris_1234542,Ingénieur Data,Paris,39
KeyPers_Paris_1234543,Ingénieur Data,Paris,59
KeyPers_Paris_1234544,Ingénieur Data,Paris,56
KeyPers_Paris_1234545,Ingénieur Informaticien,Paris,62
KeyPers_Paris_1234546,Ingénieur Informaticien,Paris,94
KeyPers_Paris_1234547,Ingénieur Informaticien,Paris,87
KeyPers_Paris_1234548,Cadre,Paris,42
KeyPers_Paris_1234549,Cadre,Paris,47
KeyPers_Paris_1234550,Ingénieur Informaticien,Paris,61
KeyPers_Paris_1234551,Ingénieur Data,Paris,95
KeyPers_Paris_1234552,Cadre,Paris,67
KeyPers_Paris_1234553,Ingénieur Informaticien,Paris,48
KeyPers_Paris_1234554,Ingénieur Informaticien,Paris,52
KeyPers_Paris_1234555,Cadre,Paris,44
KeyPers_Paris_1234556,Ingénieur Informaticien,Paris,31
KeyPers_Paris_1234557,Ingénieur Data,Paris,73
KeyPers_Paris_1234558,Ingénieur Informaticien,Paris,42
KeyPers_Paris_1234559,Ingénieur Informaticien,Paris,39
KeyPers_Paris_1234560,Ingénieur Informaticien,Paris,46
KeyPers_Paris_1234561,Ingénieur Data,Paris,36
KeyPers_Paris_1234562,Economiste,Paris,70
KeyPers_Paris_1234563,Ingénieur Data,Paris,61
KeyPers_Paris_1234564,Ingénieur Informaticien,Paris,94
KeyPers_Paris_1234565,Ingénieur Data,Paris,50
KeyPers_Paris_1234566,Ingénieur Data,Paris,74
KeyPers_Paris_1234567,Ingénieur Data,Paris,77
KeyPers_Paris_1234568,Ingénieur Informaticien,Paris,79
KeyPers_Paris_1234569,Ingénieur Informaticien,Paris,69
KeyPers_Paris_1234570,Ingénieur Informaticien,Paris,36
KeyPers_Paris_1234571,Cadre,Paris,66
KeyPers_Paris_1234572,Cadre,Paris,41
KeyPers_Paris_1234573,Economiste,Paris,59
KeyPers_Paris_1234574,Economiste,Paris,31
KeyPers_Paris_1234575,Ingénieur Informaticien,Paris,34
KeyPers_Paris_1234576,Ingénieur Informaticien,Paris,31
KeyPers_Paris_1234577,Ingénieur Data,Paris,32
KeyPers_Paris_1234578,Ingénieur Informaticien,Paris,27
KeyPers_Paris_1234579,Ingénieur Data,Paris,76
KeyPers_Paris_1234580,Ingénieur Data,Paris,52
KeyPers_Paris_1234581,Ingénieur Data,Paris,57
KeyPers_Paris_1234582,Cadre,Paris,48
KeyPers_Paris_1234583,Ingénieur Informaticien,Paris,66
KeyPers_Paris_1234584,Ingénieur Informaticien,Paris,57
KeyPers_Paris_1234585,Ingénieur Data,Paris,29
KeyPers_Paris_1234586,Ingénieur Data,Paris,32
KeyPers_Paris_1234587,Ingénieur Informaticien,Paris,79
KeyPers_Paris_1234588,Ingénieur Data,Paris,92
KeyPers_Paris_1234589,Economiste,Paris,53
KeyPers_Paris_1234590,Cadre,Paris,80
KeyPers_Paris_1234591,Ingénieur Data,Paris,95
KeyPers_Paris_1234592,Ingénieur Informaticien,Paris,86
KeyPers_Paris_1234593,Ingénieur Data,Paris,41
KeyPers_Paris_1234594,Ingénieur Informaticien,Paris,48
KeyPers_Paris_1234595,Ingénieur Informaticien,Paris,63
KeyPers_Paris_1234596,Ingénieur Data,Paris,70
KeyPers_Paris_1234597,Ingénieur Informaticien,Paris,25
KeyPers_Paris_1234598,Ingénieur Informaticien,Paris,66
KeyPers_Paris_1234599,Ingénieur Informaticien,Paris,76
KeyPers_Paris_1234600,Ingénieur Data,Paris,82
KeyPers_Paris_1234601,Economiste,Paris,93
KeyPers_Paris_1234602,Cadre,Paris,47
KeyPers_Paris_1234603,Ingénieur Informaticien,Paris,51
KeyPers_Paris_1234604,Ingénieur Informaticien,Paris,25
KeyPers_Paris_1234605,Cadre,Paris,45
KeyPers_Paris_1234606,Ingénieur Informaticien,Paris,36
KeyPers_Paris_1234607,Ingénieur Data,Paris,71
KeyPers_Paris_1234608,Ingénieur Informaticien,Paris,43
KeyPers_Paris_1234609,Ingénieur Data,Paris,78
KeyPers_Paris_1234610,Ingénieur Informaticien,Paris,54
KeyPers_Paris_1234611,Cadre,Paris,25
KeyPers_Paris_1234612,Ingénieur Data,Paris,55
KeyPers_Paris_1234613,Ingénieur Informaticien,Paris,76
KeyPers_Paris_1234614,Ingénieur Data,Paris,36
KeyPers_Paris_1234615,Cadre,Paris,38
KeyPers_Paris_1234616,Ingénieur Informaticien,Paris,55
KeyPers_Paris_1234617,Ingénieur Informaticien,Paris,24
KeyPers_Paris_1234618,Ingénieur Informaticien,Paris,86
KeyPers_Paris_1234619,Cadre,Paris,65
KeyPers_Paris_1234620,Ingénieur Informaticien,Paris,48
KeyPers_Paris_1234621,Ingénieur Data,Paris,74
KeyPers_Paris_1234622,Economiste,Paris,29
KeyPers_Paris_1234623,Ingénieur Informaticien,Paris,72
KeyPers_Paris_1234624,Ingénieur Data,Paris,73
KeyPers_Paris_1234625,Ingénieur Informaticien,Paris,55
KeyPers_Paris_1234626,Ingénieur Informaticien,Paris,39
KeyPers_Paris_1234627,Economiste,Paris,83
KeyPers_Paris_1234628,Ingénieur Data,Paris,45
KeyPers_Paris_1234629,Ingénieur Data,Paris,79
KeyPers_Paris_1234630,Ingénieur Data,Paris,91
KeyPers_Paris_1234631,Ingénieur Informaticien,Paris,55
KeyPers_Paris_1234632,Cadre,Paris,53
KeyPers_Paris_1234633,Ingénieur Data,Paris,57
KeyPers_Paris_1234634,Ingénieur Informaticien,Paris,55
KeyPers_Paris_1234635,Cadre,Paris,92
KeyPers_Paris_1234636,Ingénieur Informaticien,Paris,27
KeyPers_Paris_1234637,Ingénieur Data,Paris,88
KeyPers_Paris_1234638,Ingénieur Informaticien,Paris,94
KeyPers_Paris_1234639,Cadre,Paris,24
KeyPers_Paris_1234640,Ingénieur Data,Paris,58
KeyPers_Paris_1234641,Ingénieur Informaticien,Paris,56
KeyPers_Paris_1234642,Ingénieur Informaticien,Paris,71
KeyPers_Paris_1234643,Ingénieur Data,Paris,96
KeyPers_Paris_1234644,Ingénieur Informaticien,Paris,29
KeyPers_Paris_1234645,Cadre,Paris,56
KeyPers_Paris_1234646,Ingénieur Informaticien,Paris,43
KeyPers_Paris_1234647,Cadre,Paris,56
KeyPers_Paris_1234648,Ingénieur Data,Paris,60
KeyPers_Paris_1234649,Ingénieur Informaticien,Paris,67
KeyPers_Paris_1234650,Ingénieur Informaticien,Paris,68
KeyPers_Paris_1234651,Ingénieur Informaticien,Paris,61
KeyPers_Paris_1234652,Ingénieur Data,Paris,59
KeyPers_Paris_1234653,Ingénieur Informaticien,Paris,28
KeyPers_Paris_1234654,Ingénieur Data,Paris,32
KeyPers_Paris_1234655,Ingénieur Informaticien,Paris,62
KeyPers_Paris_1234656,Ingénieur Data,Paris,28
KeyPers_Paris_1234657,Ingénieur Informaticien,Paris,80
KeyPers_Paris_1234658,Ingénieur Data,Paris,80
KeyPers_Paris_1234659,Cadre,Paris,83
KeyPers_Paris_1234660,Ingénieur Data,Paris,40
KeyPers_Paris_1234661,Ingénieur Data,Paris,96
KeyPers_Paris_1234662,Ingénieur Informaticien,Paris,45
KeyPers_Paris_1234663,Ingénieur Informaticien,Paris,71
KeyPers_Paris_1234664,Ingénieur Informaticien,Paris,72
KeyPers_Paris_1234665,Ingénieur Informaticien,Paris,42
KeyPers_Paris_1234666,Cadre,Paris,87
KeyPers_Paris_1234667,Ingénieur Informaticien,Paris,56
KeyPers_Paris_1234668,Ingénieur Informaticien,Paris,71
KeyPers_Paris_1234669,Ingénieur Data,Paris,61
KeyPers_Paris_1234670,Ingénieur Data,Paris,39
KeyPers_Paris_1234671,Ingénieur Informaticien,Paris,52
KeyPers_Paris_1234672,Cadre,Paris,67
KeyPers_Paris_1234673,Economiste,Paris,42
KeyPers_Paris_1234674,Economiste,Paris,89
KeyPers_Paris_1234675,Ingénieur Informaticien,Paris,87
KeyPers_Paris_1234676,Ingénieur Informaticien,Paris,68
KeyPers_Paris_1234677,Economiste,Paris,58
KeyPers_Paris_1234678,Ingénieur Informaticien,Paris,42
KeyPers_Paris_1234679,Cadre,Paris,32
KeyPers_Paris_1234680,Cadre,Paris,65
KeyPers_Paris_1234681,Ingénieur Data,Paris,79
KeyPers_Paris_1234682,Ingénieur Data,Paris,45
KeyPers_Paris_1234683,Ingénieur Informaticien,Paris,72
KeyPers_Paris_1234684,Ingénieur Informaticien,Paris,73
KeyPers_Paris_1234685,Ingénieur Data,Paris,77
KeyPers_Paris_1234686,Ingénieur Data,Paris,67
KeyPers_Paris_1234687,Ingénieur Data,Paris,88
KeyPers_Paris_1234688,Ingénieur Data,Paris,63
KeyPers_Paris_1234689,Ingénieur Informaticien,Paris,73
KeyPers_Paris_1234690,Ingénieur Informaticien,Paris,88
KeyPers_Paris_1234691,Economiste,Paris,57
KeyPers_Paris_1234692,Ingénieur Informaticien,Paris,62
KeyPers_Paris_1234693,Cadre,Paris,26
KeyPers_Paris_1234694,Ingénieur Informaticien,Paris,34
KeyPers_Paris_1234695,Ingénieur Data,Paris,75
KeyPers_Paris_1234696,Cadre,Paris,85
KeyPers_Paris_1234697,Cadre,Paris,78
KeyPers_Paris_1234698,Economiste,Paris,35
KeyPers_Paris_1234699,Ingénieur Informaticien,Paris,81
KeyPers_Paris_1234700,Ingénieur Informaticien,Paris,86
KeyPers_Paris_1234701,Ingénieur Data,Paris,36
KeyPers_Paris_1234702,Ingénieur Informaticien,Paris,65
KeyPers_Paris_1234703,Ingénieur Data,Paris,60
KeyPers_Paris_1234704,Ingénieur Informaticien,Paris,91
KeyPers_Paris_1234705,Ingénieur Informaticien,Paris,52
KeyPers_Paris_1234706,Cadre,Paris,63
KeyPers_Paris_1234707,Ingénieur Informaticien,Paris,74
KeyPers_Paris_1234708,Ingénieur Data,Paris,70
KeyPers_Paris_1234709,Ingénieur Informaticien,Paris,27
KeyPers_Paris_1234710,Ingénieur Informaticien,Paris,77
KeyPers_Paris_1234711,Economiste,Paris,31
KeyPers_Paris_1234712,Cadre,Paris,83
KeyPers_Paris_1234713,Ingénieur Data,Paris,67
KeyPers_Paris_1234714,Ingénieur Data,Paris,33
KeyPers_Paris_1234715,Ingénieur Informaticien,Paris,25
KeyPers_Paris_1234716,Ingénieur Data,Paris,71
KeyPers_Paris_1234717,Ingénieur Data,Paris,36
KeyPers_Paris_1234718,Ingénieur Informaticien,Paris,33
KeyPers_Paris_1234719,Ingénieur Informaticien,Paris,84
KeyPers_Paris_1234720,Economiste,Paris,56
KeyPers_Paris_1234721,Ingénieur Informaticien,Paris,86
KeyPers_Paris_1234722,Ingénieur Data,Paris,27
KeyPers_Paris_1234723,Ingénieur Data,Paris,33
KeyPers_Paris_1234724,Ingénieur Informaticien,Paris,77
KeyPers_Paris_1234725,Ingénieur Informaticien,Paris,44
KeyPers_Paris_1234726,Ingénieur Informaticien,Paris,90
KeyPers_Paris_1234727,Ingénieur Data,Paris,91
KeyPers_Paris_1234728,Ingénieur Informaticien,Paris,51
KeyPers_Paris_1234729,Ingénieur Informaticien,Paris,88
KeyPers_Paris_1234730,Ingénieur Data,Paris,42
KeyPers_Paris_1234731,Ingénieur Data,Paris,44
KeyPers_Paris_1234732,Cadre,Paris,77
KeyPers_Paris_1234733,Ingénieur Informaticien,Paris,55
KeyPers_Paris_1234734,Ingénieur Data,Paris,56
KeyPers_Paris_1234735,Cadre,Paris,72
KeyPers_Paris_1234736,Ingénieur Informaticien,Paris,63
KeyPers_Paris_1234737,Cadre,Paris,66
KeyPers_Paris_1234738,Ingénieur Informaticien,Paris,45
KeyPers_Paris_1234739,Cadre,Paris,72
KeyPers_Paris_1234740,Ingénieur Data,Paris,85
KeyPers_Paris_1234741,Economiste,Paris,26
KeyPers_Paris_1234742,Ingénieur Informaticien,Paris,71
KeyPers_Paris_1234743,Ingénieur Data,Paris,88
KeyPers_Paris_1234744,Ingénieur Informaticien,Paris,43
KeyPers_Paris_1234745,DRH,Paris,61
KeyPers_Paris_1234746,Cadre,Paris,44
KeyPers_Paris_1234747,Ingénieur Data,Paris,34
KeyPers_Paris_1234748,Ingénieur Informaticien,Paris,52
KeyPers_Paris_1234749,DRH,Paris,96
KeyPers_Paris_1234750,Ingénieur Informaticien,Paris,37
KeyPers_Paris_1234751,Ingénieur Data,Paris,87
KeyPers_Paris_1234752,Ingénieur Informaticien,Paris,54
KeyPers_Paris_1234753,Cadre,Paris,32
KeyPers_Paris_1234754,Ingénieur Informaticien,Paris,91
KeyPers_Paris_1234755,DRH,Paris,54
KeyPers_Paris_1234756,Cadre,Paris,77
KeyPers_Paris_1234757,Ingénieur Data,Paris,28
KeyPers_Paris_1234758,Ingénieur Informaticien,Paris,30
KeyPers_Paris_1234759,Cadre,Paris,70
KeyPers_Paris_1234760,Ingénieur Informaticien,Paris,25
KeyPers_Paris_1234761,Cadre,Paris,39
KeyPers_Paris_1234762,Ingénieur Informaticien,Paris,92
KeyPers_Paris_1234763,Ingénieur Data,Paris,76
KeyPers_Paris_1234764,Ingénieur Informaticien,Paris,47
KeyPers_Paris_1234765,Ingénieur Data,Paris,88
KeyPers_Paris_1234766,Ingénieur Informaticien,Paris,27
KeyPers_Paris_1234767,Ingénieur Informaticien,Paris,58
KeyPers_Paris_1234768,Ingénieur Informaticien,Paris,45
KeyPers_Paris_1234769,Ingénieur Informaticien,Paris,50
KeyPers_Paris_1234770,Ingénieur Data,Paris,40
KeyPers_Paris_1234771,Ingénieur Data,Paris,47
KeyPers_Paris_1234772,Cadre,Paris,69
KeyPers_Paris_1234773,Economiste,Paris,72
KeyPers_Paris_1234774,Ingénieur Informaticien,Paris,28
KeyPers_Paris_1234775,Ingénieur Informaticien,Paris,78
KeyPers_Paris_1234776,Cadre,Paris,65
KeyPers_Paris_1234777,Ingénieur Informaticien,Paris,31
KeyPers_Paris_1234778,Ingénieur Informaticien,Paris,89
KeyPers_Paris_1234779,Ingénieur Informaticien,Paris,93
KeyPers_Paris_1234780,Ingénieur Informaticien,Paris,80
KeyPers_Paris_1234781,Ingénieur Informaticien,Paris,79
KeyPers_Paris_1234782,Cadre,Paris,42
KeyPers_Paris_1234783,Ingénieur Data,Paris,66
KeyPers_Paris_1234784,Ingénieur Data,Paris,81
KeyPers_Paris_1234785,Ingénieur Data,Paris,77
KeyPers_Paris_1234786,Ingénieur Data,Paris,48
KeyPers_Paris_1234787,Ingénieur Data,Paris,43
KeyPers_Paris_1234788,Ingénieur Data,Paris,73
KeyPers_Paris_1234789,Ingénieur Informaticien,Paris,96
KeyPers_Paris_1234790,Ingénieur Informaticien,Paris,39
KeyPers_Paris_1234791,Ingénieur Data,Paris,29
KeyPers_Paris_1234792,Ingénieur Data,Paris,29
KeyPers_Paris_1234793,Cadre,Paris,55
KeyPers_Paris_1234794,Ingénieur Informaticien,Paris,33
KeyPers_Paris_1234795,Cadre,Paris,66
KeyPers_Paris_1234796,Ingénieur Data,Paris,64
KeyPers_Paris_1234797,Ingénieur Informaticien,Paris,89
KeyPers_Paris_1234798,Economiste,Paris,36
KeyPers_Paris_1234799,Ingénieur Data,Paris,24
KeyPers_Paris_1234800,Economiste,Paris,41
KeyPers_Paris_1234801,Cadre,Paris,89
KeyPers_Paris_1234802,Ingénieur Informaticien,Paris,79
KeyPers_Paris_1234803,Ingénieur Data,Paris,58
KeyPers_Paris_1234804,Cadre,Paris,43
KeyPers_Paris_1234805,Cadre,Paris,33
KeyPers_Paris_1234806,Economiste,Paris,89
KeyPers_Paris_1234807,Ingénieur Informaticien,Paris,59
KeyPers_Paris_1234808,Ingénieur Data,Paris,48
KeyPers_Paris_1234809,DRH,Paris,27
KeyPers_Paris_1234810,Ingénieur Informaticien,Paris,40
KeyPers_Paris_1234811,Ingénieur Data,Paris,33
KeyPers_Paris_1234812,Cadre,Paris,38
KeyPers_Paris_1234813,Ingénieur Informaticien,Paris,65
KeyPers_Paris_1234814,Cadre,Paris,94
KeyPers_Paris_1234815,Cadre,Paris,44
KeyPers_Paris_1234816,Cadre,Paris,32
KeyPers_Paris_1234817,Ingénieur Data,Paris,92
KeyPers_Paris_1234818,Ingénieur Data,Paris,51
KeyPers_Paris_1234819,Ingénieur Data,Paris,91
KeyPers_Paris_1234820,Ingénieur Informaticien,Paris,34
KeyPers_Paris_1234821,Ingénieur Informaticien,Paris,94
KeyPers_Paris_1234822,Cadre,Paris,51
KeyPers_Paris_1234823,Ingénieur Informaticien,Paris,27
KeyPers_Paris_1234824,Ingénieur Data,Paris,94
KeyPers_Paris_1234825,Ingénieur Data,Paris,74
KeyPers_Paris_1234826,Cadre,Paris,86
KeyPers_Paris_1234827,Cadre,Paris,49
KeyPers_Paris_1234828,Cadre,Paris,88
KeyPers_Paris_1234829,Ingénieur Data,Paris,58
KeyPers_Paris_1234830,Ingénieur Informaticien,Paris,88
KeyPers_Paris_1234831,Ingénieur Informaticien,Paris,52
KeyPers_Paris_1234832,Ingénieur Data,Paris,37
KeyPers_Paris_1234833,Cadre,Paris,85
KeyPers_Paris_1234834,Ingénieur Informaticien,Paris,76
KeyPers_Paris_1234835,Ingénieur Data,Paris,49
KeyPers_Paris_1234836,Cadre,Paris,47
KeyPers_Paris_1234837,Ingénieur Data,Paris,78
KeyPers_Paris_1234838,Cadre,Paris,30
KeyPers_Paris_1234839,Ingénieur Informaticien,Paris,40
KeyPers_Paris_1234840,Economiste,Paris,65
KeyPers_Paris_1234841,Economiste,Paris,84
KeyPers_Paris_1234842,Ingénieur Informaticien,Paris,65
KeyPers_Paris_1234843,Ingénieur Data,Paris,57
KeyPers_Paris_1234844,Ingénieur Data,Paris,67
KeyPers_Paris_1234845,Cadre,Paris,47
KeyPers_Paris_1234846,Economiste,Paris,37
KeyPers_Paris_1234847,Cadre,Paris,58
KeyPers_Paris_1234848,Ingénieur Informaticien,Paris,33
KeyPers_Paris_1234849,Cadre,Paris,77
KeyPers_Paris_1234850,Ingénieur Data,Paris,64
KeyPers_Paris_1234851,Ingénieur Informaticien,Paris,77
KeyPers_Paris_1234852,Economiste,Paris,64
KeyPers_Paris_1234853,Ingénieur Informaticien,Paris,93
KeyPers_Paris_1234854,Economiste,Paris,67
KeyPers_Paris_1234855,Ingénieur Informaticien,Paris,57
KeyPers_Paris_1234856,Ingénieur Data,Paris,27
KeyPers_Paris_1234857,Ingénieur Data,Paris,82
KeyPers_Paris_1234858,Cadre,Paris,73
KeyPers_Paris_1234859,Ingénieur Data,Paris,80
KeyPers_Paris_1234860,Ingénieur Informaticien,Paris,61
KeyPers_Paris_1234861,Ingénieur Informaticien,Paris,41
KeyPers_Paris_1234862,Ingénieur Data,Paris,64
KeyPers_Paris_1234863,Ingénieur Data,Paris,92
KeyPers_Paris_1234864,Ingénieur Informaticien,Paris,65
KeyPers_Paris_1234865,Ingénieur Informaticien,Paris,92
KeyPers_Paris_1234866,Ingénieur Data,Paris,58
KeyPers_Paris_1234867,Ingénieur Data,Paris,42
KeyPers_Paris_1234868,Ingénieur Data,Paris,71
KeyPers_Paris_1234869,Economiste,Paris,35
KeyPers_Paris_1234870,Cadre,Paris,89
KeyPers_Paris_1234871,Economiste,Paris,32
KeyPers_Paris_1234872,Ingénieur Data,Paris,61
KeyPers_Paris_1234873,Economiste,Paris,91
KeyPers_Paris_1234874,Ingénieur Informaticien,Paris,64
KeyPers_Paris_1234875,Ingénieur Data,Paris,58
KeyPers_Paris_1234876,Economiste,Paris,68
KeyPers_Paris_1234877,Ingénieur Data,Paris,46
KeyPers_Paris_1234878,Ingénieur Data,Paris,69
KeyPers_Paris_1234879,Cadre,Paris,73
KeyPers_Paris_1234880,Ingénieur Data,Paris,78
KeyPers_Paris_1234881,Ingénieur Informaticien,Paris,76
KeyPers_Paris_1234882,Ingénieur Informaticien,Paris,78
KeyPers_Paris_1234883,Ingénieur Informaticien,Paris,83
KeyPers_Paris_1234884,Ingénieur Data,Paris,65
KeyPers_Paris_1234885,Ingénieur Informaticien,Paris,47
KeyPers_Paris_1234886,Cadre,Paris,25
KeyPers_Paris_1234887,Economiste,Paris,63
KeyPers_Paris_1234888,Ingénieur Data,Paris,43
KeyPers_Paris_1234889,Economiste,Paris,75
KeyPers_Paris_1234890,Ingénieur Data,Paris,70
KeyPers_Paris_1234891,Ingénieur Informaticien,Paris,29
KeyPers_Paris_1234892,Ingénieur Informaticien,Paris,47
KeyPers_Paris_1234893,Ingénieur Informaticien,Paris,96
KeyPers_Paris_1234894,Ingénieur Data,Paris,52
KeyPers_Paris_1234895,Ingénieur Informaticien,Paris,38
KeyPers_Paris_1234896,Ingénieur Data,Paris,57
KeyPers_Paris_1234897,Economiste,Paris,86
KeyPers_Paris_1234898,Cadre,Paris,84
KeyPers_Paris_1234899,Ingénieur Data,Paris,61
KeyPers_Paris_1234900,DRH,Paris,78
KeyPers_Paris_1234901,Ingénieur Informaticien,Paris,56
KeyPers_Paris_1234902,Ingénieur Data,Paris,28
KeyPers_Paris_1234903,Ingénieur Data,Paris,52
KeyPers_Paris_1234904,Ingénieur Informaticien,Paris,94
KeyPers_Paris_1234905,Ingénieur Data,Paris,55
KeyPers_Paris_1234906,Ingénieur Data,Paris,79
KeyPers_Paris_1234907,Cadre,Paris,27
KeyPers_Paris_1234908,Ingénieur Data,Paris,45
KeyPers_Paris_1234909,Ingénieur Data,Paris,96
KeyPers_Paris_1234910,Ingénieur Data,Paris,72
KeyPers_Paris_1234911,Ingénieur Informaticien,Paris,40
KeyPers_Paris_1234912,Ingénieur Informaticien,Paris,76
KeyPers_Paris_1234913,Economiste,Paris,48
KeyPers_Paris_1234914,Cadre,Paris,43
KeyPers_Paris_1234915,Ingénieur Data,Paris,44
KeyPers_Paris_1234916,Ingénieur Informaticien,Paris,78
KeyPers_Paris_1234917,Economiste,Paris,59
KeyPers_Paris_1234918,Ingénieur Data,Paris,30
KeyPers_Paris_1234919,Ingénieur Data,Paris,65
KeyPers_Paris_1234920,Ingénieur Informaticien,Paris,42
KeyPers_Paris_1234921,Ingénieur Informaticien,Paris,64
KeyPers_Paris_1234922,Cadre,Paris,31
KeyPers_Paris_1234923,Ingénieur Informaticien,Paris,24
KeyPers_Paris_1234924,Cadre,Paris,53
KeyPers_Paris_1234925,Ingénieur Data,Paris,41
KeyPers_Paris_1234926,Ingénieur Data,Paris,64
KeyPers_Paris_1234927,Cadre,Paris,24
KeyPers_Paris_1234928,Ingénieur Informaticien,Paris,80
KeyPers_Paris_1234929,Ingénieur Data,Paris,27
KeyPers_Paris_1234930,Ingénieur Data,Paris,39
KeyPers_Paris_1234931,Ingénieur Informaticien,Paris,80
KeyPers_Paris_1234932,Ingénieur Informaticien,Paris,44
KeyPers_Paris_1234933,Economiste,Paris,34
KeyPers_Paris_1234934,Cadre,Paris,48
KeyPers_Paris_1234935,Ingénieur Informaticien,Paris,87
KeyPers_Paris_1234936,Cadre,Paris,75
KeyPers_Paris_1234937,Cadre,Paris,77
KeyPers_Paris_1234938,Ingénieur Data,Paris,67
KeyPers_Paris_1234939,Ingénieur Data,Paris,29
KeyPers_Paris_1234940,Cadre,Paris,56
KeyPers_Paris_1234941,Cadre,Paris,63
KeyPers_Paris_1234942,Ingénieur Data,Paris,83
KeyPers_Paris_1234943,Ingénieur Informaticien,Paris,56
KeyPers_Paris_1234944,Ingénieur Informaticien,Paris,79
KeyPers_Paris_1234945,Ingénieur Informaticien,Paris,37
KeyPers_Paris_1234946,Ingénieur Informaticien,Paris,27
KeyPers_Paris_1234947,DRH,Paris,41
KeyPers_Paris_1234948,Ingénieur Data,Paris,74
KeyPers_Paris_1234949,Ingénieur Data,Paris,92
KeyPers_Paris_1234950,Ingénieur Data,Paris,65
KeyPers_Paris_1234951,Ingénieur Informaticien,Paris,74
KeyPers_Paris_1234952,Ingénieur Informaticien,Paris,30
KeyPers_Paris_1234953,Ingénieur Informaticien,Paris,80
KeyPers_Paris_1234954,Ingénieur Data,Paris,30
KeyPers_Paris_1234955,Cadre,Paris,69
KeyPers_Paris_1234956,Ingénieur Data,Paris,44
KeyPers_Paris_1234957,Ingénieur Informaticien,Paris,60
KeyPers_Paris_1234958,DRH,Paris,72
KeyPers_Paris_1234959,Ingénieur Informaticien,Paris,86
KeyPers_Paris_1234960,Cadre,Paris,75
KeyPers_Paris_1234961,Ingénieur Informaticien,Paris,42
KeyPers_Paris_1234962,Economiste,Paris,68
KeyPers_Paris_1234963,Ingénieur Informaticien,Paris,53
KeyPers_Paris_1234964,Ingénieur Informaticien,Paris,44
KeyPers_Paris_1234965,Cadre,Paris,63
KeyPers_Paris_1234966,Cadre,Paris,83
KeyPers_Paris_1234967,Cadre,Paris,92
KeyPers_Paris_1234968,Ingénieur Data,Paris,89
KeyPers_Paris_1234969,Ingénieur Data,Paris,57
KeyPers_Paris_1234970,Ingénieur Data,Paris,46
KeyPers_Paris_1234971,Cadre,Paris,72
KeyPers_Paris_1234972,Ingénieur Data,Paris,42
KeyPers_Paris_1234973,Cadre,Paris,29
KeyPers_Paris_1234974,Ingénieur Informaticien,Paris,38
KeyPers_Paris_1234975,Ingénieur Data,Paris,83
KeyPers_Paris_1234976,Cadre,Paris,39
KeyPers_Paris_1234977,Ingénieur Informaticien,Paris,65
KeyPers_Paris_1234978,Ingénieur Data,Paris,35
KeyPers_Paris_1234979,Ingénieur Data,Paris,25
KeyPers_Paris_1234980,Ingénieur Informaticien,Paris,51
KeyPers_Paris_1234981,Ingénieur Data,Paris,36
KeyPers_Paris_1234982,Cadre,Paris,81
KeyPers_Paris_1234983,Ingénieur Informaticien,Paris,42
KeyPers_Paris_1234984,Ingénieur Informaticien,Paris,60
KeyPers_Paris_1234985,Cadre,Paris,94
KeyPers_Paris_1234986,Ingénieur Informaticien,Paris,40
KeyPers_Paris_1234987,Cadre,Paris,67
KeyPers_Paris_1234988,Ingénieur Informaticien,Paris,72
KeyPers_Paris_1234989,Cadre,Paris,44
KeyPers_Paris_1234990,Cadre,Paris,29
KeyPers_Paris_1234991,Ingénieur Informaticien,Paris,74
KeyPers_Paris_1234992,Ingénieur Data,Paris,54
KeyPers_Paris_1234993,Ingénieur Informaticien,Paris,56
KeyPers_Paris_1234994,Ingénieur Informaticien,Paris,70
KeyPers_Paris_1234995,Ingénieur Data,Paris,50
KeyPers_Paris_1234996,Ingénieur Informaticien,Paris,77
KeyPers_Paris_1234997,Ingénieur Data,Paris,42
KeyPers_Paris_1234998,Ingénieur Informaticien,Paris,28
KeyPers_Paris_1234999,Ingénieur Informaticien,Paris,40
KeyPers_Shanghai_1230000,Ingénieur Informaticien,Shanghai,37
KeyPers_Shanghai_1230001,Ingénieur Data,Shanghai,37
KeyPers_Shanghai_1230002,Ingénieur Data,Shanghai,47
KeyPers_Shanghai_1230003,Ingénieur Informaticien,Shanghai,29
KeyPers_Shanghai_1230004,Ingénieur Data,Shanghai,25
KeyPers_Shanghai_1230005,Ingénieur Data,Shanghai,30
KeyPers_Shanghai_1230006,Ingénieur Data,Shanghai,89
KeyPers_Shanghai_1230007,Ingénieur Informaticien,Shanghai,44
KeyPers_Shanghai_1230008,Cadre,Shanghai,84
KeyPers_Shanghai_1230009,Ingénieur Data,Shanghai,67
KeyPers_Shanghai_1230010,Ingénieur Data,Shanghai,72
KeyPers_Shanghai_1230011,Ingénieur Data,Shanghai,66
KeyPers_Shanghai_1230012,Ingénieur Data,Shanghai,76
KeyPers_Shanghai_1230013,Cadre,Shanghai,39
KeyPers_Shanghai_1230014,Ingénieur Data,Shanghai,88
KeyPers_Shanghai_1230015,Cadre,Shanghai,25
KeyPers_Shanghai_1230016,Ingénieur Informaticien,Shanghai,45
KeyPers_Shanghai_1230017,Ingénieur Informaticien,Shanghai,59
KeyPers_Shanghai_1230018,Cadre,Shanghai,89
KeyPers_Shanghai_1230019,Ingénieur Informaticien,Shanghai,60
KeyPers_Shanghai_1230020,Cadre,Shanghai,38
KeyPers_Shanghai_1230021,Ingénieur Informaticien,Shanghai,32
KeyPers_Shanghai_1230022,Economiste,Shanghai,53
KeyPers_Shanghai_1230023,Ingénieur Informaticien,Shanghai,84
KeyPers_Shanghai_1230024,Ingénieur Data,Shanghai,38
KeyPers_Shanghai_1230025,Cadre,Shanghai,47
KeyPers_Shanghai_1230026,DRH,Shanghai,71
KeyPers_Shanghai_1230027,Ingénieur Informaticien,Shanghai,48
KeyPers_Shanghai_1230028,Cadre,Shanghai,61
KeyPers_Shanghai_1230029,Ingénieur Informaticien,Shanghai,85
KeyPers_Shanghai_1230030,Cadre,Shanghai,74
KeyPers_Shanghai_1230031,Ingénieur Informaticien,Shanghai,26
KeyPers_Shanghai_1230032,Ingénieur Informaticien,Shanghai,66
KeyPers_Shanghai_1230033,Cadre,Shanghai,58
KeyPers_Shanghai_1230034,Ingénieur Informaticien,Shanghai,89
KeyPers_Shanghai_1230035,Ingénieur Informaticien,Shanghai,89
KeyPers_Shanghai_1230036,Ingénieur Data,Shanghai,33
KeyPers_Shanghai_1230037,Cadre,Shanghai,35
KeyPers_Shanghai_1230038,Ingénieur Informaticien,Shanghai,91
KeyPers_Shanghai_1230039,Ingénieur Data,Shanghai,68
KeyPers_Shanghai_1230040,Ingénieur Data,Shanghai,67
KeyPers_Shanghai_1230041,Cadre,Shanghai,29
KeyPers_Shanghai_1230042,Cadre,Shanghai,94
KeyPers_Shanghai_1230043,Ingénieur Informaticien,Shanghai,95
KeyPers_Shanghai_1230044,Cadre,Shanghai,62
KeyPers_Shanghai_1230045,Cadre,Shanghai,61
KeyPers_Shanghai_1230046,Cadre,Shanghai,93
KeyPers_Shanghai_1230047,Ingénieur Informaticien,Shanghai,44
KeyPers_Shanghai_1230048,Cadre,Shanghai,91
KeyPers_Shanghai_1230049,Cadre,Shanghai,65
KeyPers_Shanghai_1230050,Ingénieur Informaticien,Shanghai,37
KeyPers_Shanghai_1230051,Ingénieur Informaticien,Shanghai,33
KeyPers_Shanghai_1230052,Cadre,Shanghai,88
KeyPers_Shanghai_1230053,Ingénieur Informaticien,Shanghai,92
KeyPers_Shanghai_1230054,Ingénieur Informaticien,Shanghai,25
KeyPers_Shanghai_1230055,Ingénieur Informaticien,Shanghai,58
KeyPers_Shanghai_1230056,Ingénieur Data,Shanghai,32
KeyPers_Shanghai_1230057,Ingénieur Data,Shanghai,41
KeyPers_Shanghai_1230058,Ingénieur Informaticien,Shanghai,24
KeyPers_Shanghai_1230059,Ingénieur Data,Shanghai,28
KeyPers_Shanghai_1230060,Ingénieur Data,Shanghai,26
KeyPers_Shanghai_1230061,Ingénieur Informaticien,Shanghai,91
KeyPers_Shanghai_1230062,Ingénieur Informaticien,Shanghai,84
KeyPers_Shanghai_1230063,Ingénieur Informaticien,Shanghai,79
KeyPers_Shanghai_1230064,Cadre,Shanghai,88
KeyPers_Shanghai_1230065,Ingénieur Data,Shanghai,29
KeyPers_Shanghai_1230066,Ingénieur Data,Shanghai,72
KeyPers_Shanghai_1230067,Ingénieur Data,Shanghai,70
KeyPers_Shanghai_1230068,Cadre,Shanghai,46
KeyPers_Shanghai_1230069,Ingénieur Data,Shanghai,33
KeyPers_Shanghai_1230070,Ingénieur Informaticien,Shanghai,96
KeyPers_Shanghai_1230071,Ingénieur Informaticien,Shanghai,95
KeyPers_Shanghai_1230072,Ingénieur Informaticien,Shanghai,39
KeyPers_Shanghai_1230073,Ingénieur Data,Shanghai,95
KeyPers_Shanghai_1230074,Ingénieur Informaticien,Shanghai,39
KeyPers_Shanghai_1230075,Ingénieur Data,Shanghai,87
KeyPers_Shanghai_1230076,Ingénieur Data,Shanghai,79
KeyPers_Shanghai_1230077,Ingénieur Informaticien,Shanghai,69
KeyPers_Shanghai_1230078,Ingénieur Data,Shanghai,66
KeyPers_Shanghai_1230079,Cadre,Shanghai,63
KeyPers_Shanghai_1230080,Cadre,Shanghai,58
KeyPers_Shanghai_1230081,Ingénieur Informaticien,Shanghai,34
KeyPers_Shanghai_1230082,Ingénieur Informaticien,Shanghai,26
KeyPers_Shanghai_1230083,Ingénieur Data,Shanghai,68
KeyPers_Shanghai_1230084,Ingénieur Informaticien,Shanghai,94
KeyPers_Shanghai_1230085,Ingénieur Data,Shanghai,84
KeyPers_Shanghai_1230086,Ingénieur Informaticien,Shanghai,86
KeyPers_Shanghai_1230087,Ingénieur Data,Shanghai,86
KeyPers_Shanghai_1230088,Ingénieur Data,Shanghai,61
KeyPers_Shanghai_1230089,Cadre,Shanghai,81
KeyPers_Shanghai_1230090,Ingénieur Data,Shanghai,95
KeyPers_Shanghai_1230091,Ingénieur Data,Shanghai,86
KeyPers_Shanghai_1230092,Ingénieur Informaticien,Shanghai,25
KeyPers_Shanghai_1230093,Ingénieur Informaticien,Shanghai,84
KeyPers_Shanghai_1230094,Cadre,Shanghai,60
KeyPers_Shanghai_1230095,Ingénieur Informaticien,Shanghai,27
KeyPers_Shanghai_1230096,Cadre,Shanghai,79
KeyPers_Shanghai_1230097,Cadre,Shanghai,89
KeyPers_Shanghai_1230098,Ingénieur Informaticien,Shanghai,71
KeyPers_Shanghai_1230099,Ingénieur Data,Shanghai,53
KeyPers_Shanghai_1230100,Ingénieur Data,Shanghai,82
KeyPers_Shanghai_1230101,Ingénieur Informaticien,Shanghai,35
KeyPers_Shanghai_1230102,Ingénieur Informaticien,Shanghai,48
KeyPers_Shanghai_1230103,Economiste,Shanghai,32
KeyPers_Shanghai_1230104,Ingénieur Informaticien,Shanghai,58
KeyPers_Shanghai_1230105,Ingénieur Informaticien,Shanghai,74
KeyPers_Shanghai_1230106,Ingénieur Data,Shanghai,41
KeyPers_Shanghai_1230107,Economiste,Shanghai,53
KeyPers_Shanghai_1230108,Ingénieur Data,Shanghai,26
KeyPers_Shanghai_1230109,Economiste,Shanghai,56
KeyPers_Shanghai_1230110,Ingénieur Data,Shanghai,61
KeyPers_Shanghai_1230111,Ingénieur Data,Shanghai,31
KeyPers_Shanghai_1230112,Ingénieur Data,Shanghai,24
KeyPers_Shanghai_1230113,Ingénieur Data,Shanghai,59
KeyPers_Shanghai_1230114,Ingénieur Informaticien,Shanghai,64
KeyPers_Shanghai_1230115,Ingénieur Data,Shanghai,71
KeyPers_Shanghai_1230116,Cadre,Shanghai,86
KeyPers_Shanghai_1230117,Ingénieur Data,Shanghai,34
KeyPers_Shanghai_1230118,Cadre,Shanghai,50
KeyPers_Shanghai_1230119,Cadre,Shanghai,86
KeyPers_Shanghai_1230120,Ingénieur Data,Shanghai,61
KeyPers_Shanghai_1230121,Ingénieur Data,Shanghai,29
KeyPers_Shanghai_1230122,Ingénieur Data,Shanghai,45
KeyPers_Shanghai_1230123,Cadre,Shanghai,50
KeyPers_Shanghai_1230124,Cadre,Shanghai,77
KeyPers_Shanghai_1230125,Ingénieur Informaticien,Shanghai,44
KeyPers_Shanghai_1230126,Cadre,Shanghai,37
KeyPers_Shanghai_1230127,Ingénieur Informaticien,Shanghai,94
KeyPers_Shanghai_1230128,Ingénieur Informaticien,Shanghai,49
KeyPers_Shanghai_1230129,Ingénieur Informaticien,Shanghai,63
KeyPers_Shanghai_1230130,Cadre,Shanghai,70
KeyPers_Shanghai_1230131,Ingénieur Informaticien,Shanghai,72
KeyPers_Shanghai_1230132,Ingénieur Data,Shanghai,79
KeyPers_Shanghai_1230133,Ingénieur Data,Shanghai,95
KeyPers_Shanghai_1230134,Cadre,Shanghai,61
KeyPers_Shanghai_1230135,Cadre,Shanghai,74
KeyPers_Shanghai_1230136,Ingénieur Data,Shanghai,44
KeyPers_Shanghai_1230137,Ingénieur Data,Shanghai,64
KeyPers_Shanghai_1230138,Ingénieur Data,Shanghai,40
KeyPers_Shanghai_1230139,Ingénieur Informaticien,Shanghai,43
KeyPers_Shanghai_1230140,Ingénieur Data,Shanghai,34
KeyPers_Shanghai_1230141,Ingénieur Data,Shanghai,83
KeyPers_Shanghai_1230142,Ingénieur Informaticien,Shanghai,50
KeyPers_Shanghai_1230143,Ingénieur Informaticien,Shanghai,70
KeyPers_Shanghai_1230144,Ingénieur Informaticien,Shanghai,54
KeyPers_Shanghai_1230145,Ingénieur Data,Shanghai,88
KeyPers_Shanghai_1230146,Economiste,Shanghai,50
KeyPers_Shanghai_1230147,Ingénieur Data,Shanghai,80
KeyPers_Shanghai_1230148,Ingénieur Data,Shanghai,64
KeyPers_Shanghai_1230149,Ingénieur Informaticien,Shanghai,71
KeyPers_Shanghai_1230150,Ingénieur Informaticien,Shanghai,33
KeyPers_Shanghai_1230151,Ingénieur Data,Shanghai,53
KeyPers_Shanghai_1230152,Ingénieur Informaticien,Shanghai,53
KeyPers_Shanghai_1230153,Ingénieur Informaticien,Shanghai,55
KeyPers_Shanghai_1230154,Ingénieur Informaticien,Shanghai,40
KeyPers_Shanghai_1230155,Ingénieur Data,Shanghai,72
KeyPers_Shanghai_1230156,Ingénieur Data,Shanghai,28
KeyPers_Shanghai_1230157,Ingénieur Informaticien,Shanghai,55
KeyPers_Shanghai_1230158,Cadre,Shanghai,74
KeyPers_Shanghai_1230159,Cadre,Shanghai,81
KeyPers_Shanghai_1230160,Cadre,Shanghai,25
KeyPers_Shanghai_1230161,Economiste,Shanghai,41
KeyPers_Shanghai_1230162,Ingénieur Informaticien,Shanghai,41
KeyPers_Shanghai_1230163,Ingénieur Data,Shanghai,51
KeyPers_Shanghai_1230164,Ingénieur Informaticien,Shanghai,70
KeyPers_Shanghai_1230165,Ingénieur Data,Shanghai,48
KeyPers_Shanghai_1230166,Ingénieur Informaticien,Shanghai,32
KeyPers_Shanghai_1230167,Ingénieur Data,Shanghai,72
KeyPers_Shanghai_1230168,Ingénieur Informaticien,Shanghai,56
KeyPers_Shanghai_1230169,Cadre,Shanghai,52
KeyPers_Shanghai_1230170,Ingénieur Informaticien,Shanghai,64
KeyPers_Shanghai_1230171,Ingénieur Informaticien,Shanghai,25
KeyPers_Shanghai_1230172,Cadre,Shanghai,44
KeyPers_Shanghai_1230173,Ingénieur Data,Shanghai,52
KeyPers_Shanghai_1230174,Ingénieur Informaticien,Shanghai,29
KeyPers_Shanghai_1230175,Ingénieur Informaticien,Shanghai,50
KeyPers_Shanghai_1230176,Ingénieur Data,Shanghai,61
KeyPers_Shanghai_1230177,Ingénieur Data,Shanghai,25
KeyPers_Shanghai_1230178,Ingénieur Informaticien,Shanghai,71
KeyPers_Shanghai_1230179,Cadre,Shanghai,91
KeyPers_Shanghai_1230180,Ingénieur Data,Shanghai,85
KeyPers_Shanghai_1230181,Ingénieur Informaticien,Shanghai,29
KeyPers_Shanghai_1230182,Ingénieur Informaticien,Shanghai,56
KeyPers_Shanghai_1230183,Ingénieur Informaticien,Shanghai,35
KeyPers_Shanghai_1230184,Ingénieur Data,Shanghai,58
KeyPers_Shanghai_1230185,Ingénieur Data,Shanghai,55
KeyPers_Shanghai_1230186,Ingénieur Informaticien,Shanghai,61
KeyPers_Shanghai_1230187,Ingénieur Data,Shanghai,73
KeyPers_Shanghai_1230188,Ingénieur Data,Shanghai,70
KeyPers_Shanghai_1230189,Cadre,Shanghai,89
KeyPers_Shanghai_1230190,Cadre,Shanghai,74
KeyPers_Shanghai_1230191,Ingénieur Data,Shanghai,59
KeyPers_Shanghai_1230192,Ingénieur Informaticien,Shanghai,30
KeyPers_Shanghai_1230193,Ingénieur Data,Shanghai,74
KeyPers_Shanghai_1230194,Ingénieur Data,Shanghai,76
KeyPers_Shanghai_1230195,Economiste,Shanghai,91
KeyPers_Shanghai_1230196,Ingénieur Data,Shanghai,94
KeyPers_Shanghai_1230197,Ingénieur Informaticien,Shanghai,65
KeyPers_Shanghai_1230198,Ingénieur Informaticien,Shanghai,94
KeyPers_Shanghai_1230199,Economiste,Shanghai,94
KeyPers_Shanghai_1230200,Ingénieur Informaticien,Shanghai,37
KeyPers_Shanghai_1230201,Ingénieur Informaticien,Shanghai,45
KeyPers_Shanghai_1230202,Ingénieur Data,Shanghai,92
KeyPers_Shanghai_1230203,Ingénieur Data,Shanghai,77
KeyPers_Shanghai_1230204,Ingénieur Data,Shanghai,43
KeyPers_Shanghai_1230205,Cadre,Shanghai,36
KeyPers_Shanghai_1230206,Ingénieur Data,Shanghai,63
KeyPers_Shanghai_1230207,Economiste,Shanghai,75
KeyPers_Shanghai_1230208,Ingénieur Data,Shanghai,56
KeyPers_Shanghai_1230209,Ingénieur Data,Shanghai,94
KeyPers_Shanghai_1230210,Ingénieur Data,Shanghai,32
KeyPers_Shanghai_1230211,Ingénieur Data,Shanghai,42
KeyPers_Shanghai_1230212,Ingénieur Data,Shanghai,90
KeyPers_Shanghai_1230213,Ingénieur Informaticien,Shanghai,80
KeyPers_Shanghai_1230214,Ingénieur Data,Shanghai,81
KeyPers_Shanghai_1230215,Cadre,Shanghai,25
KeyPers_Shanghai_1230216,Ingénieur Informaticien,Shanghai,90
KeyPers_Shanghai_1230217,Ingénieur Data,Shanghai,73
KeyPers_Shanghai_1230218,Ingénieur Informaticien,Shanghai,86
KeyPers_Shanghai_1230219,Ingénieur Data,Shanghai,56
KeyPers_Shanghai_1230220,Cadre,Shanghai,96
KeyPers_Shanghai_1230221,Ingénieur Data,Shanghai,83
KeyPers_Shanghai_1230222,Ingénieur Informaticien,Shanghai,24
KeyPers_Shanghai_1230223,Ingénieur Data,Shanghai,26
KeyPers_Shanghai_1230224,Ingénieur Informaticien,Shanghai,90
KeyPers_Shanghai_1230225,Economiste,Shanghai,26
KeyPers_Shanghai_1230226,Ingénieur Data,Shanghai,73
KeyPers_Shanghai_1230227,Ingénieur Data,Shanghai,29
KeyPers_Shanghai_1230228,Ingénieur Data,Shanghai,86
KeyPers_Shanghai_1230229,Ingénieur Informaticien,Shanghai,50
KeyPers_Shanghai_1230230,Cadre,Shanghai,44
KeyPers_Shanghai_1230231,Ingénieur Informaticien,Shanghai,28
KeyPers_Shanghai_1230232,Cadre,Shanghai,51
KeyPers_Shanghai_1230233,Ingénieur Informaticien,Shanghai,71
KeyPers_Shanghai_1230234,Ingénieur Informaticien,Shanghai,54
KeyPers_Shanghai_1230235,Ingénieur Informaticien,Shanghai,31
KeyPers_Shanghai_1230236,Ingénieur Informaticien,Shanghai,38
KeyPers_Shanghai_1230237,Ingénieur Data,Shanghai,69
KeyPers_Shanghai_1230238,Ingénieur Data,Shanghai,82
KeyPers_Shanghai_1230239,Ingénieur Informaticien,Shanghai,59
KeyPers_Shanghai_1230240,Cadre,Shanghai,73
KeyPers_Shanghai_1230241,Ingénieur Informaticien,Shanghai,46
KeyPers_Shanghai_1230242,Ingénieur Informaticien,Shanghai,43
KeyPers_Shanghai_1230243,Economiste,Shanghai,69
KeyPers_Shanghai_1230244,Cadre,Shanghai,58
KeyPers_Shanghai_1230245,Ingénieur Data,Shanghai,79
KeyPers_Shanghai_1230246,Cadre,Shanghai,70
KeyPers_Shanghai_1230247,Ingénieur Data,Shanghai,35
KeyPers_Shanghai_1230248,Ingénieur Informaticien,Shanghai,74
KeyPers_Shanghai_1230249,Ingénieur Informaticien,Shanghai,29
KeyPers_Shanghai_1230250,DRH,Shanghai,30
KeyPers_Shanghai_1230251,Ingénieur Informaticien,Shanghai,28
KeyPers_Shanghai_1230252,Cadre,Shanghai,75
KeyPers_Shanghai_1230253,Ingénieur Data,Shanghai,42
KeyPers_Shanghai_1230254,Ingénieur Data,Shanghai,47
KeyPers_Shanghai_1230255,Ingénieur Data,Shanghai,46
KeyPers_Shanghai_1230256,Ingénieur Informaticien,Shanghai,37
KeyPers_Shanghai_1230257,Ingénieur Data,Shanghai,68
KeyPers_Shanghai_1230258,Ingénieur Informaticien,Shanghai,72
KeyPers_Shanghai_1230259,Cadre,Shanghai,91
KeyPers_Shanghai_1230260,Ingénieur Data,Shanghai,50
KeyPers_Shanghai_1230261,Ingénieur Informaticien,Shanghai,74
KeyPers_Shanghai_1230262,Ingénieur Informaticien,Shanghai,53
KeyPers_Shanghai_1230263,Ingénieur Informaticien,Shanghai,75
KeyPers_Shanghai_1230264,Ingénieur Informaticien,Shanghai,51
KeyPers_Shanghai_1230265,Ingénieur Data,Shanghai,24
KeyPers_Shanghai_1230266,Ingénieur Data,Shanghai,26
KeyPers_Shanghai_1230267,Ingénieur Informaticien,Shanghai,92
KeyPers_Shanghai_1230268,Ingénieur Data,Shanghai,63
KeyPers_Shanghai_1230269,Ingénieur Data,Shanghai,55
KeyPers_Shanghai_1230270,Ingénieur Data,Shanghai,72
KeyPers_Shanghai_1230271,Cadre,Shanghai,65
KeyPers_Shanghai_1230272,Ingénieur Data,Shanghai,34
KeyPers_Shanghai_1230273,Ingénieur Informaticien,Shanghai,56
KeyPers_Shanghai_1230274,Ingénieur Data,Shanghai,52
KeyPers_Shanghai_1230275,Cadre,Shanghai,45
KeyPers_Shanghai_1230276,Ingénieur Data,Shanghai,40
KeyPers_Shanghai_1230277,Ingénieur Informaticien,Shanghai,30
KeyPers_Shanghai_1230278,Ingénieur Data,Shanghai,95
KeyPers_Shanghai_1230279,Ingénieur Informaticien,Shanghai,28
KeyPers_Shanghai_1230280,Ingénieur Data,Shanghai,87
KeyPers_Shanghai_1230281,Cadre,Shanghai,31
KeyPers_Shanghai_1230282,Ingénieur Data,Shanghai,91
KeyPers_Shanghai_1230283,Cadre,Shanghai,72
KeyPers_Shanghai_1230284,Ingénieur Informaticien,Shanghai,80
KeyPers_Shanghai_1230285,Economiste,Shanghai,58
KeyPers_Shanghai_1230286,Ingénieur Data,Shanghai,63
KeyPers_Shanghai_1230287,Ingénieur Data,Shanghai,91
KeyPers_Shanghai_1230288,Economiste,Shanghai,57
KeyPers_Shanghai_1230289,Ingénieur Informaticien,Shanghai,80
KeyPers_Shanghai_1230290,Ingénieur Informaticien,Shanghai,68
KeyPers_Shanghai_1230291,Ingénieur Informaticien,Shanghai,93
KeyPers_Shanghai_1230292,Ingénieur Informaticien,Shanghai,86
KeyPers_Shanghai_1230293,Ingénieur Informaticien,Shanghai,75
KeyPers_Shanghai_1230294,Ingénieur Informaticien,Shanghai,47
KeyPers_Shanghai_1230295,Ingénieur Informaticien,Shanghai,46
KeyPers_Shanghai_1230296,Ingénieur Informaticien,Shanghai,51
KeyPers_Shanghai_1230297,Ingénieur Data,Shanghai,33
KeyPers_Shanghai_1230298,Ingénieur Informaticien,Shanghai,57
KeyPers_Shanghai_1230299,Ingénieur Informaticien,Shanghai,62
KeyPers_Shanghai_1230300,Ingénieur Data,Shanghai,75
KeyPers_Shanghai_1230301,Cadre,Shanghai,84
KeyPers_Shanghai_1230302,Economiste,Shanghai,50
KeyPers_Shanghai_1230303,Cadre,Shanghai,76
KeyPers_Shanghai_1230304,Ingénieur Data,Shanghai,59
KeyPers_Shanghai_1230305,Cadre,Shanghai,57
KeyPers_Shanghai_1230306,Ingénieur Data,Shanghai,76
KeyPers_Shanghai_1230307,Ingénieur Data,Shanghai,67
KeyPers_Shanghai_1230308,Cadre,Shanghai,61
KeyPers_Shanghai_1230309,Ingénieur Informaticien,Shanghai,33
KeyPers_Shanghai_1230310,Ingénieur Data,Shanghai,84
KeyPers_Shanghai_1230311,Economiste,Shanghai,34
KeyPers_Shanghai_1230312,Ingénieur Informaticien,Shanghai,75
KeyPers_Shanghai_1230313,Ingénieur Data,Shanghai,41
KeyPers_Shanghai_1230314,Cadre,Shanghai,87
KeyPers_Shanghai_1230315,Ingénieur Data,Shanghai,42
KeyPers_Shanghai_1230316,Ingénieur Informaticien,Shanghai,81
KeyPers_Shanghai_1230317,Ingénieur Data,Shanghai,39
KeyPers_Shanghai_1230318,Economiste,Shanghai,79
KeyPers_Shanghai_1230319,Cadre,Shanghai,77
KeyPers_Shanghai_1230320,Ingénieur Informaticien,Shanghai,76
KeyPers_Shanghai_1230321,Ingénieur Data,Shanghai,69
KeyPers_Shanghai_1230322,Ingénieur Informaticien,Shanghai,48
KeyPers_Shanghai_1230323,DRH,Shanghai,48
KeyPers_Shanghai_1230324,Ingénieur Informaticien,Shanghai,88
KeyPers_Shanghai_1230325,Ingénieur Informaticien,Shanghai,47
KeyPers_Shanghai_1230326,Ingénieur Informaticien,Shanghai,67
KeyPers_Shanghai_1230327,Ingénieur Data,Shanghai,61
KeyPers_Shanghai_1230328,Ingénieur Data,Shanghai,73
KeyPers_Shanghai_1230329,Ingénieur Informaticien,Shanghai,46
KeyPers_Shanghai_1230330,Ingénieur Informaticien,Shanghai,88
KeyPers_Shanghai_1230331,Ingénieur Informaticien,Shanghai,38
KeyPers_Shanghai_1230332,Ingénieur Informaticien,Shanghai,42
KeyPers_Shanghai_1230333,Ingénieur Informaticien,Shanghai,45
KeyPers_Shanghai_1230334,Ingénieur Data,Shanghai,89
KeyPers_Shanghai_1230335,Ingénieur Informaticien,Shanghai,81
KeyPers_Shanghai_1230336,Ingénieur Data,Shanghai,74
KeyPers_Shanghai_1230337,Ingénieur Data,Shanghai,35
KeyPers_Shanghai_1230338,Cadre,Shanghai,76
KeyPers_Shanghai_1230339,Ingénieur Informaticien,Shanghai,65
KeyPers_Shanghai_1230340,Ingénieur Informaticien,Shanghai,72
KeyPers_Shanghai_1230341,Ingénieur Data,Shanghai,66
KeyPers_Shanghai_1230342,Cadre,Shanghai,53
KeyPers_Shanghai_1230343,Ingénieur Informaticien,Shanghai,68
KeyPers_Shanghai_1230344,Ingénieur Informaticien,Shanghai,86
KeyPers_Shanghai_1230345,Ingénieur Data,Shanghai,50
KeyPers_Shanghai_1230346,Ingénieur Informaticien,Shanghai,95
KeyPers_Shanghai_1230347,Ingénieur Data,Shanghai,30
KeyPers_Shanghai_1230348,Ingénieur Informaticien,Shanghai,63
KeyPers_Shanghai_1230349,Cadre,Shanghai,76
KeyPers_Shanghai_1230350,Ingénieur Informaticien,Shanghai,50
KeyPers_Shanghai_1230351,Ingénieur Informaticien,Shanghai,73
KeyPers_Shanghai_1230352,Ingénieur Informaticien,Shanghai,58
KeyPers_Shanghai_1230353,Economiste,Shanghai,43
KeyPers_Shanghai_1230354,Ingénieur Informaticien,Shanghai,71
KeyPers_Shanghai_1230355,Ingénieur Data,Shanghai,42
KeyPers_Shanghai_1230356,Ingénieur Data,Shanghai,31
KeyPers_Shanghai_1230357,Ingénieur Data,Shanghai,79
KeyPers_Shanghai_1230358,Ingénieur Data,Shanghai,48
KeyPers_Shanghai_1230359,DRH,Shanghai,38
KeyPers_Shanghai_1230360,Ingénieur Data,Shanghai,45
KeyPers_Shanghai_1230361,Ingénieur Data,Shanghai,25
KeyPers_Shanghai_1230362,Ingénieur Data,Shanghai,74
KeyPers_Shanghai_1230363,Ingénieur Data,Shanghai,62
KeyPers_Shanghai_1230364,Ingénieur Informaticien,Shanghai,71
KeyPers_Shanghai_1230365,Ingénieur Data,Shanghai,96
KeyPers_Shanghai_1230366,Ingénieur Data,Shanghai,55
KeyPers_Shanghai_1230367,Economiste,Shanghai,68
KeyPers_Shanghai_1230368,Ingénieur Informaticien,Shanghai,76
KeyPers_Shanghai_1230369,Cadre,Shanghai,56
KeyPers_Shanghai_1230370,Ingénieur Informaticien,Shanghai,53
KeyPers_Shanghai_1230371,Ingénieur Data,Shanghai,55
KeyPers_Shanghai_1230372,Economiste,Shanghai,50
KeyPers_Shanghai_1230373,Ingénieur Informaticien,Shanghai,33
KeyPers_Shanghai_1230374,DRH,Shanghai,35
KeyPers_Shanghai_1230375,Ingénieur Informaticien,Shanghai,74
KeyPers_Shanghai_1230376,Ingénieur Data,Shanghai,88
KeyPers_Shanghai_1230377,Ingénieur Informaticien,Shanghai,87
KeyPers_Shanghai_1230378,Cadre,Shanghai,42
KeyPers_Shanghai_1230379,Ingénieur Informaticien,Shanghai,57
KeyPers_Shanghai_1230380,Ingénieur Informaticien,Shanghai,42
KeyPers_Shanghai_1230381,Ingénieur Informaticien,Shanghai,52
KeyPers_Shanghai_1230382,Ingénieur Data,Shanghai,36
KeyPers_Shanghai_1230383,Cadre,Shanghai,78
KeyPers_Shanghai_1230384,Ingénieur Informaticien,Shanghai,91
KeyPers_Shanghai_1230385,Ingénieur Data,Shanghai,26
KeyPers_Shanghai_1230386,Ingénieur Data,Shanghai,39
KeyPers_Shanghai_1230387,Ingénieur Data,Shanghai,94
KeyPers_Shanghai_1230388,Ingénieur Data,Shanghai,40
KeyPers_Shanghai_1230389,Ingénieur Informaticien,Shanghai,93
KeyPers_Shanghai_1230390,Ingénieur Data,Shanghai,74
KeyPers_Shanghai_1230391,Ingénieur Data,Shanghai,27
KeyPers_Shanghai_1230392,Ingénieur Informaticien,Shanghai,76
KeyPers_Shanghai_1230393,Ingénieur Data,Shanghai,47
KeyPers_Shanghai_1230394,Ingénieur Data,Shanghai,85
KeyPers_Shanghai_1230395,Ingénieur Informaticien,Shanghai,60
KeyPers_Shanghai_1230396,Ingénieur Informaticien,Shanghai,72
KeyPers_Shanghai_1230397,Ingénieur Data,Shanghai,90
KeyPers_Shanghai_1230398,Ingénieur Informaticien,Shanghai,72
KeyPers_Shanghai_1230399,Cadre,Shanghai,45
KeyPers_Shanghai_1230400,Ingénieur Informaticien,Shanghai,64
KeyPers_Shanghai_1230401,Ingénieur Informaticien,Shanghai,80
KeyPers_Shanghai_1230402,Ingénieur Data,Shanghai,39
KeyPers_Shanghai_1230403,Ingénieur Informaticien,Shanghai,27
KeyPers_Shanghai_1230404,Ingénieur Data,Shanghai,65
KeyPers_Shanghai_1230405,Ingénieur Informaticien,Shanghai,61
KeyPers_Shanghai_1230406,Cadre,Shanghai,44
KeyPers_Shanghai_1230407,Ingénieur Informaticien,Shanghai,37
KeyPers_Shanghai_1230408,Ingénieur Data,Shanghai,47
KeyPers_Shanghai_1230409,Economiste,Shanghai,60
KeyPers_Shanghai_1230410,Ingénieur Data,Shanghai,60
KeyPers_Shanghai_1230411,Cadre,Shanghai,60
KeyPers_Shanghai_1230412,Economiste,Shanghai,79
KeyPers_Shanghai_1230413,Cadre,Shanghai,79
KeyPers_Shanghai_1230414,Economiste,Shanghai,89
KeyPers_Shanghai_1230415,Ingénieur Data,Shanghai,69
KeyPers_Shanghai_1230416,Ingénieur Informaticien,Shanghai,93
KeyPers_Shanghai_1230417,Ingénieur Informaticien,Shanghai,27
KeyPers_Shanghai_1230418,Cadre,Shanghai,63
KeyPers_Shanghai_1230419,Economiste,Shanghai,52
KeyPers_Shanghai_1230420,Cadre,Shanghai,52
KeyPers_Shanghai_1230421,Ingénieur Data,Shanghai,84
KeyPers_Shanghai_1230422,Ingénieur Data,Shanghai,60
KeyPers_Shanghai_1230423,Ingénieur Informaticien,Shanghai,46
KeyPers_Shanghai_1230424,Ingénieur Data,Shanghai,40
KeyPers_Shanghai_1230425,Ingénieur Data,Shanghai,90
KeyPers_Shanghai_1230426,DRH,Shanghai,61
KeyPers_Shanghai_1230427,Ingénieur Informaticien,Shanghai,48
KeyPers_Shanghai_1230428,Cadre,Shanghai,92
KeyPers_Shanghai_1230429,Cadre,Shanghai,29
KeyPers_Shanghai_1230430,Ingénieur Data,Shanghai,29
KeyPers_Shanghai_1230431,Ingénieur Informaticien,Shanghai,79
KeyPers_Shanghai_1230432,Ingénieur Informaticien,Shanghai,71
KeyPers_Shanghai_1230433,Ingénieur Informaticien,Shanghai,78
KeyPers_Shanghai_1230434,Ingénieur Data,Shanghai,76
KeyPers_Shanghai_1230435,Ingénieur Informaticien,Shanghai,91
KeyPers_Shanghai_1230436,Ingénieur Informaticien,Shanghai,79
KeyPers_Shanghai_1230437,Ingénieur Data,Shanghai,66
KeyPers_Shanghai_1230438,Ingénieur Data,Shanghai,38
KeyPers_Shanghai_1230439,Ingénieur Informaticien,Shanghai,84
KeyPers_Shanghai_1230440,Ingénieur Informaticien,Shanghai,58
KeyPers_Shanghai_1230441,Cadre,Shanghai,62
KeyPers_Shanghai_1230442,Ingénieur Data,Shanghai,58
KeyPers_Shanghai_1230443,Ingénieur Data,Shanghai,94
KeyPers_Shanghai_1230444,Ingénieur Informaticien,Shanghai,78
KeyPers_Shanghai_1230445,Cadre,Shanghai,77
KeyPers_Shanghai_1230446,Cadre,Shanghai,49
KeyPers_Shanghai_1230447,Ingénieur Informaticien,Shanghai,58
KeyPers_Shanghai_1230448,Economiste,Shanghai,38
KeyPers_Shanghai_1230449,Ingénieur Data,Shanghai,71
KeyPers_Shanghai_1230450,Ingénieur Informaticien,Shanghai,40
KeyPers_Shanghai_1230451,Cadre,Shanghai,63
KeyPers_Shanghai_1230452,Ingénieur Informaticien,Shanghai,83
KeyPers_Shanghai_1230453,Ingénieur Informaticien,Shanghai,27
KeyPers_Shanghai_1230454,Ingénieur Data,Shanghai,74
KeyPers_Shanghai_1230455,Ingénieur Informaticien,Shanghai,27
KeyPers_Shanghai_1230456,Ingénieur Informaticien,Shanghai,42
KeyPers_Shanghai_1230457,Ingénieur Informaticien,Shanghai,73
KeyPers_Shanghai_1230458,Cadre,Shanghai,86
KeyPers_Shanghai_1230459,Ingénieur Data,Shanghai,81
KeyPers_Shanghai_1230460,Ingénieur Data,Shanghai,52
KeyPers_Shanghai_1230461,Ingénieur Informaticien,Shanghai,45
KeyPers_Shanghai_1230462,Ingénieur Informaticien,Shanghai,71
KeyPers_Shanghai_1230463,Ingénieur Data,Shanghai,36
KeyPers_Shanghai_1230464,Ingénieur Informaticien,Shanghai,90
KeyPers_Shanghai_1230465,Cadre,Shanghai,40
KeyPers_Shanghai_1230466,Cadre,Shanghai,49
KeyPers_Shanghai_1230467,Ingénieur Informaticien,Shanghai,78
KeyPers_Shanghai_1230468,Ingénieur Data,Shanghai,45
KeyPers_Shanghai_1230469,Ingénieur Informaticien,Shanghai,32
KeyPers_Shanghai_1230470,Ingénieur Informaticien,Shanghai,48
KeyPers_Shanghai_1230471,Economiste,Shanghai,25
KeyPers_Shanghai_1230472,Ingénieur Data,Shanghai,63
KeyPers_Shanghai_1230473,Ingénieur Data,Shanghai,94
KeyPers_Shanghai_1230474,Cadre,Shanghai,66
KeyPers_Shanghai_1230475,Cadre,Shanghai,56
KeyPers_Shanghai_1230476,Ingénieur Informaticien,Shanghai,36
KeyPers_Shanghai_1230477,Cadre,Shanghai,29
KeyPers_Shanghai_1230478,Ingénieur Informaticien,Shanghai,29
KeyPers_Shanghai_1230479,Ingénieur Informaticien,Shanghai,82
KeyPers_Shanghai_1230480,Ingénieur Data,Shanghai,43
KeyPers_Shanghai_1230481,Ingénieur Informaticien,Shanghai,65
KeyPers_Shanghai_1230482,Ingénieur Informaticien,Shanghai,35
KeyPers_Shanghai_1230483,Ingénieur Data,Shanghai,93
KeyPers_Shanghai_1230484,Ingénieur Informaticien,Shanghai,45
KeyPers_Shanghai_1230485,Ingénieur Data,Shanghai,50
KeyPers_Shanghai_1230486,Ingénieur Informaticien,Shanghai,67
KeyPers_Shanghai_1230487,Ingénieur Informaticien,Shanghai,67
KeyPers_Shanghai_1230488,Ingénieur Data,Shanghai,48
KeyPers_Shanghai_1230489,Ingénieur Data,Shanghai,44
KeyPers_Shanghai_1230490,Ingénieur Data,Shanghai,91
KeyPers_Shanghai_1230491,Ingénieur Data,Shanghai,53
KeyPers_Shanghai_1230492,Ingénieur Data,Shanghai,45
KeyPers_Shanghai_1230493,Cadre,Shanghai,62
KeyPers_Shanghai_1230494,Ingénieur Informaticien,Shanghai,29
KeyPers_Shanghai_1230495,Ingénieur Data,Shanghai,46
KeyPers_Shanghai_1230496,Ingénieur Informaticien,Shanghai,66
KeyPers_Shanghai_1230497,Cadre,Shanghai,86
KeyPers_Shanghai_1230498,Ingénieur Data,Shanghai,60
KeyPers_Shanghai_1230499,Ingénieur Informaticien,Shanghai,34
KeyPers_Shanghai_1230500,Cadre,Shanghai,65
KeyPers_Shanghai_1230501,Economiste,Shanghai,39
KeyPers_Shanghai_1230502,Economiste,Shanghai,42
KeyPers_Shanghai_1230503,Ingénieur Informaticien,Shanghai,44
KeyPers_Shanghai_1230504,Ingénieur Informaticien,Shanghai,38
KeyPers_Shanghai_1230505,Ingénieur Data,Shanghai,66
KeyPers_Shanghai_1230506,DRH,Shanghai,68
KeyPers_Shanghai_1230507,Ingénieur Informaticien,Shanghai,43
KeyPers_Shanghai_1230508,Ingénieur Informaticien,Shanghai,60
KeyPers_Shanghai_1230509,Ingénieur Data,Shanghai,58
KeyPers_Shanghai_1230510,Ingénieur Data,Shanghai,71
KeyPers_Shanghai_1230511,Ingénieur Informaticien,Shanghai,42
KeyPers_Shanghai_1230512,Cadre,Shanghai,82
KeyPers_Shanghai_1230513,Cadre,Shanghai,60
KeyPers_Shanghai_1230514,Ingénieur Informaticien,Shanghai,39
KeyPers_Shanghai_1230515,Ingénieur Informaticien,Shanghai,86
KeyPers_Shanghai_1230516,Ingénieur Data,Shanghai,74
KeyPers_Shanghai_1230517,Cadre,Shanghai,52
KeyPers_Shanghai_1230518,Ingénieur Informaticien,Shanghai,92
KeyPers_Shanghai_1230519,Economiste,Shanghai,73
KeyPers_Shanghai_1230520,Ingénieur Data,Shanghai,30
KeyPers_Shanghai_1230521,Ingénieur Data,Shanghai,83
KeyPers_Shanghai_1230522,Ingénieur Informaticien,Shanghai,81
KeyPers_Shanghai_1230523,Economiste,Shanghai,33
KeyPers_Shanghai_1230524,Ingénieur Informaticien,Shanghai,33
KeyPers_Shanghai_1230525,Ingénieur Data,Shanghai,82
KeyPers_Shanghai_1230526,Ingénieur Data,Shanghai,35
KeyPers_Shanghai_1230527,DRH,Shanghai,26
KeyPers_Shanghai_1230528,Economiste,Shanghai,92
KeyPers_Shanghai_1230529,DRH,Shanghai,25
KeyPers_Shanghai_1230530,Economiste,Shanghai,71
KeyPers_Shanghai_1230531,Ingénieur Informaticien,Shanghai,83
KeyPers_Shanghai_1230532,Ingénieur Informaticien,Shanghai,43
KeyPers_Shanghai_1230533,Ingénieur Informaticien,Shanghai,67
KeyPers_Shanghai_1230534,Ingénieur Data,Shanghai,46
KeyPers_Shanghai_1230535,Ingénieur Data,Shanghai,45
KeyPers_Shanghai_1230536,Ingénieur Data,Shanghai,67
KeyPers_Shanghai_1230537,Ingénieur Data,Shanghai,35
KeyPers_Shanghai_1230538,Ingénieur Data,Shanghai,75
KeyPers_Shanghai_1230539,Cadre,Shanghai,36
KeyPers_Shanghai_1230540,Cadre,Shanghai,31
KeyPers_Shanghai_1230541,Ingénieur Data,Shanghai,50
KeyPers_Shanghai_1230542,Ingénieur Informaticien,Shanghai,45
KeyPers_Shanghai_1230543,Ingénieur Data,Shanghai,68
KeyPers_Shanghai_1230544,Ingénieur Informaticien,Shanghai,35
KeyPers_Shanghai_1230545,Ingénieur Data,Shanghai,61
KeyPers_Shanghai_1230546,Ingénieur Informaticien,Shanghai,76
KeyPers_Shanghai_1230547,Ingénieur Data,Shanghai,29
KeyPers_Shanghai_1230548,Ingénieur Data,Shanghai,32
KeyPers_Shanghai_1230549,Economiste,Shanghai,54
KeyPers_Shanghai_1230550,Ingénieur Data,Shanghai,77
KeyPers_Shanghai_1230551,Ingénieur Data,Shanghai,52
KeyPers_Shanghai_1230552,Ingénieur Data,Shanghai,52
KeyPers_Shanghai_1230553,Ingénieur Informaticien,Shanghai,67
KeyPers_Shanghai_1230554,Ingénieur Data,Shanghai,52
KeyPers_Shanghai_1230555,Ingénieur Informaticien,Shanghai,75
KeyPers_Shanghai_1230556,Ingénieur Data,Shanghai,29
KeyPers_Shanghai_1230557,Ingénieur Informaticien,Shanghai,85
KeyPers_Shanghai_1230558,Ingénieur Informaticien,Shanghai,27
KeyPers_Shanghai_1230559,Ingénieur Data,Shanghai,90
KeyPers_Shanghai_1230560,Cadre,Shanghai,55
KeyPers_Shanghai_1230561,Ingénieur Data,Shanghai,42
KeyPers_Shanghai_1230562,Ingénieur Informaticien,Shanghai,37
KeyPers_Shanghai_1230563,Ingénieur Data,Shanghai,65
KeyPers_Shanghai_1230564,Ingénieur Informaticien,Shanghai,83
KeyPers_Shanghai_1230565,Ingénieur Data,Shanghai,37
KeyPers_Shanghai_1230566,Economiste,Shanghai,87
KeyPers_Shanghai_1230567,Ingénieur Informaticien,Shanghai,84
KeyPers_Shanghai_1230568,Economiste,Shanghai,64
KeyPers_Shanghai_1230569,Ingénieur Informaticien,Shanghai,39
KeyPers_Shanghai_1230570,Cadre,Shanghai,71
KeyPers_Shanghai_1230571,Ingénieur Data,Shanghai,41
KeyPers_Shanghai_1230572,Ingénieur Informaticien,Shanghai,49
KeyPers_Shanghai_1230573,Ingénieur Data,Shanghai,75
KeyPers_Shanghai_1230574,Ingénieur Data,Shanghai,88
KeyPers_Shanghai_1230575,Economiste,Shanghai,31
KeyPers_Shanghai_1230576,Cadre,Shanghai,35
KeyPers_Shanghai_1230577,Cadre,Shanghai,57
KeyPers_Shanghai_1230578,Economiste,Shanghai,73
KeyPers_Shanghai_1230579,Ingénieur Data,Shanghai,59
KeyPers_Shanghai_1230580,Ingénieur Informaticien,Shanghai,85
KeyPers_Shanghai_1230581,Ingénieur Informaticien,Shanghai,54
KeyPers_Shanghai_1230582,Ingénieur Data,Shanghai,84
KeyPers_Shanghai_1230583,Economiste,Shanghai,58
KeyPers_Shanghai_1230584,Cadre,Shanghai,95
KeyPers_Shanghai_1230585,Ingénieur Informaticien,Shanghai,81
KeyPers_Shanghai_1230586,Ingénieur Informaticien,Shanghai,68
KeyPers_Shanghai_1230587,Ingénieur Informaticien,Shanghai,68
KeyPers_Shanghai_1230588,Cadre,Shanghai,78
KeyPers_Shanghai_1230589,Cadre,Shanghai,86
KeyPers_Shanghai_1230590,Ingénieur Data,Shanghai,45
KeyPers_Shanghai_1230591,Cadre,Shanghai,68
KeyPers_Shanghai_1230592,Economiste,Shanghai,38
KeyPers_Shanghai_1230593,Cadre,Shanghai,36
KeyPers_Shanghai_1230594,Ingénieur Data,Shanghai,30
KeyPers_Shanghai_1230595,Ingénieur Informaticien,Shanghai,35
KeyPers_Shanghai_1230596,Ingénieur Data,Shanghai,26
KeyPers_Shanghai_1230597,Ingénieur Informaticien,Shanghai,56
KeyPers_Shanghai_1230598,Ingénieur Informaticien,Shanghai,36
KeyPers_Shanghai_1230599,Economiste,Shanghai,96
KeyPers_Shanghai_1230600,Ingénieur Informaticien,Shanghai,69
KeyPers_Shanghai_1230601,Economiste,Shanghai,82
KeyPers_Shanghai_1230602,Ingénieur Data,Shanghai,45
KeyPers_Shanghai_1230603,Ingénieur Data,Shanghai,56
KeyPers_Shanghai_1230604,Ingénieur Data,Shanghai,87
KeyPers_Shanghai_1230605,Economiste,Shanghai,92
KeyPers_Shanghai_1230606,Cadre,Shanghai,76
KeyPers_Shanghai_1230607,Ingénieur Data,Shanghai,61
KeyPers_Shanghai_1230608,Cadre,Shanghai,24
KeyPers_Shanghai_1230609,Ingénieur Data,Shanghai,66
KeyPers_Shanghai_1230610,Cadre,Shanghai,63
KeyPers_Shanghai_1230611,Ingénieur Data,Shanghai,26
KeyPers_Shanghai_1230612,Ingénieur Data,Shanghai,85
KeyPers_Shanghai_1230613,Ingénieur Data,Shanghai,71
KeyPers_Shanghai_1230614,Ingénieur Data,Shanghai,84
KeyPers_Shanghai_1230615,Ingénieur Informaticien,Shanghai,54
KeyPers_Shanghai_1230616,Ingénieur Informaticien,Shanghai,31
KeyPers_Shanghai_1230617,Ingénieur Data,Shanghai,55
KeyPers_Shanghai_1230618,Ingénieur Informaticien,Shanghai,27
KeyPers_Shanghai_1230619,Ingénieur Informaticien,Shanghai,59
KeyPers_Shanghai_1230620,Ingénieur Informaticien,Shanghai,37
KeyPers_Shanghai_1230621,Cadre,Shanghai,60
KeyPers_Shanghai_1230622,Cadre,Shanghai,72
KeyPers_Shanghai_1230623,Ingénieur Informaticien,Shanghai,66
KeyPers_Shanghai_1230624,Ingénieur Informaticien,Shanghai,82
KeyPers_Shanghai_1230625,Cadre,Shanghai,53
KeyPers_Shanghai_1230626,Cadre,Shanghai,42
KeyPers_Shanghai_1230627,Cadre,Shanghai,60
KeyPers_Shanghai_1230628,Cadre,Shanghai,79
KeyPers_Shanghai_1230629,Economiste,Shanghai,47
KeyPers_Shanghai_1230630,Cadre,Shanghai,34
KeyPers_Shanghai_1230631,Cadre,Shanghai,90
KeyPers_Shanghai_1230632,Ingénieur Data,Shanghai,83
KeyPers_Shanghai_1230633,Ingénieur Informaticien,Shanghai,84
KeyPers_Shanghai_1230634,Ingénieur Informaticien,Shanghai,25
KeyPers_Shanghai_1230635,Cadre,Shanghai,62
KeyPers_Shanghai_1230636,Ingénieur Data,Shanghai,46
KeyPers_Shanghai_1230637,Ingénieur Informaticien,Shanghai,31
KeyPers_Shanghai_1230638,Ingénieur Informaticien,Shanghai,94
KeyPers_Shanghai_1230639,Ingénieur Informaticien,Shanghai,56
KeyPers_Shanghai_1230640,Ingénieur Informaticien,Shanghai,27
KeyPers_Shanghai_1230641,Ingénieur Informaticien,Shanghai,59
KeyPers_Shanghai_1230642,Ingénieur Informaticien,Shanghai,74
KeyPers_Shanghai_1230643,Cadre,Shanghai,84
KeyPers_Shanghai_1230644,Ingénieur Data,Shanghai,61
KeyPers_Shanghai_1230645,Ingénieur Data,Shanghai,52
KeyPers_Shanghai_1230646,Ingénieur Informaticien,Shanghai,90
KeyPers_Shanghai_1230647,Ingénieur Informaticien,Shanghai,95
KeyPers_Shanghai_1230648,Cadre,Shanghai,44
KeyPers_Shanghai_1230649,Ingénieur Informaticien,Shanghai,84
KeyPers_Shanghai_1230650,Ingénieur Informaticien,Shanghai,38
KeyPers_Shanghai_1230651,Ingénieur Informaticien,Shanghai,31
KeyPers_Shanghai_1230652,Ingénieur Data,Shanghai,72
KeyPers_Shanghai_1230653,Economiste,Shanghai,92
KeyPers_Shanghai_1230654,Ingénieur Data,Shanghai,59
KeyPers_Shanghai_1230655,Cadre,Shanghai,68
KeyPers_Shanghai_1230656,Ingénieur Data,Shanghai,36
KeyPers_Shanghai_1230657,Cadre,Shanghai,50
KeyPers_Shanghai_1230658,Cadre,Shanghai,93
KeyPers_Shanghai_1230659,Cadre,Shanghai,42
KeyPers_Shanghai_1230660,DRH,Shanghai,34
KeyPers_Shanghai_1230661,Ingénieur Data,Shanghai,85
KeyPers_Shanghai_1230662,Ingénieur Data,Shanghai,47
KeyPers_Shanghai_1230663,Ingénieur Informaticien,Shanghai,37
KeyPers_Shanghai_1230664,Ingénieur Informaticien,Shanghai,49
KeyPers_Shanghai_1230665,Ingénieur Data,Shanghai,68
KeyPers_Shanghai_1230666,Ingénieur Informaticien,Shanghai,73
KeyPers_Shanghai_1230667,Ingénieur Informaticien,Shanghai,68
KeyPers_Shanghai_1230668,Ingénieur Informaticien,Shanghai,89
KeyPers_Shanghai_1230669,Ingénieur Informaticien,Shanghai,78
KeyPers_Shanghai_1230670,Ingénieur Informaticien,Shanghai,48
KeyPers_Shanghai_1230671,Ingénieur Informaticien,Shanghai,65
KeyPers_Shanghai_1230672,Economiste,Shanghai,29
KeyPers_Shanghai_1230673,Ingénieur Data,Shanghai,61
KeyPers_Shanghai_1230674,Ingénieur Informaticien,Shanghai,92
KeyPers_Shanghai_1230675,Ingénieur Data,Shanghai,34
KeyPers_Shanghai_1230676,Ingénieur Data,Shanghai,78
KeyPers_Shanghai_1230677,Ingénieur Data,Shanghai,76
KeyPers_Shanghai_1230678,Ingénieur Informaticien,Shanghai,67
KeyPers_Shanghai_1230679,Ingénieur Data,Shanghai,63
KeyPers_Shanghai_1230680,Ingénieur Data,Shanghai,67
KeyPers_Shanghai_1230681,Ingénieur Informaticien,Shanghai,45
KeyPers_Shanghai_1230682,Ingénieur Informaticien,Shanghai,54
KeyPers_Shanghai_1230683,Ingénieur Data,Shanghai,40
KeyPers_Shanghai_1230684,Cadre,Shanghai,57
KeyPers_Shanghai_1230685,Cadre,Shanghai,69
KeyPers_Shanghai_1230686,Ingénieur Data,Shanghai,25
KeyPers_Shanghai_1230687,Ingénieur Data,Shanghai,79
KeyPers_Shanghai_1230688,Ingénieur Informaticien,Shanghai,37
KeyPers_Shanghai_1230689,Ingénieur Informaticien,Shanghai,65
KeyPers_Shanghai_1230690,Ingénieur Informaticien,Shanghai,37
KeyPers_Shanghai_1230691,Ingénieur Informaticien,Shanghai,86
KeyPers_Shanghai_1230692,Ingénieur Data,Shanghai,92
KeyPers_Shanghai_1230693,Cadre,Shanghai,57
KeyPers_Shanghai_1230694,Ingénieur Data,Shanghai,80
KeyPers_Shanghai_1230695,Ingénieur Informaticien,Shanghai,73
KeyPers_Shanghai_1230696,Ingénieur Data,Shanghai,87
KeyPers_Shanghai_1230697,Ingénieur Data,Shanghai,29
KeyPers_Shanghai_1230698,Ingénieur Informaticien,Shanghai,66
KeyPers_Shanghai_1230699,Ingénieur Data,Shanghai,30
KeyPers_Shanghai_1230700,Ingénieur Informaticien,Shanghai,82
KeyPers_Shanghai_1230701,Ingénieur Data,Shanghai,81
KeyPers_Shanghai_1230702,Cadre,Shanghai,40
KeyPers_Shanghai_1230703,Ingénieur Informaticien,Shanghai,94
KeyPers_Shanghai_1230704,Ingénieur Informaticien,Shanghai,85
KeyPers_Shanghai_1230705,Ingénieur Data,Shanghai,40
KeyPers_Shanghai_1230706,Cadre,Shanghai,49
KeyPers_Shanghai_1230707,Economiste,Shanghai,29
KeyPers_Shanghai_1230708,Economiste,Shanghai,62
KeyPers_Shanghai_1230709,Ingénieur Data,Shanghai,95
KeyPers_Shanghai_1230710,Ingénieur Informaticien,Shanghai,68
KeyPers_Shanghai_1230711,Cadre,Shanghai,69
KeyPers_Shanghai_1230712,Ingénieur Data,Shanghai,25
KeyPers_Shanghai_1230713,Ingénieur Informaticien,Shanghai,33
KeyPers_Shanghai_1230714,Ingénieur Informaticien,Shanghai,54
KeyPers_Shanghai_1230715,Ingénieur Informaticien,Shanghai,56
KeyPers_Shanghai_1230716,Ingénieur Informaticien,Shanghai,30
KeyPers_Shanghai_1230717,Ingénieur Informaticien,Shanghai,78
KeyPers_Shanghai_1230718,Ingénieur Data,Shanghai,80
KeyPers_Shanghai_1230719,Ingénieur Data,Shanghai,46
KeyPers_Shanghai_1230720,Cadre,Shanghai,59
KeyPers_Shanghai_1230721,Ingénieur Data,Shanghai,81
KeyPers_Shanghai_1230722,Cadre,Shanghai,67
KeyPers_Shanghai_1230723,Ingénieur Data,Shanghai,63
KeyPers_Shanghai_1230724,Cadre,Shanghai,59
KeyPers_Shanghai_1230725,Cadre,Shanghai,50
KeyPers_Shanghai_1230726,Ingénieur Informaticien,Shanghai,89
KeyPers_Shanghai_1230727,Ingénieur Data,Shanghai,64
KeyPers_Shanghai_1230728,Ingénieur Data,Shanghai,32
KeyPers_Shanghai_1230729,Cadre,Shanghai,84
KeyPers_Shanghai_1230730,Cadre,Shanghai,33
KeyPers_Shanghai_1230731,Ingénieur Data,Shanghai,35
KeyPers_Shanghai_1230732,Ingénieur Informaticien,Shanghai,75
KeyPers_Shanghai_1230733,Ingénieur Data,Shanghai,93
KeyPers_Shanghai_1230734,Economiste,Shanghai,54
KeyPers_Shanghai_1230735,Ingénieur Data,Shanghai,31
KeyPers_Shanghai_1230736,Ingénieur Informaticien,Shanghai,86
KeyPers_Shanghai_1230737,Ingénieur Informaticien,Shanghai,85
KeyPers_Shanghai_1230738,Ingénieur Informaticien,Shanghai,88
KeyPers_Shanghai_1230739,Ingénieur Informaticien,Shanghai,53
KeyPers_Shanghai_1230740,Economiste,Shanghai,45
KeyPers_Shanghai_1230741,DRH,Shanghai,75
KeyPers_Shanghai_1230742,Ingénieur Informaticien,Shanghai,45
KeyPers_Shanghai_1230743,Cadre,Shanghai,59
KeyPers_Shanghai_1230744,Ingénieur Informaticien,Shanghai,76
KeyPers_Shanghai_1230745,Cadre,Shanghai,85
KeyPers_Shanghai_1230746,Ingénieur Informaticien,Shanghai,29
KeyPers_Shanghai_1230747,Ingénieur Informaticien,Shanghai,52
KeyPers_Shanghai_1230748,Ingénieur Informaticien,Shanghai,31
KeyPers_Shanghai_1230749,Ingénieur Informaticien,Shanghai,54
KeyPers_Shanghai_1230750,Ingénieur Data,Shanghai,71
KeyPers_Shanghai_1230751,Ingénieur Data,Shanghai,58
KeyPers_Shanghai_1230752,Ingénieur Data,Shanghai,71
KeyPers_Shanghai_1230753,Ingénieur Data,Shanghai,50
KeyPers_Shanghai_1230754,Ingénieur Data,Shanghai,71
KeyPers_Shanghai_1230755,Ingénieur Data,Shanghai,61
KeyPers_Shanghai_1230756,Ingénieur Data,Shanghai,87
KeyPers_Shanghai_1230757,Ingénieur Informaticien,Shanghai,26
KeyPers_Shanghai_1230758,Ingénieur Data,Shanghai,78
KeyPers_Shanghai_1230759,Ingénieur Data,Shanghai,81
KeyPers_Shanghai_1230760,Ingénieur Informaticien,Shanghai,54
KeyPers_Shanghai_1230761,Ingénieur Data,Shanghai,71
KeyPers_Shanghai_1230762,Cadre,Shanghai,32
KeyPers_Shanghai_1230763,Ingénieur Data,Shanghai,82
KeyPers_Shanghai_1230764,Ingénieur Informaticien,Shanghai,36
KeyPers_Shanghai_1230765,Ingénieur Data,Shanghai,40
KeyPers_Shanghai_1230766,Ingénieur Informaticien,Shanghai,66
KeyPers_Shanghai_1230767,Ingénieur Informaticien,Shanghai,87
KeyPers_Shanghai_1230768,Ingénieur Data,Shanghai,95
KeyPers_Shanghai_1230769,Ingénieur Data,Shanghai,49
KeyPers_Shanghai_1230770,Ingénieur Informaticien,Shanghai,60
KeyPers_Shanghai_1230771,Ingénieur Informaticien,Shanghai,50
KeyPers_Shanghai_1230772,Economiste,Shanghai,68
KeyPers_Shanghai_1230773,Economiste,Shanghai,26
KeyPers_Shanghai_1230774,Ingénieur Informaticien,Shanghai,77
KeyPers_Shanghai_1230775,Ingénieur Data,Shanghai,93
KeyPers_Shanghai_1230776,Ingénieur Informaticien,Shanghai,69
KeyPers_Shanghai_1230777,Ingénieur Data,Shanghai,88
KeyPers_Shanghai_1230778,Ingénieur Informaticien,Shanghai,88
KeyPers_Shanghai_1230779,Ingénieur Data,Shanghai,86
KeyPers_Shanghai_1230780,Ingénieur Data,Shanghai,55
KeyPers_Shanghai_1230781,Ingénieur Data,Shanghai,67
KeyPers_Shanghai_1230782,Ingénieur Informaticien,Shanghai,32
KeyPers_Shanghai_1230783,Ingénieur Data,Shanghai,41
KeyPers_Shanghai_1230784,Cadre,Shanghai,48
KeyPers_Shanghai_1230785,Ingénieur Informaticien,Shanghai,59
KeyPers_Shanghai_1230786,Ingénieur Data,Shanghai,75
KeyPers_Shanghai_1230787,Cadre,Shanghai,46
KeyPers_Shanghai_1230788,Ingénieur Informaticien,Shanghai,67
KeyPers_Shanghai_1230789,Cadre,Shanghai,52
KeyPers_Shanghai_1230790,Ingénieur Data,Shanghai,57
KeyPers_Shanghai_1230791,Ingénieur Informaticien,Shanghai,78
KeyPers_Shanghai_1230792,Cadre,Shanghai,94
KeyPers_Shanghai_1230793,Ingénieur Informaticien,Shanghai,46
KeyPers_Shanghai_1230794,Ingénieur Data,Shanghai,55
KeyPers_Shanghai_1230795,Ingénieur Data,Shanghai,74
KeyPers_Shanghai_1230796,Cadre,Shanghai,46
KeyPers_Shanghai_1230797,Economiste,Shanghai,56
KeyPers_Shanghai_1230798,Ingénieur Data,Shanghai,33
KeyPers_Shanghai_1230799,Economiste,Shanghai,49
KeyPers_Shanghai_1230800,Cadre,Shanghai,77
KeyPers_Shanghai_1230801,Ingénieur Informaticien,Shanghai,57
KeyPers_Shanghai_1230802,Ingénieur Data,Shanghai,69
KeyPers_Shanghai_1230803,DRH,Shanghai,64
KeyPers_Shanghai_1230804,Cadre,Shanghai,31
KeyPers_Shanghai_1230805,Ingénieur Data,Shanghai,88
KeyPers_Shanghai_1230806,Ingénieur Data,Shanghai,47
KeyPers_Shanghai_1230807,Ingénieur Data,Shanghai,30
KeyPers_Shanghai_1230808,Ingénieur Data,Shanghai,27
KeyPers_Shanghai_1230809,Ingénieur Data,Shanghai,77
KeyPers_Shanghai_1230810,Ingénieur Data,Shanghai,57
KeyPers_Shanghai_1230811,Ingénieur Data,Shanghai,63
KeyPers_Shanghai_1230812,Ingénieur Data,Shanghai,83
KeyPers_Shanghai_1230813,Ingénieur Data,Shanghai,32
KeyPers_Shanghai_1230814,Ingénieur Data,Shanghai,36
KeyPers_Shanghai_1230815,DRH,Shanghai,60
KeyPers_Shanghai_1230816,Cadre,Shanghai,94
KeyPers_Shanghai_1230817,Cadre,Shanghai,25
KeyPers_Shanghai_1230818,Ingénieur Informaticien,Shanghai,59
KeyPers_Shanghai_1230819,Ingénieur Data,Shanghai,53
KeyPers_Shanghai_1230820,Ingénieur Data,Shanghai,28
KeyPers_Shanghai_1230821,Ingénieur Informaticien,Shanghai,78
KeyPers_Shanghai_1230822,Ingénieur Informaticien,Shanghai,84
KeyPers_Shanghai_1230823,Ingénieur Informaticien,Shanghai,27
KeyPers_Shanghai_1230824,Ingénieur Data,Shanghai,65
KeyPers_Shanghai_1230825,Ingénieur Informaticien,Shanghai,54
KeyPers_Shanghai_1230826,Ingénieur Data,Shanghai,50
KeyPers_Shanghai_1230827,Ingénieur Informaticien,Shanghai,40
KeyPers_Shanghai_1230828,Ingénieur Data,Shanghai,49
KeyPers_Shanghai_1230829,Ingénieur Data,Shanghai,89
KeyPers_Shanghai_1230830,Cadre,Shanghai,55
KeyPers_Shanghai_1230831,Ingénieur Informaticien,Shanghai,71
KeyPers_Shanghai_1230832,DRH,Shanghai,47
KeyPers_Shanghai_1230833,Ingénieur Data,Shanghai,36
KeyPers_Shanghai_1230834,Economiste,Shanghai,90
KeyPers_Shanghai_1230835,Ingénieur Informaticien,Shanghai,50
KeyPers_Shanghai_1230836,Ingénieur Data,Shanghai,58
KeyPers_Shanghai_1230837,Ingénieur Data,Shanghai,69
KeyPers_Shanghai_1230838,Ingénieur Informaticien,Shanghai,84
KeyPers_Shanghai_1230839,Economiste,Shanghai,69
KeyPers_Shanghai_1230840,Ingénieur Data,Shanghai,91
KeyPers_Shanghai_1230841,Cadre,Shanghai,64
KeyPers_Shanghai_1230842,DRH,Shanghai,57
KeyPers_Shanghai_1230843,Ingénieur Informaticien,Shanghai,39
KeyPers_Shanghai_1230844,Cadre,Shanghai,36
KeyPers_Shanghai_1230845,Ingénieur Informaticien,Shanghai,58
KeyPers_Shanghai_1230846,Ingénieur Informaticien,Shanghai,95
KeyPers_Shanghai_1230847,Ingénieur Data,Shanghai,74
KeyPers_Shanghai_1230848,Ingénieur Informaticien,Shanghai,27
KeyPers_Shanghai_1230849,Ingénieur Data,Shanghai,46
KeyPers_Shanghai_1230850,Ingénieur Informaticien,Shanghai,61
KeyPers_Shanghai_1230851,Ingénieur Data,Shanghai,50
KeyPers_Shanghai_1230852,Ingénieur Informaticien,Shanghai,88
KeyPers_Shanghai_1230853,Ingénieur Informaticien,Shanghai,61
KeyPers_Shanghai_1230854,Cadre,Shanghai,68
KeyPers_Shanghai_1230855,Ingénieur Data,Shanghai,85
KeyPers_Shanghai_1230856,Cadre,Shanghai,59
KeyPers_Shanghai_1230857,Economiste,Shanghai,26
KeyPers_Shanghai_1230858,Ingénieur Informaticien,Shanghai,46
KeyPers_Shanghai_1230859,Ingénieur Data,Shanghai,46
KeyPers_Shanghai_1230860,Economiste,Shanghai,62
KeyPers_Shanghai_1230861,Ingénieur Data,Shanghai,83
KeyPers_Shanghai_1230862,Ingénieur Data,Shanghai,29
KeyPers_Shanghai_1230863,Ingénieur Informaticien,Shanghai,31
KeyPers_Shanghai_1230864,Cadre,Shanghai,84
KeyPers_Shanghai_1230865,Ingénieur Data,Shanghai,29
KeyPers_Shanghai_1230866,Ingénieur Informaticien,Shanghai,92
KeyPers_Shanghai_1230867,Ingénieur Data,Shanghai,62
KeyPers_Shanghai_1230868,Ingénieur Data,Shanghai,44
KeyPers_Shanghai_1230869,Ingénieur Informaticien,Shanghai,52
KeyPers_Shanghai_1230870,Ingénieur Informaticien,Shanghai,72
KeyPers_Shanghai_1230871,Ingénieur Data,Shanghai,26
KeyPers_Shanghai_1230872,Ingénieur Data,Shanghai,61
KeyPers_Shanghai_1230873,Ingénieur Data,Shanghai,50
KeyPers_Shanghai_1230874,Ingénieur Data,Shanghai,42
KeyPers_Shanghai_1230875,Ingénieur Data,Shanghai,41
KeyPers_Shanghai_1230876,Ingénieur Data,Shanghai,91
KeyPers_Shanghai_1230877,Ingénieur Data,Shanghai,35
KeyPers_Shanghai_1230878,Cadre,Shanghai,48
KeyPers_Shanghai_1230879,Ingénieur Informaticien,Shanghai,74
KeyPers_Shanghai_1230880,Ingénieur Data,Shanghai,47
KeyPers_Shanghai_1230881,Ingénieur Informaticien,Shanghai,83
KeyPers_Shanghai_1230882,Ingénieur Informaticien,Shanghai,40
KeyPers_Shanghai_1230883,Cadre,Shanghai,96
KeyPers_Shanghai_1230884,Ingénieur Data,Shanghai,58
KeyPers_Shanghai_1230885,Ingénieur Informaticien,Shanghai,49
KeyPers_Shanghai_1230886,Cadre,Shanghai,69
KeyPers_Shanghai_1230887,Cadre,Shanghai,34
KeyPers_Shanghai_1230888,Ingénieur Informaticien,Shanghai,61
KeyPers_Shanghai_1230889,Cadre,Shanghai,83
KeyPers_Shanghai_1230890,Ingénieur Informaticien,Shanghai,83
KeyPers_Shanghai_1230891,Ingénieur Data,Shanghai,51
KeyPers_Shanghai_1230892,Ingénieur Data,Shanghai,65
KeyPers_Shanghai_1230893,Ingénieur Data,Shanghai,85
KeyPers_Shanghai_1230894,Ingénieur Informaticien,Shanghai,46
KeyPers_Shanghai_1230895,DRH,Shanghai,50
KeyPers_Shanghai_1230896,Ingénieur Informaticien,Shanghai,90
KeyPers_Shanghai_1230897,DRH,Shanghai,77
KeyPers_Shanghai_1230898,Ingénieur Data,Shanghai,44
KeyPers_Shanghai_1230899,Cadre,Shanghai,70
KeyPers_Shanghai_1230900,Ingénieur Informaticien,Shanghai,60
KeyPers_Shanghai_1230901,Ingénieur Informaticien,Shanghai,55
KeyPers_Shanghai_1230902,Ingénieur Data,Shanghai,49
KeyPers_Shanghai_1230903,Ingénieur Informaticien,Shanghai,62
KeyPers_Shanghai_1230904,Cadre,Shanghai,67
KeyPers_Shanghai_1230905,Ingénieur Data,Shanghai,77
KeyPers_Shanghai_1230906,Ingénieur Data,Shanghai,35
KeyPers_Shanghai_1230907,Ingénieur Data,Shanghai,64
KeyPers_Shanghai_1230908,Ingénieur Informaticien,Shanghai,40
KeyPers_Shanghai_1230909,Ingénieur Informaticien,Shanghai,80
KeyPers_Shanghai_1230910,Cadre,Shanghai,92
KeyPers_Shanghai_1230911,Ingénieur Data,Shanghai,52
KeyPers_Shanghai_1230912,Ingénieur Data,Shanghai,28
KeyPers_Shanghai_1230913,Cadre,Shanghai,78
KeyPers_Shanghai_1230914,Cadre,Shanghai,84
KeyPers_Shanghai_1230915,Ingénieur Informaticien,Shanghai,25
KeyPers_Shanghai_1230916,Ingénieur Data,Shanghai,29
KeyPers_Shanghai_1230917,Ingénieur Informaticien,Shanghai,77
KeyPers_Shanghai_1230918,Cadre,Shanghai,88
KeyPers_Shanghai_1230919,Ingénieur Informaticien,Shanghai,83
KeyPers_Shanghai_1230920,Cadre,Shanghai,52
KeyPers_Shanghai_1230921,Cadre,Shanghai,79
KeyPers_Shanghai_1230922,Ingénieur Informaticien,Shanghai,93
KeyPers_Shanghai_1230923,Ingénieur Informaticien,Shanghai,79
KeyPers_Shanghai_1230924,Cadre,Shanghai,43
KeyPers_Shanghai_1230925,Ingénieur Data,Shanghai,86
KeyPers_Shanghai_1230926,Ingénieur Data,Shanghai,65
KeyPers_Shanghai_1230927,Ingénieur Informaticien,Shanghai,27
KeyPers_Shanghai_1230928,Ingénieur Informaticien,Shanghai,78
KeyPers_Shanghai_1230929,Cadre,Shanghai,58
KeyPers_Shanghai_1230930,Ingénieur Informaticien,Shanghai,96
KeyPers_Shanghai_1230931,Ingénieur Data,Shanghai,75
KeyPers_Shanghai_1230932,Ingénieur Informaticien,Shanghai,31
KeyPers_Shanghai_1230933,Ingénieur Informaticien,Shanghai,70
KeyPers_Shanghai_1230934,Cadre,Shanghai,64
KeyPers_Shanghai_1230935,Ingénieur Data,Shanghai,45
KeyPers_Shanghai_1230936,Cadre,Shanghai,87
KeyPers_Shanghai_1230937,Ingénieur Informaticien,Shanghai,80
KeyPers_Shanghai_1230938,Cadre,Shanghai,60
KeyPers_Shanghai_1230939,DRH,Shanghai,33
KeyPers_Shanghai_1230940,Cadre,Shanghai,92
KeyPers_Shanghai_1230941,Ingénieur Data,Shanghai,55
KeyPers_Shanghai_1230942,Ingénieur Data,Shanghai,52
KeyPers_Shanghai_1230943,Ingénieur Data,Shanghai,43
KeyPers_Shanghai_1230944,Ingénieur Informaticien,Shanghai,48
KeyPers_Shanghai_1230945,Cadre,Shanghai,46
KeyPers_Shanghai_1230946,Ingénieur Data,Shanghai,79
KeyPers_Shanghai_1230947,Ingénieur Informaticien,Shanghai,41
KeyPers_Shanghai_1230948,Ingénieur Data,Shanghai,74
KeyPers_Shanghai_1230949,Ingénieur Informaticien,Shanghai,43
KeyPers_Shanghai_1230950,Ingénieur Data,Shanghai,85
KeyPers_Shanghai_1230951,Ingénieur Informaticien,Shanghai,46
KeyPers_Shanghai_1230952,Ingénieur Data,Shanghai,72
KeyPers_Shanghai_1230953,Ingénieur Informaticien,Shanghai,38
KeyPers_Shanghai_1230954,Ingénieur Informaticien,Shanghai,39
KeyPers_Shanghai_1230955,Ingénieur Informaticien,Shanghai,86
KeyPers_Shanghai_1230956,Ingénieur Informaticien,Shanghai,37
KeyPers_Shanghai_1230957,Cadre,Shanghai,85
KeyPers_Shanghai_1230958,Ingénieur Data,Shanghai,85
KeyPers_Shanghai_1230959,Cadre,Shanghai,26
KeyPers_Shanghai_1230960,Ingénieur Informaticien,Shanghai,35
KeyPers_Shanghai_1230961,Cadre,Shanghai,87
KeyPers_Shanghai_1230962,Ingénieur Data,Shanghai,95
KeyPers_Shanghai_1230963,Ingénieur Data,Shanghai,75
KeyPers_Shanghai_1230964,Ingénieur Informaticien,Shanghai,78
KeyPers_Shanghai_1230965,Ingénieur Data,Shanghai,68
KeyPers_Shanghai_1230966,Ingénieur Data,Shanghai,35
KeyPers_Shanghai_1230967,Ingénieur Data,Shanghai,67
KeyPers_Shanghai_1230968,Cadre,Shanghai,32
KeyPers_Shanghai_1230969,Ingénieur Informaticien,Shanghai,40
KeyPers_Shanghai_1230970,Ingénieur Informaticien,Shanghai,50
KeyPers_Shanghai_1230971,Ingénieur Data,Shanghai,32
KeyPers_Shanghai_1230972,Ingénieur Data,Shanghai,36
KeyPers_Shanghai_1230973,DRH,Shanghai,68
KeyPers_Shanghai_1230974,Ingénieur Informaticien,Shanghai,58
KeyPers_Shanghai_1230975,Ingénieur Informaticien,Shanghai,33
KeyPers_Shanghai_1230976,Ingénieur Data,Shanghai,44
KeyPers_Shanghai_1230977,Cadre,Shanghai,80
KeyPers_Shanghai_1230978,Ingénieur Data,Shanghai,61
KeyPers_Shanghai_1230979,Economiste,Shanghai,91
KeyPers_Shanghai_1230980,Economiste,Shanghai,45
KeyPers_Shanghai_1230981,Cadre,Shanghai,66
KeyPers_Shanghai_1230982,Economiste,Shanghai,33
KeyPers_Shanghai_1230983,Economiste,Shanghai,48
KeyPers_Shanghai_1230984,Ingénieur Informaticien,Shanghai,48
KeyPers_Shanghai_1230985,Ingénieur Data,Shanghai,29
KeyPers_Shanghai_1230986,Ingénieur Data,Shanghai,66
KeyPers_Shanghai_1230987,Ingénieur Informaticien,Shanghai,90
KeyPers_Shanghai_1230988,Ingénieur Data,Shanghai,79
KeyPers_Shanghai_1230989,Ingénieur Informaticien,Shanghai,27
KeyPers_Shanghai_1230990,Ingénieur Informaticien,Shanghai,36
KeyPers_Shanghai_1230991,Cadre,Shanghai,53
KeyPers_Shanghai_1230992,Ingénieur Data,Shanghai,65
KeyPers_Shanghai_1230993,Ingénieur Data,Shanghai,30
KeyPers_Shanghai_1230994,Ingénieur Informaticien,Shanghai,25
KeyPers_Shanghai_1230995,Ingénieur Data,Shanghai,83
KeyPers_Shanghai_1230996,Ingénieur Data,Shanghai,72
KeyPers_Shanghai_1230997,Cadre,Shanghai,61
KeyPers_Shanghai_1230998,Ingénieur Data,Shanghai,68
KeyPers_Shanghai_1230999,Ingénieur Data,Shanghai,96
